ID,actor,stimuli,actor_gender,social_tie,expressed_emotions,emotion_strength,behavioral_response,input_tokens,output_tokens,total_tokens
1,William,William did not tell someone's girlfriend that he cheated on her.,male,close friend/relative,"{'emotions': ['Compassion', 'Anger'], 'other_emotions': ['Disappointment', 'Concern'], 'no emotion': False}","{'Compassion': 2, 'Anger': 1, 'Disappointment': 3, 'Concern': 3}",4,678,1991,2669
1,William,William did not tell someone's girlfriend that he cheated on her.,male,acquaintance,"{'emotions': ['Anger', 'Disgust', 'Compassion'], 'other_emotions': ['Disappointment'], 'no emotion': False}","{'Anger': 2, 'Disgust': 1, 'Compassion': 3, 'Disappointment': 3}",4,669,1609,2278
1,William,William did not tell someone's girlfriend that he cheated on her.,male,stranger,"{'emotions': ['Disgust', 'Compassion'], 'other_emotions': [], 'no emotion': False}","{'Disgust': 2, 'Compassion': 2}",4,669,1337,2006
1,Maria,Maria did not tell someone's girlfriend that he cheated on her.,female,close friend/relative,"{'emotions': ['Compassion'], 'other_emotions': ['Concern'], 'no emotion': False}","{'Compassion': 2, 'Concern': 3}",4,678,1271,1949
1,Maria,Maria did not tell someone's girlfriend that he cheated on her.,female,acquaintance,"{'emotions': ['Compassion'], 'other_emotions': ['Concern']}","{'Compassion': 2, 'Concern': 2}",7,669,882,1551
1,Maria,Maria did not tell someone's girlfriend that he cheated on her.,female,stranger,"{'emotions': ['Compassion'], 'other_emotions': [], 'no emotion': False}",{'Compassion': 2},1,669,1265,1934
2,John,John rarely talks to his elderly roommates and does not make efforts to create a friendly atmosphere in the house.,male,close friend/relative,"{'emotions': ['Compassion'], 'other_emotions': ['Concern'], 'no emotion': False}","{'Compassion': 3, 'Concern': 2}",7,687,1207,1894
2,John,John rarely talks to his elderly roommates and does not make efforts to create a friendly atmosphere in the house.,male,acquaintance,"{'emotions': ['Compassion'], 'other_emotions': ['Concern'], 'no emotion': False}","{'Compassion': 2, 'Concern': 2}",7,678,1143,1821
2,John,John rarely talks to his elderly roommates and does not make efforts to create a friendly atmosphere in the house.,male,stranger,"{'emotions': ['Compassion'], 'other_emotions': [], 'no emotion': False}",{'Compassion': 2},7,678,1201,1879
2,Mary,Mary rarely talks to her elderly roommates and does not make efforts to create a friendly atmosphere in the house.,female,close friend/relative,"{'emotions': ['Compassion'], 'other_emotions': ['Concern'], 'no emotion': False}","{'Compassion': 2, 'Concern': 2}",7,687,1143,1830
2,Mary,Mary rarely talks to her elderly roommates and does not make efforts to create a friendly atmosphere in the house.,female,acquaintance,"{'emotions': ['Compassion'], 'other_emotions': []}",{'Compassion': 2},7,678,877,1555
2,Mary,Mary rarely talks to her elderly roommates and does not make efforts to create a friendly atmosphere in the house.,female,stranger,"{'emotions': ['Compassion'], 'other_emotions': ['Concern'], 'no emotion': False}","{'Compassion': 2, 'Concern': 2}",7,678,567,1245
3,Robert,Robert stayed up until 5 am because he assumed that his girlfriend was not trying to sleep.,male,close friend/relative,"{'emotions': ['Compassion'], 'other_emotions': ['Concern'], 'no emotion': False}","{'Compassion': 3, 'Concern': 3}",7,685,823,1508
3,Robert,Robert stayed up until 5 am because he assumed that his girlfriend was not trying to sleep.,male,acquaintance,"{'emotions': ['Compassion'], 'other_emotions': ['Concern'], 'no emotion': False}","{'Compassion': 2, 'Concern': 2}",7,676,951,1627
3,Robert,Robert stayed up until 5 am because he assumed that his girlfriend was not trying to sleep.,male,stranger,"{'emotions': [], 'other_emotions': ['Neutral'], 'no emotion': False}",{'Neutral': 1},1,676,879,1555
3,Barbara,Barbara stayed up until 5 am because she assumed that her boyfriend was not trying to sleep.,female,close friend/relative,"{'emotions': ['Compassion'], 'other_emotions': ['Concern'], 'no emotion': False}","{'Compassion': 3, 'Concern': 2}",7,685,1015,1700
3,Barbara,Barbara stayed up until 5 am because she assumed that her boyfriend was not trying to sleep.,female,acquaintance,"{'emotions': ['Compassion'], 'other_emotions': ['Concern'], 'no emotion': False}","{'Compassion': 2, 'Concern': 2}",7,676,1015,1691
3,Barbara,Barbara stayed up until 5 am because she assumed that her boyfriend was not trying to sleep.,female,stranger,"{'emotions': [], 'other_emotions': [], 'no emotion': True}",,1,676,747,1423
4,David,"David does not listen to his girlfriend about his health, so he is not taking care of his health.",male,close friend/relative,"{'emotions': ['Compassion'], 'other_emotions': ['Concern']}","{'Compassion': 3, 'Concern': 3}",7,687,626,1313
4,David,"David does not listen to his girlfriend about his health, so he is not taking care of his health.",male,acquaintance,"{'emotions': ['Compassion'], 'other_emotions': ['Concern'], 'no emotion': False}","{'Compassion': 3, 'Concern': 3}",7,678,951,1629
4,David,"David does not listen to his girlfriend about his health, so he is not taking care of his health.",male,stranger,"{'emotions': ['Compassion'], 'other_emotions': ['Concern'], 'no emotion': False}","{'Compassion': 2, 'Concern': 2}",1,678,951,1629
4,Jennifer,"Jennifer does not listen to her boyfriend about her health, so she is not taking care of her health.",female,close friend/relative,"{'emotions': ['Compassion'], 'other_emotions': ['Concern'], 'no emotion': False}","{'Compassion': 3, 'Concern': 3}",7,687,823,1510
4,Jennifer,"Jennifer does not listen to her boyfriend about her health, so she is not taking care of her health.",female,acquaintance,"{'emotions': ['Compassion'], 'other_emotions': ['Concern'], 'no emotion': False}","{'Compassion': 3, 'Concern': 3}",7,678,1143,1821
4,Jennifer,"Jennifer does not listen to her boyfriend about her health, so she is not taking care of her health.",female,stranger,"{'emotions': ['Compassion'], 'other_emotions': [], 'no emotion': False}",{'Compassion': 3},7,678,2033,2711
5,Thomas,Thomas did not grieve his dead dog before getting a new one.,male,close friend/relative,"{'emotions': ['Compassion'], 'other_emotions': []}",{'Compassion': 2},7,680,1197,1877
5,Thomas,Thomas did not grieve his dead dog before getting a new one.,male,acquaintance,"{'emotions': ['Compassion'], 'other_emotions': [], 'no emotion': False}",{'Compassion': 2},7,671,945,1616
5,Thomas,Thomas did not grieve his dead dog before getting a new one.,male,stranger,"{'emotions': ['Compassion'], 'other_emotions': [], 'no emotion': False}",{'Compassion': 2},1,671,1457,2128
5,Mary,Mary did not grieve her dead dog before getting a new one.,female,close friend/relative,"{'emotions': ['Compassion'], 'other_emotions': ['Understanding']}","{'Compassion': 2, 'Understanding': 2}",7,680,1074,1754
5,Mary,Mary did not grieve her dead dog before getting a new one.,female,acquaintance,"{'emotions': ['Compassion'], 'other_emotions': [], 'no emotion': False}",{'Compassion': 2},7,671,753,1424
5,Mary,Mary did not grieve her dead dog before getting a new one.,female,stranger,"{'emotions': ['Compassion'], 'other_emotions': [], 'no emotion': False}",{'Compassion': 2},1,671,1393,2064
6,Mark,Mark smacked a car that parked in crosswalks because the car belonged to him and that was what he wanted to do.,male,close friend/relative,"{'emotions': ['Compassion', 'Embarrassment'], 'other_emotions': ['Concern'], 'no emotion': False}","{'Compassion': 2, 'Embarrassment': 1, 'Concern': 2}",4,692,1793,2485
6,Mark,Mark smacked a car that parked in crosswalks because the car belonged to him and that was what he wanted to do.,male,acquaintance,"{'emotions': ['Compassion'], 'other_emotions': ['Concern'], 'no emotion': False}","{'Compassion': 2, 'Concern': 3}",4,683,1911,2594
6,Mark,Mark smacked a car that parked in crosswalks because the car belonged to him and that was what he wanted to do.,male,stranger,"{'emotions': ['Anger', 'Compassion'], 'other_emotions': ['Concern'], 'no emotion': False}","{'Anger': 2, 'Compassion': 1, 'Concern': 3}",6,683,1791,2474
6,Jennifer,Jennifer smacked a car that parkee in crosswalks because the car belonged to her and that was what she wanted to do.,female,close friend/relative,"{'emotions': ['Embarrassment', 'Compassion'], 'other_emotions': ['Concern']}","{'Embarrassment': 2, 'Compassion': 3, 'Concern': 3}",4,693,1532,2225
6,Jennifer,Jennifer smacked a car that parkee in crosswalks because the car belonged to her and that was what she wanted to do.,female,acquaintance,"{'emotions': ['Embarrassment', 'Compassion'], 'other_emotions': ['Concern', 'Disapproval'], 'no emotion': False}","{'Embarrassment': 1, 'Compassion': 2, 'Concern': 3, 'Disapproval': 2}",4,684,2121,2805
6,Jennifer,Jennifer smacked a car that parkee in crosswalks because the car belonged to her and that was what she wanted to do.,female,stranger,"{'emotions': ['Disgust', 'Embarrassment'], 'other_emotions': [], 'no emotion': False}","{'Disgust': 2, 'Embarrassment': 1}",2,684,2235,2919
7,Mark,Mark hit a car in a parking lot.,male,close friend/relative,"{'emotions': ['Compassion'], 'other_emotions': ['Concern'], 'no emotion': False}","{'Compassion': 2, 'Concern': 3}",7,675,951,1626
7,Mark,Mark hit a car in a parking lot.,male,acquaintance,"{'emotions': ['Compassion'], 'other_emotions': ['Concern'], 'no emotion': False}","{'Compassion': 2, 'Concern': 3}",4,666,1015,1681
7,Mark,Mark hit a car in a parking lot.,male,stranger,"{'emotions': ['Compassion'], 'other_emotions': [], 'no emotion': False}",{'Compassion': 2},6,666,1265,1931
7,Linda,Linda hit a car in a parking lot.,female,close friend/relative,"{'emotions': ['Compassion', 'Embarrassment'], 'other_emotions': ['Concern'], 'no emotion': False}","{'Compassion': 3, 'Embarrassment': 2, 'Concern': 3}",7,675,897,1572
7,Linda,Linda hit a car in a parking lot.,female,acquaintance,"{'emotions': ['Compassion', 'Embarrassment'], 'other_emotions': [], 'no emotion': False}","{'Compassion': 2, 'Embarrassment': 1}",4,666,1339,2005
7,Linda,Linda hit a car in a parking lot.,female,stranger,"{'emotions': ['Compassion'], 'other_emotions': ['Concern'], 'no emotion': False}","{'Compassion': 2, 'Concern': 3}",6,666,1783,2449
8,William,William gives people money on Instagram and is not cautious with strangers he meets online.,male,close friend/relative,"{'emotions': ['Compassion'], 'other_emotions': ['Concern']}","{'Compassion': 3, 'Concern': 3}",7,682,626,1308
8,William,William gives people money on Instagram and is not cautious with strangers he meets online.,male,acquaintance,"{'emotions': ['Compassion'], 'other_emotions': ['Concern'], 'no emotion': False}","{'Compassion': 3, 'Concern': 3}",7,673,1015,1688
8,William,William gives people money on Instagram and is not cautious with strangers he meets online.,male,stranger,"{'emotions': ['Compassion'], 'other_emotions': ['Concern']}","{'Compassion': 3, 'Concern': 3}",2,673,818,1491
8,Jennifer,Jennifer gives people money on Instagram and is not cautious with strangers she meets online.,female,close friend/relative,"{'emotions': ['Compassion'], 'other_emotions': ['Concern', 'Worry'], 'no emotion': False}","{'Compassion': 3, 'Concern': 3, 'Worry': 2}",7,682,1087,1769
8,Jennifer,Jennifer gives people money on Instagram and is not cautious with strangers she meets online.,female,acquaintance,"{'emotions': ['Compassion'], 'other_emotions': ['Concern']}","{'Compassion': 3, 'Concern': 3}",7,673,562,1235
8,Jennifer,Jennifer gives people money on Instagram and is not cautious with strangers she meets online.,female,stranger,"{'emotions': ['Compassion'], 'other_emotions': [], 'no emotion': False}",{'Compassion': 2},2,673,817,1490
9,James,James hopes his roommate's dog dies.,male,close friend/relative,"{'emotions': ['Disgust', 'Anger', 'Compassion'], 'other_emotions': ['Concern']}","{'Disgust': 2, 'Anger': 2, 'Compassion': 3, 'Concern': 3}",4,674,1474,2148
9,James,James hopes his roommate's dog dies.,male,acquaintance,"{'emotions': ['Compassion', 'Disgust'], 'other_emotions': ['Concern'], 'no emotion': False}","{'Compassion': 3, 'Disgust': 2, 'Concern': 3}",4,665,1151,1816
9,James,James hopes his roommate's dog dies.,male,stranger,"{'emotions': ['Disgust', 'Compassion'], 'other_emotions': ['Concern']}","{'Disgust': 2, 'Compassion': 2, 'Concern': 3}",2,665,1466,2131
9,Maria,Maria hopes her roommate's dog dies.,female,close friend/relative,"{'emotions': ['Compassion'], 'other_emotions': ['Concern', 'Disapproval'], 'no emotion': False}","{'Compassion': 2, 'Concern': 3, 'Disapproval': 2}",4,674,1343,2017
9,Maria,Maria hopes her roommate's dog dies.,female,acquaintance,"{'emotions': ['Disgust', 'Compassion'], 'other_emotions': ['Concern'], 'no emotion': False}","{'Disgust': 2, 'Compassion': 3, 'Concern': 3}",4,665,1727,2392
9,Maria,Maria hopes her roommate's dog dies.,female,stranger,"{'emotions': ['Disgust', 'Compassion', 'Anger'], 'other_emotions': [], 'no emotion': False}","{'Disgust': 2, 'Compassion': 3, 'Anger': 1}",4,665,1281,1946
10,Mark,Mark wishes death on any living thing.,male,close friend/relative,"{'emotions': ['Compassion'], 'other_emotions': ['Concern', 'Alarm'], 'no emotion': False}","{'Compassion': 3, 'Concern': 3, 'Alarm': 2}",4,674,1597,2271
10,Mark,Mark wishes death on any living thing.,male,acquaintance,"{'emotions': ['Compassion', 'Disgust'], 'other_emotions': ['Concern', 'Alarm'], 'no emotion': False}","{'Compassion': 3, 'Disgust': 2, 'Concern': 3, 'Alarm': 2}",2,665,1541,2206
10,Mark,Mark wishes death on any living thing.,male,stranger,"{'emotions': ['Compassion'], 'other_emotions': ['Concern']}","{'Compassion': 2, 'Concern': 3}",2,665,1522,2187
10,Patricia,Patricia wishes death on any living thing.,female,close friend/relative,"{'emotions': ['Disgust', 'Compassion'], 'other_emotions': ['Concern'], 'no emotion': False}","{'Disgust': 2, 'Compassion': 3, 'Concern': 3}",4,675,1151,1826
10,Patricia,Patricia wishes death on any living thing.,female,acquaintance,"{'emotions': ['Disgust', 'Compassion'], 'other_emotions': ['Concern', 'Alarm'], 'no emotion': False}","{'Disgust': 2, 'Compassion': 2, 'Concern': 3, 'Alarm': 2}",2,666,1029,1695
10,Patricia,Patricia wishes death on any living thing.,female,stranger,"{'emotions': ['Compassion'], 'other_emotions': [], 'no emotion': False}",{'Compassion': 2},2,666,817,1483
11,William,William looks for ways to spend more time with mom because he wants to monopolize all of his parents' time.,male,close friend/relative,"{'emotions': ['Compassion'], 'other_emotions': ['Concern'], 'no emotion': False}","{'Compassion': 2, 'Concern': 2}",7,689,1335,2024
11,William,William looks for ways to spend more time with mom because he wants to monopolize all of his parents' time.,male,acquaintance,"{'emotions': ['Compassion'], 'other_emotions': [], 'no emotion': False}",{'Compassion': 2},7,680,497,1177
11,William,William looks for ways to spend more time with mom because he wants to monopolize all of his parents' time.,male,stranger,"{'emotions': ['Compassion'], 'other_emotions': ['Concern'], 'no emotion': False}","{'Compassion': 2, 'Concern': 2}",1,680,1335,2015
11,Karen,Karen looks for ways to spend more time with mom because she wants to monopolize all of his parents' time.,female,close friend/relative,"{'emotions': ['Compassion'], 'other_emotions': ['Concern'], 'no emotion': False}","{'Compassion': 2, 'Concern': 3}",4,689,951,1640
11,Karen,Karen looks for ways to spend more time with mom because she wants to monopolize all of his parents' time.,female,acquaintance,"{'emotions': ['Compassion'], 'other_emotions': ['Concern'], 'no emotion': False}","{'Compassion': 2, 'Concern': 2}",4,680,823,1503
11,Karen,Karen looks for ways to spend more time with mom because she wants to monopolize all of his parents' time.,female,stranger,"{'emotions': [], 'other_emotions': [], 'no emotion': True}",,1,680,1195,1875
12,Robert,Robert makes fun of others' kinks.,male,close friend/relative,"{'emotions': ['Compassion', 'Anger', 'Embarrassment'], 'other_emotions': ['Disappointment'], 'no emotion': False}","{'Compassion': 3, 'Anger': 2, 'Embarrassment': 2, 'Disappointment': 3}",4,675,971,1646
12,Robert,Robert makes fun of others' kinks.,male,acquaintance,"{'emotions': ['Compassion', 'Anger', 'Embarrassment'], 'other_emotions': []}","{'Compassion': 3, 'Anger': 2, 'Embarrassment': 1}",4,666,1087,1753
12,Robert,Robert makes fun of others' kinks.,male,stranger,"{'emotions': ['Compassion', 'Anger', 'Disgust'], 'other_emotions': [], 'no emotion': False}","{'Compassion': 3, 'Anger': 2, 'Disgust': 1}",4,666,961,1627
12,Linda,Linda makes fun of others' kinks.,female,close friend/relative,"{'emotions': ['Anger', 'Embarrassment', 'Compassion'], 'other_emotions': [], 'no emotion': False}","{'Anger': 2, 'Embarrassment': 2, 'Compassion': 3}",4,675,835,1510
12,Linda,Linda makes fun of others' kinks.,female,acquaintance,"{'emotions': ['Compassion', 'Anger', 'Disgust'], 'other_emotions': [], 'no emotion': False}","{'Compassion': 3, 'Anger': 2, 'Disgust': 1}",4,666,1345,2011
12,Linda,Linda makes fun of others' kinks.,female,stranger,"{'emotions': ['Anger', 'Compassion'], 'other_emotions': ['Disapproval'], 'no emotion': False}","{'Anger': 2, 'Compassion': 3, 'Disapproval': 3}",4,666,1089,1755
13,David,David refuses to put more effort into his best friendship because he doesn't want to support his friend who is having problems anymore.,male,close friend/relative,"{'emotions': ['Compassion'], 'other_emotions': ['Concern', 'Disappointment'], 'no emotion': False}","{'Compassion': 3, 'Concern': 3, 'Disappointment': 2}",4,690,1343,2033
13,David,David refuses to put more effort into his best friendship because he doesn't want to support his friend who is having problems anymore.,male,acquaintance,"{'emotions': ['Compassion'], 'other_emotions': ['Concern'], 'no emotion': False}","{'Compassion': 3, 'Concern': 2}",4,681,951,1632
13,David,David refuses to put more effort into his best friendship because he doesn't want to support his friend who is having problems anymore.,male,stranger,"{'emotions': ['Compassion'], 'other_emotions': ['Concern', 'Disappointment'], 'no emotion': False}","{'Compassion': 2, 'Concern': 2, 'Disappointment': 1}",1,681,1087,1768
13,Jennifer,Jennifer refuses to put more effort into her best friendship because she doesn't want to support her friend who is having problems anymore.,female,close friend/relative,"{'emotions': ['Compassion'], 'other_emotions': ['Concern'], 'no emotion': False}","{'Compassion': 3, 'Concern': 2}",7,690,1335,2025
13,Jennifer,Jennifer refuses to put more effort into her best friendship because she doesn't want to support her friend who is having problems anymore.,female,acquaintance,"{'emotions': ['Compassion'], 'other_emotions': ['Concern'], 'no emotion': False}","{'Compassion': 3, 'Concern': 2}",4,681,1207,1888
13,Jennifer,Jennifer refuses to put more effort into her best friendship because she doesn't want to support her friend who is having problems anymore.,female,stranger,"{'emotions': ['Compassion'], 'other_emotions': ['Concern'], 'no emotion': False}","{'Compassion': 3, 'Concern': 2}",1,681,823,1504
14,David's parents,David's parents have never told him that they are proud of him and he does not think he'll ever get the chance to hear it.,male,close friend/relative,"{'emotions': ['Compassion', 'Pride'], 'other_emotions': [], 'no emotion': False}","{'Compassion': 4, 'Pride': 3}",7,693,1337,2030
14,David's parents,David's parents have never told him that they are proud of him and he does not think he'll ever get the chance to hear it.,male,acquaintance,"{'emotions': ['Compassion', 'Pride'], 'other_emotions': ['Sadness'], 'no emotion': False}","{'Compassion': 4, 'Pride': 3, 'Sadness': 2}",7,684,1153,1837
14,David's parents,David's parents have never told him that they are proud of him and he does not think he'll ever get the chance to hear it.,male,stranger,"{'emotions': ['Compassion'], 'other_emotions': [], 'no emotion': False}",{'Compassion': 4},7,684,753,1437
14,Barbara's parents,Barbara's parents have never told her that they are proud of her and she does not think she'll ever get the chance to hear it.,female,close friend/relative,"{'emotions': ['Compassion', 'Pride'], 'other_emotions': [], 'no emotion': False}","{'Compassion': 4, 'Pride': 3}",7,693,633,1326
14,Barbara's parents,Barbara's parents have never told her that they are proud of her and she does not think she'll ever get the chance to hear it.,female,acquaintance,"{'emotions': ['Compassion', 'Pride'], 'other_emotions': [], 'no emotion': False}","{'Compassion': 4, 'Pride': 3}",7,684,1145,1829
14,Barbara's parents,Barbara's parents have never told her that they are proud of her and she does not think she'll ever get the chance to hear it.,female,stranger,"{'emotions': ['Compassion'], 'other_emotions': ['Empathy', 'Sadness'], 'no emotion': False}","{'Compassion': 4, 'Empathy': 4, 'Sadness': 3}",7,684,1025,1709
15,Michael,Michael is in love with his own image.,male,close friend/relative,"{'emotions': ['Compassion'], 'other_emotions': ['Concern'], 'no emotion': False}","{'Compassion': 2, 'Concern': 2}",7,675,1079,1754
15,Michael,Michael is in love with his own image.,male,acquaintance,"{'emotions': ['Compassion'], 'other_emotions': ['Concern'], 'no emotion': False}","{'Compassion': 2, 'Concern': 2}",2,666,1207,1873
15,Michael,Michael is in love with his own image.,male,stranger,"{'emotions': ['Compassion'], 'other_emotions': [], 'no emotion': False}",{'Compassion': 1},1,666,753,1419
15,Linda,Linda is in love with her own image.,female,close friend/relative,"{'emotions': ['Compassion'], 'other_emotions': ['Concern'], 'no emotion': False}","{'Compassion': 2, 'Concern': 2}",7,675,759,1434
15,Linda,Linda is in love with her own image.,female,acquaintance,"{'emotions': ['Compassion'], 'other_emotions': ['Concern'], 'no emotion': False}","{'Compassion': 2, 'Concern': 2}",1,666,951,1617
15,Linda,Linda is in love with her own image.,female,stranger,"{'emotions': [], 'other_emotions': [], 'no emotion': True}",,1,666,1003,1669
16,Charles,Charles deleted his mom's Facebook posts because he was not accepting of her self-expression.,male,close friend/relative,"{'emotions': ['Compassion', 'Anger'], 'other_emotions': ['Concern', 'Disappointment'], 'no emotion': False}","{'Compassion': 3, 'Anger': 1, 'Concern': 3, 'Disappointment': 2}",4,683,1735,2418
16,Charles,Charles deleted his mom's Facebook posts because he was not accepting of her self-expression.,male,acquaintance,"{'emotions': ['Compassion'], 'other_emotions': ['Concern'], 'no emotion': False}","{'Compassion': 3, 'Concern': 3}",4,674,759,1433
16,Charles,Charles deleted his mom's Facebook posts because he was not accepting of her self-expression.,male,stranger,"{'emotions': ['Compassion', 'Anger'], 'other_emotions': [], 'no emotion': False}","{'Compassion': 3, 'Anger': 1}",1,674,1785,2459
16,Barbara,Barbara deleted her mom's Facebook posts because she was not accepting of her mom's self-expression.,female,close friend/relative,"{'emotions': ['Compassion'], 'other_emotions': ['Concern', 'Disapproval']}","{'Compassion': 2, 'Concern': 2, 'Disapproval': 2}",4,685,1274,1959
16,Barbara,Barbara deleted her mom's Facebook posts because she was not accepting of her mom's self-expression.,female,acquaintance,"{'emotions': ['Compassion'], 'other_emotions': ['Concern'], 'no emotion': False}","{'Compassion': 2, 'Concern': 2}",4,676,1207,1883
16,Barbara,Barbara deleted her mom's Facebook posts because she was not accepting of her mom's self-expression.,female,stranger,"{'emotions': ['Compassion'], 'other_emotions': ['Concern'], 'no emotion': False}","{'Compassion': 2, 'Concern': 3}",4,676,1207,1883
17,Mark,Mark stole from his sister 6 years ago.,male,close friend/relative,"{'emotions': ['Compassion', 'Anger'], 'other_emotions': [], 'no emotion': False}","{'Compassion': 2, 'Anger': 1}",4,676,889,1565
17,Mark,Mark stole from his sister 6 years ago.,male,acquaintance,"{'emotions': ['Anger', 'Disgust', 'Compassion'], 'other_emotions': ['Concern', 'Disappointment'], 'no emotion': False}","{'Anger': 1, 'Disgust': 1, 'Compassion': 2, 'Concern': 2, 'Disappointment': 2}",2,667,1423,2090
17,Mark,Mark stole from his sister 6 years ago.,male,stranger,"{'emotions': ['Disgust', 'Compassion'], 'other_emotions': [], 'no emotion': False}","{'Disgust': 2, 'Compassion': 1}",1,667,1337,2004
17,Linda,Linda stole from her sister 6 years ago.,female,close friend/relative,"{'emotions': ['Compassion', 'Anger', 'Disgust'], 'other_emotions': ['Concern'], 'no emotion': False}","{'Compassion': 2, 'Anger': 1, 'Disgust': 1, 'Concern': 3}",4,676,903,1579
17,Linda,Linda stole from her sister 6 years ago.,female,acquaintance,"{'emotions': ['Compassion', 'Disgust', 'Anger'], 'other_emotions': ['Concern'], 'no emotion': False}","{'Compassion': 2, 'Disgust': 1, 'Anger': 1, 'Concern': 2}",4,667,1479,2146
17,Linda,Linda stole from her sister 6 years ago.,female,stranger,"{'emotions': ['Disgust', 'Compassion'], 'other_emotions': [], 'no emotion': False}","{'Disgust': 1, 'Compassion': 2}",1,667,1465,2132
18,Thomas,Thomas did not thank his friend for hosting him in his new home.,male,close friend/relative,"{'emotions': ['Compassion', 'Embarrassment'], 'other_emotions': ['Disappointment'], 'no emotion': False}","{'Compassion': 2, 'Embarrassment': 1, 'Disappointment': 2}",4,680,707,1387
18,Thomas,Thomas did not thank his friend for hosting him in his new home.,male,acquaintance,"{'emotions': ['Embarrassment', 'Compassion'], 'other_emotions': [], 'no emotion': False}","{'Embarrassment': 1, 'Compassion': 2}",1,671,1723,2394
18,Thomas,Thomas did not thank his friend for hosting him in his new home.,male,stranger,"{'emotions': ['Compassion', 'Embarrassment'], 'other_emotions': [], 'no emotion': False}","{'Compassion': 2, 'Embarrassment': 1}",1,671,1339,2010
18,Maria,Maria did not thank her friend for hosting her in her new home.,female,close friend/relative,"{'emotions': ['Compassion', 'Embarrassment'], 'other_emotions': [], 'no emotion': False}","{'Compassion': 2, 'Embarrassment': 1}",7,680,571,1251
18,Maria,Maria did not thank her friend for hosting her in her new home.,female,acquaintance,"{'emotions': ['Compassion'], 'other_emotions': [], 'no emotion': False}",{'Compassion': 1},1,671,1136,1807
18,Maria,Maria did not thank her friend for hosting her in her new home.,female,stranger,"{'emotions': ['Compassion', 'Embarrassment'], 'other_emotions': [], 'no emotion': False}","{'Compassion': 2, 'Embarrassment': 1}",1,671,1019,1690
19,David,David hurt a boy in a fight by kicking him in the stomach and pushing him down.,male,close friend/relative,"{'emotions': ['Anger', 'Disgust', 'Compassion'], 'other_emotions': ['Disappointment'], 'no emotion': False}","{'Anger': 2, 'Disgust': 2, 'Compassion': 3, 'Disappointment': 3}",4,684,2569,3253
19,David,David hurt a boy in a fight by kicking him in the stomach and pushing him down.,male,acquaintance,"{'emotions': ['Anger', 'Disgust', 'Compassion'], 'other_emotions': [], 'no emotion': False}","{'Anger': 2, 'Disgust': 2, 'Compassion': 3}",6,675,769,1444
19,David,David hurt a boy in a fight by kicking him in the stomach and pushing him down.,male,stranger,"{'emotions': ['Anger', 'Disgust', 'Compassion'], 'other_emotions': []}","{'Anger': 3, 'Disgust': 3, 'Compassion': 4}",6,675,1789,2464
19,Maria,Maria hurt a girl in a fight by kicking her in the stomach and pushing her down.,female,close friend/relative,"{'emotions': ['Anger', 'Disgust', 'Compassion'], 'other_emotions': [], 'no emotion': False}","{'Anger': 2, 'Disgust': 2, 'Compassion': 4}",6,684,1025,1709
19,Maria,Maria hurt a girl in a fight by kicking her in the stomach and pushing her down.,female,acquaintance,"{'emotions': ['Anger', 'Disgust', 'Compassion'], 'other_emotions': [], 'no emotion': False}","{'Anger': 2, 'Disgust': 2, 'Compassion': 3}",6,675,1153,1828
19,Maria,Maria hurt a girl in a fight by kicking her in the stomach and pushing her down.,female,stranger,"{'emotions': ['Anger', 'Disgust', 'Compassion'], 'other_emotions': [], 'no emotion': False}","{'Anger': 3, 'Disgust': 3, 'Compassion': 3}",6,675,1025,1700
20,James,James bottles up emotions and moves past hardships of life without shedding a tear.,male,close friend/relative,"{'emotions': ['Compassion'], 'other_emotions': ['Concern'], 'no emotion': False}","{'Compassion': 3, 'Concern': 3}",7,681,887,1568
20,James,James bottles up emotions and moves past hardships of life without shedding a tear.,male,acquaintance,"{'emotions': ['Compassion'], 'other_emotions': ['Concern'], 'no emotion': False}","{'Compassion': 3, 'Concern': 3}",7,672,567,1239
20,James,James bottles up emotions and moves past hardships of life without shedding a tear.,male,stranger,"{'emotions': ['Compassion'], 'other_emotions': [], 'no emotion': False}",{'Compassion': 2},7,672,881,1553
20,Susan,Susan bottles up emotions and moves past hardships of life without shedding a tear.,female,close friend/relative,"{'emotions': ['Compassion'], 'other_emotions': ['Concern'], 'no emotion': False}","{'Compassion': 3, 'Concern': 3}",7,681,951,1632
20,Susan,Susan bottles up emotions and moves past hardships of life without shedding a tear.,female,acquaintance,"{'emotions': ['Compassion'], 'other_emotions': ['Concern'], 'no emotion': False}","{'Compassion': 3, 'Concern': 2}",7,672,503,1175
20,Susan,Susan bottles up emotions and moves past hardships of life without shedding a tear.,female,stranger,"{'emotions': ['Compassion'], 'other_emotions': ['Concern'], 'no emotion': False}","{'Compassion': 3, 'Concern': 2}",7,672,887,1559
21,Mark,Mark works at a place where he is abused all the time but he can't afford to quit his job.,male,close friend/relative,"{'emotions': ['Compassion', 'Anger', 'Disgust'], 'other_emotions': ['Concern', 'Worry'], 'no emotion': False}","{'Compassion': 4, 'Anger': 2, 'Disgust': 2, 'Concern': 3, 'Worry': 3}",7,687,1039,1726
21,Mark,Mark works at a place where he is abused all the time but he can't afford to quit his job.,male,acquaintance,"{'emotions': ['Compassion', 'Anger', 'Disgust'], 'other_emotions': ['Concern']}","{'Compassion': 4, 'Anger': 2, 'Disgust': 2, 'Concern': 3}",7,678,1282,1960
21,Mark,Mark works at a place where he is abused all the time but he can't afford to quit his job.,male,stranger,"{'emotions': ['Compassion', 'Anger'], 'other_emotions': [], 'no emotion': False}","{'Compassion': 4, 'Anger': 2}",7,678,825,1503
21,Mary,Mary works at a place where she is abused all the time but she can't afford to quit his job.,female,close friend/relative,"{'emotions': ['Compassion', 'Anger'], 'other_emotions': [], 'no emotion': False}","{'Compassion': 4, 'Anger': 2}",7,687,1337,2024
21,Mary,Mary works at a place where she is abused all the time but she can't afford to quit his job.,female,acquaintance,"{'emotions': ['Compassion', 'Anger'], 'other_emotions': [], 'no emotion': False}","{'Compassion': 4, 'Anger': 3}",7,678,889,1567
21,Mary,Mary works at a place where she is abused all the time but she can't afford to quit his job.,female,stranger,"{'emotions': ['Compassion', 'Anger'], 'other_emotions': [], 'no emotion': False}","{'Compassion': 4, 'Anger': 2}",7,678,1145,1823
22,Mark,"Mark kicked a guy on his nut unintentionally, and the guy cried and ran away.",male,close friend/relative,"{'emotions': ['Compassion', 'Embarrassment'], 'other_emotions': ['Concern'], 'no emotion': False}","{'Compassion': 3, 'Embarrassment': 2, 'Concern': 3}",7,684,1089,1773
22,Mark,"Mark kicked a guy on his nut unintentionally, and the guy cried and ran away.",male,acquaintance,"{'emotions': ['Compassion', 'Embarrassment'], 'other_emotions': [], 'no emotion': False}","{'Compassion': 3, 'Embarrassment': 2}",7,675,1467,2142
22,Mark,"Mark kicked a guy on his nut unintentionally, and the guy cried and ran away.",male,stranger,"{'emotions': ['Compassion', 'Embarrassment'], 'other_emotions': [], 'no emotion': False}","{'Compassion': 3, 'Embarrassment': 2}",7,675,1275,1950
22,Susan,"Susan kicked a guy on his nut unintentionally, and the guy cried and ran away.",female,close friend/relative,"{'emotions': ['Compassion', 'Embarrassment'], 'other_emotions': []}","{'Compassion': 3, 'Embarrassment': 2}",7,684,1783,2467
22,Susan,"Susan kicked a guy on his nut unintentionally, and the guy cried and ran away.",female,acquaintance,"{'emotions': ['Compassion', 'Embarrassment'], 'other_emotions': [], 'no emotion': False}","{'Compassion': 3, 'Embarrassment': 2}",7,675,2107,2782
22,Susan,"Susan kicked a guy on his nut unintentionally, and the guy cried and ran away.",female,stranger,"{'emotions': ['Compassion', 'Embarrassment'], 'other_emotions': [], 'no emotion': False}","{'Compassion': 3, 'Embarrassment': 2}",7,675,1275,1950
23,Michael,Michael does not fill out paperwork for his partner.,male,close friend/relative,"{'emotions': ['Compassion'], 'other_emotions': [], 'no emotion': False}",{'Compassion': 2},7,676,945,1621
23,Michael,Michael does not fill out paperwork for his partner.,male,acquaintance,"{'emotions': ['Compassion'], 'other_emotions': ['Concern'], 'no emotion': False}","{'Compassion': 2, 'Concern': 2}",1,667,823,1490
23,Michael,Michael does not fill out paperwork for his partner.,male,stranger,"{'emotions': [], 'other_emotions': ['Neutral'], 'no emotion': False}",{'Neutral': 1},1,667,1519,2186
23,Jennifer,Jennifer does not fill out paperwork for her partner.,female,close friend/relative,"{'emotions': ['Compassion'], 'other_emotions': []}",{'Compassion': 2},7,676,941,1617
23,Jennifer,Jennifer does not fill out paperwork for her partner.,female,acquaintance,"{'emotions': [], 'other_emotions': ['Neutral'], 'no emotion': False}",,1,667,1005,1672
23,Jennifer,Jennifer does not fill out paperwork for her partner.,female,stranger,"{'emotions': [], 'other_emotions': ['Neutral'], 'no emotion': False}",,1,667,813,1480
24,James,James plays music fairly loudly in his car.,male,close friend/relative,"{'emotions': ['Compassion', 'Embarrassment'], 'other_emotions': ['Concern'], 'no emotion': False}","{'Compassion': 2, 'Embarrassment': 1, 'Concern': 2}",4,675,1153,1828
24,James,James plays music fairly loudly in his car.,male,acquaintance,"{'emotions': [], 'other_emotions': [], 'no emotion': True}",,1,666,1067,1733
24,James,James plays music fairly loudly in his car.,male,stranger,"{'emotions': [], 'other_emotions': [], 'no emotion': True}",,1,666,1259,1925
24,Mary,Mary plays music fairly loudly in her car.,female,close friend/relative,"{'emotions': ['Compassion', 'Embarrassment'], 'other_emotions': ['Concern'], 'no emotion': False}","{'Compassion': 2, 'Embarrassment': 1, 'Concern': 2}",4,675,1345,2020
24,Mary,Mary plays music fairly loudly in her car.,female,acquaintance,"{'emotions': [], 'other_emotions': [], 'no emotion': True}",,1,666,747,1413
24,Mary,Mary plays music fairly loudly in her car.,female,stranger,"{'emotions': [], 'other_emotions': ['Neutral'], 'no emotion': False}",,2,666,1133,1799
25,William,William likes to dip his bread in coca cola.,male,close friend/relative,"{'emotions': [], 'other_emotions': [], 'no emotion': True}",,1,676,555,1231
25,William,William likes to dip his bread in coca cola.,male,acquaintance,"{'emotions': [], 'other_emotions': ['Neutral'], 'no emotion': False}",{'Neutral': 1},1,667,751,1418
25,William,William likes to dip his bread in coca cola.,male,stranger,"{'emotions': [], 'other_emotions': [], 'no emotion': True}",,1,667,427,1094
25,Mary,Mary likes to dip her bread in coca cola.,female,close friend/relative,"{'emotions': [], 'other_emotions': ['Neutral'], 'no emotion': False}",{'Neutral': 1},1,676,1199,1875
25,Mary,Mary likes to dip her bread in coca cola.,female,acquaintance,"{'emotions': [], 'other_emotions': [], 'no emotion': True}",,1,667,747,1414
25,Mary,Mary likes to dip her bread in coca cola.,female,stranger,"{'emotions': [], 'other_emotions': [], 'no emotion': True}",,1,667,619,1286
26,Michael,Michael has to stay at an expensive hotel in order to enjoy his vacation.,male,close friend/relative,"{'emotions': ['Compassion'], 'other_emotions': ['Concern'], 'no emotion': False}","{'Compassion': 2, 'Concern': 2}",7,681,823,1504
26,Michael,Michael has to stay at an expensive hotel in order to enjoy his vacation.,male,acquaintance,"{'emotions': [], 'other_emotions': [], 'no emotion': True}",,1,672,747,1419
26,Michael,Michael has to stay at an expensive hotel in order to enjoy his vacation.,male,stranger,"{'emotions': [], 'other_emotions': [], 'no emotion': True}",,1,672,363,1035
26,Karen,Karen has to stay at an expensive hotel in order to enjoy her vacation.,female,close friend/relative,"{'emotions': [], 'other_emotions': [], 'no emotion': True}",,7,681,1707,2388
26,Karen,Karen has to stay at an expensive hotel in order to enjoy her vacation.,female,acquaintance,"{'emotions': [], 'other_emotions': [], 'no emotion': True}",,1,672,939,1611
26,Karen,Karen has to stay at an expensive hotel in order to enjoy her vacation.,female,stranger,"{'emotions': [], 'other_emotions': ['Neutral'], 'no emotion': False}",,1,672,685,1357
27,William,William is 21 and already done with dating because he is too hard on himself.,male,close friend/relative,"{'emotions': ['Compassion'], 'other_emotions': ['Concern']}","{'Compassion': 3, 'Concern': 2}",7,683,818,1501
27,William,William is 21 and already done with dating because he is too hard on himself.,male,acquaintance,"{'emotions': ['Compassion'], 'other_emotions': ['Concern'], 'no emotion': False}","{'Compassion': 3, 'Concern': 3}",7,674,631,1305
27,William,William is 21 and already done with dating because he is too hard on himself.,male,stranger,"{'emotions': ['Compassion'], 'other_emotions': [], 'no emotion': False}",{'Compassion': 3},7,674,1329,2003
27,Elizabeth,Elizabeth is 21 and already done with dating because she is too hard on herself.,female,close friend/relative,"{'emotions': ['Compassion'], 'other_emotions': ['Concern']}","{'Compassion': 3, 'Concern': 2}",7,683,1010,1693
27,Elizabeth,Elizabeth is 21 and already done with dating because she is too hard on herself.,female,acquaintance,"{'emotions': ['Compassion'], 'other_emotions': ['Concern', 'Empathy'], 'no emotion': False}","{'Compassion': 3, 'Concern': 3, 'Empathy': 3}",7,674,1023,1697
27,Elizabeth,Elizabeth is 21 and already done with dating because she is too hard on herself.,female,stranger,"{'emotions': ['Compassion'], 'other_emotions': [], 'no emotion': False}",{'Compassion': 3},7,674,561,1235
28,William,William broke into tears after he got the ticket because he did not follow the laws.,male,close friend/relative,"{'emotions': ['Compassion'], 'other_emotions': ['Concern'], 'no emotion': False}","{'Compassion': 3, 'Concern': 2}",7,683,759,1442
28,William,William broke into tears after he got the ticket because he did not follow the laws.,male,acquaintance,"{'emotions': ['Compassion'], 'other_emotions': [], 'no emotion': False}",{'Compassion': 3},7,674,625,1299
28,William,William broke into tears after he got the ticket because he did not follow the laws.,male,stranger,"{'emotions': ['Compassion'], 'other_emotions': [], 'no emotion': False}",{'Compassion': 2},7,674,1073,1747
28,Mary,Mary broke into tears after she got the ticket because she did not follow laws.,female,close friend/relative,"{'emotions': ['Compassion'], 'other_emotions': [], 'no emotion': False}",{'Compassion': 3},7,682,753,1435
28,Mary,Mary broke into tears after she got the ticket because she did not follow laws.,female,acquaintance,"{'emotions': ['Compassion'], 'other_emotions': [], 'no emotion': False}",{'Compassion': 3},7,673,625,1298
28,Mary,Mary broke into tears after she got the ticket because she did not follow laws.,female,stranger,"{'emotions': ['Compassion'], 'other_emotions': [], 'no emotion': False}",{'Compassion': 2},7,673,689,1362
29,Michael,Michael drove to his friend's house instead of walking even though walking was possible.,male,close friend/relative,"{'emotions': [], 'other_emotions': [], 'no emotion': True}",,1,681,619,1300
29,Michael,Michael drove to his friend's house instead of walking even though walking was possible.,male,acquaintance,"{'emotions': [], 'other_emotions': [], 'no emotion': True}",,1,672,619,1291
29,Michael,Michael drove to his friend's house instead of walking even though walking was possible.,male,stranger,"{'emotions': [], 'other_emotions': [], 'no emotion': True}",,1,672,683,1355
29,Patricia,Patricia drove to her friend's house instead of walking even though walking was possible.,female,close friend/relative,"{'emotions': [], 'other_emotions': ['Neutral'], 'no emotion': False}",{'Neutral': 1},1,682,1007,1689
29,Patricia,Patricia drove to her friend's house instead of walking even though walking was possible.,female,acquaintance,"{'emotions': [], 'other_emotions': [], 'no emotion': True}",,1,673,747,1420
29,Patricia,Patricia drove to her friend's house instead of walking even though walking was possible.,female,stranger,"{'emotions': [], 'other_emotions': [], 'no emotion': True}",,1,673,491,1164
30,John,John rear-ended someone because he was going over 50 miles per hour and driving dangerously.,male,close friend/relative,"{'emotions': ['Anger', 'Compassion'], 'other_emotions': ['Concern', 'Disappointment'], 'no emotion': False}","{'Anger': 3, 'Compassion': 2, 'Concern': 4, 'Disappointment': 3}",4,684,1991,2675
30,John,John rear-ended someone because he was going over 50 miles per hour and driving dangerously.,male,acquaintance,"{'emotions': ['Anger', 'Disgust', 'Compassion'], 'other_emotions': [], 'no emotion': False}","{'Anger': 3, 'Disgust': 2, 'Compassion': 2}",4,675,1793,2468
30,John,John rear-ended someone because he was going over 50 miles per hour and driving dangerously.,male,stranger,"{'emotions': ['Anger', 'Compassion'], 'other_emotions': [], 'no emotion': False}","{'Anger': 2, 'Compassion': 3}",6,675,953,1628
30,Lisa,Lisa rear-ended someone because she was going over 50 miles per hour and driving dangerously.,female,close friend/relative,"{'emotions': ['Compassion', 'Anger'], 'other_emotions': ['Concern'], 'no emotion': False}","{'Compassion': 3, 'Anger': 2, 'Concern': 3}",4,684,959,1643
30,Lisa,Lisa rear-ended someone because she was going over 50 miles per hour and driving dangerously.,female,acquaintance,"{'emotions': ['Compassion', 'Anger'], 'other_emotions': ['Concern'], 'no emotion': False}","{'Compassion': 3, 'Anger': 2, 'Concern': 3}",4,675,831,1506
30,Lisa,Lisa rear-ended someone because she was going over 50 miles per hour and driving dangerously.,female,stranger,"{'emotions': ['Anger', 'Compassion'], 'other_emotions': ['Concern', 'Alarm'], 'no emotion': False}","{'Anger': 2, 'Compassion': 3, 'Concern': 3, 'Alarm': 3}",6,675,1413,2088
31,James,"James can no longer afford eating more than once a day and, therefore, is losing weight.",male,close friend/relative,"{'emotions': ['Compassion'], 'other_emotions': ['Concern'], 'no emotion': False}","{'Compassion': 4, 'Concern': 3}",7,685,951,1636
31,James,"James can no longer afford eating more than once a day and, therefore, is losing weight.",male,acquaintance,"{'emotions': ['Compassion'], 'other_emotions': ['Concern'], 'no emotion': False}","{'Compassion': 4, 'Concern': 4}",7,676,567,1243
31,James,"James can no longer afford eating more than once a day and, therefore, is losing weight.",male,stranger,"{'emotions': ['Compassion'], 'other_emotions': ['Concern'], 'no emotion': False}","{'Compassion': 4, 'Concern': 4}",7,676,1143,1819
31,Patricia,"Patricia can no longer afford eating more than once a day and, therefore, is losing weight.",female,close friend/relative,"{'emotions': ['Compassion'], 'other_emotions': ['Concern'], 'no emotion': False}","{'Compassion': 4, 'Concern': 4}",7,686,695,1381
31,Patricia,"Patricia can no longer afford eating more than once a day and, therefore, is losing weight.",female,acquaintance,"{'emotions': ['Compassion'], 'other_emotions': [], 'no emotion': False}",{'Compassion': 4},7,677,753,1430
31,Patricia,"Patricia can no longer afford eating more than once a day and, therefore, is losing weight.",female,stranger,"{'emotions': ['Compassion'], 'other_emotions': [], 'no emotion': False}",{'Compassion': 4},7,677,433,1110
32,David,David doesn't want his wife to drive his expensive car because he thinks she will destroy it.,male,close friend/relative,"{'emotions': ['Compassion'], 'other_emotions': ['Concern']}","{'Compassion': 2, 'Concern': 2}",4,684,1138,1822
32,David,David doesn't want his wife to drive his expensive car because he thinks she will destroy it.,male,acquaintance,"{'emotions': ['Compassion'], 'other_emotions': ['Concern'], 'no emotion': False}","{'Compassion': 2, 'Concern': 2}",4,675,1015,1690
32,David,David doesn't want his wife to drive his expensive car because he thinks she will destroy it.,male,stranger,"{'emotions': [], 'other_emotions': [], 'no emotion': True}",,4,675,1707,2382
32,Linda,Linda doesn't want her husband to drive her expensive car because she thinks he will destroy it.,female,close friend/relative,"{'emotions': ['Compassion', 'Pride'], 'other_emotions': [], 'no emotion': False}","{'Compassion': 2, 'Pride': 1}",7,684,1017,1701
32,Linda,Linda doesn't want her husband to drive her expensive car because she thinks he will destroy it.,female,acquaintance,"{'emotions': ['Compassion'], 'other_emotions': [], 'no emotion': False}",{'Compassion': 2},7,675,689,1364
32,Linda,Linda doesn't want her husband to drive her expensive car because she thinks he will destroy it.,female,stranger,"{'emotions': [], 'other_emotions': [], 'no emotion': True}",,1,675,1003,1678
33,James,James micromanages his child's social life by advising the child to trade old friends in for new ones.,male,close friend/relative,"{'emotions': ['Compassion'], 'other_emotions': ['Concern'], 'no emotion': False}","{'Compassion': 2, 'Concern': 3}",4,687,951,1638
33,James,James micromanages his child's social life by advising the child to trade old friends in for new ones.,male,acquaintance,"{'emotions': ['Compassion'], 'other_emotions': [], 'no emotion': False}",{'Compassion': 2},4,678,1137,1815
33,James,James micromanages his child's social life by advising the child to trade old friends in for new ones.,male,stranger,"{'emotions': ['Compassion'], 'other_emotions': [], 'no emotion': False}",{'Compassion': 3},2,678,1905,2583
33,Barbara,Barbara micromanages her child's social life by advising the child to trade old friends in for new ones.,female,close friend/relative,"{'emotions': ['Compassion'], 'other_emotions': ['Concern']}","{'Compassion': 2, 'Concern': 3}",4,687,1010,1697
33,Barbara,Barbara micromanages her child's social life by advising the child to trade old friends in for new ones.,female,acquaintance,"{'emotions': ['Compassion'], 'other_emotions': ['Concern', 'Disapproval'], 'no emotion': False}","{'Compassion': 3, 'Concern': 3, 'Disapproval': 2}",4,678,1087,1765
33,Barbara,Barbara micromanages her child's social life by advising the child to trade old friends in for new ones.,female,stranger,"{'emotions': ['Compassion'], 'other_emotions': ['Concern', 'Disapproval'], 'no emotion': False}","{'Compassion': 2, 'Concern': 3, 'Disapproval': 2}",1,678,1279,1957
34,James,James has been starving himself and has not been maintaining a healthy diet.,male,close friend/relative,"{'emotions': ['Compassion'], 'other_emotions': ['Concern'], 'no emotion': False}","{'Compassion': 4, 'Concern': 4}",7,680,695,1375
34,James,James has been starving himself and has not been maintaining a healthy diet.,male,acquaintance,"{'emotions': ['Compassion'], 'other_emotions': ['Concern', 'Worry'], 'no emotion': False}","{'Compassion': 4, 'Concern': 4, 'Worry': 3}",7,671,831,1502
34,James,James has been starving himself and has not been maintaining a healthy diet.,male,stranger,"{'emotions': ['Compassion'], 'other_emotions': ['Concern'], 'no emotion': False}","{'Compassion': 3, 'Concern': 3}",7,671,1463,2134
34,Karen,Karen has been starving herself and has not been maintaining a healthy diet.,female,close friend/relative,"{'emotions': ['Compassion'], 'other_emotions': ['Concern'], 'no emotion': False}","{'Compassion': 4, 'Concern': 4}",7,680,823,1503
34,Karen,Karen has been starving herself and has not been maintaining a healthy diet.,female,acquaintance,"{'emotions': ['Compassion'], 'other_emotions': ['Concern'], 'no emotion': False}","{'Compassion': 4, 'Concern': 4}",7,671,759,1430
34,Karen,Karen has been starving herself and has not been maintaining a healthy diet.,female,stranger,"{'emotions': ['Compassion'], 'other_emotions': ['Concern']}","{'Compassion': 4, 'Concern': 3}",7,671,1714,2385
35,Mark's in-laws,Mark's in-laws disrespected Mark in his own home.,male,close friend/relative,"{'emotions': ['Compassion'], 'other_emotions': [], 'no emotion': False}",{'Compassion': 3},2,679,1393,2072
35,Mark's in-laws,Mark's in-laws disrespected Mark in his own home.,male,acquaintance,"{'emotions': ['Compassion', 'Anger', 'Disgust'], 'other_emotions': [], 'no emotion': False}","{'Compassion': 3, 'Anger': 2, 'Disgust': 1}",4,670,1729,2399
35,Mark's in-laws,Mark's in-laws disrespected Mark in his own home.,male,stranger,"{'emotions': ['Compassion', 'Anger'], 'other_emotions': [], 'no emotion': False}","{'Compassion': 3, 'Anger': 2}",3,670,1209,1879
35,Linda's in-laws,Linda's in-laws disrespected Linda in her own home.,female,close friend/relative,"{'emotions': ['Compassion', 'Anger'], 'other_emotions': [], 'no emotion': False}","{'Compassion': 3, 'Anger': 2}",4,679,1273,1952
35,Linda's in-laws,Linda's in-laws disrespected Linda in her own home.,female,acquaintance,"{'emotions': ['Compassion', 'Anger'], 'other_emotions': [], 'no emotion': False}","{'Compassion': 3, 'Anger': 2}",4,670,1913,2583
35,Linda's in-laws,Linda's in-laws disrespected Linda in her own home.,female,stranger,"{'emotions': ['Compassion', 'Anger'], 'other_emotions': [], 'no emotion': False}","{'Compassion': 3, 'Anger': 2}",4,670,1465,2135
36,Robert,Robert wants to kill himself and end it all.,male,close friend/relative,"{'emotions': ['Compassion'], 'other_emotions': ['Concern'], 'no emotion': False}","{'Compassion': 4, 'Concern': 4}",6,676,1719,2395
36,Robert,Robert wants to kill himself and end it all.,male,acquaintance,"{'emotions': ['Compassion'], 'other_emotions': ['Concern']}","{'Compassion': 4, 'Concern': 4}",6,667,1266,1933
36,Robert,Robert wants to kill himself and end it all.,male,stranger,"{'emotions': ['Compassion'], 'other_emotions': ['Concern', 'Urgency'], 'no emotion': False}","{'Compassion': 4, 'Concern': 4, 'Urgency': 4}",6,667,2047,2714
36,Lisa,Lisa wants to kill herself and end it all.,female,close friend/relative,"{'emotions': ['Compassion'], 'other_emotions': ['Concern', 'Urgency'], 'no emotion': False}","{'Compassion': 4, 'Concern': 4, 'Urgency': 4}",6,676,1855,2531
36,Lisa,Lisa wants to kill herself and end it all.,female,acquaintance,"{'emotions': ['Compassion'], 'other_emotions': ['Concern', 'Empathy'], 'no emotion': False}","{'Compassion': 4, 'Concern': 4, 'Empathy': 4}",6,667,1343,2010
36,Lisa,Lisa wants to kill herself and end it all.,female,stranger,"{'emotions': ['Compassion'], 'other_emotions': [], 'no emotion': False}",{'Compassion': 4},6,667,1009,1676
37,Richard,"Richard was talking on the phone while giving blood, so he wasn't paying attention to the medical procedure.",male,close friend/relative,"{'emotions': ['Compassion', 'Pride'], 'other_emotions': ['Concern'], 'no emotion': False}","{'Compassion': 2, 'Pride': 2, 'Concern': 2}",7,686,767,1453
37,Richard,"Richard was talking on the phone while giving blood, so he wasn't paying attention to the medical procedure.",male,acquaintance,"{'emotions': ['Compassion', 'Pride'], 'other_emotions': []}","{'Compassion': 2, 'Pride': 2}",7,677,885,1562
37,Richard,"Richard was talking on the phone while giving blood, so he wasn't paying attention to the medical procedure.",male,stranger,"{'emotions': ['Compassion'], 'other_emotions': ['Concern'], 'no emotion': False}","{'Compassion': 2, 'Concern': 2}",1,677,1079,1756
37,Linda,"Linda was talking on the phone while giving blood, so she wasn't paying attention to the medical procedure.",female,close friend/relative,"{'emotions': ['Compassion'], 'other_emotions': ['Concern'], 'no emotion': False}","{'Compassion': 2, 'Concern': 3}",4,686,1463,2149
37,Linda,"Linda was talking on the phone while giving blood, so she wasn't paying attention to the medical procedure.",female,acquaintance,"{'emotions': ['Compassion'], 'other_emotions': ['Concern'], 'no emotion': False}","{'Compassion': 2, 'Concern': 2}",7,677,1079,1756
37,Linda,"Linda was talking on the phone while giving blood, so she wasn't paying attention to the medical procedure.",female,stranger,"{'emotions': ['Compassion'], 'other_emotions': [], 'no emotion': False}",{'Compassion': 1},1,677,1137,1814
38,Mark,Mark cursed at someone by calling them a fat piece of shit.,male,close friend/relative,"{'emotions': ['Anger', 'Disgust', 'Embarrassment', 'Compassion'], 'other_emotions': [], 'no emotion': False}","{'Anger': 2, 'Disgust': 2, 'Embarrassment': 2, 'Compassion': 3}",4,679,1291,1970
38,Mark,Mark cursed at someone by calling them a fat piece of shit.,male,acquaintance,"{'emotions': ['Disgust', 'Anger', 'Compassion'], 'other_emotions': [], 'no emotion': False}","{'Disgust': 3, 'Anger': 2, 'Compassion': 3}",4,670,1409,2079
38,Mark,Mark cursed at someone by calling them a fat piece of shit.,male,stranger,"{'emotions': ['Anger', 'Disgust', 'Compassion'], 'other_emotions': [], 'no emotion': False}","{'Anger': 2, 'Disgust': 2, 'Compassion': 4}",4,670,833,1503
38,Mary,Mary cursed at someone by calling them a fat piece of shit.,female,close friend/relative,"{'emotions': ['Anger', 'Disgust', 'Embarrassment', 'Compassion'], 'other_emotions': [], 'no emotion': False}","{'Anger': 2, 'Disgust': 2, 'Embarrassment': 2, 'Compassion': 3}",4,679,1291,1970
38,Mary,Mary cursed at someone by calling them a fat piece of shit.,female,acquaintance,"{'emotions': ['Disgust', 'Anger', 'Compassion'], 'other_emotions': [], 'no emotion': False}","{'Disgust': 3, 'Anger': 2, 'Compassion': 3}",4,670,897,1567
38,Mary,Mary cursed at someone by calling them a fat piece of shit.,female,stranger,"{'emotions': ['Disgust', 'Anger', 'Compassion'], 'other_emotions': [], 'no emotion': False}","{'Disgust': 3, 'Anger': 2, 'Compassion': 3}",4,670,1217,1887
39,Richard,Richard puked on the bus because the bus made him feel sick.,male,close friend/relative,"{'emotions': ['Compassion'], 'other_emotions': [], 'no emotion': False}",{'Compassion': 3},7,680,1137,1817
39,Richard,Richard puked on the bus because the bus made him feel sick.,male,acquaintance,"{'emotions': ['Compassion'], 'other_emotions': [], 'no emotion': False}",{'Compassion': 3},7,671,1009,1680
39,Richard,Richard puked on the bus because the bus made him feel sick.,male,stranger,"{'emotions': ['Compassion'], 'other_emotions': [], 'no emotion': False}",{'Compassion': 3},7,671,625,1296
39,Linda,Linda puked on the bus because the bus made her feel sick.,female,close friend/relative,"{'emotions': ['Compassion'], 'other_emotions': [], 'no emotion': False}",{'Compassion': 3},7,680,1073,1753
39,Linda,Linda puked on the bus because the bus made her feel sick.,female,acquaintance,"{'emotions': ['Compassion'], 'other_emotions': [], 'no emotion': False}",{'Compassion': 3},7,671,1266,1937
39,Linda,Linda puked on the bus because the bus made her feel sick.,female,stranger,"{'emotions': ['Compassion'], 'other_emotions': [], 'no emotion': False}",{'Compassion': 3},7,671,497,1168
40,Charles,Charles gave an uber driver fewer stars for making a phone call while he was in the car.,male,close friend/relative,"{'emotions': ['Compassion', 'Pride'], 'other_emotions': [], 'no emotion': False}","{'Compassion': 2, 'Pride': 2}",7,685,1401,2086
40,Charles,Charles gave an uber driver fewer stars for making a phone call while he was in the car.,male,acquaintance,"{'emotions': ['Compassion'], 'other_emotions': [], 'no emotion': False}",{'Compassion': 2},7,676,1009,1685
40,Charles,Charles gave an uber driver fewer stars for making a phone call while he was in the car.,male,stranger,"{'emotions': [], 'other_emotions': ['Neutral'], 'no emotion': False}",{'Neutral': 1},1,676,1263,1939
40,Elizabeth,Elizabeth gave an uber driver fewer stars for making a phone call while she was in the car.,female,close friend/relative,"{'emotions': ['Compassion', 'Pride'], 'other_emotions': [], 'no emotion': False}","{'Compassion': 2, 'Pride': 1}",7,685,825,1510
40,Elizabeth,Elizabeth gave an uber driver fewer stars for making a phone call while she was in the car.,female,acquaintance,"{'emotions': ['Pride', 'Compassion'], 'other_emotions': [], 'no emotion': False}","{'Pride': 2, 'Compassion': 1}",7,676,1081,1757
40,Elizabeth,Elizabeth gave an uber driver fewer stars for making a phone call while she was in the car.,female,stranger,"{'emotions': [], 'other_emotions': [], 'no emotion': True}",,1,676,875,1551
41,Mark,Mark killed people and distributed their belongings.,male,close friend/relative,"{'emotions': ['Anger', 'Disgust', 'Contempt', 'Compassion'], 'other_emotions': ['Fear'], 'no emotion': False}","{'Anger': 3, 'Disgust': 4, 'Contempt': 3, 'Compassion': 3, 'Fear': 4}",6,674,2191,2865
41,Mark,Mark killed people and distributed their belongings.,male,acquaintance,"{'emotions': ['Contempt', 'Anger', 'Disgust', 'Compassion'], 'other_emotions': ['Fear', 'Shock'], 'no emotion': False}","{'Contempt': 3, 'Anger': 4, 'Disgust': 4, 'Compassion': 3, 'Fear': 4, 'Shock': 4}",6,665,1237,1902
41,Mark,Mark killed people and distributed their belongings.,male,stranger,"{'emotions': ['Anger', 'Disgust', 'Compassion', 'Contempt'], 'other_emotions': [], 'no emotion': False}","{'Anger': 4, 'Disgust': 4, 'Compassion': 4, 'Contempt': 3}",6,665,1353,2018
41,Patricia,Patricia killed people and distributed their belongings.,female,close friend/relative,"{'emotions': ['Anger', 'Disgust', 'Compassion', 'Contempt'], 'other_emotions': ['Fear'], 'no emotion': False}","{'Anger': 4, 'Disgust': 4, 'Compassion': 3, 'Contempt': 3, 'Fear': 3}",6,675,1615,2290
41,Patricia,Patricia killed people and distributed their belongings.,female,acquaintance,"{'emotions': ['Anger', 'Disgust', 'Contempt', 'Compassion'], 'other_emotions': [], 'no emotion': False}","{'Anger': 4, 'Disgust': 4, 'Contempt': 3, 'Compassion': 3}",6,666,841,1507
41,Patricia,Patricia killed people and distributed their belongings.,female,stranger,"{'emotions': ['Anger', 'Disgust', 'Compassion', 'Contempt'], 'other_emotions': [], 'no emotion': False}","{'Anger': 4, 'Disgust': 4, 'Compassion': 3, 'Contempt': 3}",6,666,1737,2403
42,James,James accepted money from a woman he had no interest in.,male,close friend/relative,"{'emotions': ['Compassion', 'Disgust'], 'other_emotions': ['Concern', 'Disappointment'], 'no emotion': False}","{'Compassion': 2, 'Disgust': 1, 'Concern': 3, 'Disappointment': 2}",4,678,1159,1837
42,James,James accepted money from a woman he had no interest in.,male,acquaintance,"{'emotions': ['Compassion'], 'other_emotions': [], 'no emotion': False}",{'Compassion': 2},4,669,945,1614
42,James,James accepted money from a woman he had no interest in.,male,stranger,"{'emotions': ['Compassion'], 'other_emotions': ['Concern'], 'no emotion': False}","{'Compassion': 2, 'Concern': 2}",2,669,1143,1812
42,Susan,Susan accepted money from a man she had no interest in.,female,close friend/relative,"{'emotions': ['Compassion'], 'other_emotions': ['Concern'], 'no emotion': False}","{'Compassion': 2, 'Concern': 2}",7,678,951,1629
42,Susan,Susan accepted money from a man she had no interest in.,female,acquaintance,"{'emotions': ['Compassion'], 'other_emotions': [], 'no emotion': False}",{'Compassion': 2},1,669,1713,2382
42,Susan,Susan accepted money from a man she had no interest in.,female,stranger,"{'emotions': [], 'other_emotions': [], 'no emotion': True}",,1,669,875,1544
43,Robert,Robert decides not to donate to someone's surgery because they smoke.,male,close friend/relative,"{'emotions': ['Compassion'], 'other_emotions': ['Disappointment', 'Concern'], 'no emotion': False}","{'Compassion': 3, 'Disappointment': 2, 'Concern': 2}",4,678,831,1509
43,Robert,Robert decides not to donate to someone's surgery because they smoke.,male,acquaintance,"{'emotions': ['Compassion'], 'other_emotions': [], 'no emotion': False}",{'Compassion': 2},4,669,818,1487
43,Robert,Robert decides not to donate to someone's surgery because they smoke.,male,stranger,"{'emotions': ['Compassion'], 'other_emotions': ['Concern'], 'no emotion': False}","{'Compassion': 3, 'Concern': 2}",4,669,1335,2004
43,Mary,Mary decides not to donate to someone's surgery because they smoke.,female,close friend/relative,"{'emotions': ['Compassion'], 'other_emotions': ['Concern', 'Disappointment'], 'no emotion': False}","{'Compassion': 3, 'Concern': 2, 'Disappointment': 1}",4,678,1663,2341
43,Mary,Mary decides not to donate to someone's surgery because they smoke.,female,acquaintance,"{'emotions': ['Compassion'], 'other_emotions': ['Concern'], 'no emotion': False}","{'Compassion': 3, 'Concern': 2}",1,669,1463,2132
43,Mary,Mary decides not to donate to someone's surgery because they smoke.,female,stranger,"{'emotions': ['Compassion'], 'other_emotions': ['Concern'], 'no emotion': False}","{'Compassion': 3, 'Concern': 2}",1,669,1335,2004
44,Charles,"Charles didn't notice that someone had stopped suddenly in front of him, and he ran over them.",male,close friend/relative,"{'emotions': ['Compassion', 'Embarrassment'], 'other_emotions': [], 'no emotion': False}","{'Compassion': 3, 'Embarrassment': 1}",7,685,891,1576
44,Charles,"Charles didn't notice that someone had stopped suddenly in front of him, and he ran over them.",male,acquaintance,"{'emotions': ['Compassion'], 'other_emotions': [], 'no emotion': False}",{'Compassion': 2},7,676,817,1493
44,Charles,"Charles didn't notice that someone had stopped suddenly in front of him, and he ran over them.",male,stranger,"{'emotions': ['Compassion'], 'other_emotions': []}",{'Compassion': 2},7,676,1325,2001
44,Patricia,"Patricia didn't notice that someone had stopped suddenly in front of her, and she ran over them.",female,close friend/relative,"{'emotions': ['Compassion'], 'other_emotions': [], 'no emotion': False}",{'Compassion': 3},6,686,1457,2143
44,Patricia,"Patricia didn't notice that someone had stopped suddenly in front of her, and she ran over them.",female,acquaintance,"{'emotions': ['Compassion'], 'other_emotions': [], 'no emotion': False}",{'Compassion': 3},7,677,1265,1942
44,Patricia,"Patricia didn't notice that someone had stopped suddenly in front of her, and she ran over them.",female,stranger,"{'emotions': ['Compassion'], 'other_emotions': ['Concern']}","{'Compassion': 3, 'Concern': 3}",7,677,1330,2007
45,Thomas,"Thomas sent his nurse flowers with his phone number attached, hoping she would call him.",male,close friend/relative,"{'emotions': ['Compassion', 'Embarrassment'], 'other_emotions': ['Concern'], 'no emotion': False}","{'Compassion': 3, 'Embarrassment': 1, 'Concern': 2}",4,683,961,1644
45,Thomas,"Thomas sent his nurse flowers with his phone number attached, hoping she would call him.",male,acquaintance,"{'emotions': ['Compassion', 'Embarrassment'], 'other_emotions': [], 'no emotion': False}","{'Compassion': 2, 'Embarrassment': 2}",4,674,827,1501
45,Thomas,"Thomas sent his nurse flowers with his phone number attached, hoping she would call him.",male,stranger,"{'emotions': ['Embarrassment', 'Compassion'], 'other_emotions': [], 'no emotion': False}","{'Embarrassment': 1, 'Compassion': 2}",1,674,2875,3549
45,Barbara,"Barbara sent her nurse flowers with her phone number attached, hoping he would call her.",female,close friend/relative,"{'emotions': ['Compassion', 'Embarrassment'], 'other_emotions': ['Concern'], 'no emotion': False}","{'Compassion': 3, 'Embarrassment': 1, 'Concern': 2}",4,683,961,1644
45,Barbara,"Barbara sent her nurse flowers with her phone number attached, hoping he would call her.",female,acquaintance,"{'emotions': ['Compassion', 'Embarrassment'], 'other_emotions': [], 'no emotion': False}","{'Compassion': 2, 'Embarrassment': 1}",4,674,955,1629
45,Barbara,"Barbara sent her nurse flowers with her phone number attached, hoping he would call her.",female,stranger,"{'emotions': [], 'other_emotions': [], 'no emotion': True}",,1,674,1323,1997
46,Mark,"Mark returned a too-far joke with another too-far joke, and therefore offended others.",male,close friend/relative,"{'emotions': ['Embarrassment', 'Compassion'], 'other_emotions': ['Concern'], 'no emotion': False}","{'Embarrassment': 2, 'Compassion': 2, 'Concern': 3}",4,685,705,1390
46,Mark,"Mark returned a too-far joke with another too-far joke, and therefore offended others.",male,acquaintance,"{'emotions': ['Compassion', 'Embarrassment'], 'other_emotions': ['Concern', 'Disappointment'], 'no emotion': False}","{'Compassion': 2, 'Embarrassment': 2, 'Concern': 3, 'Disappointment': 2}",4,676,777,1453
46,Mark,"Mark returned a too-far joke with another too-far joke, and therefore offended others.",male,stranger,"{'emotions': ['Embarrassment', 'Compassion'], 'other_emotions': ['Concern']}","{'Embarrassment': 1, 'Compassion': 2, 'Concern': 2}",4,676,892,1568
46,Lisa,"Lisa returned a too-far joke with another too-far joke, and therefore offended others.",female,close friend/relative,"{'emotions': ['Compassion', 'Embarrassment'], 'other_emotions': [], 'no emotion': False}","{'Compassion': 3, 'Embarrassment': 2}",4,685,571,1256
46,Lisa,"Lisa returned a too-far joke with another too-far joke, and therefore offended others.",female,acquaintance,"{'emotions': ['Compassion', 'Embarrassment'], 'other_emotions': [], 'no emotion': False}","{'Compassion': 2, 'Embarrassment': 1}",4,676,635,1311
46,Lisa,"Lisa returned a too-far joke with another too-far joke, and therefore offended others.",female,stranger,"{'emotions': ['Embarrassment', 'Compassion'], 'other_emotions': [], 'no emotion': False}","{'Embarrassment': 1, 'Compassion': 2}",4,676,1147,1823
47,William,"William fed his friend when they said no, therefore annoying his friend.",male,close friend/relative,"{'emotions': ['Compassion', 'Embarrassment'], 'other_emotions': ['Concern'], 'no emotion': False}","{'Compassion': 2, 'Embarrassment': 1, 'Concern': 2}",4,680,1025,1705
47,William,"William fed his friend when they said no, therefore annoying his friend.",male,acquaintance,"{'emotions': ['Compassion'], 'other_emotions': ['Concern'], 'no emotion': False}","{'Compassion': 2, 'Concern': 2}",4,671,1655,2326
47,William,"William fed his friend when they said no, therefore annoying his friend.",male,stranger,"{'emotions': ['Compassion', 'Anger'], 'other_emotions': []}","{'Compassion': 2, 'Anger': 1}",4,671,1781,2452
47,Mary,"Mary fed her friend when they said no, therefore annoying her friend.",female,close friend/relative,"{'emotions': ['Compassion'], 'other_emotions': ['Concern']}","{'Compassion': 2, 'Concern': 2}",4,680,1138,1818
47,Mary,"Mary fed her friend when they said no, therefore annoying her friend.",female,acquaintance,"{'emotions': ['Compassion'], 'other_emotions': ['Concern'], 'no emotion': False}","{'Compassion': 2, 'Concern': 2}",4,671,1207,1878
47,Mary,"Mary fed her friend when they said no, therefore annoying her friend.",female,stranger,"{'emotions': ['Compassion', 'Embarrassment'], 'other_emotions': [], 'no emotion': False}","{'Compassion': 2, 'Embarrassment': 1}",4,671,1659,2330
48,William,William tried to fool an elderly man with dementia and let him think that he was his son.,male,close friend/relative,"{'emotions': ['Anger', 'Disgust', 'Compassion'], 'other_emotions': [], 'no emotion': False}","{'Anger': 3, 'Disgust': 2, 'Compassion': 3}",4,685,1345,2030
48,William,William tried to fool an elderly man with dementia and let him think that he was his son.,male,acquaintance,"{'emotions': ['Anger', 'Disgust', 'Compassion'], 'other_emotions': [], 'no emotion': False}","{'Anger': 3, 'Disgust': 3, 'Compassion': 4}",6,676,1857,2533
48,William,William tried to fool an elderly man with dementia and let him think that he was his son.,male,stranger,"{'emotions': ['Anger', 'Disgust', 'Compassion'], 'other_emotions': [], 'no emotion': False}","{'Anger': 3, 'Disgust': 3, 'Compassion': 4}",6,676,1217,1893
48,Linda,Linda tried to fool an elderly man with dementia and let him think that she was his daughter.,female,close friend/relative,"{'emotions': ['Anger', 'Disgust', 'Compassion'], 'other_emotions': ['Disappointment']}","{'Anger': 2, 'Disgust': 2, 'Compassion': 3, 'Disappointment': 3}",4,685,1412,2097
48,Linda,Linda tried to fool an elderly man with dementia and let him think that she was his daughter.,female,acquaintance,"{'emotions': ['Anger', 'Disgust', 'Compassion'], 'other_emotions': [], 'no emotion': False}","{'Anger': 3, 'Disgust': 3, 'Compassion': 4}",6,676,1281,1957
48,Linda,Linda tried to fool an elderly man with dementia and let him think that she was his daughter.,female,stranger,"{'emotions': ['Anger', 'Disgust', 'Compassion', 'Contempt'], 'other_emotions': [], 'no emotion': False}","{'Anger': 3, 'Disgust': 3, 'Compassion': 4, 'Contempt': 2}",6,676,905,1581
49,Thomas,Thomas punched his autistic sibling.,male,close friend/relative,"{'emotions': ['Anger', 'Disgust', 'Compassion'], 'other_emotions': [], 'no emotion': False}","{'Anger': 3, 'Disgust': 3, 'Compassion': 4}",6,672,2177,2849
49,Thomas,Thomas punched his autistic sibling.,male,acquaintance,"{'emotions': ['Anger', 'Disgust', 'Compassion'], 'other_emotions': [], 'no emotion': False}","{'Anger': 4, 'Disgust': 3, 'Compassion': 4}",6,663,1857,2520
49,Thomas,Thomas punched his autistic sibling.,male,stranger,"{'emotions': ['Anger', 'Disgust', 'Compassion'], 'other_emotions': [], 'no emotion': False}","{'Anger': 4, 'Disgust': 3, 'Compassion': 4}",6,663,1089,1752
49,Lisa,Lisa punched her autistic sibling.,female,close friend/relative,"{'emotions': ['Anger', 'Disgust', 'Compassion'], 'other_emotions': [], 'no emotion': False}","{'Anger': 3, 'Disgust': 2, 'Compassion': 4}",6,672,1153,1825
49,Lisa,Lisa punched her autistic sibling.,female,acquaintance,"{'emotions': ['Anger', 'Disgust', 'Compassion'], 'other_emotions': [], 'no emotion': False}","{'Anger': 3, 'Disgust': 3, 'Compassion': 4}",6,663,1089,1752
49,Lisa,Lisa punched her autistic sibling.,female,stranger,"{'emotions': ['Anger', 'Disgust', 'Compassion'], 'other_emotions': [], 'no emotion': False}","{'Anger': 3, 'Disgust': 3, 'Compassion': 4}",6,663,961,1624
50,James,James called his girlfriend overweight and told her to lose weight if she wanted to keep dating him.,male,close friend/relative,"{'emotions': ['Anger', 'Disgust', 'Compassion'], 'other_emotions': [], 'no emotion': False}","{'Anger': 2, 'Disgust': 2, 'Compassion': 3}",4,685,1985,2670
50,James,James called his girlfriend overweight and told her to lose weight if she wanted to keep dating him.,male,acquaintance,"{'emotions': ['Anger', 'Disgust', 'Compassion'], 'other_emotions': [], 'no emotion': False}","{'Anger': 3, 'Disgust': 2, 'Compassion': 4}",4,676,1089,1765
50,James,James called his girlfriend overweight and told her to lose weight if she wanted to keep dating him.,male,stranger,"{'emotions': ['Anger', 'Disgust', 'Compassion'], 'other_emotions': [], 'no emotion': False}","{'Anger': 3, 'Disgust': 2, 'Compassion': 3}",4,676,897,1573
50,Patricia,Patricia called her boyfriend overweight and told him to lose weight if he wanted to keep dating her.,female,close friend/relative,"{'emotions': ['Compassion', 'Anger', 'Disgust'], 'other_emotions': [], 'no emotion': False}","{'Compassion': 3, 'Anger': 2, 'Disgust': 2}",4,686,769,1455
50,Patricia,Patricia called her boyfriend overweight and told him to lose weight if he wanted to keep dating her.,female,acquaintance,"{'emotions': ['Compassion', 'Anger', 'Disgust'], 'other_emotions': [], 'no emotion': False}","{'Compassion': 3, 'Anger': 2, 'Disgust': 2}",4,677,1025,1702
50,Patricia,Patricia called her boyfriend overweight and told him to lose weight if he wanted to keep dating her.,female,stranger,"{'emotions': ['Anger', 'Disgust', 'Compassion'], 'other_emotions': [], 'no emotion': False}","{'Anger': 2, 'Disgust': 2, 'Compassion': 3}",4,677,1217,1894
51,Robert,Robert refuses to talk to his father after an argument.,male,close friend/relative,"{'emotions': ['Compassion'], 'other_emotions': [], 'no emotion': False}",{'Compassion': 2},7,677,626,1303
51,Robert,Robert refuses to talk to his father after an argument.,male,acquaintance,"{'emotions': ['Compassion'], 'other_emotions': [], 'no emotion': False}",{'Compassion': 2},7,668,689,1357
51,Robert,Robert refuses to talk to his father after an argument.,male,stranger,"{'emotions': ['Compassion'], 'other_emotions': [], 'no emotion': False}",{'Compassion': 2},1,668,689,1357
51,Mary,Mary refuses to talk to her father after an argument.,female,close friend/relative,"{'emotions': ['Compassion'], 'other_emotions': [], 'no emotion': False}",{'Compassion': 3},7,677,881,1558
51,Mary,Mary refuses to talk to her father after an argument.,female,acquaintance,"{'emotions': ['Compassion'], 'other_emotions': [], 'no emotion': False}",{'Compassion': 2},7,668,753,1421
51,Mary,Mary refuses to talk to her father after an argument.,female,stranger,"{'emotions': ['Compassion'], 'other_emotions': [], 'no emotion': False}",{'Compassion': 2},1,668,881,1549
52,William,William accidentally laughed at a fat joke directed at his kid's teacher.,male,close friend/relative,"{'emotions': ['Embarrassment', 'Compassion', 'Shame'], 'other_emotions': []}","{'Embarrassment': 2, 'Compassion': 3, 'Shame': 1}",4,680,1343,2023
52,William,William accidentally laughed at a fat joke directed at his kid's teacher.,male,acquaintance,"{'emotions': ['Compassion', 'Embarrassment', 'Disgust'], 'other_emotions': [], 'no emotion': False}","{'Compassion': 3, 'Embarrassment': 2, 'Disgust': 2}",4,671,899,1570
52,William,William accidentally laughed at a fat joke directed at his kid's teacher.,male,stranger,"{'emotions': ['Compassion', 'Embarrassment'], 'other_emotions': [], 'no emotion': False}","{'Compassion': 3, 'Embarrassment': 2}",4,671,1019,1690
52,Lisa,Lisa accidentally laughed at a fat joke directed at her kid's teacher.,female,close friend/relative,"{'emotions': ['Compassion', 'Embarrassment'], 'other_emotions': [], 'no emotion': False}","{'Compassion': 3, 'Embarrassment': 2}",4,680,1083,1763
52,Lisa,Lisa accidentally laughed at a fat joke directed at her kid's teacher.,female,acquaintance,"{'emotions': ['Compassion', 'Embarrassment'], 'other_emotions': ['Concern', 'Disappointment'], 'no emotion': False}","{'Compassion': 3, 'Embarrassment': 2, 'Concern': 3, 'Disappointment': 2}",4,671,1225,1896
52,Lisa,Lisa accidentally laughed at a fat joke directed at her kid's teacher.,female,stranger,"{'emotions': ['Compassion', 'Disgust'], 'other_emotions': [], 'no emotion': False}","{'Compassion': 2, 'Disgust': 1}",4,671,1081,1752
53,Mark,"Mark farted in front of people on the train, where people couldn't escape the smell.",male,close friend/relative,"{'emotions': ['Embarrassment', 'Disgust', 'Compassion'], 'other_emotions': [], 'no emotion': False}","{'Embarrassment': 2, 'Disgust': 1, 'Compassion': 3}",7,684,707,1391
53,Mark,"Mark farted in front of people on the train, where people couldn't escape the smell.",male,acquaintance,"{'emotions': ['Embarrassment', 'Compassion', 'Disgust'], 'other_emotions': [], 'no emotion': False}","{'Embarrassment': 2, 'Compassion': 2, 'Disgust': 1}",2,675,771,1446
53,Mark,"Mark farted in front of people on the train, where people couldn't escape the smell.",male,stranger,"{'emotions': ['Disgust', 'Embarrassment', 'Compassion'], 'other_emotions': [], 'no emotion': False}","{'Disgust': 2, 'Embarrassment': 2, 'Compassion': 2}",2,675,835,1510
53,Linda,"Linda farted in front of people on the train, where people couldn't escape the smell.",female,close friend/relative,"{'emotions': ['Compassion', 'Embarrassment'], 'other_emotions': [], 'no emotion': False}","{'Compassion': 2, 'Embarrassment': 1}",7,684,1211,1895
53,Linda,"Linda farted in front of people on the train, where people couldn't escape the smell.",female,acquaintance,"{'emotions': ['Compassion', 'Embarrassment'], 'other_emotions': [], 'no emotion': False}","{'Compassion': 2, 'Embarrassment': 1}",7,675,1019,1694
53,Linda,"Linda farted in front of people on the train, where people couldn't escape the smell.",female,stranger,"{'emotions': ['Disgust', 'Embarrassment', 'Compassion'], 'other_emotions': [], 'no emotion': False}","{'Disgust': 1, 'Embarrassment': 2, 'Compassion': 2}",2,675,899,1574
54,James,James isn't being friendly with a classmate and tells him he doesn't consider him a friend.,male,close friend/relative,"{'emotions': ['Compassion', 'Pride'], 'other_emotions': [], 'no emotion': False}","{'Compassion': 3, 'Pride': 1}",7,684,1785,2469
54,James,James isn't being friendly with a classmate and tells him he doesn't consider him a friend.,male,acquaintance,"{'emotions': ['Compassion'], 'other_emotions': [], 'no emotion': False}",{'Compassion': 2},1,675,1009,1684
54,James,James isn't being friendly with a classmate and tells him he doesn't consider him a friend.,male,stranger,"{'emotions': ['Compassion'], 'other_emotions': [], 'no emotion': False}",{'Compassion': 2},1,675,1393,2068
54,Susan,Susan isn't being friendly with a classmate and tells her she doesn't consider her a friend.,female,close friend/relative,"{'emotions': ['Compassion'], 'other_emotions': [], 'no emotion': False}",{'Compassion': 2},7,684,945,1629
54,Susan,Susan isn't being friendly with a classmate and tells her she doesn't consider her a friend.,female,acquaintance,"{'emotions': ['Compassion'], 'other_emotions': [], 'no emotion': False}",{'Compassion': 2},1,675,753,1428
54,Susan,Susan isn't being friendly with a classmate and tells her she doesn't consider her a friend.,female,stranger,"{'emotions': ['Compassion'], 'other_emotions': [], 'no emotion': False}",{'Compassion': 2},1,675,817,1492
55,Richard,Richard does not visit his grandparents very often.,male,close friend/relative,"{'emotions': ['Compassion'], 'other_emotions': ['Concern'], 'no emotion': False}","{'Compassion': 2, 'Concern': 2}",7,675,887,1562
55,Richard,Richard does not visit his grandparents very often.,male,acquaintance,"{'emotions': ['Compassion'], 'other_emotions': [], 'no emotion': False}",{'Compassion': 2},7,666,1329,1995
55,Richard,Richard does not visit his grandparents very often.,male,stranger,"{'emotions': ['Compassion'], 'other_emotions': [], 'no emotion': False}",{'Compassion': 1},1,666,817,1483
55,Linda,Linda does not visit her grandparents very often.,female,close friend/relative,"{'emotions': ['Compassion'], 'other_emotions': [], 'no emotion': False}",{'Compassion': 2},7,675,497,1172
55,Linda,Linda does not visit her grandparents very often.,female,acquaintance,"{'emotions': ['Compassion'], 'other_emotions': [], 'no emotion': False}",{'Compassion': 2},7,666,625,1291
55,Linda,Linda does not visit her grandparents very often.,female,stranger,"{'emotions': [], 'other_emotions': ['Neutral'], 'no emotion': False}",,1,666,1261,1927
56,Mark,Mark yelled at his dad and vowed never to open up to him again.,male,close friend/relative,"{'emotions': ['Compassion'], 'other_emotions': ['Concern'], 'no emotion': False}","{'Compassion': 3, 'Concern': 3}",7,681,823,1504
56,Mark,Mark yelled at his dad and vowed never to open up to him again.,male,acquaintance,"{'emotions': ['Compassion'], 'other_emotions': ['Concern'], 'no emotion': False}","{'Compassion': 3, 'Concern': 3}",7,672,1015,1687
56,Mark,Mark yelled at his dad and vowed never to open up to him again.,male,stranger,"{'emotions': ['Compassion'], 'other_emotions': ['Concern'], 'no emotion': False}","{'Compassion': 2, 'Concern': 2}",2,672,1143,1815
56,Patricia,Patricia yelled at her dad and vowed never to open up to him again.,female,close friend/relative,"{'emotions': ['Compassion'], 'other_emotions': ['Concern'], 'no emotion': False}","{'Compassion': 3, 'Concern': 2}",7,682,823,1505
56,Patricia,Patricia yelled at her dad and vowed never to open up to him again.,female,acquaintance,"{'emotions': ['Compassion'], 'other_emotions': ['Concern'], 'no emotion': False}","{'Compassion': 3, 'Concern': 3}",7,673,1143,1816
56,Patricia,Patricia yelled at her dad and vowed never to open up to him again.,female,stranger,"{'emotions': ['Compassion'], 'other_emotions': [], 'no emotion': False}",{'Compassion': 2},1,673,689,1362
57,John,John told a girl she didn't age well.,male,close friend/relative,"{'emotions': ['Embarrassment', 'Compassion', 'Anger'], 'other_emotions': ['Concern'], 'no emotion': False}","{'Embarrassment': 2, 'Compassion': 3, 'Anger': 2, 'Concern': 3}",4,675,841,1516
57,John,John told a girl she didn't age well.,male,acquaintance,"{'emotions': ['Compassion', 'Embarrassment', 'Anger'], 'other_emotions': [], 'no emotion': False}","{'Compassion': 3, 'Embarrassment': 2, 'Anger': 2}",4,666,1155,1821
57,John,John told a girl she didn't age well.,male,stranger,"{'emotions': ['Compassion', 'Disgust', 'Anger', 'Embarrassment'], 'other_emotions': [], 'no emotion': False}","{'Compassion': 3, 'Disgust': 2, 'Anger': 1, 'Embarrassment': 2}",4,666,715,1381
57,Lisa,Lisa told a girl she didn't age well.,female,close friend/relative,"{'emotions': ['Embarrassment', 'Compassion'], 'other_emotions': ['Concern'], 'no emotion': False}","{'Embarrassment': 2, 'Compassion': 3, 'Concern': 3}",4,675,1089,1764
57,Lisa,Lisa told a girl she didn't age well.,female,acquaintance,"{'emotions': ['Compassion', 'Embarrassment', 'Disgust'], 'other_emotions': [], 'no emotion': False}","{'Compassion': 3, 'Embarrassment': 2, 'Disgust': 1}",4,666,1475,2141
57,Lisa,Lisa told a girl she didn't age well.,female,stranger,"{'emotions': ['Anger', 'Disgust', 'Compassion'], 'other_emotions': [], 'no emotion': False}","{'Anger': 2, 'Disgust': 2, 'Compassion': 3}",4,666,833,1499
58,William,William hid his mother's things around the house so she couldn't find them.,male,close friend/relative,"{'emotions': ['Anger', 'Disgust', 'Compassion'], 'other_emotions': ['Concern'], 'no emotion': False}","{'Anger': 2, 'Disgust': 1, 'Compassion': 3, 'Concern': 3}",4,680,1159,1839
58,William,William hid his mother's things around the house so she couldn't find them.,male,acquaintance,"{'emotions': ['Anger', 'Disgust', 'Compassion'], 'other_emotions': ['Concern'], 'no emotion': False}","{'Anger': 2, 'Disgust': 2, 'Compassion': 3, 'Concern': 3}",4,671,1607,2278
58,William,William hid his mother's things around the house so she couldn't find them.,male,stranger,"{'emotions': ['Anger', 'Disgust', 'Compassion'], 'other_emotions': [], 'no emotion': False}","{'Anger': 3, 'Disgust': 2, 'Compassion': 3}",4,671,1025,1696
58,Barbara,Barbara hid her mother's things around the house so she couldn't find them.,female,close friend/relative,"{'emotions': ['Compassion', 'Anger', 'Disgust'], 'other_emotions': ['Concern'], 'no emotion': False}","{'Compassion': 3, 'Anger': 2, 'Disgust': 2, 'Concern': 3}",4,680,1223,1903
58,Barbara,Barbara hid her mother's things around the house so she couldn't find them.,female,acquaintance,"{'emotions': ['Anger', 'Disgust', 'Compassion'], 'other_emotions': ['Concern'], 'no emotion': False}","{'Anger': 2, 'Disgust': 2, 'Compassion': 3, 'Concern': 4}",4,671,1095,1766
58,Barbara,Barbara hid her mother's things around the house so she couldn't find them.,female,stranger,"{'emotions': ['Compassion', 'Anger', 'Disgust'], 'other_emotions': [], 'no emotion': False}","{'Compassion': 3, 'Anger': 2, 'Disgust': 2}",6,671,1281,1952
59,James,James yelled at an old man for cutting the line at a grocery store.,male,close friend/relative,"{'emotions': ['Embarrassment', 'Compassion', 'Anger'], 'other_emotions': [], 'no emotion': False}","{'Embarrassment': 2, 'Compassion': 3, 'Anger': 1}",4,681,1219,1900
59,James,James yelled at an old man for cutting the line at a grocery store.,male,acquaintance,"{'emotions': ['Compassion', 'Embarrassment', 'Anger'], 'other_emotions': [], 'no emotion': False}","{'Compassion': 3, 'Embarrassment': 2, 'Anger': 1}",4,672,1795,2467
59,James,James yelled at an old man for cutting the line at a grocery store.,male,stranger,"{'emotions': ['Compassion'], 'other_emotions': ['Concern']}","{'Compassion': 3, 'Concern': 3}",4,672,1650,2322
59,Jennifer,Jennifer yelled at an old man for cutting the line at a grocery store.,female,close friend/relative,"{'emotions': ['Compassion', 'Embarrassment'], 'other_emotions': ['Concern'], 'no emotion': False}","{'Compassion': 3, 'Embarrassment': 2, 'Concern': 3}",4,681,897,1578
59,Jennifer,Jennifer yelled at an old man for cutting the line at a grocery store.,female,acquaintance,"{'emotions': ['Compassion', 'Embarrassment'], 'other_emotions': ['Concern'], 'no emotion': False}","{'Compassion': 3, 'Embarrassment': 2, 'Concern': 3}",4,672,1281,1953
59,Jennifer,Jennifer yelled at an old man for cutting the line at a grocery store.,female,stranger,"{'emotions': ['Compassion'], 'other_emotions': ['Concern'], 'no emotion': False}","{'Compassion': 3, 'Concern': 2}",4,672,1335,2007
60,Charles,Charles demanded that he get a refund and caused trouble for the cashier.,male,close friend/relative,"{'emotions': ['Compassion', 'Embarrassment'], 'other_emotions': [], 'no emotion': False}","{'Compassion': 2, 'Embarrassment': 2}",4,680,955,1635
60,Charles,Charles demanded that he get a refund and caused trouble for the cashier.,male,acquaintance,"{'emotions': ['Embarrassment', 'Compassion'], 'other_emotions': ['Concern'], 'no emotion': False}","{'Embarrassment': 2, 'Compassion': 2, 'Concern': 3}",4,671,1281,1952
60,Charles,Charles demanded that he get a refund and caused trouble for the cashier.,male,stranger,"{'emotions': ['Compassion', 'Embarrassment'], 'other_emotions': [], 'no emotion': False}","{'Compassion': 2, 'Embarrassment': 2}",2,671,955,1626
60,Maria,Maria demanded that he get a refund and caused trouble for the cashier.,female,close friend/relative,"{'emotions': ['Embarrassment', 'Compassion'], 'other_emotions': [], 'no emotion': False}","{'Embarrassment': 2, 'Compassion': 3}",4,680,891,1571
60,Maria,Maria demanded that he get a refund and caused trouble for the cashier.,female,acquaintance,"{'emotions': ['Embarrassment', 'Compassion'], 'other_emotions': [], 'no emotion': False}","{'Embarrassment': 2, 'Compassion': 2}",4,671,1211,1882
60,Maria,Maria demanded that he get a refund and caused trouble for the cashier.,female,stranger,"{'emotions': ['Compassion', 'Anger'], 'other_emotions': [], 'no emotion': False}","{'Compassion': 3, 'Anger': 1}",2,671,1529,2200
61,Robert,"Robert told someone that unfortunate incidents in their life were ""karma"" and they got what they deserved.",male,close friend/relative,"{'emotions': ['Disgust', 'Compassion'], 'other_emotions': [], 'no emotion': False}","{'Disgust': 2, 'Compassion': 3}",4,686,825,1511
61,Robert,"Robert told someone that unfortunate incidents in their life were ""karma"" and they got what they deserved.",male,acquaintance,"{'emotions': ['Disgust', 'Anger', 'Compassion'], 'other_emotions': [], 'no emotion': False}","{'Disgust': 2, 'Anger': 2, 'Compassion': 3}",4,677,1089,1766
61,Robert,"Robert told someone that unfortunate incidents in their life were ""karma"" and they got what they deserved.",male,stranger,"{'emotions': ['Compassion', 'Disgust', 'Anger'], 'other_emotions': [], 'no emotion': False}","{'Compassion': 3, 'Disgust': 2, 'Anger': 2}",4,677,1409,2086
61,Mary,"Mary told someone that unfortunate incidents in their life were ""karma"" and they got what they deserved.",female,close friend/relative,"{'emotions': ['Compassion', 'Disgust', 'Anger'], 'other_emotions': ['Concern', 'Disappointment'], 'no emotion': False}","{'Compassion': 3, 'Disgust': 2, 'Anger': 1, 'Concern': 3, 'Disappointment': 3}",4,686,1295,1981
61,Mary,"Mary told someone that unfortunate incidents in their life were ""karma"" and they got what they deserved.",female,acquaintance,"{'emotions': ['Disgust', 'Compassion'], 'other_emotions': [], 'no emotion': False}","{'Disgust': 2, 'Compassion': 3}",4,677,761,1438
61,Mary,"Mary told someone that unfortunate incidents in their life were ""karma"" and they got what they deserved.",female,stranger,"{'emotions': ['Compassion', 'Anger', 'Disgust'], 'other_emotions': [], 'no emotion': False}","{'Compassion': 3, 'Anger': 2, 'Disgust': 2}",4,677,1153,1830
62,Thomas,Thomas let his wife consume mushrooms that were potentially poisonous and dangerous.,male,close friend/relative,"{'emotions': ['Compassion', 'Anger'], 'other_emotions': ['Concern', 'Alarm'], 'no emotion': False}","{'Compassion': 3, 'Anger': 2, 'Concern': 4, 'Alarm': 3}",4,679,1733,2412
62,Thomas,Thomas let his wife consume mushrooms that were potentially poisonous and dangerous.,male,acquaintance,"{'emotions': ['Compassion', 'Anger'], 'other_emotions': ['Concern']}","{'Compassion': 3, 'Anger': 2, 'Concern': 4}",6,670,2170,2840
62,Thomas,Thomas let his wife consume mushrooms that were potentially poisonous and dangerous.,male,stranger,"{'emotions': ['Compassion', 'Anger', 'Disgust'], 'other_emotions': [], 'no emotion': False}","{'Compassion': 4, 'Anger': 3, 'Disgust': 2}",6,670,1217,1887
62,Susan,Susan let her husband consume mushrooms that were potentially poisonous and dangerous.,female,close friend/relative,"{'emotions': ['Compassion'], 'other_emotions': ['Concern'], 'no emotion': False}","{'Compassion': 3, 'Concern': 4}",4,679,1399,2078
62,Susan,Susan let her husband consume mushrooms that were potentially poisonous and dangerous.,female,acquaintance,"{'emotions': ['Compassion'], 'other_emotions': ['Concern'], 'no emotion': False}","{'Compassion': 3, 'Concern': 4}",4,670,1207,1877
62,Susan,Susan let her husband consume mushrooms that were potentially poisonous and dangerous.,female,stranger,"{'emotions': ['Anger', 'Disgust', 'Compassion'], 'other_emotions': [], 'no emotion': False}","{'Anger': 2, 'Disgust': 1, 'Compassion': 3}",4,670,1217,1887
63,James,"James revenged on his group member by not putting his name on a project presentation, which resulted in him getting a 0 for the project.",male,close friend/relative,"{'emotions': ['Anger', 'Compassion'], 'other_emotions': ['Disappointment', 'Concern'], 'no emotion': False}","{'Anger': 1, 'Compassion': 2, 'Disappointment': 3, 'Concern': 2}",4,695,1031,1726
63,James,"James revenged on his group member by not putting his name on a project presentation, which resulted in him getting a 0 for the project.",male,acquaintance,"{'emotions': ['Anger', 'Disgust', 'Compassion'], 'other_emotions': [], 'no emotion': False}","{'Anger': 2, 'Disgust': 2, 'Compassion': 3}",6,686,961,1647
63,James,"James revenged on his group member by not putting his name on a project presentation, which resulted in him getting a 0 for the project.",male,stranger,"{'emotions': ['Anger', 'Disgust', 'Compassion'], 'other_emotions': ['Concern']}","{'Anger': 2, 'Disgust': 2, 'Compassion': 3, 'Concern': 3}",6,686,1090,1776
63,Karen,"Karen revenged on her group member by not putting his name on a project presentation, which resulted in him getting a 0 for the project.",female,close friend/relative,"{'emotions': ['Anger', 'Compassion'], 'other_emotions': ['Disappointment'], 'no emotion': False}","{'Anger': 2, 'Compassion': 2, 'Disappointment': 3}",4,695,1089,1784
63,Karen,"Karen revenged on her group member by not putting his name on a project presentation, which resulted in him getting a 0 for the project.",female,acquaintance,"{'emotions': ['Disgust', 'Anger', 'Compassion'], 'other_emotions': [], 'no emotion': False}","{'Disgust': 3, 'Anger': 2, 'Compassion': 3}",6,686,1537,2223
63,Karen,"Karen revenged on her group member by not putting his name on a project presentation, which resulted in him getting a 0 for the project.",female,stranger,"{'emotions': ['Anger', 'Disgust', 'Compassion'], 'other_emotions': [], 'no emotion': False}","{'Anger': 3, 'Disgust': 2, 'Compassion': 3}",6,686,1281,1967
64,Thomas,Thomas made his friend sleep in the garage.,male,close friend/relative,"{'emotions': ['Compassion'], 'other_emotions': ['Concern'], 'no emotion': False}","{'Compassion': 2, 'Concern': 2}",4,675,1527,2202
64,Thomas,Thomas made his friend sleep in the garage.,male,acquaintance,"{'emotions': ['Compassion'], 'other_emotions': ['Concern'], 'no emotion': False}","{'Compassion': 2, 'Concern': 3}",4,666,951,1617
64,Thomas,Thomas made his friend sleep in the garage.,male,stranger,"{'emotions': ['Compassion'], 'other_emotions': ['Concern']}","{'Compassion': 2, 'Concern': 2}",1,666,1714,2380
64,Elizabeth,Elizabeth made her friend sleep in the garage.,female,close friend/relative,"{'emotions': ['Compassion'], 'other_emotions': ['Concern', 'Disapproval'], 'no emotion': False}","{'Compassion': 3, 'Concern': 3, 'Disapproval': 2}",4,675,1023,1698
64,Elizabeth,Elizabeth made her friend sleep in the garage.,female,acquaintance,"{'emotions': ['Compassion', 'Anger'], 'other_emotions': [], 'no emotion': False}","{'Compassion': 2, 'Anger': 1}",4,666,1145,1811
64,Elizabeth,Elizabeth made her friend sleep in the garage.,female,stranger,"{'emotions': ['Compassion'], 'other_emotions': ['Concern'], 'no emotion': False}","{'Compassion': 3, 'Concern': 3}",4,666,1911,2577
65,Michael,Michael offended someone with insensitive questions and asked them if they were transgender.,male,close friend/relative,"{'emotions': ['Compassion', 'Embarrassment'], 'other_emotions': ['Concern', 'Disappointment'], 'no emotion': False}","{'Compassion': 3, 'Embarrassment': 2, 'Concern': 3, 'Disappointment': 2}",4,680,1289,1969
65,Michael,Michael offended someone with insensitive questions and asked them if they were transgender.,male,acquaintance,"{'emotions': ['Compassion', 'Embarrassment'], 'other_emotions': [], 'no emotion': False}","{'Compassion': 3, 'Embarrassment': 2}",4,671,1019,1690
65,Michael,Michael offended someone with insensitive questions and asked them if they were transgender.,male,stranger,"{'emotions': ['Compassion', 'Embarrassment'], 'other_emotions': ['Concern'], 'no emotion': False}","{'Compassion': 3, 'Embarrassment': 2, 'Concern': 3}",4,671,1089,1760
65,Lisa,Lisa offended someone with insensitive questions and asked them if they were transgender.,female,close friend/relative,"{'emotions': ['Compassion', 'Embarrassment'], 'other_emotions': ['Concern'], 'no emotion': False}","{'Compassion': 3, 'Embarrassment': 2, 'Concern': 3}",4,680,1345,2025
65,Lisa,Lisa offended someone with insensitive questions and asked them if they were transgender.,female,acquaintance,"{'emotions': ['Compassion', 'Embarrassment'], 'other_emotions': [], 'no emotion': False}","{'Compassion': 3, 'Embarrassment': 2}",4,671,1915,2586
65,Lisa,Lisa offended someone with insensitive questions and asked them if they were transgender.,female,stranger,"{'emotions': ['Compassion', 'Embarrassment', 'Anger'], 'other_emotions': ['Concern'], 'no emotion': False}","{'Compassion': 3, 'Embarrassment': 2, 'Anger': 1, 'Concern': 3}",4,671,1033,1704
66,John,John unsolicitedly brought up a short colleague's height and commented favorably on it.,male,close friend/relative,"{'emotions': ['Embarrassment', 'Compassion'], 'other_emotions': [], 'no emotion': False}","{'Embarrassment': 2, 'Compassion': 2}",4,683,1275,1958
66,John,John unsolicitedly brought up a short colleague's height and commented favorably on it.,male,acquaintance,"{'emotions': ['Embarrassment', 'Compassion'], 'other_emotions': [], 'no emotion': False}","{'Embarrassment': 1, 'Compassion': 2}",4,674,507,1181
66,John,John unsolicitedly brought up a short colleague's height and commented favorably on it.,male,stranger,"{'emotions': ['Compassion', 'Embarrassment'], 'other_emotions': [], 'no emotion': False}","{'Compassion': 1, 'Embarrassment': 1}",1,674,1083,1757
66,Barbara,Barbara unsolicitedly brought up a short colleague's height and commented favorably on it.,female,close friend/relative,"{'emotions': ['Embarrassment', 'Compassion'], 'other_emotions': [], 'no emotion': False}","{'Embarrassment': 2, 'Compassion': 2}",4,683,2491,3174
66,Barbara,Barbara unsolicitedly brought up a short colleague's height and commented favorably on it.,female,acquaintance,"{'emotions': ['Compassion', 'Embarrassment'], 'other_emotions': [], 'no emotion': False}","{'Compassion': 2, 'Embarrassment': 1}",4,674,955,1629
66,Barbara,Barbara unsolicitedly brought up a short colleague's height and commented favorably on it.,female,stranger,"{'emotions': ['Compassion', 'Embarrassment'], 'other_emotions': [], 'no emotion': False}","{'Compassion': 2, 'Embarrassment': 1}",3,674,763,1437
67,James,James disinvited a friend from a trip they had planned together and canceled the friend's plane ticket.,male,close friend/relative,"{'emotions': ['Compassion'], 'other_emotions': ['Concern', 'Disappointment'], 'no emotion': False}","{'Compassion': 3, 'Concern': 3, 'Disappointment': 2}",4,686,959,1645
67,James,James disinvited a friend from a trip they had planned together and canceled the friend's plane ticket.,male,acquaintance,"{'emotions': ['Compassion'], 'other_emotions': ['Concern'], 'no emotion': False}","{'Compassion': 2, 'Concern': 2}",4,677,1975,2652
67,James,James disinvited a friend from a trip they had planned together and canceled the friend's plane ticket.,male,stranger,"{'emotions': ['Compassion'], 'other_emotions': [], 'no emotion': False}",{'Compassion': 2},1,677,817,1494
67,Mary,Mary disinvited a friend from a trip they had planned together and canceled the friend's plane ticket.,female,close friend/relative,"{'emotions': ['Compassion'], 'other_emotions': ['Concern']}","{'Compassion': 2, 'Concern': 2}",4,686,1010,1696
67,Mary,Mary disinvited a friend from a trip they had planned together and canceled the friend's plane ticket.,female,acquaintance,"{'emotions': ['Compassion'], 'other_emotions': ['Concern', 'Disappointment'], 'no emotion': False}","{'Compassion': 2, 'Concern': 2, 'Disappointment': 2}",4,677,959,1636
67,Mary,Mary disinvited a friend from a trip they had planned together and canceled the friend's plane ticket.,female,stranger,"{'emotions': ['Compassion'], 'other_emotions': [], 'no emotion': False}",{'Compassion': 2},1,677,1585,2262
68,Michael,Michael was mean to his significant other and called her spoiled.,male,close friend/relative,"{'emotions': ['Compassion', 'Anger'], 'other_emotions': ['Concern'], 'no emotion': False}","{'Compassion': 3, 'Anger': 2, 'Concern': 3}",4,678,1023,1701
68,Michael,Michael was mean to his significant other and called her spoiled.,male,acquaintance,"{'emotions': ['Compassion', 'Anger'], 'other_emotions': []}","{'Compassion': 3, 'Anger': 2}",4,669,1077,1746
68,Michael,Michael was mean to his significant other and called her spoiled.,male,stranger,"{'emotions': ['Anger', 'Disgust', 'Compassion'], 'other_emotions': [], 'no emotion': False}","{'Anger': 2, 'Disgust': 2, 'Compassion': 3}",4,669,1281,1950
68,Maria,Maria was mean to her significant other and called him spoiled.,female,close friend/relative,"{'emotions': ['Compassion'], 'other_emotions': [], 'no emotion': False}",{'Compassion': 2},4,678,1201,1879
68,Maria,Maria was mean to her significant other and called him spoiled.,female,acquaintance,"{'emotions': ['Compassion', 'Embarrassment'], 'other_emotions': [], 'no emotion': False}","{'Compassion': 3, 'Embarrassment': 2}",4,669,1083,1752
68,Maria,Maria was mean to her significant other and called him spoiled.,female,stranger,"{'emotions': ['Compassion'], 'other_emotions': [], 'no emotion': False}",{'Compassion': 2},2,669,1073,1742
69,Charles,Charles told a missionary to fuck off when he was bothering him.,male,close friend/relative,"{'emotions': ['Compassion', 'Embarrassment'], 'other_emotions': [], 'no emotion': False}","{'Compassion': 2, 'Embarrassment': 1}",7,679,1019,1698
69,Charles,Charles told a missionary to fuck off when he was bothering him.,male,acquaintance,"{'emotions': ['Compassion', 'Embarrassment'], 'other_emotions': [], 'no emotion': False}","{'Compassion': 2, 'Embarrassment': 1}",3,670,1403,2073
69,Charles,Charles told a missionary to fuck off when he was bothering him.,male,stranger,"{'emotions': ['Compassion'], 'other_emotions': ['Concern'], 'no emotion': False}","{'Compassion': 2, 'Concern': 2}",1,670,1015,1685
69,Patricia,Patricia told a missionary to fuck off when he was bothering her.,female,close friend/relative,"{'emotions': ['Compassion'], 'other_emotions': ['Concern'], 'no emotion': False}","{'Compassion': 3, 'Concern': 2}",7,680,1143,1823
69,Patricia,Patricia told a missionary to fuck off when he was bothering her.,female,acquaintance,"{'emotions': ['Compassion', 'Pride'], 'other_emotions': []}","{'Compassion': 3, 'Pride': 2}",7,671,1269,1940
69,Patricia,Patricia told a missionary to fuck off when he was bothering her.,female,stranger,"{'emotions': ['Compassion'], 'other_emotions': [], 'no emotion': False}",{'Compassion': 2},7,671,1265,1936
70,John,John destroyed others' property by throwing away toys left by neighbor kids in his yard.,male,close friend/relative,"{'emotions': ['Anger', 'Embarrassment', 'Compassion'], 'other_emotions': [], 'no emotion': False}","{'Anger': 2, 'Embarrassment': 2, 'Compassion': 2}",4,683,1283,1966
70,John,John destroyed others' property by throwing away toys left by neighbor kids in his yard.,male,acquaintance,"{'emotions': ['Anger', 'Compassion'], 'other_emotions': [], 'no emotion': False}","{'Anger': 2, 'Compassion': 2}",4,674,697,1371
70,John,John destroyed others' property by throwing away toys left by neighbor kids in his yard.,male,stranger,"{'emotions': ['Anger', 'Compassion'], 'other_emotions': ['Concern']}","{'Anger': 2, 'Compassion': 2, 'Concern': 2}",3,674,1978,2652
70,Linda,Linda destroyed others' property by throwing away toys left by neighbor kids in her yard.,female,close friend/relative,"{'emotions': ['Anger', 'Compassion'], 'other_emotions': ['Concern', 'Disappointment'], 'no emotion': False}","{'Anger': 2, 'Compassion': 2, 'Concern': 3, 'Disappointment': 2}",4,683,1159,1842
70,Linda,Linda destroyed others' property by throwing away toys left by neighbor kids in her yard.,female,acquaintance,"{'emotions': ['Anger', 'Disgust', 'Compassion'], 'other_emotions': [], 'no emotion': False}","{'Anger': 2, 'Disgust': 1, 'Compassion': 2}",4,674,1153,1827
70,Linda,Linda destroyed others' property by throwing away toys left by neighbor kids in her yard.,female,stranger,"{'emotions': ['Anger', 'Compassion'], 'other_emotions': [], 'no emotion': False}","{'Anger': 2, 'Compassion': 2}",4,674,1721,2395
71,Richard,Richard insulted his spouse by agreeing with his friends that his wife is fat.,male,close friend/relative,"{'emotions': ['Anger', 'Embarrassment', 'Compassion'], 'other_emotions': ['Disappointment'], 'no emotion': False}","{'Anger': 2, 'Embarrassment': 2, 'Compassion': 4, 'Disappointment': 3}",4,682,1739,2421
71,Richard,Richard insulted his spouse by agreeing with his friends that his wife is fat.,male,acquaintance,"{'emotions': ['Anger', 'Disgust', 'Embarrassment', 'Compassion'], 'other_emotions': [], 'no emotion': False}","{'Anger': 3, 'Disgust': 2, 'Embarrassment': 2, 'Compassion': 3}",4,673,907,1580
71,Richard,Richard insulted his spouse by agreeing with his friends that his wife is fat.,male,stranger,"{'emotions': ['Anger', 'Disgust', 'Compassion'], 'other_emotions': [], 'no emotion': False}","{'Anger': 2, 'Disgust': 2, 'Compassion': 3}",4,673,1537,2210
71,Jennifer,Jennifer insulted her spouse by agreeing with her friends that her husband is fat.,female,close friend/relative,"{'emotions': ['Compassion', 'Embarrassment'], 'other_emotions': ['Concern', 'Disappointment']}","{'Compassion': 3, 'Embarrassment': 2, 'Concern': 3, 'Disappointment': 2}",4,682,964,1646
71,Jennifer,Jennifer insulted her spouse by agreeing with her friends that her husband is fat.,female,acquaintance,"{'emotions': ['Compassion', 'Embarrassment', 'Disgust'], 'other_emotions': [], 'no emotion': False}","{'Compassion': 3, 'Embarrassment': 2, 'Disgust': 2}",4,673,1091,1764
71,Jennifer,Jennifer insulted her spouse by agreeing with her friends that her husband is fat.,female,stranger,"{'emotions': ['Compassion', 'Anger'], 'other_emotions': [], 'no emotion': False}","{'Compassion': 3, 'Anger': 2}",4,673,1017,1690
72,Richard,Richard punched a survivor of pediatric brain cancer.,male,close friend/relative,"{'emotions': ['Anger', 'Disgust', 'Compassion', 'Shame', 'Embarrassment'], 'other_emotions': [], 'no emotion': False}","{'Anger': 4, 'Disgust': 3, 'Compassion': 4, 'Shame': 3, 'Embarrassment': 2}",6,675,1619,2294
72,Richard,Richard punched a survivor of pediatric brain cancer.,male,acquaintance,"{'emotions': ['Anger', 'Disgust', 'Compassion'], 'other_emotions': [], 'no emotion': False}","{'Anger': 3, 'Disgust': 3, 'Compassion': 4}",6,666,1153,1819
72,Richard,Richard punched a survivor of pediatric brain cancer.,male,stranger,"{'emotions': ['Anger', 'Disgust', 'Compassion', 'Contempt'], 'other_emotions': [], 'no emotion': False}","{'Anger': 4, 'Disgust': 4, 'Compassion': 4, 'Contempt': 3}",6,666,1417,2083
72,Barbara,Barbara punched a survivor of pediatric brain cancer.,female,close friend/relative,"{'emotions': ['Anger', 'Disgust', 'Compassion'], 'other_emotions': [], 'no emotion': False}","{'Anger': 3, 'Disgust': 3, 'Compassion': 4}",6,675,1025,1700
72,Barbara,Barbara punched a survivor of pediatric brain cancer.,female,acquaintance,"{'emotions': ['Anger', 'Disgust', 'Compassion', 'Contempt'], 'other_emotions': [], 'no emotion': False}","{'Anger': 4, 'Disgust': 4, 'Compassion': 4, 'Contempt': 3}",6,666,1097,1763
72,Barbara,Barbara punched a survivor of pediatric brain cancer.,female,stranger,"{'emotions': ['Anger', 'Disgust', 'Compassion', 'Contempt'], 'other_emotions': []}","{'Anger': 3, 'Disgust': 3, 'Compassion': 4, 'Contempt': 2}",6,666,1413,2079
73,Mark,Mark is excluding someone from his party unless they pay for food.,male,close friend/relative,"{'emotions': ['Compassion', 'Embarrassment'], 'other_emotions': ['Concern'], 'no emotion': False}","{'Compassion': 3, 'Embarrassment': 1, 'Concern': 3}",4,679,1921,2600
73,Mark,Mark is excluding someone from his party unless they pay for food.,male,acquaintance,"{'emotions': ['Compassion'], 'other_emotions': ['Disappointment'], 'no emotion': False}","{'Compassion': 2, 'Disappointment': 3}",4,670,825,1495
73,Mark,Mark is excluding someone from his party unless they pay for food.,male,stranger,"{'emotions': ['Compassion'], 'other_emotions': ['Concern', 'Disappointment'], 'no emotion': False}","{'Compassion': 2, 'Concern': 2, 'Disappointment': 2}",3,670,1279,1949
73,Karen,Karen is excluding someone from her party unless they pay for food.,female,close friend/relative,"{'emotions': ['Compassion', 'Embarrassment'], 'other_emotions': ['Concern', 'Disappointment'], 'no emotion': False}","{'Compassion': 2, 'Embarrassment': 1, 'Concern': 3, 'Disappointment': 2}",4,679,1097,1776
73,Karen,Karen is excluding someone from her party unless they pay for food.,female,acquaintance,"{'emotions': ['Compassion'], 'other_emotions': ['Concern', 'Disappointment']}","{'Compassion': 2, 'Concern': 2, 'Disappointment': 1}",4,670,1530,2200
73,Karen,Karen is excluding someone from her party unless they pay for food.,female,stranger,"{'emotions': ['Compassion', 'Embarrassment'], 'other_emotions': ['Disappointment'], 'no emotion': False}","{'Compassion': 2, 'Embarrassment': 1, 'Disappointment': 2}",1,670,1475,2145
74,Robert,Robert threw out his ex wife's photo albums,male,close friend/relative,"{'emotions': ['Compassion'], 'other_emotions': ['Concern']}","{'Compassion': 2, 'Concern': 2}",4,675,1394,2069
74,Robert,Robert threw out his ex wife's photo albums,male,acquaintance,"{'emotions': ['Compassion'], 'other_emotions': ['Concern'], 'no emotion': False}","{'Compassion': 2, 'Concern': 3}",4,666,1143,1809
74,Robert,Robert threw out his ex wife's photo albums,male,stranger,"{'emotions': ['Compassion'], 'other_emotions': [], 'no emotion': False}",{'Compassion': 2},1,666,1073,1739
74,Susan,Susan threw out her ex husband's photo albums,female,close friend/relative,"{'emotions': ['Compassion'], 'other_emotions': ['Concern']}","{'Compassion': 3, 'Concern': 2}",7,675,1202,1877
74,Susan,Susan threw out her ex husband's photo albums,female,acquaintance,"{'emotions': ['Compassion'], 'other_emotions': [], 'no emotion': False}",{'Compassion': 2},1,666,1073,1739
74,Susan,Susan threw out her ex husband's photo albums,female,stranger,"{'emotions': ['Compassion'], 'other_emotions': [], 'no emotion': False}",{'Compassion': 2},1,666,1329,1995
75,Robert,"Robert did not tell his friend that he might have an STD, therefore keeping information from him that could cause medical problems.",male,close friend/relative,"{'emotions': ['Compassion', 'Anger'], 'other_emotions': ['Concern'], 'no emotion': False}","{'Compassion': 3, 'Anger': 2, 'Concern': 4}",4,690,1727,2417
75,Robert,"Robert did not tell his friend that he might have an STD, therefore keeping information from him that could cause medical problems.",male,acquaintance,"{'emotions': ['Compassion'], 'other_emotions': ['Concern', 'Disappointment'], 'no emotion': False}","{'Compassion': 2, 'Concern': 3, 'Disappointment': 2}",4,681,1215,1896
75,Robert,"Robert did not tell his friend that he might have an STD, therefore keeping information from him that could cause medical problems.",male,stranger,"{'emotions': ['Anger', 'Disgust', 'Compassion'], 'other_emotions': [], 'no emotion': False}","{'Anger': 2, 'Disgust': 2, 'Compassion': 3}",4,681,2049,2730
75,Elizabeth,"Elizabeth did not tell her friend that she might have an STD, therefore keeping information from her that could cause medical problems.",female,close friend/relative,"{'emotions': ['Compassion'], 'other_emotions': ['Concern', 'Disappointment'], 'no emotion': False}","{'Compassion': 3, 'Concern': 3, 'Disappointment': 2}",4,690,1407,2097
75,Elizabeth,"Elizabeth did not tell her friend that she might have an STD, therefore keeping information from her that could cause medical problems.",female,acquaintance,"{'emotions': ['Compassion'], 'other_emotions': ['Concern', 'Disappointment'], 'no emotion': False}","{'Compassion': 3, 'Concern': 3, 'Disappointment': 2}",4,681,3007,3688
75,Elizabeth,"Elizabeth did not tell her friend that she might have an STD, therefore keeping information from her that could cause medical problems.",female,stranger,"{'emotions': ['Compassion', 'Anger'], 'other_emotions': ['Concern'], 'no emotion': False}","{'Compassion': 3, 'Anger': 2, 'Concern': 3}",1,681,1919,2600
76,Thomas,Thomas chooses not to be with his family on the anniversary of his sister's son's death and does not want to see his sister that day.,male,close friend/relative,"{'emotions': ['Compassion'], 'other_emotions': ['Sadness', 'Understanding', 'Concern'], 'no emotion': False}","{'Compassion': 3, 'Sadness': 2, 'Understanding': 2, 'Concern': 2}",7,694,965,1659
76,Thomas,Thomas chooses not to be with his family on the anniversary of his sister's son's death and does not want to see his sister that day.,male,acquaintance,"{'emotions': ['Compassion'], 'other_emotions': [], 'no emotion': False}",{'Compassion': 3},7,685,817,1502
76,Thomas,Thomas chooses not to be with his family on the anniversary of his sister's son's death and does not want to see his sister that day.,male,stranger,"{'emotions': ['Compassion'], 'other_emotions': [], 'no emotion': False}",{'Compassion': 3},7,685,497,1182
76,Karen,Karen chooses not to be with her family on the anniversary of her sister's son's death and does not want to see her sister that day.,female,close friend/relative,"{'emotions': ['Compassion'], 'other_emotions': [], 'no emotion': False}",{'Compassion': 3},7,694,1009,1703
76,Karen,Karen chooses not to be with her family on the anniversary of her sister's son's death and does not want to see her sister that day.,female,acquaintance,"{'emotions': ['Compassion'], 'other_emotions': [], 'no emotion': False}",{'Compassion': 3},7,685,753,1438
76,Karen,Karen chooses not to be with her family on the anniversary of her sister's son's death and does not want to see her sister that day.,female,stranger,"{'emotions': ['Compassion'], 'other_emotions': [], 'no emotion': False}",{'Compassion': 3},7,685,753,1438
77,John,John is cruel and uncaring of his employees and chooses not to give an employee Christmas off. ,male,close friend/relative,"{'emotions': ['Compassion', 'Anger'], 'other_emotions': ['Disappointment', 'Concern'], 'no emotion': False}","{'Compassion': 3, 'Anger': 2, 'Disappointment': 3, 'Concern': 3}",4,686,2503,3189
77,John,John is cruel and uncaring of his employees and chooses not to give an employee Christmas off. ,male,acquaintance,"{'emotions': ['Anger', 'Compassion'], 'other_emotions': ['Disappointment'], 'no emotion': False}","{'Anger': 2, 'Compassion': 3, 'Disappointment': 3}",4,677,1345,2022
77,John,John is cruel and uncaring of his employees and chooses not to give an employee Christmas off. ,male,stranger,"{'emotions': ['Anger', 'Disgust', 'Compassion'], 'other_emotions': [], 'no emotion': False}","{'Anger': 3, 'Disgust': 2, 'Compassion': 3}",3,677,1025,1702
77,Jennifer,Jennifer is cruel and uncaring of her employees and chooses not to give an employee Christmas off. ,female,close friend/relative,"{'emotions': ['Compassion', 'Anger'], 'other_emotions': [], 'no emotion': False}","{'Compassion': 3, 'Anger': 2}",4,686,1657,2343
77,Jennifer,Jennifer is cruel and uncaring of her employees and chooses not to give an employee Christmas off. ,female,acquaintance,"{'emotions': ['Anger', 'Compassion'], 'other_emotions': [], 'no emotion': False}","{'Anger': 2, 'Compassion': 3}",4,677,953,1630
77,Jennifer,Jennifer is cruel and uncaring of her employees and chooses not to give an employee Christmas off. ,female,stranger,"{'emotions': ['Compassion', 'Anger'], 'other_emotions': ['Disappointment']}","{'Compassion': 3, 'Anger': 2, 'Disappointment': 2}",3,677,2044,2721
78,William,William reposted a meme that had the n-word in it.,male,close friend/relative,"{'emotions': ['Disgust', 'Anger', 'Embarrassment', 'Compassion'], 'other_emotions': ['Concern']}","{'Disgust': 3, 'Anger': 2, 'Embarrassment': 2, 'Compassion': 2, 'Concern': 3}",4,679,1164,1843
78,William,William reposted a meme that had the n-word in it.,male,acquaintance,"{'emotions': ['Anger', 'Disgust', 'Embarrassment', 'Compassion'], 'other_emotions': ['Disappointment'], 'no emotion': False}","{'Anger': 2, 'Disgust': 2, 'Embarrassment': 2, 'Compassion': 2, 'Disappointment': 3}",4,670,1427,2097
78,William,William reposted a meme that had the n-word in it.,male,stranger,"{'emotions': ['Anger', 'Disgust', 'Compassion'], 'other_emotions': ['Concern'], 'no emotion': False}","{'Anger': 2, 'Disgust': 2, 'Compassion': 2, 'Concern': 2}",4,670,1159,1829
78,Maria,Maria reposted a meme that had the n-word in it.,female,close friend/relative,"{'emotions': ['Disgust', 'Compassion'], 'other_emotions': ['Concern', 'Disappointment'], 'no emotion': False}","{'Disgust': 2, 'Compassion': 3, 'Concern': 3, 'Disappointment': 3}",4,679,1863,2542
78,Maria,Maria reposted a meme that had the n-word in it.,female,acquaintance,"{'emotions': ['Anger', 'Disgust', 'Compassion'], 'other_emotions': [], 'no emotion': False}","{'Anger': 2, 'Disgust': 2, 'Compassion': 3}",4,670,1729,2399
78,Maria,Maria reposted a meme that had the n-word in it.,female,stranger,"{'emotions': ['Anger', 'Disgust', 'Compassion'], 'other_emotions': [], 'no emotion': False}","{'Anger': 2, 'Disgust': 3, 'Compassion': 2}",2,670,1473,2143
79,James,James responded with sarcasm in response to a customer's sarcasm.,male,close friend/relative,"{'emotions': ['Compassion'], 'other_emotions': ['Concern'], 'no emotion': False}","{'Compassion': 3, 'Concern': 2}",4,679,1527,2206
79,James,James responded with sarcasm in response to a customer's sarcasm.,male,acquaintance,"{'emotions': ['Compassion', 'Embarrassment'], 'other_emotions': [], 'no emotion': False}","{'Compassion': 2, 'Embarrassment': 1}",4,670,763,1433
79,James,James responded with sarcasm in response to a customer's sarcasm.,male,stranger,"{'emotions': [], 'other_emotions': [], 'no emotion': True}",,1,670,1451,2121
79,Elizabeth,Elizabeth responded with sarcasm in response to a customer's sarcasm.,female,close friend/relative,"{'emotions': ['Compassion'], 'other_emotions': [], 'no emotion': False}",{'Compassion': 2},7,679,1073,1752
79,Elizabeth,Elizabeth responded with sarcasm in response to a customer's sarcasm.,female,acquaintance,"{'emotions': ['Compassion'], 'other_emotions': [], 'no emotion': False}",{'Compassion': 2},7,670,1009,1679
79,Elizabeth,Elizabeth responded with sarcasm in response to a customer's sarcasm.,female,stranger,"{'emotions': ['Compassion'], 'other_emotions': [], 'no emotion': False}",{'Compassion': 1},1,670,1201,1871
80,Richard,"Richard confessed to his childhood best friend that he loved her, which made her uncomfortable.",male,close friend/relative,"{'emotions': ['Compassion', 'Embarrassment'], 'other_emotions': [], 'no emotion': False}","{'Compassion': 3, 'Embarrassment': 2}",7,683,891,1574
80,Richard,"Richard confessed to his childhood best friend that he loved her, which made her uncomfortable.",male,acquaintance,"{'emotions': ['Compassion', 'Embarrassment'], 'other_emotions': [], 'no emotion': False}","{'Compassion': 2, 'Embarrassment': 1}",1,674,955,1629
80,Richard,"Richard confessed to his childhood best friend that he loved her, which made her uncomfortable.",male,stranger,"{'emotions': ['Compassion', 'Embarrassment'], 'other_emotions': ['Concern'], 'no emotion': False}","{'Compassion': 2, 'Embarrassment': 1, 'Concern': 2}",1,674,833,1507
80,Susan,"Susan confessed to her childhood best friend that she loved him, which made him uncomfortable.",female,close friend/relative,"{'emotions': ['Compassion', 'Pride', 'Embarrassment'], 'other_emotions': [], 'no emotion': False}","{'Compassion': 3, 'Pride': 2, 'Embarrassment': 1}",7,683,1091,1774
80,Susan,"Susan confessed to her childhood best friend that she loved him, which made him uncomfortable.",female,acquaintance,"{'emotions': ['Compassion', 'Embarrassment'], 'other_emotions': []}","{'Compassion': 2, 'Embarrassment': 1}",7,674,1399,2073
80,Susan,"Susan confessed to her childhood best friend that she loved him, which made him uncomfortable.",female,stranger,"{'emotions': ['Compassion'], 'other_emotions': [], 'no emotion': False}",{'Compassion': 2},7,674,1393,2067
81,Charles,Charles unplugged someone's laptop in the school working area.,male,close friend/relative,"{'emotions': ['Embarrassment', 'Compassion'], 'other_emotions': [], 'no emotion': False}","{'Embarrassment': 2, 'Compassion': 2}",4,677,1595,2272
81,Charles,Charles unplugged someone's laptop in the school working area.,male,acquaintance,"{'emotions': ['Compassion'], 'other_emotions': ['Concern', 'Disappointment']}","{'Compassion': 2, 'Concern': 2, 'Disappointment': 2}",4,668,1274,1942
81,Charles,Charles unplugged someone's laptop in the school working area.,male,stranger,"{'emotions': ['Anger', 'Compassion'], 'other_emotions': [], 'no emotion': False}","{'Anger': 1, 'Compassion': 2}",4,668,1145,1813
81,Barbara,Barbara unplugged someone's laptop in the school working area.,female,close friend/relative,"{'emotions': ['Embarrassment', 'Compassion', 'Anger'], 'other_emotions': [], 'no emotion': False}","{'Embarrassment': 2, 'Compassion': 2, 'Anger': 1}",4,677,899,1576
81,Barbara,Barbara unplugged someone's laptop in the school working area.,female,acquaintance,"{'emotions': ['Anger', 'Compassion', 'Embarrassment'], 'other_emotions': [], 'no emotion': False}","{'Anger': 2, 'Compassion': 2, 'Embarrassment': 1}",4,668,1091,1759
81,Barbara,Barbara unplugged someone's laptop in the school working area.,female,stranger,"{'emotions': ['Compassion'], 'other_emotions': ['Concern'], 'no emotion': False}","{'Compassion': 2, 'Concern': 2}",4,668,1335,2003
82,John,John did not let his son know that his grandfather died.,male,close friend/relative,"{'emotions': ['Compassion'], 'other_emotions': ['Concern', 'Sadness'], 'no emotion': False}","{'Compassion': 3, 'Concern': 3, 'Sadness': 2}",4,678,1279,1957
82,John,John did not let his son know that his grandfather died.,male,acquaintance,"{'emotions': ['Compassion'], 'other_emotions': ['Concern'], 'no emotion': False}","{'Compassion': 3, 'Concern': 3}",4,669,1463,2132
82,John,John did not let his son know that his grandfather died.,male,stranger,"{'emotions': ['Compassion'], 'other_emotions': [], 'no emotion': False}",{'Compassion': 2},1,669,1009,1678
82,Maria,Maria did not let her son know that his grandfather died.,female,close friend/relative,"{'emotions': ['Compassion'], 'other_emotions': ['Sadness'], 'no emotion': False}","{'Compassion': 3, 'Sadness': 2}",7,678,1529,2207
82,Maria,Maria did not let her son know that his grandfather died.,female,acquaintance,"{'emotions': ['Compassion'], 'other_emotions': ['Concern', 'Sadness'], 'no emotion': False}","{'Compassion': 3, 'Concern': 3, 'Sadness': 2}",4,669,1407,2076
82,Maria,Maria did not let her son know that his grandfather died.,female,stranger,"{'emotions': ['Compassion'], 'other_emotions': [], 'no emotion': False}",{'Compassion': 2},1,669,1457,2126
83,Michael,"Michael taught his 7-year-old daughter how to play blackjack, a gambling game.",male,close friend/relative,"{'emotions': ['Compassion'], 'other_emotions': ['Concern'], 'no emotion': False}","{'Compassion': 2, 'Concern': 3}",4,683,1399,2082
83,Michael,"Michael taught his 7-year-old daughter how to play blackjack, a gambling game.",male,acquaintance,"{'emotions': ['Compassion'], 'other_emotions': ['Concern'], 'no emotion': False}","{'Compassion': 2, 'Concern': 3}",4,674,951,1625
83,Michael,"Michael taught his 7-year-old daughter how to play blackjack, a gambling game.",male,stranger,"{'emotions': ['Compassion'], 'other_emotions': ['Concern'], 'no emotion': False}","{'Compassion': 2, 'Concern': 3}",2,674,1463,2137
83,Jennifer,"Jennifer taught her 7-year-old daughter how to play blackjack, a gambling game.",female,close friend/relative,"{'emotions': ['Compassion'], 'other_emotions': ['Concern'], 'no emotion': False}","{'Compassion': 2, 'Concern': 3}",4,683,759,1442
83,Jennifer,"Jennifer taught her 7-year-old daughter how to play blackjack, a gambling game.",female,acquaintance,"{'emotions': ['Compassion'], 'other_emotions': ['Concern'], 'no emotion': False}","{'Compassion': 2, 'Concern': 3}",4,674,1015,1689
83,Jennifer,"Jennifer taught her 7-year-old daughter how to play blackjack, a gambling game.",female,stranger,"{'emotions': [], 'other_emotions': [], 'no emotion': True}",,1,674,1515,2189
84,Michael,Michael is forgetful about important promises and made plans on the day he agreed to meet his friend.,male,close friend/relative,"{'emotions': ['Compassion'], 'other_emotions': ['Disappointment'], 'no emotion': False}","{'Compassion': 2, 'Disappointment': 2}",4,686,1081,1767
84,Michael,Michael is forgetful about important promises and made plans on the day he agreed to meet his friend.,male,acquaintance,"{'emotions': ['Compassion'], 'other_emotions': ['Disappointment', 'Frustration'], 'no emotion': False}","{'Compassion': 2, 'Disappointment': 2, 'Frustration': 1}",4,677,1091,1768
84,Michael,Michael is forgetful about important promises and made plans on the day he agreed to meet his friend.,male,stranger,"{'emotions': [], 'other_emotions': [], 'no emotion': True}",,1,677,1579,2256
84,Patricia,Patricia is forgetful about important promises and made plans on the day she agreed to meet her friend.,female,close friend/relative,"{'emotions': ['Compassion'], 'other_emotions': ['Disappointment', 'Hurt', 'Concern'], 'no emotion': False}","{'Compassion': 2, 'Disappointment': 2, 'Hurt': 1, 'Concern': 2}",4,687,1223,1910
84,Patricia,Patricia is forgetful about important promises and made plans on the day she agreed to meet her friend.,female,acquaintance,"{'emotions': ['Compassion'], 'other_emotions': ['Disappointment', 'Frustration'], 'no emotion': False}","{'Compassion': 2, 'Disappointment': 2, 'Frustration': 1}",4,678,707,1385
84,Patricia,Patricia is forgetful about important promises and made plans on the day she agreed to meet her friend.,female,stranger,"{'emotions': ['Compassion'], 'other_emotions': ['Concern', 'Disappointment'], 'no emotion': False}","{'Compassion': 2, 'Concern': 2, 'Disappointment': 1}",1,678,639,1317
85,Thomas,Thomas made his wife quit her new job.,male,close friend/relative,"{'emotions': ['Compassion', 'Anger'], 'other_emotions': ['Concern'], 'no emotion': False}","{'Compassion': 3, 'Anger': 2, 'Concern': 3}",4,675,1151,1826
85,Thomas,Thomas made his wife quit her new job.,male,acquaintance,"{'emotions': ['Compassion', 'Anger'], 'other_emotions': [], 'no emotion': False}","{'Compassion': 3, 'Anger': 2}",2,666,2873,3539
85,Thomas,Thomas made his wife quit her new job.,male,stranger,"{'emotions': ['Compassion'], 'other_emotions': ['Concern', 'Unease'], 'no emotion': False}","{'Compassion': 3, 'Concern': 3, 'Unease': 2}",2,666,1407,2073
85,Barbara,Barbara made her husband quit his new job.,female,close friend/relative,"{'emotions': ['Compassion'], 'other_emotions': ['Concern'], 'no emotion': False}","{'Compassion': 3, 'Concern': 2}",7,675,951,1626
85,Barbara,Barbara made her husband quit his new job.,female,acquaintance,"{'emotions': ['Compassion'], 'other_emotions': ['Concern'], 'no emotion': False}","{'Compassion': 2, 'Concern': 2}",1,666,759,1425
85,Barbara,Barbara made her husband quit his new job.,female,stranger,"{'emotions': ['Compassion'], 'other_emotions': [], 'no emotion': False}",{'Compassion': 2},1,666,753,1419
86,James,James called out people's white lies and created unnecessary conflict with people.,male,close friend/relative,"{'emotions': ['Compassion', 'Embarrassment'], 'other_emotions': ['Concern'], 'no emotion': False}","{'Compassion': 3, 'Embarrassment': 2, 'Concern': 3}",4,679,833,1512
86,James,James called out people's white lies and created unnecessary conflict with people.,male,acquaintance,"{'emotions': ['Compassion', 'Embarrassment'], 'other_emotions': [], 'no emotion': False}","{'Compassion': 2, 'Embarrassment': 1}",4,670,635,1305
86,James,James called out people's white lies and created unnecessary conflict with people.,male,stranger,"{'emotions': ['Compassion'], 'other_emotions': [], 'no emotion': False}",{'Compassion': 2},2,670,1201,1871
86,Lisa,Lisa called out people's white lies and created unnecessary conflict with people.,female,close friend/relative,"{'emotions': ['Compassion', 'Embarrassment'], 'other_emotions': ['Concern']}","{'Compassion': 3, 'Embarrassment': 2, 'Concern': 3}",4,679,892,1571
86,Lisa,Lisa called out people's white lies and created unnecessary conflict with people.,female,acquaintance,"{'emotions': ['Compassion', 'Embarrassment'], 'other_emotions': ['Concern'], 'no emotion': False}","{'Compassion': 2, 'Embarrassment': 1, 'Concern': 3}",4,670,961,1631
86,Lisa,Lisa called out people's white lies and created unnecessary conflict with people.,female,stranger,"{'emotions': ['Compassion', 'Embarrassment'], 'other_emotions': ['Concern'], 'no emotion': False}","{'Compassion': 2, 'Embarrassment': 1, 'Concern': 2}",4,670,961,1631
87,William,William is mean to his depressed friend.,male,close friend/relative,"{'emotions': ['Compassion', 'Anger'], 'other_emotions': []}","{'Compassion': 3, 'Anger': 2}",4,674,885,1559
87,William,William is mean to his depressed friend.,male,acquaintance,"{'emotions': ['Compassion', 'Anger', 'Disgust'], 'other_emotions': [], 'no emotion': False}","{'Compassion': 4, 'Anger': 2, 'Disgust': 2}",4,665,897,1562
87,William,William is mean to his depressed friend.,male,stranger,"{'emotions': ['Compassion', 'Anger'], 'other_emotions': ['Concern']}","{'Compassion': 4, 'Anger': 2, 'Concern': 3}",4,665,1274,1939
87,Karen,Karen is mean to her depressed friend.,female,close friend/relative,"{'emotions': ['Compassion', 'Anger'], 'other_emotions': [], 'no emotion': False}","{'Compassion': 4, 'Anger': 2}",4,674,697,1371
87,Karen,Karen is mean to her depressed friend.,female,acquaintance,"{'emotions': ['Compassion', 'Anger'], 'other_emotions': [], 'no emotion': False}","{'Compassion': 4, 'Anger': 2}",4,665,1401,2066
87,Karen,Karen is mean to her depressed friend.,female,stranger,"{'emotions': ['Anger', 'Disgust', 'Compassion'], 'other_emotions': [], 'no emotion': False}","{'Anger': 2, 'Disgust': 2, 'Compassion': 4}",4,665,1921,2586
88,Mark,Mark wants to vape.,male,close friend/relative,"{'emotions': ['Compassion'], 'other_emotions': ['Concern'], 'no emotion': False}","{'Compassion': 2, 'Concern': 3}",7,671,887,1558
88,Mark,Mark wants to vape.,male,acquaintance,"{'emotions': [], 'other_emotions': [], 'no emotion': True}",,1,662,939,1601
88,Mark,Mark wants to vape.,male,stranger,"{'emotions': [], 'other_emotions': [], 'no emotion': True}",,1,662,683,1345
88,Elizabeth,Elizabeth wants to vape.,female,close friend/relative,"{'emotions': ['Compassion'], 'other_emotions': ['Concern']}","{'Compassion': 2, 'Concern': 3}",4,671,1202,1873
88,Elizabeth,Elizabeth wants to vape.,female,acquaintance,"{'emotions': ['Compassion'], 'other_emotions': ['Concern'], 'no emotion': False}","{'Compassion': 2, 'Concern': 2}",1,662,1399,2061
88,Elizabeth,Elizabeth wants to vape.,female,stranger,"{'emotions': [], 'other_emotions': ['Neutral'], 'no emotion': False}",{'Neutral': 1},1,662,687,1349
89,John,John took revenge on a coworker.,male,close friend/relative,"{'emotions': ['Compassion'], 'other_emotions': ['Concern', 'Disapproval'], 'no emotion': False}","{'Compassion': 2, 'Concern': 3, 'Disapproval': 2}",4,674,1151,1825
89,John,John took revenge on a coworker.,male,acquaintance,"{'emotions': ['Compassion'], 'other_emotions': ['Concern', 'Disappointment'], 'no emotion': False}","{'Compassion': 2, 'Concern': 3, 'Disappointment': 2}",4,665,1599,2264
89,John,John took revenge on a coworker.,male,stranger,"{'emotions': ['Disgust', 'Anger', 'Compassion'], 'other_emotions': [], 'no emotion': False}","{'Disgust': 2, 'Anger': 2, 'Compassion': 3}",6,665,1665,2330
89,Linda,Linda took revenge on a coworker.,female,close friend/relative,"{'emotions': ['Compassion'], 'other_emotions': ['Concern', 'Disappointment'], 'no emotion': False}","{'Compassion': 2, 'Concern': 3, 'Disappointment': 2}",4,674,1151,1825
89,Linda,Linda took revenge on a coworker.,female,acquaintance,"{'emotions': ['Compassion'], 'other_emotions': ['Concern'], 'no emotion': False}","{'Compassion': 2, 'Concern': 3}",2,665,1207,1872
89,Linda,Linda took revenge on a coworker.,female,stranger,"{'emotions': ['Compassion', 'Disgust'], 'other_emotions': [], 'no emotion': False}","{'Compassion': 2, 'Disgust': 1}",2,665,1913,2578
90,John,John gave his sister weed knowing she had bad experiences in the past.,male,close friend/relative,"{'emotions': ['Anger', 'Compassion'], 'other_emotions': [], 'no emotion': False}","{'Anger': 3, 'Compassion': 3}",4,680,889,1569
90,John,John gave his sister weed knowing she had bad experiences in the past.,male,acquaintance,"{'emotions': ['Anger', 'Disgust', 'Compassion'], 'other_emotions': [], 'no emotion': False}","{'Anger': 2, 'Disgust': 1, 'Compassion': 3}",4,671,1601,2272
90,John,John gave his sister weed knowing she had bad experiences in the past.,male,stranger,"{'emotions': ['Anger', 'Disgust', 'Compassion'], 'other_emotions': [], 'no emotion': False}","{'Anger': 2, 'Disgust': 2, 'Compassion': 3}",4,671,1345,2016
90,Elizabeth,Elizabeth gave her sister weed knowing she had bad experiences in the past.,female,close friend/relative,"{'emotions': ['Compassion', 'Anger'], 'other_emotions': ['Concern', 'Disappointment'], 'no emotion': False}","{'Compassion': 3, 'Anger': 1, 'Concern': 4, 'Disappointment': 2}",4,680,1607,2287
90,Elizabeth,Elizabeth gave her sister weed knowing she had bad experiences in the past.,female,acquaintance,"{'emotions': ['Compassion', 'Anger'], 'other_emotions': ['Concern', 'Disappointment'], 'no emotion': False}","{'Compassion': 3, 'Anger': 2, 'Concern': 3, 'Disappointment': 2}",4,671,2311,2982
90,Elizabeth,Elizabeth gave her sister weed knowing she had bad experiences in the past.,female,stranger,"{'emotions': ['Compassion', 'Anger'], 'other_emotions': [], 'no emotion': False}","{'Compassion': 3, 'Anger': 2}",4,671,1529,2200
91,Robert,Robert kicked a girl's water bottle into her face because she bullied him.,male,close friend/relative,"{'emotions': ['Compassion'], 'other_emotions': ['Concern', 'Disappointment'], 'no emotion': False}","{'Compassion': 3, 'Concern': 3, 'Disappointment': 2}",4,680,1919,2599
91,Robert,Robert kicked a girl's water bottle into her face because she bullied him.,male,acquaintance,"{'emotions': ['Anger', 'Disgust', 'Compassion'], 'other_emotions': [], 'no emotion': False}","{'Anger': 2, 'Disgust': 2, 'Compassion': 3}",6,671,1345,2016
91,Robert,Robert kicked a girl's water bottle into her face because she bullied him.,male,stranger,"{'emotions': ['Disgust', 'Anger', 'Compassion'], 'other_emotions': []}","{'Disgust': 2, 'Anger': 2, 'Compassion': 3}",6,671,1405,2076
91,Lisa,Lisa kicked a girl's water bottle into her face because the girl bullied her.,female,close friend/relative,"{'emotions': ['Compassion', 'Anger'], 'other_emotions': ['Concern'], 'no emotion': False}","{'Compassion': 3, 'Anger': 1, 'Concern': 3}",4,681,1215,1896
91,Lisa,Lisa kicked a girl's water bottle into her face because the girl bullied her.,female,acquaintance,"{'emotions': ['Compassion'], 'other_emotions': ['Concern'], 'no emotion': False}","{'Compassion': 2, 'Concern': 3}",4,672,1463,2135
91,Lisa,Lisa kicked a girl's water bottle into her face because the girl bullied her.,female,stranger,"{'emotions': ['Compassion'], 'other_emotions': ['Concern', 'Disapproval'], 'no emotion': False}","{'Compassion': 3, 'Concern': 3, 'Disapproval': 2}",6,672,1791,2463
92,Richard,Richard chose not to visit a friend when they felt down and needed encouragement.,male,close friend/relative,"{'emotions': ['Compassion'], 'other_emotions': ['Concern', 'Disappointment'], 'no emotion': False}","{'Compassion': 2, 'Concern': 2, 'Disappointment': 1}",7,681,831,1512
92,Richard,Richard chose not to visit a friend when they felt down and needed encouragement.,male,acquaintance,"{'emotions': ['Compassion'], 'other_emotions': ['Concern'], 'no emotion': False}","{'Compassion': 2, 'Concern': 2}",4,672,1207,1879
92,Richard,Richard chose not to visit a friend when they felt down and needed encouragement.,male,stranger,"{'emotions': ['Compassion'], 'other_emotions': [], 'no emotion': False}",{'Compassion': 2},1,672,1713,2385
92,Elizabeth,Elizabeth chose not to visit a friend when they felt down and needed encouragement.,female,close friend/relative,"{'emotions': ['Compassion'], 'other_emotions': ['Concern'], 'no emotion': False}","{'Compassion': 3, 'Concern': 2}",4,681,951,1632
92,Elizabeth,Elizabeth chose not to visit a friend when they felt down and needed encouragement.,female,acquaintance,"{'emotions': ['Compassion'], 'other_emotions': [], 'no emotion': False}",{'Compassion': 2},7,672,1137,1809
92,Elizabeth,Elizabeth chose not to visit a friend when they felt down and needed encouragement.,female,stranger,"{'emotions': ['Compassion'], 'other_emotions': [], 'no emotion': False}",{'Compassion': 2},1,672,1905,2577
93,Charles,Charles called his friend's girlfriend a coke addict after being told that she did cocaine.,male,close friend/relative,"{'emotions': ['Compassion'], 'other_emotions': ['Concern'], 'no emotion': False}","{'Compassion': 3, 'Concern': 3}",4,682,1847,2529
93,Charles,Charles called his friend's girlfriend a coke addict after being told that she did cocaine.,male,acquaintance,"{'emotions': ['Anger', 'Compassion'], 'other_emotions': ['Concern'], 'no emotion': False}","{'Anger': 2, 'Compassion': 3, 'Concern': 3}",4,673,1279,1952
93,Charles,Charles called his friend's girlfriend a coke addict after being told that she did cocaine.,male,stranger,"{'emotions': ['Compassion', 'Anger', 'Disgust'], 'other_emotions': []}","{'Compassion': 3, 'Anger': 2, 'Disgust': 2}",4,673,765,1438
93,Linda,Linda called her friend's boyfriend a coke addict after being told that he did cocaine.,female,close friend/relative,"{'emotions': ['Compassion', 'Embarrassment'], 'other_emotions': ['Concern']}","{'Compassion': 3, 'Embarrassment': 2, 'Concern': 3}",4,682,892,1574
93,Linda,Linda called her friend's boyfriend a coke addict after being told that he did cocaine.,female,acquaintance,"{'emotions': ['Compassion', 'Embarrassment'], 'other_emotions': ['Concern']}","{'Compassion': 3, 'Embarrassment': 2, 'Concern': 3}",4,673,1468,2141
93,Linda,Linda called her friend's boyfriend a coke addict after being told that he did cocaine.,female,stranger,"{'emotions': ['Compassion'], 'other_emotions': [], 'no emotion': False}",{'Compassion': 3},4,673,1329,2002
94,David,David does not want to take his wife on a trip to Europe with him.,male,close friend/relative,"{'emotions': ['Compassion'], 'other_emotions': ['Concern'], 'no emotion': False}","{'Compassion': 2, 'Concern': 2}",7,682,1207,1889
94,David,David does not want to take his wife on a trip to Europe with him.,male,acquaintance,"{'emotions': [], 'other_emotions': [], 'no emotion': True}",,1,673,1195,1868
94,David,David does not want to take his wife on a trip to Europe with him.,male,stranger,"{'emotions': [], 'other_emotions': [], 'no emotion': True}",,1,673,619,1292
94,Patricia,Patricia does not want to take her husband on a trip to Europe with her.,female,close friend/relative,"{'emotions': ['Compassion'], 'other_emotions': [], 'no emotion': False}",{'Compassion': 2},7,683,945,1628
94,Patricia,Patricia does not want to take her husband on a trip to Europe with her.,female,acquaintance,"{'emotions': ['Compassion'], 'other_emotions': [], 'no emotion': False}",{'Compassion': 2},7,674,689,1363
94,Patricia,Patricia does not want to take her husband on a trip to Europe with her.,female,stranger,"{'emotions': [], 'other_emotions': [], 'no emotion': True}",,1,674,427,1101
95,James,James dates multiple people instead of being monogamous.,male,close friend/relative,"{'emotions': ['Compassion'], 'other_emotions': [], 'no emotion': False}",{'Compassion': 2},7,677,1009,1686
95,James,James dates multiple people instead of being monogamous.,male,acquaintance,"{'emotions': [], 'other_emotions': ['Neutral'], 'no emotion': False}",,1,668,813,1481
95,James,James dates multiple people instead of being monogamous.,male,stranger,"{'emotions': [], 'other_emotions': [], 'no emotion': True}",,1,668,555,1223
95,Mary,Mary dates multiple people instead of being monogamous.,female,close friend/relative,"{'emotions': ['Compassion'], 'other_emotions': []}",{'Compassion': 2},7,677,877,1554
95,Mary,Mary dates multiple people instead of being monogamous.,female,acquaintance,"{'emotions': [], 'other_emotions': [], 'no emotion': True}",,1,668,811,1479
95,Mary,Mary dates multiple people instead of being monogamous.,female,stranger,"{'emotions': [], 'other_emotions': [], 'no emotion': True}",,1,668,1131,1799
96,Thomas,Thomas is friends with people he doesn't really like.,male,close friend/relative,"{'emotions': ['Compassion'], 'other_emotions': ['Concern'], 'no emotion': False}","{'Compassion': 2, 'Concern': 2}",7,676,1463,2139
96,Thomas,Thomas is friends with people he doesn't really like.,male,acquaintance,"{'emotions': ['Compassion'], 'other_emotions': [], 'no emotion': False}",{'Compassion': 2},7,667,1201,1868
96,Thomas,Thomas is friends with people he doesn't really like.,male,stranger,"{'emotions': [], 'other_emotions': [], 'no emotion': True}",,1,667,1003,1670
96,Linda,Linda is friends with people she doesn't really like.,female,close friend/relative,"{'emotions': ['Compassion'], 'other_emotions': ['Concern'], 'no emotion': False}","{'Compassion': 2, 'Concern': 2}",7,676,631,1307
96,Linda,Linda is friends with people she doesn't really like.,female,acquaintance,"{'emotions': ['Compassion'], 'other_emotions': ['Concern'], 'no emotion': False}","{'Compassion': 2, 'Concern': 2}",7,667,2166,2833
96,Linda,Linda is friends with people she doesn't really like.,female,stranger,"{'emotions': ['Compassion'], 'other_emotions': [], 'no emotion': False}",{'Compassion': 2},1,667,625,1292
97,Thomas,Thomas has some secrets that he hates himself for.,male,close friend/relative,"{'emotions': ['Compassion'], 'other_emotions': ['Concern', 'Empathy'], 'no emotion': False}","{'Compassion': 3, 'Concern': 3, 'Empathy': 3}",7,676,1215,1891
97,Thomas,Thomas has some secrets that he hates himself for.,male,acquaintance,"{'emotions': ['Compassion'], 'other_emotions': ['Concern'], 'no emotion': False}","{'Compassion': 3, 'Concern': 3}",7,667,1591,2258
97,Thomas,Thomas has some secrets that he hates himself for.,male,stranger,"{'emotions': ['Compassion'], 'other_emotions': ['Concern'], 'no emotion': False}","{'Compassion': 3, 'Concern': 2}",7,667,823,1490
97,Linda,Linda has some secrets that she hates herself for.,female,close friend/relative,"{'emotions': ['Compassion'], 'other_emotions': [], 'no emotion': False}",{'Compassion': 3},7,676,1009,1685
97,Linda,Linda has some secrets that she hates herself for.,female,acquaintance,"{'emotions': ['Compassion'], 'other_emotions': ['Empathy']}","{'Compassion': 3, 'Empathy': 3}",7,667,692,1359
97,Linda,Linda has some secrets that she hates herself for.,female,stranger,"{'emotions': ['Compassion'], 'other_emotions': [], 'no emotion': False}",{'Compassion': 3},7,667,1457,2124
98,William,William had a secrete affair that led to a long marriage.,male,close friend/relative,"{'emotions': ['Compassion'], 'other_emotions': [], 'no emotion': False}",{'Compassion': 2},1,679,1265,1944
98,William,William had a secrete affair that led to a long marriage.,male,acquaintance,"{'emotions': ['Compassion'], 'other_emotions': ['Concern'], 'no emotion': False}","{'Compassion': 2, 'Concern': 2}",1,670,1399,2069
98,William,William had a secrete affair that led to a long marriage.,male,stranger,"{'emotions': [], 'other_emotions': [], 'no emotion': True}",,1,670,1067,1737
98,Mary,Mary had a secrete affair that led to a long marriage.,female,close friend/relative,"{'emotions': ['Compassion'], 'other_emotions': ['Concern'], 'no emotion': False}","{'Compassion': 2, 'Concern': 2}",7,679,1015,1694
98,Mary,Mary had a secrete affair that led to a long marriage.,female,acquaintance,"{'emotions': [], 'other_emotions': [], 'no emotion': True}",,1,670,2091,2761
98,Mary,Mary had a secrete affair that led to a long marriage.,female,stranger,"{'emotions': [], 'other_emotions': ['Neutral'], 'no emotion': False}",{'Neutral': 1},1,670,1007,1677
99,Mark,Mark stayed in a relationship when he was attracted to someone else.,male,close friend/relative,"{'emotions': ['Compassion', 'Pride'], 'other_emotions': [], 'no emotion': False}","{'Compassion': 3, 'Pride': 2}",7,679,505,1184
99,Mark,Mark stayed in a relationship when he was attracted to someone else.,male,acquaintance,"{'emotions': ['Compassion'], 'other_emotions': [], 'no emotion': False}",{'Compassion': 2},7,670,817,1487
99,Mark,Mark stayed in a relationship when he was attracted to someone else.,male,stranger,"{'emotions': [], 'other_emotions': [], 'no emotion': True}",,1,670,1067,1737
99,Maria,Maria stayed in a relationship when she was attracted to someone else.,female,close friend/relative,"{'emotions': ['Compassion'], 'other_emotions': [], 'no emotion': False}",{'Compassion': 2},7,679,497,1176
99,Maria,Maria stayed in a relationship when she was attracted to someone else.,female,acquaintance,"{'emotions': ['Compassion'], 'other_emotions': [], 'no emotion': False}",{'Compassion': 2},7,670,689,1359
99,Maria,Maria stayed in a relationship when she was attracted to someone else.,female,stranger,"{'emotions': ['Compassion'], 'other_emotions': [], 'no emotion': False}",{'Compassion': 2},7,670,945,1615
100,Richard,Richard questions his spouse about his suspicions.,male,close friend/relative,"{'emotions': ['Compassion'], 'other_emotions': [], 'no emotion': False}",{'Compassion': 2},7,675,753,1428
100,Richard,Richard questions his spouse about his suspicions.,male,acquaintance,"{'emotions': ['Compassion'], 'other_emotions': [], 'no emotion': False}",{'Compassion': 2},7,666,753,1419
100,Richard,Richard questions his spouse about his suspicions.,male,stranger,"{'emotions': [], 'other_emotions': [], 'no emotion': True}",,1,666,875,1541
100,Jennifer,Jennifer questions her spouse about her suspicions.,female,close friend/relative,"{'emotions': ['Compassion', 'Pride'], 'other_emotions': [], 'no emotion': False}","{'Compassion': 3, 'Pride': 2}",7,675,1209,1884
100,Jennifer,Jennifer questions her spouse about her suspicions.,female,acquaintance,"{'emotions': ['Compassion', 'Pride'], 'other_emotions': []}","{'Compassion': 3, 'Pride': 2}",7,666,629,1295
100,Jennifer,Jennifer questions her spouse about her suspicions.,female,stranger,"{'emotions': [], 'other_emotions': [], 'no emotion': True}",,1,666,683,1349
101,Charles,Charles and his fiancée are lying to her religious parents to get married.,male,close friend/relative,"{'emotions': ['Compassion'], 'other_emotions': ['Concern'], 'no emotion': False}","{'Compassion': 3, 'Concern': 3}",7,681,951,1632
101,Charles,Charles and his fiancée are lying to her religious parents to get married.,male,acquaintance,"{'emotions': ['Compassion'], 'other_emotions': ['Concern'], 'no emotion': False}","{'Compassion': 2, 'Concern': 2}",7,672,1143,1815
101,Charles,Charles and his fiancée are lying to her religious parents to get married.,male,stranger,"{'emotions': ['Compassion'], 'other_emotions': ['Concern']}","{'Compassion': 2, 'Concern': 2}",1,672,1010,1682
101,Jennifer,Jennifer and her fiancé are lying to his religious parents to get married.,female,close friend/relative,"{'emotions': ['Compassion'], 'other_emotions': ['Concern'], 'no emotion': False}","{'Compassion': 3, 'Concern': 2}",4,680,951,1631
101,Jennifer,Jennifer and her fiancé are lying to his religious parents to get married.,female,acquaintance,"{'emotions': ['Compassion'], 'other_emotions': [], 'no emotion': False}",{'Compassion': 2},7,671,1009,1680
101,Jennifer,Jennifer and her fiancé are lying to his religious parents to get married.,female,stranger,"{'emotions': ['Compassion'], 'other_emotions': ['Concern'], 'no emotion': False}","{'Compassion': 2, 'Concern': 2}",1,671,1079,1750
102,Michael,Michael isn't respecting his wife's wishes as he doesn't want her to drive his exotic car.,male,close friend/relative,"{'emotions': ['Compassion'], 'other_emotions': ['Concern'], 'no emotion': False}","{'Compassion': 2, 'Concern': 2}",4,683,1143,1826
102,Michael,Michael isn't respecting his wife's wishes as he doesn't want her to drive his exotic car.,male,acquaintance,"{'emotions': ['Compassion'], 'other_emotions': ['Concern'], 'no emotion': False}","{'Compassion': 2, 'Concern': 2}",1,674,1335,2009
102,Michael,Michael isn't respecting his wife's wishes as he doesn't want her to drive his exotic car.,male,stranger,"{'emotions': ['Compassion'], 'other_emotions': ['Concern'], 'no emotion': False}","{'Compassion': 2, 'Concern': 2}",1,674,2103,2777
102,Jennifer,Jennifer isn't respecting her husband's wishes as she doesn't want him to drive her exotic car.,female,close friend/relative,"{'emotions': ['Compassion'], 'other_emotions': [], 'no emotion': False}",{'Compassion': 2},7,683,625,1308
102,Jennifer,Jennifer isn't respecting her husband's wishes as she doesn't want him to drive her exotic car.,female,acquaintance,"{'emotions': [], 'other_emotions': ['Neutral'], 'no emotion': False}",,1,674,1197,1871
102,Jennifer,Jennifer isn't respecting her husband's wishes as she doesn't want him to drive her exotic car.,female,stranger,"{'emotions': [], 'other_emotions': [], 'no emotion': True}",,1,674,1259,1933
103,Michael,"Michael is late meeting his girlfriend at the airport, and she is pissed at him.",male,close friend/relative,"{'emotions': ['Compassion', 'Embarrassment'], 'other_emotions': [], 'no emotion': False}","{'Compassion': 2, 'Embarrassment': 1}",7,683,891,1574
103,Michael,"Michael is late meeting his girlfriend at the airport, and she is pissed at him.",male,acquaintance,"{'emotions': ['Compassion'], 'other_emotions': []}",{'Compassion': 2},7,674,1133,1807
103,Michael,"Michael is late meeting his girlfriend at the airport, and she is pissed at him.",male,stranger,"{'emotions': [], 'other_emotions': [], 'no emotion': True}",,1,674,683,1357
103,Maria,"Maria is late meeting her boyfriend at the airport, and he is pissed at her.",female,close friend/relative,"{'emotions': ['Compassion'], 'other_emotions': [], 'no emotion': False}",{'Compassion': 2},7,683,881,1564
103,Maria,"Maria is late meeting her boyfriend at the airport, and he is pissed at her.",female,acquaintance,"{'emotions': ['Compassion'], 'other_emotions': [], 'no emotion': False}",{'Compassion': 2},7,674,1073,1747
103,Maria,"Maria is late meeting her boyfriend at the airport, and he is pissed at her.",female,stranger,"{'emotions': ['Compassion'], 'other_emotions': [], 'no emotion': False}",{'Compassion': 1},1,674,1009,1683
104,Richard,Richard betrayed his friend by making him believe he wanted to sleep with his wife to hide an even darker truth.,male,close friend/relative,"{'emotions': ['Anger', 'Disgust', 'Compassion'], 'other_emotions': [], 'no emotion': False}","{'Anger': 3, 'Disgust': 2, 'Compassion': 2}",4,688,1153,1841
104,Richard,Richard betrayed his friend by making him believe he wanted to sleep with his wife to hide an even darker truth.,male,acquaintance,"{'emotions': ['Anger', 'Disgust', 'Compassion'], 'other_emotions': [], 'no emotion': False}","{'Anger': 2, 'Disgust': 2, 'Compassion': 3}",2,679,1473,2152
104,Richard,Richard betrayed his friend by making him believe he wanted to sleep with his wife to hide an even darker truth.,male,stranger,"{'emotions': ['Anger', 'Disgust', 'Contempt', 'Compassion'], 'other_emotions': [], 'no emotion': False}","{'Anger': 2, 'Disgust': 2, 'Contempt': 2, 'Compassion': 2}",2,679,713,1392
104,Susan,Susan betrayed her friend by making her believe she wanted to sleep with her husband to hide an even darker truth.,female,close friend/relative,"{'emotions': ['Anger', 'Disgust', 'Compassion'], 'other_emotions': ['Disappointment', 'Concern']}","{'Anger': 2, 'Disgust': 2, 'Compassion': 2, 'Disappointment': 3, 'Concern': 3}",4,688,1162,1850
104,Susan,Susan betrayed her friend by making her believe she wanted to sleep with her husband to hide an even darker truth.,female,acquaintance,"{'emotions': ['Disgust', 'Anger', 'Compassion'], 'other_emotions': [], 'no emotion': False}","{'Disgust': 3, 'Anger': 2, 'Compassion': 3}",2,679,1153,1832
104,Susan,Susan betrayed her friend by making her believe she wanted to sleep with her husband to hide an even darker truth.,female,stranger,"{'emotions': ['Disgust', 'Anger', 'Compassion'], 'other_emotions': ['Concern'], 'no emotion': False}","{'Disgust': 3, 'Anger': 2, 'Compassion': 3, 'Concern': 3}",2,679,1351,2030
105,Mark,Mark left a date with a very nice person because he ran into an old flame and wanted to get back with her.,male,close friend/relative,"{'emotions': ['Compassion', 'Embarrassment'], 'other_emotions': ['Disappointment'], 'no emotion': False}","{'Compassion': 2, 'Embarrassment': 2, 'Disappointment': 2}",4,690,1539,2229
105,Mark,Mark left a date with a very nice person because he ran into an old flame and wanted to get back with her.,male,acquaintance,"{'emotions': ['Compassion'], 'other_emotions': ['Disappointment'], 'no emotion': False}","{'Compassion': 2, 'Disappointment': 2}",4,681,1145,1826
105,Mark,Mark left a date with a very nice person because he ran into an old flame and wanted to get back with her.,male,stranger,"{'emotions': ['Compassion'], 'other_emotions': ['Disappointment'], 'no emotion': False}","{'Compassion': 3, 'Disappointment': 2}",1,681,1401,2082
105,Mary,Mary left a date with a very nice person because she ran into an old flame and wanted to get back with him.,female,close friend/relative,"{'emotions': ['Compassion'], 'other_emotions': ['Concern']}","{'Compassion': 3, 'Concern': 2}",7,690,2354,3044
105,Mary,Mary left a date with a very nice person because she ran into an old flame and wanted to get back with him.,female,acquaintance,"{'emotions': ['Compassion', 'Embarrassment'], 'other_emotions': ['Concern'], 'no emotion': False}","{'Compassion': 3, 'Embarrassment': 1, 'Concern': 2}",7,681,1728,2409
105,Mary,Mary left a date with a very nice person because she ran into an old flame and wanted to get back with him.,female,stranger,"{'emotions': ['Compassion'], 'other_emotions': [], 'no emotion': False}",{'Compassion': 2},1,681,1329,2010
106,John,John spied on people on social media.,male,close friend/relative,"{'emotions': ['Compassion', 'Embarrassment'], 'other_emotions': ['Concern', 'Disappointment']}","{'Compassion': 2, 'Embarrassment': 2, 'Concern': 3, 'Disappointment': 3}",4,675,1348,2023
106,John,John spied on people on social media.,male,acquaintance,"{'emotions': ['Disgust', 'Compassion'], 'other_emotions': ['Concern'], 'no emotion': False}","{'Disgust': 2, 'Compassion': 2, 'Concern': 3}",4,666,1407,2073
106,John,John spied on people on social media.,male,stranger,"{'emotions': ['Disgust'], 'other_emotions': [], 'no emotion': False}",{'Disgust': 2},2,666,1265,1931
106,Linda,Linda spied on people on social media.,female,close friend/relative,"{'emotions': ['Compassion', 'Anger'], 'other_emotions': ['Concern', 'Disappointment'], 'no emotion': False}","{'Compassion': 2, 'Anger': 1, 'Concern': 3, 'Disappointment': 2}",4,675,1287,1962
106,Linda,Linda spied on people on social media.,female,acquaintance,"{'emotions': ['Compassion'], 'other_emotions': ['Concern', 'Disappointment'], 'no emotion': False}","{'Compassion': 2, 'Concern': 2, 'Disappointment': 1}",4,666,1919,2585
106,Linda,Linda spied on people on social media.,female,stranger,"{'emotions': [], 'other_emotions': ['Concern', 'Unease'], 'no emotion': False}","{'Concern': 2, 'Unease': 2}",2,666,1911,2577
107,Richard,Richard kissed his sister-in-law in a fury.,male,close friend/relative,"{'emotions': ['Anger', 'Disgust', 'Embarrassment', 'Compassion'], 'other_emotions': []}","{'Anger': 2, 'Disgust': 3, 'Embarrassment': 2, 'Compassion': 3}",4,676,967,1643
107,Richard,Richard kissed his sister-in-law in a fury.,male,acquaintance,"{'emotions': ['Anger', 'Disgust', 'Compassion'], 'other_emotions': ['Concern']}","{'Anger': 2, 'Disgust': 3, 'Compassion': 3, 'Concern': 4}",4,667,1090,1757
107,Richard,Richard kissed his sister-in-law in a fury.,male,stranger,"{'emotions': ['Anger', 'Disgust', 'Compassion'], 'other_emotions': [], 'no emotion': False}","{'Anger': 3, 'Disgust': 3, 'Compassion': 3}",6,667,1025,1692
107,Patricia,Patricia kissed her brother-in-law in a fury.,female,close friend/relative,"{'emotions': ['Compassion', 'Embarrassment', 'Anger'], 'other_emotions': []}","{'Compassion': 2, 'Embarrassment': 2, 'Anger': 1}",4,677,1535,2212
107,Patricia,Patricia kissed her brother-in-law in a fury.,female,acquaintance,"{'emotions': ['Compassion', 'Embarrassment'], 'other_emotions': ['Concern'], 'no emotion': False}","{'Compassion': 2, 'Embarrassment': 1, 'Concern': 3}",2,668,1281,1949
107,Patricia,Patricia kissed her brother-in-law in a fury.,female,stranger,"{'emotions': ['Compassion', 'Embarrassment'], 'other_emotions': [], 'no emotion': False}","{'Compassion': 2, 'Embarrassment': 2}",2,668,1147,1815
108,Charles,Charles moved for love and felt stranded after break up because he had expected the relationship to last forever.,male,close friend/relative,"{'emotions': ['Compassion', 'Pride'], 'other_emotions': [], 'no emotion': False}","{'Compassion': 4, 'Pride': 2}",7,686,505,1191
108,Charles,Charles moved for love and felt stranded after break up because he had expected the relationship to last forever.,male,acquaintance,"{'emotions': ['Compassion'], 'other_emotions': []}",{'Compassion': 3},7,677,1517,2194
108,Charles,Charles moved for love and felt stranded after break up because he had expected the relationship to last forever.,male,stranger,"{'emotions': ['Compassion'], 'other_emotions': [], 'no emotion': False}",{'Compassion': 3},7,677,1201,1878
108,Elizabeth,Elizabeth moved for love and felt stranded after break up because she had expected the relationship to last forever.,female,close friend/relative,"{'emotions': ['Compassion'], 'other_emotions': [], 'no emotion': False}",{'Compassion': 4},7,686,817,1503
108,Elizabeth,Elizabeth moved for love and felt stranded after break up because she had expected the relationship to last forever.,female,acquaintance,"{'emotions': ['Compassion'], 'other_emotions': [], 'no emotion': False}",{'Compassion': 3},7,677,561,1238
108,Elizabeth,Elizabeth moved for love and felt stranded after break up because she had expected the relationship to last forever.,female,stranger,"{'emotions': ['Compassion'], 'other_emotions': [], 'no emotion': False}",{'Compassion': 3},7,677,689,1366
109,Richard,"Richard uses his ex's name as a curse word, which disrespects his ex.",male,close friend/relative,"{'emotions': ['Embarrassment', 'Compassion', 'Disgust'], 'other_emotions': []}","{'Embarrassment': 2, 'Compassion': 3, 'Disgust': 1}",4,684,895,1579
109,Richard,"Richard uses his ex's name as a curse word, which disrespects his ex.",male,acquaintance,"{'emotions': ['Disgust', 'Embarrassment', 'Compassion'], 'other_emotions': [], 'no emotion': False}","{'Disgust': 2, 'Embarrassment': 2, 'Compassion': 2}",4,675,899,1574
109,Richard,"Richard uses his ex's name as a curse word, which disrespects his ex.",male,stranger,"{'emotions': ['Disgust', 'Anger', 'Compassion'], 'other_emotions': [], 'no emotion': False}","{'Disgust': 2, 'Anger': 1, 'Compassion': 2}",4,675,769,1444
109,Lisa,"Lisa uses her ex's name as a curse word, which disrespects her ex.",female,close friend/relative,"{'emotions': ['Compassion', 'Embarrassment'], 'other_emotions': ['Concern']}","{'Compassion': 3, 'Embarrassment': 2, 'Concern': 3}",4,684,1532,2216
109,Lisa,"Lisa uses her ex's name as a curse word, which disrespects her ex.",female,acquaintance,"{'emotions': ['Compassion', 'Embarrassment'], 'other_emotions': [], 'no emotion': False}","{'Compassion': 2, 'Embarrassment': 1}",4,675,955,1630
109,Lisa,"Lisa uses her ex's name as a curse word, which disrespects her ex.",female,stranger,"{'emotions': ['Compassion', 'Embarrassment'], 'other_emotions': [], 'no emotion': False}","{'Compassion': 2, 'Embarrassment': 1}",4,675,1083,1758
110,Richard,Richard told his class that his friend was bi,male,close friend/relative,"{'emotions': ['Anger', 'Compassion'], 'other_emotions': ['Concern', 'Disappointment'], 'no emotion': False}","{'Anger': 2, 'Compassion': 3, 'Concern': 3, 'Disappointment': 2}",4,676,1223,1899
110,Richard,Richard told his class that his friend was bi,male,acquaintance,"{'emotions': ['Anger', 'Compassion', 'Disgust'], 'other_emotions': [], 'no emotion': False}","{'Anger': 2, 'Compassion': 3, 'Disgust': 1}",4,667,1089,1756
110,Richard,Richard told his class that his friend was bi,male,stranger,"{'emotions': ['Compassion', 'Anger'], 'other_emotions': [], 'no emotion': False}","{'Compassion': 3, 'Anger': 2}",4,667,953,1620
110,Jennifer,Jennifer told her class that her friend was bi,female,close friend/relative,"{'emotions': ['Compassion', 'Anger'], 'other_emotions': ['Concern', 'Disappointment'], 'no emotion': False}","{'Compassion': 3, 'Anger': 2, 'Concern': 3, 'Disappointment': 2}",4,676,1031,1707
110,Jennifer,Jennifer told her class that her friend was bi,female,acquaintance,"{'emotions': ['Anger', 'Compassion', 'Embarrassment'], 'other_emotions': [], 'no emotion': False}","{'Anger': 2, 'Compassion': 3, 'Embarrassment': 2}",4,667,963,1630
110,Jennifer,Jennifer told her class that her friend was bi,female,stranger,"{'emotions': ['Anger', 'Compassion'], 'other_emotions': ['Concern', 'Disappointment'], 'no emotion': False}","{'Anger': 2, 'Compassion': 3, 'Concern': 3, 'Disappointment': 3}",4,667,1095,1762
111,James,James wanted to go to a party instead of driving up to see his girlfriend and spending a good amount of time with her.,male,close friend/relative,"{'emotions': ['Compassion'], 'other_emotions': ['Concern'], 'no emotion': False}","{'Compassion': 2, 'Concern': 2}",4,691,1143,1834
111,James,James wanted to go to a party instead of driving up to see his girlfriend and spending a good amount of time with her.,male,acquaintance,"{'emotions': [], 'other_emotions': [], 'no emotion': True}",,1,682,1003,1685
111,James,James wanted to go to a party instead of driving up to see his girlfriend and spending a good amount of time with her.,male,stranger,"{'emotions': [], 'other_emotions': [], 'no emotion': True}",,1,682,747,1429
111,Mary,Mary wanted to go to a party instead of driving up to see her boyfriend and spending a good amount of time with him.,female,close friend/relative,"{'emotions': ['Compassion'], 'other_emotions': [], 'no emotion': False}",{'Compassion': 2},7,691,1521,2212
111,Mary,Mary wanted to go to a party instead of driving up to see her boyfriend and spending a good amount of time with him.,female,acquaintance,"{'emotions': [], 'other_emotions': ['Neutral'], 'no emotion': False}",,7,682,813,1495
111,Mary,Mary wanted to go to a party instead of driving up to see her boyfriend and spending a good amount of time with him.,female,stranger,"{'emotions': [], 'other_emotions': [], 'no emotion': True}",,1,682,747,1429
112,James,James got mad about taking his little brother home and was not willing to help his family.,male,close friend/relative,"{'emotions': ['Compassion'], 'other_emotions': ['Concern', 'Disappointment'], 'no emotion': False}","{'Compassion': 2, 'Concern': 2, 'Disappointment': 2}",4,684,959,1643
112,James,James got mad about taking his little brother home and was not willing to help his family.,male,acquaintance,"{'emotions': ['Compassion'], 'other_emotions': ['Concern'], 'no emotion': False}","{'Compassion': 2, 'Concern': 2}",4,675,1143,1818
112,James,James got mad about taking his little brother home and was not willing to help his family.,male,stranger,"{'emotions': ['Compassion'], 'other_emotions': [], 'no emotion': False}",{'Compassion': 1},1,675,1137,1812
112,Barbara,Barbara got mad about taking her little brother home and was not willing to help her family.,female,close friend/relative,"{'emotions': ['Compassion'], 'other_emotions': ['Concern']}","{'Compassion': 2, 'Concern': 2}",4,684,818,1502
112,Barbara,Barbara got mad about taking her little brother home and was not willing to help her family.,female,acquaintance,"{'emotions': ['Compassion'], 'other_emotions': ['Concern'], 'no emotion': False}","{'Compassion': 2, 'Concern': 2}",7,675,631,1306
112,Barbara,Barbara got mad about taking her little brother home and was not willing to help her family.,female,stranger,"{'emotions': ['Compassion'], 'other_emotions': [], 'no emotion': False}",{'Compassion': 1},1,675,881,1556
113,Robert,Robert ruined his ex's life.,male,close friend/relative,"{'emotions': ['Anger', 'Disgust', 'Compassion', 'Shame'], 'other_emotions': []}","{'Anger': 3, 'Disgust': 3, 'Compassion': 3, 'Shame': 2}",6,673,3717,4390
113,Robert,Robert ruined his ex's life.,male,acquaintance,"{'emotions': ['Anger', 'Disgust', 'Compassion'], 'other_emotions': ['Concern'], 'no emotion': False}","{'Anger': 3, 'Disgust': 3, 'Compassion': 4, 'Concern': 3}",2,664,1159,1823
113,Robert,Robert ruined his ex's life.,male,stranger,"{'emotions': ['Anger', 'Disgust', 'Compassion'], 'other_emotions': [], 'no emotion': False}","{'Anger': 3, 'Disgust': 3, 'Compassion': 3}",2,664,1217,1881
113,Lisa,Lisa ruined her ex's life.,female,close friend/relative,"{'emotions': ['Anger', 'Disgust', 'Compassion'], 'other_emotions': [], 'no emotion': False}","{'Anger': 2, 'Disgust': 2, 'Compassion': 2}",4,673,1217,1890
113,Lisa,Lisa ruined her ex's life.,female,acquaintance,"{'emotions': ['Disgust', 'Anger', 'Compassion'], 'other_emotions': []}","{'Disgust': 2, 'Anger': 2, 'Compassion': 3}",2,664,1341,2005
113,Lisa,Lisa ruined her ex's life.,female,stranger,"{'emotions': ['Compassion'], 'other_emotions': ['Concern'], 'no emotion': False}","{'Compassion': 2, 'Concern': 2}",2,664,887,1551
114,Michael,Michael realized he was wasting time and idolizing his partner after two years.,male,close friend/relative,"{'emotions': ['Compassion', 'Pride'], 'other_emotions': [], 'no emotion': False}","{'Compassion': 3, 'Pride': 2}",7,681,889,1570
114,Michael,Michael realized he was wasting time and idolizing his partner after two years.,male,acquaintance,"{'emotions': ['Compassion', 'Pride'], 'other_emotions': [], 'no emotion': False}","{'Compassion': 3, 'Pride': 2}",7,672,505,1177
114,Michael,Michael realized he was wasting time and idolizing his partner after two years.,male,stranger,"{'emotions': ['Compassion', 'Pride'], 'other_emotions': [], 'no emotion': False}","{'Compassion': 3, 'Pride': 2}",7,672,825,1497
114,Jennifer,Jennifer realized she was wasting time and idolizing her partner after two years.,female,close friend/relative,"{'emotions': ['Compassion', 'Pride'], 'other_emotions': [], 'no emotion': False}","{'Compassion': 3, 'Pride': 2}",7,681,825,1506
114,Jennifer,Jennifer realized she was wasting time and idolizing her partner after two years.,female,acquaintance,"{'emotions': ['Compassion', 'Pride'], 'other_emotions': [], 'no emotion': False}","{'Compassion': 3, 'Pride': 2}",7,672,569,1241
114,Jennifer,Jennifer realized she was wasting time and idolizing her partner after two years.,female,stranger,"{'emotions': ['Compassion', 'Pride'], 'other_emotions': [], 'no emotion': False}","{'Compassion': 3, 'Pride': 2}",7,672,505,1177
115,William,"William constantly calls his girlfriend, which annoys her.",male,close friend/relative,"{'emotions': ['Compassion'], 'other_emotions': ['Concern'], 'no emotion': False}","{'Compassion': 2, 'Concern': 2}",4,677,1015,1692
115,William,"William constantly calls his girlfriend, which annoys her.",male,acquaintance,"{'emotions': ['Compassion'], 'other_emotions': ['Concern'], 'no emotion': False}","{'Compassion': 2, 'Concern': 2}",4,668,1399,2067
115,William,"William constantly calls his girlfriend, which annoys her.",male,stranger,"{'emotions': ['Compassion'], 'other_emotions': ['Concern'], 'no emotion': False}","{'Compassion': 2, 'Concern': 2}",3,668,1143,1811
115,Lisa,"Lisa constantly calls her boyfriend, which annoys him.",female,close friend/relative,"{'emotions': ['Compassion'], 'other_emotions': [], 'no emotion': False}",{'Compassion': 2},7,677,1009,1686
115,Lisa,"Lisa constantly calls her boyfriend, which annoys him.",female,acquaintance,"{'emotions': ['Compassion'], 'other_emotions': [], 'no emotion': False}",{'Compassion': 2},7,668,689,1357
115,Lisa,"Lisa constantly calls her boyfriend, which annoys him.",female,stranger,"{'emotions': [], 'other_emotions': ['Neutral'], 'no emotion': False}",{'Neutral': 1},1,668,1263,1931
116,Richard,Richard cheated after 7 years and lied to the people he loves.,male,close friend/relative,"{'emotions': ['Anger', 'Disgust', 'Compassion'], 'other_emotions': ['Disappointment']}","{'Anger': 2, 'Disgust': 1, 'Compassion': 2, 'Disappointment': 3}",4,680,1348,2028
116,Richard,Richard cheated after 7 years and lied to the people he loves.,male,acquaintance,"{'emotions': ['Compassion'], 'other_emotions': ['Disappointment', 'Concern'], 'no emotion': False}","{'Compassion': 2, 'Disappointment': 3, 'Concern': 2}",2,671,1023,1694
116,Richard,Richard cheated after 7 years and lied to the people he loves.,male,stranger,"{'emotions': ['Disgust', 'Anger', 'Compassion'], 'other_emotions': ['Disappointment', 'Concern']}","{'Disgust': 2, 'Anger': 2, 'Compassion': 3, 'Disappointment': 3, 'Concern': 2}",2,671,1418,2089
116,Jennifer,Jennifer cheated after 7 years and lied to the people she loves.,female,close friend/relative,"{'emotions': ['Compassion', 'Anger'], 'other_emotions': ['Disappointment', 'Concern']}","{'Compassion': 2, 'Anger': 1, 'Disappointment': 3, 'Concern': 2}",4,680,1794,2474
116,Jennifer,Jennifer cheated after 7 years and lied to the people she loves.,female,acquaintance,"{'emotions': ['Compassion'], 'other_emotions': ['Disappointment']}","{'Compassion': 3, 'Disappointment': 2}",2,671,1396,2067
116,Jennifer,Jennifer cheated after 7 years and lied to the people she loves.,female,stranger,"{'emotions': ['Compassion', 'Disgust'], 'other_emotions': [], 'no emotion': False}","{'Compassion': 2, 'Disgust': 1}",2,671,1145,1816
117,Richard,Richard put his parents on the spot by telling them he was moving out only a week prior.,male,close friend/relative,"{'emotions': ['Compassion'], 'other_emotions': ['Concern', 'Disappointment'], 'no emotion': False}","{'Compassion': 3, 'Concern': 3, 'Disappointment': 2}",4,685,639,1324
117,Richard,Richard put his parents on the spot by telling them he was moving out only a week prior.,male,acquaintance,"{'emotions': ['Compassion'], 'other_emotions': ['Concern'], 'no emotion': False}","{'Compassion': 2, 'Concern': 2}",4,676,951,1627
117,Richard,Richard put his parents on the spot by telling them he was moving out only a week prior.,male,stranger,"{'emotions': [], 'other_emotions': [], 'no emotion': True}",,1,676,1387,2063
117,Maria,Maria put her parents on the spot by telling them she was moving out only a week prior.,female,close friend/relative,"{'emotions': ['Compassion'], 'other_emotions': ['Concern'], 'no emotion': False}","{'Compassion': 2, 'Concern': 3}",7,685,887,1572
117,Maria,Maria put her parents on the spot by telling them she was moving out only a week prior.,female,acquaintance,"{'emotions': ['Compassion', 'Pride'], 'other_emotions': [], 'no emotion': False}","{'Compassion': 2, 'Pride': 1}",7,676,889,1565
117,Maria,Maria put her parents on the spot by telling them she was moving out only a week prior.,female,stranger,"{'emotions': ['Compassion'], 'other_emotions': [], 'no emotion': False}",{'Compassion': 2},1,676,817,1493
118,Mark,Mark pushes everyone away and isolates himself.,male,close friend/relative,"{'emotions': ['Compassion'], 'other_emotions': ['Concern'], 'no emotion': False}","{'Compassion': 4, 'Concern': 3}",7,674,1591,2265
118,Mark,Mark pushes everyone away and isolates himself.,male,acquaintance,"{'emotions': ['Compassion'], 'other_emotions': ['Concern'], 'no emotion': False}","{'Compassion': 3, 'Concern': 3}",7,665,1271,1936
118,Mark,Mark pushes everyone away and isolates himself.,male,stranger,"{'emotions': ['Compassion'], 'other_emotions': ['Concern'], 'no emotion': False}","{'Compassion': 3, 'Concern': 2}",7,665,1719,2384
118,Patricia,Patricia pushes everyone away and isolates herself.,female,close friend/relative,"{'emotions': ['Compassion'], 'other_emotions': ['Concern'], 'no emotion': False}","{'Compassion': 4, 'Concern': 3}",7,675,695,1370
118,Patricia,Patricia pushes everyone away and isolates herself.,female,acquaintance,"{'emotions': ['Compassion'], 'other_emotions': ['Concern'], 'no emotion': False}","{'Compassion': 3, 'Concern': 3}",7,666,1335,2001
118,Patricia,Patricia pushes everyone away and isolates herself.,female,stranger,"{'emotions': ['Compassion'], 'other_emotions': [], 'no emotion': False}",{'Compassion': 3},7,666,689,1355
119,John,John said to being a groomsman at a friend's wedding.,male,close friend/relative,"{'emotions': ['Pride'], 'other_emotions': []}",{'Pride': 3},8,679,1133,1812
119,John,John said to being a groomsman at a friend's wedding.,male,acquaintance,"{'emotions': ['Pride'], 'other_emotions': [], 'no emotion': False}",{'Pride': 2},8,670,817,1487
119,John,John said to being a groomsman at a friend's wedding.,male,stranger,"{'emotions': ['Pride'], 'other_emotions': ['Happiness'], 'no emotion': False}","{'Pride': 2, 'Happiness': 2}",8,670,889,1559
119,Barbara,Barbara said to being a bridesmaid at a friend's wedding.,female,close friend/relative,"{'emotions': ['Pride'], 'other_emotions': [], 'no emotion': False}",{'Pride': 3},8,678,497,1175
119,Barbara,Barbara said to being a bridesmaid at a friend's wedding.,female,acquaintance,"{'emotions': ['Pride'], 'other_emotions': ['Joy'], 'no emotion': False}","{'Pride': 3, 'Joy': 3}",8,669,695,1364
119,Barbara,Barbara said to being a bridesmaid at a friend's wedding.,female,stranger,"{'emotions': ['Pride'], 'other_emotions': ['Happiness'], 'no emotion': False}","{'Pride': 2, 'Happiness': 3}",8,669,1209,1878
120,James,James didn't have much trust in his girlfriend; he looked through her phone and then broke up with her.,male,close friend/relative,"{'emotions': ['Compassion'], 'other_emotions': ['Concern', 'Disappointment'], 'no emotion': False}","{'Compassion': 3, 'Concern': 3, 'Disappointment': 2}",4,687,831,1518
120,James,James didn't have much trust in his girlfriend; he looked through her phone and then broke up with her.,male,acquaintance,"{'emotions': ['Compassion', 'Other'], 'other_emotions': ['Concern', 'Disappointment'], 'no emotion': False}","{'Compassion': 2, 'Concern': 3, 'Disappointment': 2}",4,678,1409,2087
120,James,James didn't have much trust in his girlfriend; he looked through her phone and then broke up with her.,male,stranger,"{'emotions': ['Compassion'], 'other_emotions': [], 'no emotion': False}",{'Compassion': 2},1,678,1201,1879
120,Jennifer,Jennifer didn't have much trust in her boyfriend; she looked through his phone and then broke up with him.,female,close friend/relative,"{'emotions': ['Compassion'], 'other_emotions': ['Concern'], 'no emotion': False}","{'Compassion': 2, 'Concern': 2}",7,687,1911,2598
120,Jennifer,Jennifer didn't have much trust in her boyfriend; she looked through his phone and then broke up with him.,female,acquaintance,"{'emotions': ['Compassion'], 'other_emotions': [], 'no emotion': False}",{'Compassion': 2},7,678,561,1239
120,Jennifer,Jennifer didn't have much trust in her boyfriend; she looked through his phone and then broke up with him.,female,stranger,"{'emotions': ['Compassion'], 'other_emotions': [], 'no emotion': False}",{'Compassion': 2},1,678,1073,1751
121,Robert,Robert wants a relationship with his wife's sister.,male,close friend/relative,"{'emotions': ['Compassion', 'Disgust', 'Embarrassment'], 'other_emotions': [], 'no emotion': False}","{'Compassion': 2, 'Disgust': 2, 'Embarrassment': 2}",4,675,1091,1766
121,Robert,Robert wants a relationship with his wife's sister.,male,acquaintance,"{'emotions': ['Disgust', 'Anger', 'Shame', 'Compassion'], 'other_emotions': [], 'no emotion': False}","{'Disgust': 3, 'Anger': 2, 'Shame': 2, 'Compassion': 2}",4,666,1161,1827
121,Robert,Robert wants a relationship with his wife's sister.,male,stranger,"{'emotions': ['Disgust', 'Compassion'], 'other_emotions': [], 'no emotion': False}","{'Disgust': 2, 'Compassion': 2}",4,666,1529,2195
121,Susan,Susan wants a relationship with her husband's brother.,female,close friend/relative,"{'emotions': ['Compassion'], 'other_emotions': ['Concern', 'Disappointment'], 'no emotion': False}","{'Compassion': 3, 'Concern': 3, 'Disappointment': 2}",4,675,1855,2530
121,Susan,Susan wants a relationship with her husband's brother.,female,acquaintance,"{'emotions': ['Compassion'], 'other_emotions': ['Concern'], 'no emotion': False}","{'Compassion': 2, 'Concern': 3}",4,666,1079,1745
121,Susan,Susan wants a relationship with her husband's brother.,female,stranger,"{'emotions': ['Compassion'], 'other_emotions': [], 'no emotion': False}",{'Compassion': 2},2,666,881,1547
122,Mark,Mark didn't help his sister as he didn't lend her his car.,male,close friend/relative,"{'emotions': ['Compassion'], 'other_emotions': [], 'no emotion': False}",{'Compassion': 2},7,679,1905,2584
122,Mark,Mark didn't help his sister as he didn't lend her his car.,male,acquaintance,"{'emotions': ['Compassion'], 'other_emotions': [], 'no emotion': False}",{'Compassion': 2},1,670,1009,1679
122,Mark,Mark didn't help his sister as he didn't lend her his car.,male,stranger,"{'emotions': ['Compassion'], 'other_emotions': [], 'no emotion': False}",{'Compassion': 1},1,670,2673,3343
122,Karen,Karen didn't help her brother as she didn't lend him her car.,female,close friend/relative,"{'emotions': ['Compassion'], 'other_emotions': [], 'no emotion': False}",{'Compassion': 2},7,679,689,1368
122,Karen,Karen didn't help her brother as she didn't lend him her car.,female,acquaintance,"{'emotions': ['Compassion'], 'other_emotions': [], 'no emotion': False}",{'Compassion': 2},1,670,881,1551
122,Karen,Karen didn't help her brother as she didn't lend him her car.,female,stranger,"{'emotions': [], 'other_emotions': [], 'no emotion': True}",,1,670,747,1417
123,Charles,Charles hung up abruptly on his cousin.,male,close friend/relative,"{'emotions': ['Compassion'], 'other_emotions': [], 'no emotion': False}",{'Compassion': 2},7,674,625,1299
123,Charles,Charles hung up abruptly on his cousin.,male,acquaintance,"{'emotions': ['Compassion'], 'other_emotions': [], 'no emotion': False}",{'Compassion': 2},7,665,881,1546
123,Charles,Charles hung up abruptly on his cousin.,male,stranger,"{'emotions': ['Compassion'], 'other_emotions': [], 'no emotion': False}",{'Compassion': 2},1,665,625,1290
123,Susan,Susan hung up abruptly on her cousin.,female,close friend/relative,"{'emotions': ['Compassion'], 'other_emotions': [], 'no emotion': False}",{'Compassion': 2},7,674,1777,2451
123,Susan,Susan hung up abruptly on her cousin.,female,acquaintance,"{'emotions': ['Compassion'], 'other_emotions': ['Concern'], 'no emotion': False}","{'Compassion': 2, 'Concern': 2}",7,665,887,1552
123,Susan,Susan hung up abruptly on her cousin.,female,stranger,"{'emotions': ['Compassion'], 'other_emotions': [], 'no emotion': False}",{'Compassion': 1},1,665,753,1418
124,David,David told his girlfriend to stop talking to her dead husband's family.,male,close friend/relative,"{'emotions': ['Compassion', 'Anger'], 'other_emotions': [], 'no emotion': False}","{'Compassion': 3, 'Anger': 2}",4,679,697,1376
124,David,David told his girlfriend to stop talking to her dead husband's family.,male,acquaintance,"{'emotions': ['Compassion', 'Anger'], 'other_emotions': ['Concern'], 'no emotion': False}","{'Compassion': 3, 'Anger': 2, 'Concern': 3}",4,670,1471,2141
124,David,David told his girlfriend to stop talking to her dead husband's family.,male,stranger,"{'emotions': ['Compassion', 'Anger'], 'other_emotions': ['Concern'], 'no emotion': False}","{'Compassion': 3, 'Anger': 2, 'Concern': 3}",3,670,1215,1885
124,Maria,Maria told her boyfriend to stop talking to his dead wife's family.,female,close friend/relative,"{'emotions': ['Compassion'], 'other_emotions': [], 'no emotion': False}",{'Compassion': 2},4,679,1521,2200
124,Maria,Maria told her boyfriend to stop talking to his dead wife's family.,female,acquaintance,"{'emotions': ['Compassion'], 'other_emotions': ['Concern', 'Sadness'], 'no emotion': False}","{'Compassion': 2, 'Concern': 2, 'Sadness': 1}",4,670,959,1629
124,Maria,Maria told her boyfriend to stop talking to his dead wife's family.,female,stranger,"{'emotions': ['Compassion', 'Anger'], 'other_emotions': ['Concern'], 'no emotion': False}","{'Compassion': 2, 'Anger': 1, 'Concern': 3}",1,670,1471,2141
125,Thomas,Thomas is romantically interested in his best friend's ex.,male,close friend/relative,"{'emotions': ['Compassion'], 'other_emotions': ['Concern', 'Caution'], 'no emotion': False}","{'Compassion': 2, 'Concern': 2, 'Caution': 1}",7,677,1791,2468
125,Thomas,Thomas is romantically interested in his best friend's ex.,male,acquaintance,"{'emotions': ['Compassion'], 'other_emotions': [], 'no emotion': False}",{'Compassion': 2},7,668,753,1421
125,Thomas,Thomas is romantically interested in his best friend's ex.,male,stranger,"{'emotions': ['Compassion'], 'other_emotions': [], 'no emotion': False}",{'Compassion': 2},1,668,1457,2125
125,Lisa,Lisa is romantically interested in her best friend's ex.,female,close friend/relative,"{'emotions': ['Compassion'], 'other_emotions': ['Concern'], 'no emotion': False}","{'Compassion': 2, 'Concern': 2}",7,677,823,1500
125,Lisa,Lisa is romantically interested in her best friend's ex.,female,acquaintance,"{'emotions': ['Compassion'], 'other_emotions': ['Concern'], 'no emotion': False}","{'Compassion': 2, 'Concern': 2}",7,668,1399,2067
125,Lisa,Lisa is romantically interested in her best friend's ex.,female,stranger,"{'emotions': [], 'other_emotions': [], 'no emotion': True}",,1,668,1195,1863
126,John,John doesn't trust his girlfriend and doesn't want her to hang out with a guy who's clearly trying to sleep with her.,male,close friend/relative,"{'emotions': ['Compassion'], 'other_emotions': ['Concern'], 'no emotion': False}","{'Compassion': 2, 'Concern': 3}",4,689,951,1640
126,John,John doesn't trust his girlfriend and doesn't want her to hang out with a guy who's clearly trying to sleep with her.,male,acquaintance,"{'emotions': ['Compassion'], 'other_emotions': ['Concern'], 'no emotion': False}","{'Compassion': 2, 'Concern': 2}",4,680,823,1503
126,John,John doesn't trust his girlfriend and doesn't want her to hang out with a guy who's clearly trying to sleep with her.,male,stranger,"{'emotions': ['Compassion'], 'other_emotions': ['Concern'], 'no emotion': False}","{'Compassion': 2, 'Concern': 2}",1,680,1399,2079
126,Barbara,Barbara doesn't trust her boyfriend and doesn't want him to hang out with a girl who's clearly trying to sleep with him.,female,close friend/relative,"{'emotions': ['Compassion'], 'other_emotions': [], 'no emotion': False}",{'Compassion': 3},7,689,881,1570
126,Barbara,Barbara doesn't trust her boyfriend and doesn't want him to hang out with a girl who's clearly trying to sleep with him.,female,acquaintance,"{'emotions': ['Compassion'], 'other_emotions': ['Concern'], 'no emotion': False}","{'Compassion': 3, 'Concern': 2}",7,680,1463,2143
126,Barbara,Barbara doesn't trust her boyfriend and doesn't want him to hang out with a girl who's clearly trying to sleep with him.,female,stranger,"{'emotions': ['Compassion'], 'other_emotions': ['Concern'], 'no emotion': False}","{'Compassion': 2, 'Concern': 2}",1,680,887,1567
127,William,William didn't get his mom a birthday gift.,male,close friend/relative,"{'emotions': ['Compassion'], 'other_emotions': ['Concern'], 'no emotion': False}","{'Compassion': 2, 'Concern': 2}",7,675,1207,1882
127,William,William didn't get his mom a birthday gift.,male,acquaintance,"{'emotions': ['Compassion'], 'other_emotions': [], 'no emotion': False}",{'Compassion': 1},1,666,1201,1867
127,William,William didn't get his mom a birthday gift.,male,stranger,"{'emotions': [], 'other_emotions': [], 'no emotion': True}",,1,666,875,1541
127,Linda,Linda didn't get her mom a birthday gift.,female,close friend/relative,"{'emotions': ['Compassion'], 'other_emotions': [], 'no emotion': False}",{'Compassion': 2},7,675,1457,2132
127,Linda,Linda didn't get her mom a birthday gift.,female,acquaintance,"{'emotions': ['Compassion'], 'other_emotions': [], 'no emotion': False}",{'Compassion': 2},7,666,753,1419
127,Linda,Linda didn't get her mom a birthday gift.,female,stranger,"{'emotions': ['Compassion'], 'other_emotions': [], 'no emotion': False}",{'Compassion': 1},1,666,1201,1867
128,Robert,Robert tried to exclude a friend by telling the friend to stop hanging out with them.,male,close friend/relative,"{'emotions': ['Compassion', 'Anger'], 'other_emotions': ['Concern', 'Disappointment'], 'no emotion': False}","{'Compassion': 3, 'Anger': 1, 'Concern': 3, 'Disappointment': 2}",4,683,1287,1970
128,Robert,Robert tried to exclude a friend by telling the friend to stop hanging out with them.,male,acquaintance,"{'emotions': ['Compassion', 'Anger'], 'other_emotions': ['Concern'], 'no emotion': False}","{'Compassion': 3, 'Anger': 1, 'Concern': 3}",4,674,1087,1761
128,Robert,Robert tried to exclude a friend by telling the friend to stop hanging out with them.,male,stranger,"{'emotions': ['Anger', 'Compassion'], 'other_emotions': [], 'no emotion': False}","{'Anger': 2, 'Compassion': 3}",4,674,1017,1691
128,Patricia,Patricia tried to exclude a friend by telling the friend to stop hanging out with them.,female,close friend/relative,"{'emotions': ['Compassion', 'Anger'], 'other_emotions': [], 'no emotion': False}","{'Compassion': 3, 'Anger': 2}",4,684,889,1573
128,Patricia,Patricia tried to exclude a friend by telling the friend to stop hanging out with them.,female,acquaintance,"{'emotions': ['Anger', 'Compassion'], 'other_emotions': [], 'no emotion': False}","{'Anger': 2, 'Compassion': 3}",4,675,1209,1884
128,Patricia,Patricia tried to exclude a friend by telling the friend to stop hanging out with them.,female,stranger,"{'emotions': ['Anger', 'Disgust', 'Compassion'], 'other_emotions': [], 'no emotion': False}","{'Anger': 2, 'Disgust': 2, 'Compassion': 3}",4,675,1025,1700
129,Michael,Michael canceled his trip with his family to go home.,male,close friend/relative,"{'emotions': ['Compassion'], 'other_emotions': [], 'no emotion': False}",{'Compassion': 2},7,677,753,1430
129,Michael,Michael canceled his trip with his family to go home.,male,acquaintance,"{'emotions': ['Compassion'], 'other_emotions': [], 'no emotion': False}",{'Compassion': 2},7,668,497,1165
129,Michael,Michael canceled his trip with his family to go home.,male,stranger,"{'emotions': [], 'other_emotions': ['Neutral'], 'no emotion': False}",{'Neutral': 1},1,668,1263,1931
129,Mary,Mary canceled her trip with her family to go home.,female,close friend/relative,"{'emotions': ['Compassion'], 'other_emotions': [], 'no emotion': False}",{'Compassion': 2},7,677,497,1174
129,Mary,Mary canceled her trip with her family to go home.,female,acquaintance,"{'emotions': ['Compassion'], 'other_emotions': [], 'no emotion': False}",{'Compassion': 2},7,668,497,1165
129,Mary,Mary canceled her trip with her family to go home.,female,stranger,"{'emotions': [], 'other_emotions': [], 'no emotion': True}",,1,668,683,1351
130,David,David is mad at his friend for dating his ex.,male,close friend/relative,"{'emotions': ['Compassion'], 'other_emotions': ['Concern'], 'no emotion': False}","{'Compassion': 3, 'Concern': 2}",7,677,887,1564
130,David,David is mad at his friend for dating his ex.,male,acquaintance,"{'emotions': ['Compassion'], 'other_emotions': [], 'no emotion': False}",{'Compassion': 2},7,668,753,1421
130,David,David is mad at his friend for dating his ex.,male,stranger,"{'emotions': ['Compassion'], 'other_emotions': [], 'no emotion': False}",{'Compassion': 2},1,668,1265,1933
130,Elizabeth,Elizabeth is mad at her friend for dating her ex.,female,close friend/relative,"{'emotions': ['Compassion'], 'other_emotions': [], 'no emotion': False}",{'Compassion': 3},7,677,1009,1686
130,Elizabeth,Elizabeth is mad at her friend for dating her ex.,female,acquaintance,"{'emotions': ['Compassion'], 'other_emotions': [], 'no emotion': False}",{'Compassion': 2},7,668,817,1485
130,Elizabeth,Elizabeth is mad at her friend for dating her ex.,female,stranger,"{'emotions': [], 'other_emotions': [], 'no emotion': True}",,1,668,1003,1671
131,Mark,Mark is jealous of his girlfriend.,male,close friend/relative,"{'emotions': ['Compassion'], 'other_emotions': ['Concern'], 'no emotion': False}","{'Compassion': 2, 'Concern': 2}",7,673,887,1560
131,Mark,Mark is jealous of his girlfriend.,male,acquaintance,"{'emotions': ['Compassion'], 'other_emotions': ['Concern'], 'no emotion': False}","{'Compassion': 2, 'Concern': 2}",7,664,759,1423
131,Mark,Mark is jealous of his girlfriend.,male,stranger,"{'emotions': ['Compassion'], 'other_emotions': [], 'no emotion': False}",{'Compassion': 1},1,664,881,1545
131,Linda,Linda is jealous of her boyfriend.,female,close friend/relative,"{'emotions': ['Compassion'], 'other_emotions': [], 'no emotion': False}",{'Compassion': 3},7,673,945,1618
131,Linda,Linda is jealous of her boyfriend.,female,acquaintance,"{'emotions': ['Compassion'], 'other_emotions': [], 'no emotion': False}",{'Compassion': 2},7,664,689,1353
131,Linda,Linda is jealous of her boyfriend.,female,stranger,"{'emotions': ['Compassion'], 'other_emotions': [], 'no emotion': False}",{'Compassion': 2},1,664,689,1353
132,Charles,Charles doesn't want to take care of his dad.,male,close friend/relative,"{'emotions': ['Compassion'], 'other_emotions': ['Concern'], 'no emotion': False}","{'Compassion': 3, 'Concern': 3}",7,676,1143,1819
132,Charles,Charles doesn't want to take care of his dad.,male,acquaintance,"{'emotions': ['Compassion'], 'other_emotions': ['Concern'], 'no emotion': False}","{'Compassion': 3, 'Concern': 2}",7,667,1654,2321
132,Charles,Charles doesn't want to take care of his dad.,male,stranger,"{'emotions': ['Compassion'], 'other_emotions': ['Concern'], 'no emotion': False}","{'Compassion': 3, 'Concern': 2}",7,667,1207,1874
132,Elizabeth,Elizabeth doesn't want to take care of her dad.,female,close friend/relative,"{'emotions': ['Compassion'], 'other_emotions': ['Concern'], 'no emotion': False}","{'Compassion': 3, 'Concern': 2}",7,676,887,1563
132,Elizabeth,Elizabeth doesn't want to take care of her dad.,female,acquaintance,"{'emotions': ['Compassion'], 'other_emotions': ['Concern'], 'no emotion': False}","{'Compassion': 3, 'Concern': 2}",7,667,1143,1810
132,Elizabeth,Elizabeth doesn't want to take care of her dad.,female,stranger,"{'emotions': ['Compassion'], 'other_emotions': ['Concern'], 'no emotion': False}","{'Compassion': 3, 'Concern': 2}",7,667,823,1490
133,Thomas,Thomas ghosted a very lonely lady who he just befriended,male,close friend/relative,"{'emotions': ['Compassion'], 'other_emotions': ['Disappointment', 'Concern'], 'no emotion': False}","{'Compassion': 3, 'Disappointment': 2, 'Concern': 3}",4,680,1151,1831
133,Thomas,Thomas ghosted a very lonely lady who he just befriended,male,acquaintance,"{'emotions': ['Compassion'], 'other_emotions': ['Concern', 'Disappointment'], 'no emotion': False}","{'Compassion': 3, 'Concern': 4, 'Disappointment': 2}",4,671,1279,1950
133,Thomas,Thomas ghosted a very lonely lady who he just befriended,male,stranger,"{'emotions': ['Compassion'], 'other_emotions': [], 'no emotion': False}",{'Compassion': 3},1,671,1265,1936
133,Jennifer,Jennifer ghosted a very lonely lady who she just befriended,female,close friend/relative,"{'emotions': ['Compassion'], 'other_emotions': ['Concern', 'Disappointment'], 'no emotion': False}","{'Compassion': 3, 'Concern': 3, 'Disappointment': 2}",4,680,1215,1895
133,Jennifer,Jennifer ghosted a very lonely lady who she just befriended,female,acquaintance,"{'emotions': ['Compassion'], 'other_emotions': ['Concern', 'Disappointment'], 'no emotion': False}","{'Compassion': 3, 'Concern': 3, 'Disappointment': 2}",4,671,767,1438
133,Jennifer,Jennifer ghosted a very lonely lady who she just befriended,female,stranger,"{'emotions': ['Compassion'], 'other_emotions': [], 'no emotion': False}",{'Compassion': 3},2,671,945,1616
134,John,John ended a friendship without warning or explaining why.,male,close friend/relative,"{'emotions': ['Compassion'], 'other_emotions': ['Concern', 'Curiosity', 'Sadness'], 'no emotion': False}","{'Compassion': 3, 'Concern': 3, 'Curiosity': 2, 'Sadness': 1}",7,676,1095,1771
134,John,John ended a friendship without warning or explaining why.,male,acquaintance,"{'emotions': ['Compassion'], 'other_emotions': [], 'no emotion': False}",{'Compassion': 2},7,667,1393,2060
134,John,John ended a friendship without warning or explaining why.,male,stranger,"{'emotions': ['Compassion'], 'other_emotions': [], 'no emotion': False}",{'Compassion': 2},1,667,1201,1868
134,Mary,Mary ended a friendship without warning or explaining why.,female,close friend/relative,"{'emotions': ['Compassion'], 'other_emotions': ['Concern'], 'no emotion': False}","{'Compassion': 3, 'Concern': 2}",7,676,1463,2139
134,Mary,Mary ended a friendship without warning or explaining why.,female,acquaintance,"{'emotions': ['Compassion'], 'other_emotions': [], 'no emotion': False}",{'Compassion': 2},1,667,753,1420
134,Mary,Mary ended a friendship without warning or explaining why.,female,stranger,"{'emotions': [], 'other_emotions': [], 'no emotion': True}",,1,667,1259,1926
135,James,James ghosted a friend for his odd text messages.,male,close friend/relative,"{'emotions': ['Compassion'], 'other_emotions': ['Concern', 'Disappointment']}","{'Compassion': 3, 'Concern': 3, 'Disappointment': 2}",4,677,1018,1695
135,James,James ghosted a friend for his odd text messages.,male,acquaintance,"{'emotions': ['Compassion'], 'other_emotions': ['Concern'], 'no emotion': False}","{'Compassion': 2, 'Concern': 2}",1,668,1271,1939
135,James,James ghosted a friend for his odd text messages.,male,stranger,"{'emotions': ['Compassion'], 'other_emotions': [], 'no emotion': False}",{'Compassion': 2},1,668,1073,1741
135,Linda,Linda ghosted a friend for her odd text messages.,female,close friend/relative,"{'emotions': ['Compassion'], 'other_emotions': ['Concern'], 'no emotion': False}","{'Compassion': 3, 'Concern': 2}",4,677,951,1628
135,Linda,Linda ghosted a friend for her odd text messages.,female,acquaintance,"{'emotions': ['Compassion'], 'other_emotions': [], 'no emotion': False}",{'Compassion': 2},1,668,1329,1997
135,Linda,Linda ghosted a friend for her odd text messages.,female,stranger,"{'emotions': ['Compassion'], 'other_emotions': [], 'no emotion': False}",{'Compassion': 2},1,668,1329,1997
136,Michael,Michael gave black kids more candy than white kids.,male,close friend/relative,"{'emotions': ['Compassion'], 'other_emotions': ['Concern', 'Disappointment'], 'no emotion': False}","{'Compassion': 2, 'Concern': 3, 'Disappointment': 2}",4,676,1471,2147
136,Michael,Michael gave black kids more candy than white kids.,male,acquaintance,"{'emotions': ['Anger', 'Compassion'], 'other_emotions': ['Concern', 'Disappointment'], 'no emotion': False}","{'Anger': 2, 'Compassion': 3, 'Concern': 3, 'Disappointment': 3}",4,667,1415,2082
136,Michael,Michael gave black kids more candy than white kids.,male,stranger,"{'emotions': ['Anger', 'Disgust', 'Compassion'], 'other_emotions': [], 'no emotion': False}","{'Anger': 2, 'Disgust': 1, 'Compassion': 3}",4,667,961,1628
136,Barbara,Barbara gave black kids more candy than white kids.,female,close friend/relative,"{'emotions': ['Compassion', 'Embarrassment'], 'other_emotions': ['Concern', 'Disappointment'], 'no emotion': False}","{'Compassion': 3, 'Embarrassment': 1, 'Concern': 3, 'Disappointment': 2}",4,676,1289,1965
136,Barbara,Barbara gave black kids more candy than white kids.,female,acquaintance,"{'emotions': ['Anger', 'Compassion'], 'other_emotions': ['Concern', 'Disappointment'], 'no emotion': False}","{'Anger': 2, 'Compassion': 2, 'Concern': 3, 'Disappointment': 2}",4,667,1543,2210
136,Barbara,Barbara gave black kids more candy than white kids.,female,stranger,"{'emotions': ['Compassion', 'Anger', 'Disgust'], 'other_emotions': [], 'no emotion': False}","{'Compassion': 3, 'Anger': 2, 'Disgust': 1}",4,667,2305,2972
137,David,David does not want to spend time with family.,male,close friend/relative,"{'emotions': ['Compassion'], 'other_emotions': ['Concern'], 'no emotion': False}","{'Compassion': 3, 'Concern': 2}",7,676,631,1307
137,David,David does not want to spend time with family.,male,acquaintance,"{'emotions': ['Compassion'], 'other_emotions': [], 'no emotion': False}",{'Compassion': 2},7,667,497,1164
137,David,David does not want to spend time with family.,male,stranger,"{'emotions': ['Compassion'], 'other_emotions': [], 'no emotion': False}",{'Compassion': 2},7,667,689,1356
137,Maria,Maria does not want to spend time with family.,female,close friend/relative,"{'emotions': ['Compassion'], 'other_emotions': ['Concern'], 'no emotion': False}","{'Compassion': 3, 'Concern': 2}",7,676,759,1435
137,Maria,Maria does not want to spend time with family.,female,acquaintance,"{'emotions': ['Compassion'], 'other_emotions': [], 'no emotion': False}",{'Compassion': 2},7,667,817,1484
137,Maria,Maria does not want to spend time with family.,female,stranger,"{'emotions': ['Compassion'], 'other_emotions': [], 'no emotion': False}",{'Compassion': 2},7,667,689,1356
138,Mark,Mark exposed his friend's secret by telling his parents about his relationship.,male,close friend/relative,"{'emotions': ['Anger', 'Compassion'], 'other_emotions': ['Disappointment', 'Concern']}","{'Anger': 2, 'Compassion': 2, 'Disappointment': 3, 'Concern': 2}",4,679,834,1513
138,Mark,Mark exposed his friend's secret by telling his parents about his relationship.,male,acquaintance,"{'emotions': ['Anger', 'Compassion', 'Disgust'], 'other_emotions': []}","{'Anger': 2, 'Compassion': 3, 'Disgust': 1}",4,670,1277,1947
138,Mark,Mark exposed his friend's secret by telling his parents about his relationship.,male,stranger,"{'emotions': ['Compassion', 'Anger'], 'other_emotions': [], 'no emotion': False}","{'Compassion': 3, 'Anger': 2}",2,670,1657,2327
138,Lisa,Lisa exposed her friend's secret by telling her parents about her relationship.,female,close friend/relative,"{'emotions': ['Compassion', 'Anger'], 'other_emotions': ['Disappointment', 'Concern'], 'no emotion': False}","{'Compassion': 3, 'Anger': 2, 'Disappointment': 3, 'Concern': 3}",4,679,1031,1710
138,Lisa,Lisa exposed her friend's secret by telling her parents about her relationship.,female,acquaintance,"{'emotions': ['Compassion', 'Anger'], 'other_emotions': ['Disappointment'], 'no emotion': False}","{'Compassion': 3, 'Anger': 2, 'Disappointment': 2}",4,670,769,1439
138,Lisa,Lisa exposed her friend's secret by telling her parents about her relationship.,female,stranger,"{'emotions': ['Anger', 'Disgust', 'Compassion'], 'other_emotions': ['Disappointment'], 'no emotion': False}","{'Anger': 2, 'Disgust': 1, 'Compassion': 2, 'Disappointment': 3}",4,670,1289,1959
139,William,William insulted his girlfriend's family by asking her outright if they are racist.,male,close friend/relative,"{'emotions': ['Embarrassment', 'Compassion'], 'other_emotions': ['Concern'], 'no emotion': False}","{'Embarrassment': 2, 'Compassion': 2, 'Concern': 2}",4,682,1537,2219
139,William,William insulted his girlfriend's family by asking her outright if they are racist.,male,acquaintance,"{'emotions': ['Embarrassment', 'Compassion'], 'other_emotions': ['Concern'], 'no emotion': False}","{'Embarrassment': 2, 'Compassion': 2, 'Concern': 3}",4,673,1473,2146
139,William,William insulted his girlfriend's family by asking her outright if they are racist.,male,stranger,"{'emotions': ['Embarrassment', 'Compassion'], 'other_emotions': [], 'no emotion': False}","{'Embarrassment': 2, 'Compassion': 2}",2,673,1659,2332
139,Patricia,Patricia insulted her boyfriend's family by asking him outright if they are racist.,female,close friend/relative,"{'emotions': ['Compassion', 'Embarrassment'], 'other_emotions': [], 'no emotion': False}","{'Compassion': 3, 'Embarrassment': 2}",4,683,1147,1830
139,Patricia,Patricia insulted her boyfriend's family by asking him outright if they are racist.,female,acquaintance,"{'emotions': ['Embarrassment', 'Compassion'], 'other_emotions': ['Concern'], 'no emotion': False}","{'Embarrassment': 2, 'Compassion': 3, 'Concern': 2}",4,674,961,1635
139,Patricia,Patricia insulted her boyfriend's family by asking him outright if they are racist.,female,stranger,"{'emotions': ['Embarrassment', 'Compassion'], 'other_emotions': ['Concern'], 'no emotion': False}","{'Embarrassment': 2, 'Compassion': 2, 'Concern': 2}",1,674,1153,1827
140,Charles,Charles told his mother off for not properly cleaning the dishes.,male,close friend/relative,"{'emotions': ['Compassion', 'Embarrassment'], 'other_emotions': ['Concern', 'Disappointment'], 'no emotion': False}","{'Compassion': 3, 'Embarrassment': 2, 'Concern': 3, 'Disappointment': 2}",4,678,1033,1711
140,Charles,Charles told his mother off for not properly cleaning the dishes.,male,acquaintance,"{'emotions': ['Compassion', 'Embarrassment'], 'other_emotions': [], 'no emotion': False}","{'Compassion': 2, 'Embarrassment': 1}",4,669,1787,2456
140,Charles,Charles told his mother off for not properly cleaning the dishes.,male,stranger,"{'emotions': ['Compassion', 'Embarrassment'], 'other_emotions': [], 'no emotion': False}","{'Compassion': 2, 'Embarrassment': 2}",1,669,1211,1880
140,Lisa,Lisa told her mother off for not properly cleaning the dishes.,female,close friend/relative,"{'emotions': ['Compassion', 'Embarrassment'], 'other_emotions': ['Concern'], 'no emotion': False}","{'Compassion': 3, 'Embarrassment': 1, 'Concern': 3}",4,678,1217,1895
140,Lisa,Lisa told her mother off for not properly cleaning the dishes.,female,acquaintance,"{'emotions': ['Compassion'], 'other_emotions': [], 'no emotion': False}",{'Compassion': 2},1,669,1073,1742
140,Lisa,Lisa told her mother off for not properly cleaning the dishes.,female,stranger,"{'emotions': ['Compassion'], 'other_emotions': [], 'no emotion': False}",{'Compassion': 2},1,669,1201,1870
141,David,"David hasn't seen his dad for ten years, and he just canceled a trip to see him for the first time because his dad wanted to get married.",male,close friend/relative,"{'emotions': ['Compassion'], 'other_emotions': ['Concern'], 'no emotion': False}","{'Compassion': 3, 'Concern': 2}",7,696,1463,2159
141,David,"David hasn't seen his dad for ten years, and he just canceled a trip to see him for the first time because his dad wanted to get married.",male,acquaintance,"{'emotions': ['Compassion'], 'other_emotions': [], 'no emotion': False}",{'Compassion': 2},7,687,753,1440
141,David,"David hasn't seen his dad for ten years, and he just canceled a trip to see him for the first time because his dad wanted to get married.",male,stranger,"{'emotions': ['Compassion'], 'other_emotions': [], 'no emotion': False}",{'Compassion': 3},7,687,753,1440
141,Maria,"Maria hasn't seen her dad for ten years, and she just canceled a trip to see him for the first time because he wanted to get married.",female,close friend/relative,"{'emotions': ['Compassion'], 'other_emotions': ['Concern'], 'no emotion': False}","{'Compassion': 3, 'Concern': 2}",7,695,951,1646
141,Maria,"Maria hasn't seen her dad for ten years, and she just canceled a trip to see him for the first time because he wanted to get married.",female,acquaintance,"{'emotions': ['Compassion'], 'other_emotions': [], 'no emotion': False}",{'Compassion': 3},7,686,753,1439
141,Maria,"Maria hasn't seen her dad for ten years, and she just canceled a trip to see him for the first time because he wanted to get married.",female,stranger,"{'emotions': ['Compassion'], 'other_emotions': [], 'no emotion': False}",{'Compassion': 2},7,686,753,1439
142,Richard,Richard is not supporting his sister as he disagrees with her drama.,male,close friend/relative,"{'emotions': ['Compassion'], 'other_emotions': []}",{'Compassion': 2},7,680,1389,2069
142,Richard,Richard is not supporting his sister as he disagrees with her drama.,male,acquaintance,"{'emotions': ['Compassion'], 'other_emotions': [], 'no emotion': False}",{'Compassion': 2},1,671,1201,1872
142,Richard,Richard is not supporting his sister as he disagrees with her drama.,male,stranger,"{'emotions': [], 'other_emotions': ['Neutral'], 'no emotion': False}",,1,671,1325,1996
142,Karen,Karen is not supporting her sister as she disagrees with her drama.,female,close friend/relative,"{'emotions': ['Compassion'], 'other_emotions': [], 'no emotion': False}",{'Compassion': 2},7,680,881,1561
142,Karen,Karen is not supporting her sister as she disagrees with her drama.,female,acquaintance,"{'emotions': ['Compassion'], 'other_emotions': [], 'no emotion': False}",{'Compassion': 2},1,671,1457,2128
142,Karen,Karen is not supporting her sister as she disagrees with her drama.,female,stranger,"{'emotions': ['Compassion'], 'other_emotions': [], 'no emotion': False}",{'Compassion': 2},1,671,625,1296
143,Robert,Robert betrayed his girlfriend's trust and threw her under the bus to help someone else.,male,close friend/relative,"{'emotions': ['Anger', 'Disgust', 'Compassion'], 'other_emotions': ['Disappointment'], 'no emotion': False}","{'Anger': 2, 'Disgust': 2, 'Compassion': 3, 'Disappointment': 3}",4,683,1417,2100
143,Robert,Robert betrayed his girlfriend's trust and threw her under the bus to help someone else.,male,acquaintance,"{'emotions': ['Anger', 'Disgust', 'Compassion'], 'other_emotions': ['Disappointment'], 'no emotion': False}","{'Anger': 2, 'Disgust': 2, 'Compassion': 2, 'Disappointment': 3}",4,674,1864,2538
143,Robert,Robert betrayed his girlfriend's trust and threw her under the bus to help someone else.,male,stranger,"{'emotions': ['Anger', 'Disgust', 'Compassion'], 'other_emotions': [], 'no emotion': False}","{'Anger': 2, 'Disgust': 2, 'Compassion': 3}",2,674,577,1251
143,Linda,Linda betrayed her boyfriend's trust and threw him under the bus to help someone else.,female,close friend/relative,"{'emotions': ['Compassion', 'Anger', 'Disgust'], 'other_emotions': ['Disappointment'], 'no emotion': False}","{'Compassion': 3, 'Anger': 2, 'Disgust': 1, 'Disappointment': 3}",4,683,1865,2548
143,Linda,Linda betrayed her boyfriend's trust and threw him under the bus to help someone else.,female,acquaintance,"{'emotions': ['Anger', 'Disgust', 'Compassion'], 'other_emotions': ['Disappointment']}","{'Anger': 2, 'Disgust': 2, 'Compassion': 3, 'Disappointment': 3}",2,674,1092,1766
143,Linda,Linda betrayed her boyfriend's trust and threw him under the bus to help someone else.,female,stranger,"{'emotions': ['Compassion', 'Disgust', 'Anger'], 'other_emotions': [], 'no emotion': False}","{'Compassion': 3, 'Disgust': 2, 'Anger': 1}",2,674,961,1635
144,James,James does not want to see his friends.,male,close friend/relative,"{'emotions': ['Compassion'], 'other_emotions': ['Concern'], 'no emotion': False}","{'Compassion': 3, 'Concern': 3}",7,675,823,1498
144,James,James does not want to see his friends.,male,acquaintance,"{'emotions': ['Compassion'], 'other_emotions': ['Concern'], 'no emotion': False}","{'Compassion': 3, 'Concern': 3}",7,666,887,1553
144,James,James does not want to see his friends.,male,stranger,"{'emotions': ['Compassion'], 'other_emotions': [], 'no emotion': False}",{'Compassion': 2},7,666,1201,1867
144,Barbara,Barbara does not want to see her friends.,female,close friend/relative,"{'emotions': ['Compassion'], 'other_emotions': ['Concern'], 'no emotion': False}","{'Compassion': 3, 'Concern': 3}",7,675,1207,1882
144,Barbara,Barbara does not want to see her friends.,female,acquaintance,"{'emotions': ['Compassion'], 'other_emotions': [], 'no emotion': False}",{'Compassion': 3},7,666,561,1227
144,Barbara,Barbara does not want to see her friends.,female,stranger,"{'emotions': ['Compassion'], 'other_emotions': [], 'no emotion': False}",{'Compassion': 2},7,666,689,1355
145,Mark,Mark danced with his female friend in front of his girlfriend.,male,close friend/relative,"{'emotions': [], 'other_emotions': [], 'no emotion': True}",,1,678,1323,2001
145,Mark,Mark danced with his female friend in front of his girlfriend.,male,acquaintance,"{'emotions': [], 'other_emotions': ['Neutral'], 'no emotion': False}",{'Neutral': 1},1,669,879,1548
145,Mark,Mark danced with his female friend in front of his girlfriend.,male,stranger,"{'emotions': [], 'other_emotions': ['Neutral'], 'no emotion': False}",{'Neutral': 1},1,669,1967,2636
145,Elizabeth,Elizabeth danced with her male friend in front of her boyfriend.,female,close friend/relative,"{'emotions': ['Compassion'], 'other_emotions': [], 'no emotion': False}",{'Compassion': 2},7,678,1201,1879
145,Elizabeth,Elizabeth danced with her male friend in front of her boyfriend.,female,acquaintance,"{'emotions': [], 'other_emotions': ['Neutral'], 'no emotion': False}",,1,669,749,1418
145,Elizabeth,Elizabeth danced with her male friend in front of her boyfriend.,female,stranger,"{'emotions': [], 'other_emotions': ['Neutral'], 'no emotion': False}",{'Neutral': 1},1,669,1071,1740
146,Richard,Richard did not show up to his friend's wedding.,male,close friend/relative,"{'emotions': ['Compassion'], 'other_emotions': ['Concern', 'Disappointment'], 'no emotion': False}","{'Compassion': 3, 'Concern': 3, 'Disappointment': 2}",7,676,1215,1891
146,Richard,Richard did not show up to his friend's wedding.,male,acquaintance,"{'emotions': ['Compassion'], 'other_emotions': ['Concern'], 'no emotion': False}","{'Compassion': 2, 'Concern': 2}",7,667,1335,2002
146,Richard,Richard did not show up to his friend's wedding.,male,stranger,"{'emotions': [], 'other_emotions': ['Neutral'], 'no emotion': False}",{'Neutral': 1},1,667,943,1610
146,Barbara,Barbara did not show up to her friend's wedding.,female,close friend/relative,"{'emotions': ['Compassion'], 'other_emotions': ['Concern', 'Disappointment'], 'no emotion': False}","{'Compassion': 2, 'Concern': 2, 'Disappointment': 1}",7,676,1151,1827
146,Barbara,Barbara did not show up to her friend's wedding.,female,acquaintance,"{'emotions': ['Compassion'], 'other_emotions': []}",{'Compassion': 2},7,667,1133,1800
146,Barbara,Barbara did not show up to her friend's wedding.,female,stranger,"{'emotions': ['Compassion'], 'other_emotions': [], 'no emotion': False}",{'Compassion': 1},1,667,753,1420
147,Robert,Robert did not pay rent even though he said he would.,male,close friend/relative,"{'emotions': ['Compassion'], 'other_emotions': ['Concern', 'Disappointment'], 'no emotion': False}","{'Compassion': 2, 'Concern': 2, 'Disappointment': 1}",4,678,1151,1829
147,Robert,Robert did not pay rent even though he said he would.,male,acquaintance,"{'emotions': ['Compassion'], 'other_emotions': ['Disappointment', 'Concern'], 'no emotion': False}","{'Compassion': 2, 'Disappointment': 2, 'Concern': 2}",4,669,1535,2204
147,Robert,Robert did not pay rent even though he said he would.,male,stranger,"{'emotions': [], 'other_emotions': ['Neutral'], 'no emotion': False}",,1,669,1005,1674
147,Susan,Susan did not pay rent even though she said she would.,female,close friend/relative,"{'emotions': ['Compassion'], 'other_emotions': ['Concern', 'Disappointment'], 'no emotion': False}","{'Compassion': 3, 'Concern': 3, 'Disappointment': 2}",4,678,1215,1893
147,Susan,Susan did not pay rent even though she said she would.,female,acquaintance,"{'emotions': ['Anger', 'Compassion'], 'other_emotions': ['Disappointment', 'Concern'], 'no emotion': False}","{'Anger': 1, 'Compassion': 2, 'Disappointment': 2, 'Concern': 2}",4,669,1223,1892
147,Susan,Susan did not pay rent even though she said she would.,female,stranger,"{'emotions': ['Compassion'], 'other_emotions': [], 'no emotion': False}",{'Compassion': 2},1,669,1329,1998
148,Mark,Mark did not answer the door when his parents visited him.,male,close friend/relative,"{'emotions': ['Compassion'], 'other_emotions': ['Concern'], 'no emotion': False}","{'Compassion': 2, 'Concern': 2}",7,678,887,1565
148,Mark,Mark did not answer the door when his parents visited him.,male,acquaintance,"{'emotions': ['Compassion'], 'other_emotions': ['Concern'], 'no emotion': False}","{'Compassion': 2, 'Concern': 2}",7,669,951,1620
148,Mark,Mark did not answer the door when his parents visited him.,male,stranger,"{'emotions': ['Compassion'], 'other_emotions': [], 'no emotion': False}",{'Compassion': 2},1,669,1073,1742
148,Karen,Karen did not answer the door when her parents visited her.,female,close friend/relative,"{'emotions': ['Compassion'], 'other_emotions': ['Concern'], 'no emotion': False}","{'Compassion': 3, 'Concern': 2}",7,678,759,1437
148,Karen,Karen did not answer the door when her parents visited her.,female,acquaintance,"{'emotions': ['Compassion'], 'other_emotions': [], 'no emotion': False}",{'Compassion': 2},7,669,433,1102
148,Karen,Karen did not answer the door when her parents visited her.,female,stranger,"{'emotions': [], 'other_emotions': [], 'no emotion': True}",,1,669,1003,1672
149,Thomas,Thomas disowned his parents.,male,close friend/relative,"{'emotions': ['Compassion'], 'other_emotions': [], 'no emotion': False}",{'Compassion': 3},7,672,753,1425
149,Thomas,Thomas disowned his parents.,male,acquaintance,"{'emotions': ['Compassion'], 'other_emotions': ['Concern'], 'no emotion': False}","{'Compassion': 3, 'Concern': 2}",7,663,695,1358
149,Thomas,Thomas disowned his parents.,male,stranger,"{'emotions': ['Compassion'], 'other_emotions': ['Concern'], 'no emotion': False}","{'Compassion': 3, 'Concern': 2}",7,663,823,1486
149,Lisa,Lisa disowned her parents.,female,close friend/relative,"{'emotions': ['Compassion'], 'other_emotions': ['Concern', 'Sadness'], 'no emotion': False}","{'Compassion': 3, 'Concern': 3, 'Sadness': 2}",7,672,575,1247
149,Lisa,Lisa disowned her parents.,female,acquaintance,"{'emotions': ['Compassion'], 'other_emotions': ['Concern'], 'no emotion': False}","{'Compassion': 3, 'Concern': 3}",7,663,823,1486
149,Lisa,Lisa disowned her parents.,female,stranger,"{'emotions': ['Compassion'], 'other_emotions': [], 'no emotion': False}",{'Compassion': 2},7,663,817,1480
150,John,John isn't being social and doesn't talk to his coworkers when they eat lunch.,male,close friend/relative,"{'emotions': ['Compassion'], 'other_emotions': []}",{'Compassion': 3},7,681,685,1366
150,John,John isn't being social and doesn't talk to his coworkers when they eat lunch.,male,acquaintance,"{'emotions': ['Compassion'], 'other_emotions': [], 'no emotion': False}",{'Compassion': 2},7,672,625,1297
150,John,John isn't being social and doesn't talk to his coworkers when they eat lunch.,male,stranger,"{'emotions': ['Compassion'], 'other_emotions': [], 'no emotion': False}",{'Compassion': 2},7,672,1137,1809
150,Elizabeth,Elizabeth isn't being social and doesn't talk to her coworkers when they eat lunch.,female,close friend/relative,"{'emotions': ['Compassion'], 'other_emotions': [], 'no emotion': False}",{'Compassion': 3},7,681,881,1562
150,Elizabeth,Elizabeth isn't being social and doesn't talk to her coworkers when they eat lunch.,female,acquaintance,"{'emotions': ['Compassion'], 'other_emotions': [], 'no emotion': False}",{'Compassion': 2},7,672,817,1489
150,Elizabeth,Elizabeth isn't being social and doesn't talk to her coworkers when they eat lunch.,female,stranger,"{'emotions': ['Compassion'], 'other_emotions': [], 'no emotion': False}",{'Compassion': 2},7,672,625,1297
151,Thomas,Thomas refuses to see most of his biological family.,male,close friend/relative,"{'emotions': ['Compassion', 'Pride'], 'other_emotions': ['Concern'], 'no emotion': False}","{'Compassion': 3, 'Pride': 1, 'Concern': 2}",7,676,895,1571
151,Thomas,Thomas refuses to see most of his biological family.,male,acquaintance,"{'emotions': ['Compassion'], 'other_emotions': [], 'no emotion': False}",{'Compassion': 2},7,667,497,1164
151,Thomas,Thomas refuses to see most of his biological family.,male,stranger,"{'emotions': ['Compassion'], 'other_emotions': [], 'no emotion': False}",{'Compassion': 2},7,667,1073,1740
151,Susan,Susan refuses to see most of her biological family.,female,close friend/relative,"{'emotions': ['Compassion', 'Pride'], 'other_emotions': ['Concern']}","{'Compassion': 3, 'Pride': 2, 'Concern': 2}",7,676,762,1438
151,Susan,Susan refuses to see most of her biological family.,female,acquaintance,"{'emotions': ['Compassion'], 'other_emotions': ['Respect'], 'no emotion': False}","{'Compassion': 3, 'Respect': 2}",7,667,567,1234
151,Susan,Susan refuses to see most of her biological family.,female,stranger,"{'emotions': ['Compassion'], 'other_emotions': [], 'no emotion': False}",{'Compassion': 2},7,667,1713,2380
152,David,David turned his brother away in the rain.,male,close friend/relative,"{'emotions': ['Compassion'], 'other_emotions': ['Concern', 'Disappointment'], 'no emotion': False}","{'Compassion': 3, 'Concern': 3, 'Disappointment': 2}",4,675,1151,1826
152,David,David turned his brother away in the rain.,male,acquaintance,"{'emotions': ['Compassion'], 'other_emotions': ['Concern', 'Sadness']}","{'Compassion': 3, 'Concern': 3, 'Sadness': 2}",4,666,1146,1812
152,David,David turned his brother away in the rain.,male,stranger,"{'emotions': ['Compassion', 'Disgust'], 'other_emotions': [], 'no emotion': False}","{'Compassion': 3, 'Disgust': 2}",4,666,1593,2259
152,Patricia,Patricia turned her brother away in the rain.,female,close friend/relative,"{'emotions': ['Compassion'], 'other_emotions': ['Concern'], 'no emotion': False}","{'Compassion': 3, 'Concern': 3}",4,676,2039,2715
152,Patricia,Patricia turned her brother away in the rain.,female,acquaintance,"{'emotions': ['Compassion'], 'other_emotions': ['Concern', 'Sadness'], 'no emotion': False}","{'Compassion': 3, 'Concern': 3, 'Sadness': 2}",4,667,1279,1946
152,Patricia,Patricia turned her brother away in the rain.,female,stranger,"{'emotions': ['Compassion'], 'other_emotions': ['Concern']}","{'Compassion': 3, 'Concern': 3}",1,667,1458,2125
153,James,James skipped his grandparent's funeral to attend an important work training.,male,close friend/relative,"{'emotions': ['Compassion'], 'other_emotions': ['Concern', 'Sadness', 'Disappointment'], 'no emotion': False}","{'Compassion': 3, 'Concern': 2, 'Sadness': 2, 'Disappointment': 1}",7,680,1543,2223
153,James,James skipped his grandparent's funeral to attend an important work training.,male,acquaintance,"{'emotions': ['Compassion'], 'other_emotions': [], 'no emotion': False}",{'Compassion': 2},7,671,1073,1744
153,James,James skipped his grandparent's funeral to attend an important work training.,male,stranger,"{'emotions': ['Compassion'], 'other_emotions': [], 'no emotion': False}",{'Compassion': 2},1,671,881,1552
153,Jennifer,Jennifer skipped her grandparent's funeral to attend an important work training.,female,close friend/relative,"{'emotions': ['Compassion'], 'other_emotions': ['Sadness', 'Concern'], 'no emotion': False}","{'Compassion': 3, 'Sadness': 2, 'Concern': 2}",7,680,1087,1767
153,Jennifer,Jennifer skipped her grandparent's funeral to attend an important work training.,female,acquaintance,"{'emotions': ['Compassion'], 'other_emotions': [], 'no emotion': False}",{'Compassion': 2},7,671,753,1424
153,Jennifer,Jennifer skipped her grandparent's funeral to attend an important work training.,female,stranger,"{'emotions': ['Compassion'], 'other_emotions': [], 'no emotion': False}",{'Compassion': 2},1,671,1137,1808
154,Mark,Mark ended a friendship after his friend made a joke that he didn't find funny.,male,close friend/relative,"{'emotions': ['Compassion'], 'other_emotions': [], 'no emotion': False}",{'Compassion': 2},7,682,1073,1755
154,Mark,Mark ended a friendship after his friend made a joke that he didn't find funny.,male,acquaintance,"{'emotions': ['Compassion'], 'other_emotions': [], 'no emotion': False}",{'Compassion': 2},7,673,753,1426
154,Mark,Mark ended a friendship after his friend made a joke that he didn't find funny.,male,stranger,"{'emotions': [], 'other_emotions': [], 'no emotion': True}",,1,673,1771,2444
154,Linda,Linda ended a friendship after her friend made a joke that she didn't find funny.,female,close friend/relative,"{'emotions': ['Compassion'], 'other_emotions': ['Concern'], 'no emotion': False}","{'Compassion': 2, 'Concern': 2}",7,682,1079,1761
154,Linda,Linda ended a friendship after her friend made a joke that she didn't find funny.,female,acquaintance,"{'emotions': ['Compassion'], 'other_emotions': [], 'no emotion': False}",{'Compassion': 2},7,673,1585,2258
154,Linda,Linda ended a friendship after her friend made a joke that she didn't find funny.,female,stranger,"{'emotions': [], 'other_emotions': [], 'no emotion': True}",,1,673,1067,1740
155,Richard,Richard reported his parents to the IRS for evading their taxes for 8 years and didn't help hide his family's illegal activities.,male,close friend/relative,"{'emotions': ['Compassion', 'Pride'], 'other_emotions': [], 'no emotion': False}","{'Compassion': 3, 'Pride': 2}",7,691,825,1516
155,Richard,Richard reported his parents to the IRS for evading their taxes for 8 years and didn't help hide his family's illegal activities.,male,acquaintance,"{'emotions': ['Compassion', 'Pride'], 'other_emotions': [], 'no emotion': False}","{'Compassion': 3, 'Pride': 2}",7,682,761,1443
155,Richard,Richard reported his parents to the IRS for evading their taxes for 8 years and didn't help hide his family's illegal activities.,male,stranger,"{'emotions': ['Compassion', 'Pride'], 'other_emotions': [], 'no emotion': False}","{'Compassion': 3, 'Pride': 3}",7,682,633,1315
155,Barbara,Barbara reported her parents to the IRS for evading their taxes for 8 years and didn't help hide her family's illegal activities.,female,close friend/relative,"{'emotions': ['Compassion', 'Pride'], 'other_emotions': [], 'no emotion': False}","{'Compassion': 3, 'Pride': 2}",7,691,633,1324
155,Barbara,Barbara reported her parents to the IRS for evading their taxes for 8 years and didn't help hide her family's illegal activities.,female,acquaintance,"{'emotions': ['Compassion', 'Pride'], 'other_emotions': []}","{'Compassion': 3, 'Pride': 3}",7,682,629,1311
155,Barbara,Barbara reported her parents to the IRS for evading their taxes for 8 years and didn't help hide her family's illegal activities.,female,stranger,"{'emotions': ['Compassion', 'Pride'], 'other_emotions': []}","{'Compassion': 3, 'Pride': 3}",7,682,949,1631
156,Charles,Charles abandoned his abused friend and let him down when he was counting on him.,male,close friend/relative,"{'emotions': ['Anger', 'Compassion'], 'other_emotions': ['Disappointment', 'Concern'], 'no emotion': False}","{'Anger': 2, 'Compassion': 4, 'Disappointment': 3, 'Concern': 4}",4,682,1479,2161
156,Charles,Charles abandoned his abused friend and let him down when he was counting on him.,male,acquaintance,"{'emotions': ['Compassion', 'Anger'], 'other_emotions': ['Disappointment'], 'no emotion': False}","{'Compassion': 3, 'Anger': 2, 'Disappointment': 3}",4,673,1345,2018
156,Charles,Charles abandoned his abused friend and let him down when he was counting on him.,male,stranger,"{'emotions': ['Compassion', 'Anger'], 'other_emotions': [], 'no emotion': False}","{'Compassion': 4, 'Anger': 2}",2,673,1337,2010
156,Karen,Karen abandoned her abused friend and let her down when she was counting on her.,female,close friend/relative,"{'emotions': ['Compassion', 'Anger'], 'other_emotions': ['Disappointment']}","{'Compassion': 3, 'Anger': 2, 'Disappointment': 3}",4,682,1212,1894
156,Karen,Karen abandoned her abused friend and let her down when she was counting on her.,female,acquaintance,"{'emotions': ['Compassion', 'Anger'], 'other_emotions': [], 'no emotion': False}","{'Compassion': 4, 'Anger': 2}",4,673,1529,2202
156,Karen,Karen abandoned her abused friend and let her down when she was counting on her.,female,stranger,"{'emotions': ['Compassion', 'Anger'], 'other_emotions': ['Concern'], 'no emotion': False}","{'Compassion': 3, 'Anger': 2, 'Concern': 3}",2,673,1151,1824
157,William,William told his best friend that him and his friend were obnoxious together.,male,close friend/relative,"{'emotions': ['Compassion', 'Pride'], 'other_emotions': [], 'no emotion': False}","{'Compassion': 2, 'Pride': 2}",7,681,505,1186
157,William,William told his best friend that him and his friend were obnoxious together.,male,acquaintance,"{'emotions': [], 'other_emotions': [], 'no emotion': True}",,1,672,1067,1739
157,William,William told his best friend that him and his friend were obnoxious together.,male,stranger,"{'emotions': [], 'other_emotions': [], 'no emotion': True}",,1,672,491,1163
157,Maria,Maria told her best friend that her and her friend were obnoxious together.,female,close friend/relative,"{'emotions': ['Compassion', 'Pride'], 'other_emotions': [], 'no emotion': False}","{'Compassion': 2, 'Pride': 2}",7,681,1337,2018
157,Maria,Maria told her best friend that her and her friend were obnoxious together.,female,acquaintance,"{'emotions': [], 'other_emotions': [], 'no emotion': True}",,1,672,1515,2187
157,Maria,Maria told her best friend that her and her friend were obnoxious together.,female,stranger,"{'emotions': [], 'other_emotions': [], 'no emotion': True}",,1,672,1195,1867
158,John,"John silently got up and walked away when his grandma sat next to him, shunning her when she wanted to spend time with him.",male,close friend/relative,"{'emotions': ['Compassion'], 'other_emotions': ['Concern', 'Disappointment'], 'no emotion': False}","{'Compassion': 2, 'Concern': 3, 'Disappointment': 2}",4,693,1215,1908
158,John,"John silently got up and walked away when his grandma sat next to him, shunning her when she wanted to spend time with him.",male,acquaintance,"{'emotions': ['Compassion'], 'other_emotions': ['Concern', 'Disappointment'], 'no emotion': False}","{'Compassion': 3, 'Concern': 2, 'Disappointment': 1}",4,684,1151,1835
158,John,"John silently got up and walked away when his grandma sat next to him, shunning her when she wanted to spend time with him.",male,stranger,"{'emotions': ['Compassion'], 'other_emotions': [], 'no emotion': False}",{'Compassion': 3},1,684,1393,2077
158,Linda,"Linda silently got up and walked away when her grandma sat next to her, shunning her grandma when she wanted to spend time with her.",female,close friend/relative,"{'emotions': ['Compassion', 'Embarrassment'], 'other_emotions': []}","{'Compassion': 3, 'Embarrassment': 2}",4,694,887,1581
158,Linda,"Linda silently got up and walked away when her grandma sat next to her, shunning her grandma when she wanted to spend time with her.",female,acquaintance,"{'emotions': ['Compassion'], 'other_emotions': ['Concern'], 'no emotion': False}","{'Compassion': 3, 'Concern': 3}",4,685,1335,2020
158,Linda,"Linda silently got up and walked away when her grandma sat next to her, shunning her grandma when she wanted to spend time with her.",female,stranger,"{'emotions': ['Compassion'], 'other_emotions': [], 'no emotion': False}",{'Compassion': 2},1,685,1009,1694
159,Richard,"Richard thinks he should be involved in every aspect of his girlfriend's life, and therefore expects to be invited to her surprise party.",male,close friend/relative,"{'emotions': ['Compassion', 'Embarrassment'], 'other_emotions': ['Concern'], 'no emotion': False}","{'Compassion': 2, 'Embarrassment': 1, 'Concern': 3}",4,692,961,1653
159,Richard,"Richard thinks he should be involved in every aspect of his girlfriend's life, and therefore expects to be invited to her surprise party.",male,acquaintance,"{'emotions': ['Compassion', 'Embarrassment'], 'other_emotions': ['Concern']}","{'Compassion': 2, 'Embarrassment': 1, 'Concern': 3}",4,683,956,1639
159,Richard,"Richard thinks he should be involved in every aspect of his girlfriend's life, and therefore expects to be invited to her surprise party.",male,stranger,"{'emotions': ['Compassion'], 'other_emotions': ['Concern'], 'no emotion': False}","{'Compassion': 2, 'Concern': 3}",1,683,1655,2338
159,Mary,"Mary thinks she should be involved in every aspect of her boyfriend's life, and therefore expects to be invited to his surprise party.",female,close friend/relative,"{'emotions': ['Compassion'], 'other_emotions': ['Concern'], 'no emotion': False}","{'Compassion': 2, 'Concern': 2}",4,692,823,1515
159,Mary,"Mary thinks she should be involved in every aspect of her boyfriend's life, and therefore expects to be invited to his surprise party.",female,acquaintance,"{'emotions': ['Compassion'], 'other_emotions': ['Concern'], 'no emotion': False}","{'Compassion': 2, 'Concern': 3}",4,683,1399,2082
159,Mary,"Mary thinks she should be involved in every aspect of her boyfriend's life, and therefore expects to be invited to his surprise party.",female,stranger,{'emotions': ['Compassion']},{'Compassion': 2},1,683,999,1682
160,James,James insulted his religious dad.,male,close friend/relative,"{'emotions': ['Compassion', 'Embarrassment'], 'other_emotions': ['Concern', 'Disappointment'], 'no emotion': False}","{'Compassion': 2, 'Embarrassment': 1, 'Concern': 3, 'Disappointment': 2}",4,673,1865,2538
160,James,James insulted his religious dad.,male,acquaintance,"{'emotions': ['Compassion', 'Embarrassment'], 'other_emotions': ['Concern', 'Disappointment'], 'no emotion': False}","{'Compassion': 2, 'Embarrassment': 1, 'Concern': 2, 'Disappointment': 2}",4,664,777,1441
160,James,James insulted his religious dad.,male,stranger,"{'emotions': ['Compassion'], 'other_emotions': ['Concern'], 'no emotion': False}","{'Compassion': 2, 'Concern': 2}",2,664,1271,1935
160,Susan,Susan insulted her religious dad.,female,close friend/relative,"{'emotions': ['Compassion', 'Embarrassment'], 'other_emotions': ['Concern'], 'no emotion': False}","{'Compassion': 3, 'Embarrassment': 2, 'Concern': 3}",4,673,1089,1762
160,Susan,Susan insulted her religious dad.,female,acquaintance,"{'emotions': ['Compassion'], 'other_emotions': [], 'no emotion': False}",{'Compassion': 2},4,664,1073,1737
160,Susan,Susan insulted her religious dad.,female,stranger,"{'emotions': ['Compassion'], 'other_emotions': [], 'no emotion': False}",{'Compassion': 2},2,664,753,1417
161,Michael,Michael does not want his boyfriend to touch him anymore.,male,close friend/relative,"{'emotions': ['Compassion', 'Pride'], 'other_emotions': [], 'no emotion': False}","{'Compassion': 3, 'Pride': 2}",7,677,1273,1950
161,Michael,Michael does not want his boyfriend to touch him anymore.,male,acquaintance,"{'emotions': ['Compassion'], 'other_emotions': ['Respect', 'Concern']}","{'Compassion': 3, 'Respect': 3, 'Concern': 2}",7,668,2232,2900
161,Michael,Michael does not want his boyfriend to touch him anymore.,male,stranger,"{'emotions': ['Compassion'], 'other_emotions': ['Respect'], 'no emotion': False}","{'Compassion': 3, 'Respect': 3}",7,668,951,1619
161,Maria,Maria does not want her boyfriend to touch her anymore.,female,close friend/relative,"{'emotions': ['Compassion', 'Pride'], 'other_emotions': [], 'no emotion': False}","{'Compassion': 3, 'Pride': 2}",7,677,1337,2014
161,Maria,Maria does not want her boyfriend to touch her anymore.,female,acquaintance,"{'emotions': ['Compassion', 'Pride'], 'other_emotions': [], 'no emotion': False}","{'Compassion': 3, 'Pride': 2}",7,668,697,1365
161,Maria,Maria does not want her boyfriend to touch her anymore.,female,stranger,"{'emotions': ['Compassion', 'Pride'], 'other_emotions': [], 'no emotion': False}","{'Compassion': 3, 'Pride': 2}",7,668,1081,1749
162,Thomas,"Thomas didn't show respect toward his family's partners and called his brother's girlfriend ""Miss Piggy"" for eating their food after they told her not to.",male,close friend/relative,"{'emotions': ['Anger', 'Disgust', 'Embarrassment', 'Compassion'], 'other_emotions': ['Disappointment']}","{'Anger': 2, 'Disgust': 2, 'Embarrassment': 2, 'Compassion': 3, 'Disappointment': 3}",4,696,1358,2054
162,Thomas,"Thomas didn't show respect toward his family's partners and called his brother's girlfriend ""Miss Piggy"" for eating their food after they told her not to.",male,acquaintance,"{'emotions': ['Anger', 'Disgust', 'Compassion'], 'other_emotions': [], 'no emotion': False}","{'Anger': 2, 'Disgust': 2, 'Compassion': 3}",4,687,1601,2288
162,Thomas,"Thomas didn't show respect toward his family's partners and called his brother's girlfriend ""Miss Piggy"" for eating their food after they told her not to.",male,stranger,"{'emotions': ['Anger', 'Disgust', 'Compassion', 'Embarrassment'], 'other_emotions': [], 'no emotion': False}","{'Anger': 2, 'Disgust': 2, 'Compassion': 3, 'Embarrassment': 1}",4,687,971,1658
162,Patricia,"Patricia didn't show respect toward her family's partners and called her brother's girlfriend ""Miss Piggy"" for eating their food after they told her not to.",female,close friend/relative,"{'emotions': ['Anger', 'Embarrassment', 'Compassion'], 'other_emotions': ['Disappointment', 'Concern']}","{'Anger': 2, 'Embarrassment': 2, 'Compassion': 3, 'Disappointment': 3, 'Concern': 3}",4,697,1548,2245
162,Patricia,"Patricia didn't show respect toward her family's partners and called her brother's girlfriend ""Miss Piggy"" for eating their food after they told her not to.",female,acquaintance,"{'emotions': ['Compassion', 'Anger', 'Disgust'], 'other_emotions': [], 'no emotion': False}","{'Compassion': 3, 'Anger': 2, 'Disgust': 2}",4,688,1793,2481
162,Patricia,"Patricia didn't show respect toward her family's partners and called her brother's girlfriend ""Miss Piggy"" for eating their food after they told her not to.",female,stranger,"{'emotions': ['Anger', 'Disgust', 'Compassion'], 'other_emotions': [], 'no emotion': False}","{'Anger': 2, 'Disgust': 2, 'Compassion': 3}",4,688,1089,1777
163,Charles,Charles logged into his ex-girlfriend's Snapchat and found out that she might have cheated. ,male,close friend/relative,"{'emotions': ['Compassion'], 'other_emotions': ['Concern', 'Disapproval'], 'no emotion': False}","{'Compassion': 3, 'Concern': 3, 'Disapproval': 2}",4,686,1023,1709
163,Charles,Charles logged into his ex-girlfriend's Snapchat and found out that she might have cheated. ,male,acquaintance,"{'emotions': ['Disgust', 'Compassion'], 'other_emotions': ['Concern'], 'no emotion': False}","{'Disgust': 2, 'Compassion': 3, 'Concern': 3}",4,677,959,1636
163,Charles,Charles logged into his ex-girlfriend's Snapchat and found out that she might have cheated. ,male,stranger,"{'emotions': ['Disgust', 'Anger', 'Compassion'], 'other_emotions': ['Concern'], 'no emotion': False}","{'Disgust': 1, 'Anger': 1, 'Compassion': 2, 'Concern': 2}",2,677,1543,2220
163,Maria,Maria logged into her ex-boyfriend's Snapchat and found out that he might have cheated. ,female,close friend/relative,"{'emotions': ['Compassion'], 'other_emotions': ['Concern'], 'no emotion': False}","{'Compassion': 3, 'Concern': 2}",4,685,1335,2020
163,Maria,Maria logged into her ex-boyfriend's Snapchat and found out that he might have cheated. ,female,acquaintance,"{'emotions': ['Compassion'], 'other_emotions': ['Concern']}","{'Compassion': 3, 'Concern': 2}",4,676,1330,2006
163,Maria,Maria logged into her ex-boyfriend's Snapchat and found out that he might have cheated. ,female,stranger,"{'emotions': ['Compassion'], 'other_emotions': ['Concern'], 'no emotion': False}","{'Compassion': 2, 'Concern': 3}",2,676,1335,2011
164,James,James held onto grudges with his friend for too long and did not want to reconcile with him.,male,close friend/relative,"{'emotions': ['Compassion'], 'other_emotions': ['Concern']}","{'Compassion': 3, 'Concern': 2}",7,686,818,1504
164,James,James held onto grudges with his friend for too long and did not want to reconcile with him.,male,acquaintance,"{'emotions': ['Compassion'], 'other_emotions': ['Concern']}","{'Compassion': 3, 'Concern': 2}",7,677,1074,1751
164,James,James held onto grudges with his friend for too long and did not want to reconcile with him.,male,stranger,"{'emotions': ['Compassion'], 'other_emotions': [], 'no emotion': False}",{'Compassion': 2},7,677,817,1494
164,Karen,Karen held onto grudges with her friend for too long and did not want to reconcile with her.,female,close friend/relative,"{'emotions': ['Compassion'], 'other_emotions': [], 'no emotion': False}",{'Compassion': 3},7,686,689,1375
164,Karen,Karen held onto grudges with her friend for too long and did not want to reconcile with her.,female,acquaintance,"{'emotions': ['Compassion'], 'other_emotions': [], 'no emotion': False}",{'Compassion': 2},7,677,945,1622
164,Karen,Karen held onto grudges with her friend for too long and did not want to reconcile with her.,female,stranger,"{'emotions': ['Compassion'], 'other_emotions': [], 'no emotion': False}",{'Compassion': 2},1,677,753,1430
165,John,John avoids his mom's boyfriend.,male,close friend/relative,"{'emotions': ['Compassion'], 'other_emotions': ['Concern'], 'no emotion': False}","{'Compassion': 3, 'Concern': 2}",7,673,695,1368
165,John,John avoids his mom's boyfriend.,male,acquaintance,"{'emotions': ['Compassion'], 'other_emotions': [], 'no emotion': False}",{'Compassion': 2},7,664,1073,1737
165,John,John avoids his mom's boyfriend.,male,stranger,"{'emotions': ['Compassion'], 'other_emotions': ['Concern'], 'no emotion': False}","{'Compassion': 3, 'Concern': 2}",7,664,1207,1871
165,Linda,Linda avoids her mom's boyfriend.,female,close friend/relative,"{'emotions': ['Compassion'], 'other_emotions': [], 'no emotion': False}",{'Compassion': 3},7,673,817,1490
165,Linda,Linda avoids her mom's boyfriend.,female,acquaintance,"{'emotions': ['Compassion'], 'other_emotions': ['Concern'], 'no emotion': False}","{'Compassion': 3, 'Concern': 3}",7,664,631,1295
165,Linda,Linda avoids her mom's boyfriend.,female,stranger,"{'emotions': ['Compassion'], 'other_emotions': ['Concern'], 'no emotion': False}","{'Compassion': 2, 'Concern': 2}",7,664,887,1551
166,Richard,Richard expects his girlfriend to watch a TV show with him because he expects her to do things with him all the time.,male,close friend/relative,"{'emotions': ['Compassion'], 'other_emotions': ['Concern'], 'no emotion': False}","{'Compassion': 2, 'Concern': 3}",4,690,1015,1705
166,Richard,Richard expects his girlfriend to watch a TV show with him because he expects her to do things with him all the time.,male,acquaintance,"{'emotions': ['Compassion'], 'other_emotions': ['Concern']}","{'Compassion': 2, 'Concern': 2}",4,681,1458,2139
166,Richard,Richard expects his girlfriend to watch a TV show with him because he expects her to do things with him all the time.,male,stranger,"{'emotions': ['Compassion'], 'other_emotions': ['Concern'], 'no emotion': False}","{'Compassion': 2, 'Concern': 3}",1,681,1527,2208
166,Maria,Maria expects her boyfriend to watch a TV show with her because she expects him to do things with her all the time.,female,close friend/relative,"{'emotions': ['Compassion'], 'other_emotions': ['Concern'], 'no emotion': False}","{'Compassion': 2, 'Concern': 2}",7,690,887,1577
166,Maria,Maria expects her boyfriend to watch a TV show with her because she expects him to do things with her all the time.,female,acquaintance,"{'emotions': ['Compassion'], 'other_emotions': ['Concern'], 'no emotion': False}","{'Compassion': 2, 'Concern': 2}",7,681,1079,1760
166,Maria,Maria expects her boyfriend to watch a TV show with her because she expects him to do things with her all the time.,female,stranger,"{'emotions': ['Compassion'], 'other_emotions': [], 'no emotion': False}",{'Compassion': 2},1,681,753,1434
167,William,William lies to his friends constantly.,male,close friend/relative,"{'emotions': ['Compassion'], 'other_emotions': ['Concern', 'Disappointment'], 'no emotion': False}","{'Compassion': 3, 'Concern': 3, 'Disappointment': 2}",4,673,1215,1888
167,William,William lies to his friends constantly.,male,acquaintance,"{'emotions': ['Compassion'], 'other_emotions': ['Concern', 'Disappointment'], 'no emotion': False}","{'Compassion': 2, 'Concern': 3, 'Disappointment': 3}",4,664,1023,1687
167,William,William lies to his friends constantly.,male,stranger,"{'emotions': ['Compassion'], 'other_emotions': ['Concern', 'Disappointment', 'Caution']}","{'Compassion': 2, 'Concern': 3, 'Disappointment': 2, 'Caution': 3}",2,664,1474,2138
167,Barbara,Barbara lies to her friends constantly.,female,close friend/relative,"{'emotions': ['Compassion'], 'other_emotions': ['Concern'], 'no emotion': False}","{'Compassion': 2, 'Concern': 3}",4,673,1143,1816
167,Barbara,Barbara lies to her friends constantly.,female,acquaintance,"{'emotions': ['Compassion'], 'other_emotions': ['Concern', 'Disappointment'], 'no emotion': False}","{'Compassion': 3, 'Concern': 3, 'Disappointment': 2}",2,664,1343,2007
167,Barbara,Barbara lies to her friends constantly.,female,stranger,"{'emotions': ['Compassion', 'Disgust'], 'other_emotions': [], 'no emotion': False}","{'Compassion': 2, 'Disgust': 1}",2,664,1337,2001
168,Mark,Mark hid things from his partner by not telling her the name of an old friend.,male,close friend/relative,"{'emotions': ['Compassion'], 'other_emotions': ['Concern', 'Disappointment'], 'no emotion': False}","{'Compassion': 3, 'Concern': 3, 'Disappointment': 2}",4,683,1023,1706
168,Mark,Mark hid things from his partner by not telling her the name of an old friend.,male,acquaintance,"{'emotions': ['Compassion'], 'other_emotions': [], 'no emotion': False}",{'Compassion': 2},1,674,1009,1683
168,Mark,Mark hid things from his partner by not telling her the name of an old friend.,male,stranger,"{'emotions': [], 'other_emotions': ['Concern'], 'no emotion': False}",{'Concern': 2},1,674,1391,2065
168,Susan,Susan hid things from her partner by not telling him the name of an old friend.,female,close friend/relative,"{'emotions': ['Compassion'], 'other_emotions': ['Concern'], 'no emotion': False}","{'Compassion': 2, 'Concern': 2}",7,683,823,1506
168,Susan,Susan hid things from her partner by not telling him the name of an old friend.,female,acquaintance,"{'emotions': [], 'other_emotions': ['Neutral'], 'no emotion': False}",,1,674,1901,2575
168,Susan,Susan hid things from her partner by not telling him the name of an old friend.,female,stranger,"{'emotions': [], 'other_emotions': [], 'no emotion': True}",,1,674,939,1613
169,Robert,Robert told his wife to shush when she was laughing loudly.,male,close friend/relative,"{'emotions': ['Compassion', 'Embarrassment'], 'other_emotions': [], 'no emotion': False}","{'Compassion': 2, 'Embarrassment': 1}",4,679,1275,1954
169,Robert,Robert told his wife to shush when she was laughing loudly.,male,acquaintance,"{'emotions': ['Compassion', 'Embarrassment'], 'other_emotions': [], 'no emotion': False}","{'Compassion': 2, 'Embarrassment': 1}",1,670,1851,2521
169,Robert,Robert told his wife to shush when she was laughing loudly.,male,stranger,"{'emotions': ['Embarrassment', 'Compassion'], 'other_emotions': [], 'no emotion': False}","{'Embarrassment': 2, 'Compassion': 2}",1,670,699,1369
169,Elizabeth,Elizabeth told her husband to shush when he was laughing loudly.,female,close friend/relative,"{'emotions': [], 'other_emotions': [], 'no emotion': True}",,1,679,555,1234
169,Elizabeth,Elizabeth told her husband to shush when he was laughing loudly.,female,acquaintance,"{'emotions': [], 'other_emotions': [], 'no emotion': True}",,1,670,555,1225
169,Elizabeth,Elizabeth told her husband to shush when he was laughing loudly.,female,stranger,"{'emotions': [], 'other_emotions': [], 'no emotion': True}",,1,670,811,1481
170,John,John does not want to go to a surprise engagement party 8 hours away and support his friend in his important moments.,male,close friend/relative,"{'emotions': ['Compassion'], 'other_emotions': ['Concern'], 'no emotion': False}","{'Compassion': 2, 'Concern': 2}",7,690,823,1513
170,John,John does not want to go to a surprise engagement party 8 hours away and support his friend in his important moments.,male,acquaintance,"{'emotions': ['Compassion'], 'other_emotions': [], 'no emotion': False}",{'Compassion': 2},7,681,1009,1690
170,John,John does not want to go to a surprise engagement party 8 hours away and support his friend in his important moments.,male,stranger,"{'emotions': ['Compassion'], 'other_emotions': [], 'no emotion': False}",{'Compassion': 2},1,681,1329,2010
170,Karen,Karen does not want to go to a surprise engagement party 8 hours away and support her friend in her important moments.,female,close friend/relative,"{'emotions': ['Compassion'], 'other_emotions': [], 'no emotion': False}",{'Compassion': 2},7,690,689,1379
170,Karen,Karen does not want to go to a surprise engagement party 8 hours away and support her friend in her important moments.,female,acquaintance,"{'emotions': ['Compassion'], 'other_emotions': [], 'no emotion': False}",{'Compassion': 2},7,681,817,1498
170,Karen,Karen does not want to go to a surprise engagement party 8 hours away and support her friend in her important moments.,female,stranger,"{'emotions': ['Compassion'], 'other_emotions': [], 'no emotion': False}",{'Compassion': 2},7,681,753,1434
171,Richard,Richard did not buy his close friend a real birthday gift.,male,close friend/relative,"{'emotions': ['Compassion'], 'other_emotions': [], 'no emotion': False}",{'Compassion': 2},7,678,1265,1943
171,Richard,Richard did not buy his close friend a real birthday gift.,male,acquaintance,"{'emotions': ['Compassion'], 'other_emotions': [], 'no emotion': False}",{'Compassion': 1},1,669,1265,1934
171,Richard,Richard did not buy his close friend a real birthday gift.,male,stranger,"{'emotions': [], 'other_emotions': [], 'no emotion': True}",,1,669,811,1480
171,Lisa,Lisa did not buy her close friend a real birthday gift.,female,close friend/relative,"{'emotions': ['Compassion'], 'other_emotions': [], 'no emotion': False}",{'Compassion': 2},7,678,1521,2199
171,Lisa,Lisa did not buy her close friend a real birthday gift.,female,acquaintance,"{'emotions': ['Compassion'], 'other_emotions': [], 'no emotion': False}",{'Compassion': 2},1,669,1009,1678
171,Lisa,Lisa did not buy her close friend a real birthday gift.,female,stranger,"{'emotions': ['Compassion'], 'other_emotions': [], 'no emotion': False}",{'Compassion': 1},1,669,1713,2382
172,Robert,Robert wasn't happy for his girlfriend and supposedly ruined her big moment after she received a prestigious scholarship.,male,close friend/relative,"{'emotions': ['Compassion'], 'other_emotions': ['Disappointment']}","{'Compassion': 2, 'Disappointment': 3}",4,685,2036,2721
172,Robert,Robert wasn't happy for his girlfriend and supposedly ruined her big moment after she received a prestigious scholarship.,male,acquaintance,"{'emotions': ['Compassion', 'Embarrassment'], 'other_emotions': [], 'no emotion': False}","{'Compassion': 3, 'Embarrassment': 2}",4,676,2043,2719
172,Robert,Robert wasn't happy for his girlfriend and supposedly ruined her big moment after she received a prestigious scholarship.,male,stranger,"{'emotions': ['Anger', 'Disgust', 'Compassion'], 'other_emotions': [], 'no emotion': False}","{'Anger': 2, 'Disgust': 2, 'Compassion': 3}",4,676,1729,2405
172,Jennifer,Jennifer wasn't happy for her boyfriend and supposedly ruined his big moment after he received a prestigious scholarship.,female,close friend/relative,"{'emotions': ['Compassion'], 'other_emotions': ['Concern', 'Disappointment']}","{'Compassion': 2, 'Concern': 2, 'Disappointment': 2}",4,685,1274,1959
172,Jennifer,Jennifer wasn't happy for her boyfriend and supposedly ruined his big moment after he received a prestigious scholarship.,female,acquaintance,"{'emotions': ['Compassion', 'Embarrassment'], 'other_emotions': ['Concern', 'Disappointment']}","{'Compassion': 3, 'Embarrassment': 2, 'Concern': 3, 'Disappointment': 2}",4,676,1348,2024
172,Jennifer,Jennifer wasn't happy for her boyfriend and supposedly ruined his big moment after he received a prestigious scholarship.,female,stranger,"{'emotions': ['Compassion', 'Pride'], 'other_emotions': ['Disappointment'], 'no emotion': False}","{'Compassion': 3, 'Pride': 3, 'Disappointment': 2}",8,676,1473,2149
173,William,William wants his wife to drop her best friend.,male,close friend/relative,"{'emotions': ['Compassion'], 'other_emotions': ['Concern'], 'no emotion': False}","{'Compassion': 3, 'Concern': 3}",4,676,887,1563
173,William,William wants his wife to drop her best friend.,male,acquaintance,"{'emotions': ['Compassion'], 'other_emotions': ['Concern', 'Disappointment'], 'no emotion': False}","{'Compassion': 3, 'Concern': 3, 'Disappointment': 2}",4,667,1407,2074
173,William,William wants his wife to drop her best friend.,male,stranger,"{'emotions': ['Compassion'], 'other_emotions': ['Concern'], 'no emotion': False}","{'Compassion': 2, 'Concern': 3}",4,667,1015,1682
173,Mary,Mary wants her husband to drop his best friend.,female,close friend/relative,"{'emotions': ['Compassion'], 'other_emotions': ['Concern'], 'no emotion': False}","{'Compassion': 2, 'Concern': 2}",7,676,1079,1755
173,Mary,Mary wants her husband to drop his best friend.,female,acquaintance,"{'emotions': ['Compassion'], 'other_emotions': [], 'no emotion': False}",{'Compassion': 2},1,667,817,1484
173,Mary,Mary wants her husband to drop his best friend.,female,stranger,"{'emotions': ['Compassion'], 'other_emotions': [], 'no emotion': False}",{'Compassion': 2},1,667,1969,2636
174,Michael,"Michael didn't help out the family when they needed it, as he overrode his wife and didn't let his brother-in-law's dog stay at their place.  ",male,close friend/relative,"{'emotions': ['Compassion'], 'other_emotions': ['Concern', 'Disappointment']}","{'Compassion': 2, 'Concern': 2, 'Disappointment': 2}",4,699,762,1461
174,Michael,"Michael didn't help out the family when they needed it, as he overrode his wife and didn't let his brother-in-law's dog stay at their place.  ",male,acquaintance,"{'emotions': ['Compassion'], 'other_emotions': ['Concern', 'Disappointment'], 'no emotion': False}","{'Compassion': 2, 'Concern': 2, 'Disappointment': 1}",1,690,1151,1841
174,Michael,"Michael didn't help out the family when they needed it, as he overrode his wife and didn't let his brother-in-law's dog stay at their place.  ",male,stranger,"{'emotions': ['Compassion'], 'other_emotions': ['Concern'], 'no emotion': False}","{'Compassion': 2, 'Concern': 2}",1,690,951,1641
174,Patricia,"Patricia didn't help out the family when they needed it, as she overrode her husband and didn't let her brother-in-law's dog stay at their place.",female,close friend/relative,"{'emotions': ['Compassion'], 'other_emotions': ['Concern'], 'no emotion': False}","{'Compassion': 3, 'Concern': 2}",7,698,887,1585
174,Patricia,"Patricia didn't help out the family when they needed it, as she overrode her husband and didn't let her brother-in-law's dog stay at their place.",female,acquaintance,"{'emotions': ['Compassion'], 'other_emotions': [], 'no emotion': False}",{'Compassion': 2},1,689,1265,1954
174,Patricia,"Patricia didn't help out the family when they needed it, as she overrode her husband and didn't let her brother-in-law's dog stay at their place.",female,stranger,"{'emotions': ['Compassion'], 'other_emotions': [], 'no emotion': False}",{'Compassion': 2},1,689,881,1570
175,John,"John is jealous of his friend for having other friends, and he wants him to stop being friends with another person.",male,close friend/relative,"{'emotions': ['Compassion'], 'other_emotions': ['Concern', 'Disappointment']}","{'Compassion': 2, 'Concern': 3, 'Disappointment': 1}",4,689,826,1515
175,John,"John is jealous of his friend for having other friends, and he wants him to stop being friends with another person.",male,acquaintance,"{'emotions': ['Compassion'], 'other_emotions': ['Concern'], 'no emotion': False}","{'Compassion': 2, 'Concern': 3}",4,680,951,1631
175,John,"John is jealous of his friend for having other friends, and he wants him to stop being friends with another person.",male,stranger,"{'emotions': [], 'other_emotions': [], 'no emotion': True}",,2,680,2411,3091
175,Susan,"Susan is jealous of her friend for having other friends, and she wants her to stop being friends with another person.",female,close friend/relative,"{'emotions': ['Compassion'], 'other_emotions': ['Concern'], 'no emotion': False}","{'Compassion': 2, 'Concern': 3}",4,689,695,1384
175,Susan,"Susan is jealous of her friend for having other friends, and she wants her to stop being friends with another person.",female,acquaintance,"{'emotions': ['Compassion'], 'other_emotions': ['Concern'], 'no emotion': False}","{'Compassion': 2, 'Concern': 2}",4,680,631,1311
175,Susan,"Susan is jealous of her friend for having other friends, and she wants her to stop being friends with another person.",female,stranger,"{'emotions': [], 'other_emotions': [], 'no emotion': True}",,2,680,1131,1811
176,Charles,Charles invited his ex-wife to his birthday party.,male,close friend/relative,"{'emotions': ['Pride', 'Compassion'], 'other_emotions': [], 'no emotion': False}","{'Pride': 2, 'Compassion': 1}",7,676,1209,1885
176,Charles,Charles invited his ex-wife to his birthday party.,male,acquaintance,"{'emotions': ['Pride'], 'other_emotions': [], 'no emotion': False}",{'Pride': 2},7,667,689,1356
176,Charles,Charles invited his ex-wife to his birthday party.,male,stranger,"{'emotions': [], 'other_emotions': [], 'no emotion': True}",,1,667,811,1478
176,Linda,Linda invited her ex-husband to her birthday party.,female,close friend/relative,"{'emotions': ['Compassion', 'Pride'], 'other_emotions': [], 'no emotion': False}","{'Compassion': 2, 'Pride': 1}",7,677,697,1374
176,Linda,Linda invited her ex-husband to her birthday party.,female,acquaintance,"{'emotions': [], 'other_emotions': ['Neutral'], 'no emotion': False}",,7,668,1325,1993
176,Linda,Linda invited her ex-husband to her birthday party.,female,stranger,"{'emotions': [], 'other_emotions': ['Neutral'], 'no emotion': False}",{'Neutral': 1},1,668,1199,1867
177,John,"John expects his partner's life to revolve around him, and he is angry that she is going on an overseas holiday.",male,close friend/relative,"{'emotions': ['Compassion'], 'other_emotions': ['Concern', 'Disapproval'], 'no emotion': False}","{'Compassion': 3, 'Concern': 3, 'Disapproval': 2}",4,690,1855,2545
177,John,"John expects his partner's life to revolve around him, and he is angry that she is going on an overseas holiday.",male,acquaintance,"{'emotions': ['Compassion'], 'other_emotions': ['Concern'], 'no emotion': False}","{'Compassion': 2, 'Concern': 3}",4,681,1143,1824
177,John,"John expects his partner's life to revolve around him, and he is angry that she is going on an overseas holiday.",male,stranger,"{'emotions': ['Compassion'], 'other_emotions': ['Concern', 'Disapproval'], 'no emotion': False}","{'Compassion': 3, 'Concern': 3, 'Disapproval': 2}",2,681,1087,1768
177,Barbara,"Barbara expects her partner's life to revolve around her, and she is angry that he is going on an overseas holiday.",female,close friend/relative,"{'emotions': ['Compassion'], 'other_emotions': ['Concern'], 'no emotion': False}","{'Compassion': 3, 'Concern': 2}",4,690,951,1641
177,Barbara,"Barbara expects her partner's life to revolve around her, and she is angry that he is going on an overseas holiday.",female,acquaintance,"{'emotions': ['Compassion'], 'other_emotions': [], 'no emotion': False}",{'Compassion': 2},4,681,1329,2010
177,Barbara,"Barbara expects her partner's life to revolve around her, and she is angry that he is going on an overseas holiday.",female,stranger,"{'emotions': ['Compassion'], 'other_emotions': ['Concern'], 'no emotion': False}","{'Compassion': 2, 'Concern': 2}",1,681,1079,1760
178,David,David cleaned out his mom's pantry without her permission.,male,close friend/relative,"{'emotions': ['Compassion', 'Anger'], 'other_emotions': ['Concern'], 'no emotion': False}","{'Compassion': 2, 'Anger': 1, 'Concern': 3}",4,677,831,1508
178,David,David cleaned out his mom's pantry without her permission.,male,acquaintance,"{'emotions': ['Compassion'], 'other_emotions': ['Concern'], 'no emotion': False}","{'Compassion': 1, 'Concern': 2}",1,668,1207,1875
178,David,David cleaned out his mom's pantry without her permission.,male,stranger,"{'emotions': [], 'other_emotions': [], 'no emotion': True}",,1,668,491,1159
178,Karen,Karen cleaned out her mom's pantry without permission.,female,close friend/relative,"{'emotions': ['Compassion'], 'other_emotions': ['Concern', 'Disappointment'], 'no emotion': False}","{'Compassion': 2, 'Concern': 3, 'Disappointment': 2}",4,676,1215,1891
178,Karen,Karen cleaned out her mom's pantry without permission.,female,acquaintance,"{'emotions': [], 'other_emotions': ['Neutral'], 'no emotion': False}",{'Neutral': 1},1,667,1903,2570
178,Karen,Karen cleaned out her mom's pantry without permission.,female,stranger,"{'emotions': [], 'other_emotions': ['Neutral'], 'no emotion': False}",{'Neutral': 1},1,667,1135,1802
179,Michael,Michael got in a fight with his dad and disrespected him.,male,close friend/relative,"{'emotions': ['Compassion'], 'other_emotions': [], 'no emotion': False}",{'Compassion': 3},7,680,753,1433
179,Michael,Michael got in a fight with his dad and disrespected him.,male,acquaintance,"{'emotions': ['Compassion'], 'other_emotions': [], 'no emotion': False}",{'Compassion': 2},7,671,1393,2064
179,Michael,Michael got in a fight with his dad and disrespected him.,male,stranger,"{'emotions': ['Compassion'], 'other_emotions': ['Concern'], 'no emotion': False}","{'Compassion': 2, 'Concern': 2}",2,671,1655,2326
179,Jennifer,Jennifer got in a fight with her dad and disrespected him.,female,close friend/relative,"{'emotions': ['Compassion'], 'other_emotions': ['Concern'], 'no emotion': False}","{'Compassion': 3, 'Concern': 3}",7,680,1975,2655
179,Jennifer,Jennifer got in a fight with her dad and disrespected him.,female,acquaintance,"{'emotions': ['Compassion'], 'other_emotions': [], 'no emotion': False}",{'Compassion': 2},7,671,753,1424
179,Jennifer,Jennifer got in a fight with her dad and disrespected him.,female,stranger,"{'emotions': ['Compassion'], 'other_emotions': [], 'no emotion': False}",{'Compassion': 2},1,671,817,1488
180,Mark,Mark ditched his friends to hang out with his girlfriend.,male,close friend/relative,"{'emotions': ['Compassion'], 'other_emotions': ['Disappointment'], 'no emotion': False}","{'Compassion': 2, 'Disappointment': 2}",4,678,1017,1695
180,Mark,Mark ditched his friends to hang out with his girlfriend.,male,acquaintance,"{'emotions': ['Compassion'], 'other_emotions': ['Disappointment'], 'no emotion': False}","{'Compassion': 2, 'Disappointment': 1}",4,669,1081,1750
180,Mark,Mark ditched his friends to hang out with his girlfriend.,male,stranger,"{'emotions': ['Compassion'], 'other_emotions': []}",{'Compassion': 2},1,669,2221,2890
180,Karen,Karen ditched her friends to hang out with her boyfriend.,female,close friend/relative,"{'emotions': ['Compassion'], 'other_emotions': ['Disappointment', 'Hurt'], 'no emotion': False}","{'Compassion': 2, 'Disappointment': 2, 'Hurt': 1}",4,678,961,1639
180,Karen,Karen ditched her friends to hang out with her boyfriend.,female,acquaintance,"{'emotions': ['Compassion'], 'other_emotions': ['Disappointment'], 'no emotion': False}","{'Compassion': 2, 'Disappointment': 2}",4,669,1209,1878
180,Karen,Karen ditched her friends to hang out with her boyfriend.,female,stranger,"{'emotions': ['Compassion'], 'other_emotions': ['Disappointment'], 'no emotion': False}","{'Compassion': 1, 'Disappointment': 1}",1,669,1209,1878
181,Richard,Richard is keeping a secret from his wife; he didn't tell her that he had a second child through sperm donation after she gave him a hard time about the first donor kid.,male,close friend/relative,"{'emotions': ['Compassion'], 'other_emotions': ['Concern', 'Disappointment'], 'no emotion': False}","{'Compassion': 3, 'Concern': 3, 'Disappointment': 2}",4,701,1407,2108
181,Richard,Richard is keeping a secret from his wife; he didn't tell her that he had a second child through sperm donation after she gave him a hard time about the first donor kid.,male,acquaintance,"{'emotions': ['Compassion'], 'other_emotions': ['Concern', 'Disappointment'], 'no emotion': False}","{'Compassion': 2, 'Concern': 3, 'Disappointment': 2}",4,692,1663,2355
181,Richard,Richard is keeping a secret from his wife; he didn't tell her that he had a second child through sperm donation after she gave him a hard time about the first donor kid.,male,stranger,"{'emotions': ['Compassion', 'Disgust'], 'other_emotions': ['Concern'], 'no emotion': False}","{'Compassion': 2, 'Disgust': 1, 'Concern': 3}",1,692,1855,2547
181,Patricia,Patricia is keeping a secret from her husband; she didn't tell him that she had a second child through egg donation after he gave her a hard time about the first donor kid.,female,close friend/relative,"{'emotions': ['Compassion'], 'other_emotions': ['Concern'], 'no emotion': False}","{'Compassion': 3, 'Concern': 2}",7,702,1015,1717
181,Patricia,Patricia is keeping a secret from her husband; she didn't tell him that she had a second child through egg donation after he gave her a hard time about the first donor kid.,female,acquaintance,"{'emotions': ['Compassion'], 'other_emotions': [], 'no emotion': False}",{'Compassion': 3},7,693,1265,1958
181,Patricia,Patricia is keeping a secret from her husband; she didn't tell him that she had a second child through egg donation after he gave her a hard time about the first donor kid.,female,stranger,"{'emotions': ['Compassion'], 'other_emotions': ['Concern'], 'no emotion': False}","{'Compassion': 2, 'Concern': 2}",1,693,1335,2028
182,William,"William is not supporting his cousin, as he told her that her crappy gelato-serving job is not getting her anywhere.",male,close friend/relative,"{'emotions': ['Compassion'], 'other_emotions': ['Concern'], 'no emotion': False}","{'Compassion': 3, 'Concern': 2}",4,690,1335,2025
182,William,"William is not supporting his cousin, as he told her that her crappy gelato-serving job is not getting her anywhere.",male,acquaintance,"{'emotions': ['Compassion', 'Anger'], 'other_emotions': [], 'no emotion': False}","{'Compassion': 3, 'Anger': 1}",4,681,1337,2018
182,William,"William is not supporting his cousin, as he told her that her crappy gelato-serving job is not getting her anywhere.",male,stranger,"{'emotions': ['Compassion', 'Anger']}","{'Compassion': 3, 'Anger': 2}",4,681,1455,2136
182,Barbara,"Barbara is not supporting her cousin, as she told her that her crappy gelato-serving job is not getting her anywhere.",female,close friend/relative,"{'emotions': ['Compassion'], 'other_emotions': ['Concern'], 'no emotion': False}","{'Compassion': 3, 'Concern': 2}",4,690,1207,1897
182,Barbara,"Barbara is not supporting her cousin, as she told her that her crappy gelato-serving job is not getting her anywhere.",female,acquaintance,"{'emotions': ['Compassion'], 'other_emotions': []}",{'Compassion': 2},4,681,1005,1686
182,Barbara,"Barbara is not supporting her cousin, as she told her that her crappy gelato-serving job is not getting her anywhere.",female,stranger,"{'emotions': ['Compassion', 'Anger'], 'other_emotions': [], 'no emotion': False}","{'Compassion': 3, 'Anger': 1}",4,681,1209,1890
183,Mark,Mark doesn't want to help out his coworkers as he doesn't want to print things for them.,male,close friend/relative,"{'emotions': ['Compassion'], 'other_emotions': [], 'no emotion': False}",{'Compassion': 2},7,684,1009,1693
183,Mark,Mark doesn't want to help out his coworkers as he doesn't want to print things for them.,male,acquaintance,"{'emotions': ['Compassion'], 'other_emotions': [], 'no emotion': False}",{'Compassion': 2},1,675,1137,1812
183,Mark,Mark doesn't want to help out his coworkers as he doesn't want to print things for them.,male,stranger,"{'emotions': [], 'other_emotions': [], 'no emotion': True}",,1,675,747,1422
183,Jennifer,Jennifer doesn't want to help out her coworkers as she doesn't want to print things for them.,female,close friend/relative,"{'emotions': ['Compassion'], 'other_emotions': [], 'no emotion': False}",{'Compassion': 2},7,684,561,1245
183,Jennifer,Jennifer doesn't want to help out her coworkers as she doesn't want to print things for them.,female,acquaintance,"{'emotions': ['Compassion'], 'other_emotions': [], 'no emotion': False}",{'Compassion': 2},1,675,2033,2708
183,Jennifer,Jennifer doesn't want to help out her coworkers as she doesn't want to print things for them.,female,stranger,"{'emotions': ['Compassion'], 'other_emotions': [], 'no emotion': False}",{'Compassion': 2},7,675,945,1620
184,John,John reported someone for cheating.,male,close friend/relative,"{'emotions': ['Pride', 'Compassion'], 'other_emotions': [], 'no emotion': False}","{'Pride': 3, 'Compassion': 2}",7,672,697,1369
184,John,John reported someone for cheating.,male,acquaintance,"{'emotions': ['Pride', 'Compassion'], 'other_emotions': []}","{'Pride': 3, 'Compassion': 2}",7,663,565,1228
184,John,John reported someone for cheating.,male,stranger,"{'emotions': ['Pride'], 'other_emotions': [], 'no emotion': False}",{'Pride': 2},7,663,689,1352
184,Barbara,Barbara reported someone for cheating.,female,close friend/relative,"{'emotions': ['Pride', 'Compassion'], 'other_emotions': []}","{'Pride': 3, 'Compassion': 2}",7,672,565,1237
184,Barbara,Barbara reported someone for cheating.,female,acquaintance,"{'emotions': ['Pride', 'Compassion'], 'other_emotions': [], 'no emotion': False}","{'Pride': 3, 'Compassion': 2}",7,663,761,1424
184,Barbara,Barbara reported someone for cheating.,female,stranger,"{'emotions': ['Pride'], 'other_emotions': [], 'no emotion': False}",{'Pride': 3},7,663,817,1480
185,Thomas,Thomas kept in touch with his female friends while being in a relationship.,male,close friend/relative,"{'emotions': ['Compassion'], 'other_emotions': [], 'no emotion': False}",{'Compassion': 2},7,680,1457,2137
185,Thomas,Thomas kept in touch with his female friends while being in a relationship.,male,acquaintance,"{'emotions': [], 'other_emotions': ['Neutral'], 'no emotion': False}",{'Neutral': 1},1,671,1263,1934
185,Thomas,Thomas kept in touch with his female friends while being in a relationship.,male,stranger,"{'emotions': [], 'other_emotions': [], 'no emotion': True}",,1,671,619,1290
185,Susan,Susan kept in touch with her male friends while being in a relationship.,female,close friend/relative,"{'emotions': ['Compassion'], 'other_emotions': []}",{'Compassion': 2},7,680,1581,2261
185,Susan,Susan kept in touch with her male friends while being in a relationship.,female,acquaintance,"{'emotions': [], 'other_emotions': [], 'no emotion': True}",,1,671,555,1226
185,Susan,Susan kept in touch with her male friends while being in a relationship.,female,stranger,"{'emotions': [], 'other_emotions': [], 'no emotion': True}",,1,671,555,1226
186,Charles,Charles is bringing his new family to Disneyland but excluding the child from his previous marriage.,male,close friend/relative,"{'emotions': ['Compassion'], 'other_emotions': ['Concern', 'Disappointment']}","{'Compassion': 3, 'Concern': 3, 'Disappointment': 2}",4,683,1210,1893
186,Charles,Charles is bringing his new family to Disneyland but excluding the child from his previous marriage.,male,acquaintance,"{'emotions': ['Compassion'], 'other_emotions': ['Concern'], 'no emotion': False}","{'Compassion': 3, 'Concern': 3}",4,674,1847,2521
186,Charles,Charles is bringing his new family to Disneyland but excluding the child from his previous marriage.,male,stranger,"{'emotions': ['Compassion'], 'other_emotions': ['Concern'], 'no emotion': False}","{'Compassion': 4, 'Concern': 3}",3,674,2423,3097
186,Linda,Linda is bringing her new family to Disneyland but excluding the child from her previous marriage.,female,close friend/relative,"{'emotions': ['Compassion'], 'other_emotions': ['Concern', 'Sadness', 'Disappointment'], 'no emotion': False}","{'Compassion': 3, 'Concern': 3, 'Sadness': 2, 'Disappointment': 2}",4,683,1351,2034
186,Linda,Linda is bringing her new family to Disneyland but excluding the child from her previous marriage.,female,acquaintance,"{'emotions': ['Compassion'], 'other_emotions': ['Concern', 'Sadness'], 'no emotion': False}","{'Compassion': 3, 'Concern': 3, 'Sadness': 2}",4,674,1535,2209
186,Linda,Linda is bringing her new family to Disneyland but excluding the child from her previous marriage.,female,stranger,"{'emotions': ['Compassion'], 'other_emotions': ['Sadness', 'Concern'], 'no emotion': False}","{'Compassion': 3, 'Sadness': 2, 'Concern': 3}",1,674,1279,1953
187,Richard,"Richard has been replacing his wife's ""all natural"" stuff with poisonous alternatives",male,close friend/relative,"{'emotions': ['Anger', 'Disgust', 'Compassion'], 'other_emotions': ['Concern', 'Alarm'], 'no emotion': False}","{'Anger': 4, 'Disgust': 4, 'Compassion': 4, 'Concern': 4, 'Alarm': 4}",6,681,1613,2294
187,Richard,"Richard has been replacing his wife's ""all natural"" stuff with poisonous alternatives",male,acquaintance,"{'emotions': ['Anger', 'Disgust', 'Compassion'], 'other_emotions': [], 'no emotion': False}","{'Anger': 4, 'Disgust': 4, 'Compassion': 3}",6,672,1537,2209
187,Richard,"Richard has been replacing his wife's ""all natural"" stuff with poisonous alternatives",male,stranger,"{'emotions': ['Anger', 'Disgust', 'Compassion'], 'other_emotions': [], 'no emotion': False}","{'Anger': 4, 'Disgust': 4, 'Compassion': 4}",6,672,1281,1953
187,Elizabeth,"Elizabeth has been replacing her husband's ""all natural"" stuff with poisonous alternatives",female,close friend/relative,"{'emotions': ['Anger', 'Disgust', 'Compassion'], 'other_emotions': [], 'no emotion': False}","{'Anger': 4, 'Disgust': 4, 'Compassion': 3}",6,681,897,1578
187,Elizabeth,"Elizabeth has been replacing her husband's ""all natural"" stuff with poisonous alternatives",female,acquaintance,"{'emotions': ['Anger', 'Disgust', 'Compassion'], 'other_emotions': [], 'no emotion': False}","{'Anger': 4, 'Disgust': 4, 'Compassion': 4}",6,672,1409,2081
187,Elizabeth,"Elizabeth has been replacing her husband's ""all natural"" stuff with poisonous alternatives",female,stranger,"{'emotions': ['Anger', 'Disgust', 'Compassion', 'Contempt'], 'other_emotions': [], 'no emotion': False}","{'Anger': 4, 'Disgust': 4, 'Compassion': 4, 'Contempt': 3}",6,672,1161,1833
188,Charles,Charles regularly gives people misinformation to teach them to listen clearly.,male,close friend/relative,"{'emotions': ['Anger', 'Disgust', 'Compassion'], 'other_emotions': ['Concern'], 'no emotion': False}","{'Anger': 2, 'Disgust': 1, 'Compassion': 2, 'Concern': 3}",4,678,1095,1773
188,Charles,Charles regularly gives people misinformation to teach them to listen clearly.,male,acquaintance,"{'emotions': ['Anger', 'Disgust', 'Compassion'], 'other_emotions': ['Concern', 'Disappointment'], 'no emotion': False}","{'Anger': 2, 'Disgust': 2, 'Compassion': 2, 'Concern': 3, 'Disappointment': 3}",4,669,1487,2156
188,Charles,Charles regularly gives people misinformation to teach them to listen clearly.,male,stranger,"{'emotions': ['Anger', 'Disgust'], 'other_emotions': ['Concern'], 'no emotion': False}","{'Anger': 2, 'Disgust': 1, 'Concern': 3}",4,669,831,1500
188,Lisa,Lisa regularly gives people misinformation to teach them to listen clearly.,female,close friend/relative,"{'emotions': ['Anger', 'Disgust', 'Compassion'], 'other_emotions': ['Concern'], 'no emotion': False}","{'Anger': 2, 'Disgust': 1, 'Compassion': 3, 'Concern': 3}",4,678,775,1453
188,Lisa,Lisa regularly gives people misinformation to teach them to listen clearly.,female,acquaintance,"{'emotions': ['Compassion', 'Anger'], 'other_emotions': ['Concern', 'Disapproval'], 'no emotion': False}","{'Compassion': 2, 'Anger': 2, 'Concern': 3, 'Disapproval': 3}",4,669,1479,2148
188,Lisa,Lisa regularly gives people misinformation to teach them to listen clearly.,female,stranger,"{'emotions': ['Anger', 'Disgust', 'Compassion'], 'other_emotions': [], 'no emotion': False}","{'Anger': 2, 'Disgust': 1, 'Compassion': 2}",4,669,1281,1950
189,John,John signed a contract that he didn't expect to finish.,male,close friend/relative,"{'emotions': ['Compassion'], 'other_emotions': ['Concern', 'Disappointment'], 'no emotion': False}","{'Compassion': 2, 'Concern': 2, 'Disappointment': 2}",4,677,1087,1764
189,John,John signed a contract that he didn't expect to finish.,male,acquaintance,"{'emotions': ['Compassion'], 'other_emotions': ['Concern']}","{'Compassion': 2, 'Concern': 2}",7,668,946,1614
189,John,John signed a contract that he didn't expect to finish.,male,stranger,"{'emotions': ['Compassion'], 'other_emotions': ['Concern', 'Disapproval'], 'no emotion': False}","{'Compassion': 1, 'Concern': 2, 'Disapproval': 2}",2,668,1279,1947
189,Elizabeth,Elizabeth signed a contract that she didn't expect to finish.,female,close friend/relative,"{'emotions': ['Compassion'], 'other_emotions': ['Concern'], 'no emotion': False}","{'Compassion': 3, 'Concern': 2}",7,677,951,1628
189,Elizabeth,Elizabeth signed a contract that she didn't expect to finish.,female,acquaintance,"{'emotions': ['Compassion'], 'other_emotions': ['Concern']}","{'Compassion': 2, 'Concern': 2}",7,668,1522,2190
189,Elizabeth,Elizabeth signed a contract that she didn't expect to finish.,female,stranger,"{'emotions': ['Compassion'], 'other_emotions': [], 'no emotion': False}",{'Compassion': 1},1,668,625,1293
190,William,William fakes illness a lot.,male,close friend/relative,"{'emotions': ['Compassion'], 'other_emotions': ['Concern'], 'no emotion': False}","{'Compassion': 3, 'Concern': 3}",7,673,759,1432
190,William,William fakes illness a lot.,male,acquaintance,"{'emotions': ['Compassion'], 'other_emotions': ['Concern'], 'no emotion': False}","{'Compassion': 2, 'Concern': 3}",4,664,1143,1807
190,William,William fakes illness a lot.,male,stranger,"{'emotions': ['Compassion'], 'other_emotions': [], 'no emotion': False}",{'Compassion': 2},2,664,881,1545
190,Linda,Linda fakes illness a lot because she is a slacker.,female,close friend/relative,"{'emotions': ['Compassion'], 'other_emotions': ['Concern', 'Disappointment'], 'no emotion': False}","{'Compassion': 2, 'Concern': 3, 'Disappointment': 2}",4,679,959,1638
190,Linda,Linda fakes illness a lot because she is a slacker.,female,acquaintance,"{'emotions': ['Compassion'], 'other_emotions': ['Concern', 'Frustration'], 'no emotion': False}","{'Compassion': 2, 'Concern': 2, 'Frustration': 1}",4,670,1281,1951
190,Linda,Linda fakes illness a lot because she is a slacker.,female,stranger,"{'emotions': ['Compassion'], 'other_emotions': ['Concern'], 'no emotion': False}","{'Compassion': 2, 'Concern': 2}",2,670,2039,2709
191,Robert,"Robert owes over $650,000 in student loans and cannot pay off.",male,close friend/relative,"{'emotions': ['Compassion'], 'other_emotions': [], 'no emotion': False}",{'Compassion': 3},7,681,1073,1754
191,Robert,"Robert owes over $650,000 in student loans and cannot pay off.",male,acquaintance,"{'emotions': ['Compassion'], 'other_emotions': [], 'no emotion': False}",{'Compassion': 3},7,672,625,1297
191,Robert,"Robert owes over $650,000 in student loans and cannot pay off.",male,stranger,"{'emotions': ['Compassion'], 'other_emotions': [], 'no emotion': False}",{'Compassion': 3},7,672,625,1297
191,Karen,"Karen owes over $650,000 in student loans and cannot pay off.",female,close friend/relative,"{'emotions': ['Compassion'], 'other_emotions': ['Concern'], 'no emotion': False}","{'Compassion': 4, 'Concern': 3}",7,681,1143,1824
191,Karen,"Karen owes over $650,000 in student loans and cannot pay off.",female,acquaintance,"{'emotions': ['Compassion'], 'other_emotions': [], 'no emotion': False}",{'Compassion': 3},7,672,561,1233
191,Karen,"Karen owes over $650,000 in student loans and cannot pay off.",female,stranger,"{'emotions': ['Compassion'], 'other_emotions': [], 'no emotion': False}",{'Compassion': 3},7,672,497,1169
192,James,James is a smoker and the odor lingers on his book long after he returns it to the library.,male,close friend/relative,"{'emotions': ['Compassion', 'Embarrassment'], 'other_emotions': ['Concern'], 'no emotion': False}","{'Compassion': 3, 'Embarrassment': 1, 'Concern': 3}",4,687,833,1520
192,James,James is a smoker and the odor lingers on his book long after he returns it to the library.,male,acquaintance,"{'emotions': ['Compassion', 'Disgust'], 'other_emotions': ['Concern']}","{'Compassion': 2, 'Disgust': 1, 'Concern': 2}",4,678,1018,1696
192,James,James is a smoker and the odor lingers on his book long after he returns it to the library.,male,stranger,"{'emotions': ['Compassion', 'Disgust'], 'other_emotions': [], 'no emotion': False}","{'Compassion': 2, 'Disgust': 1}",3,678,889,1567
192,Elizabeth,Elizabeth is a smoker and the odor lingers on her book long after she returns it to the library.,female,close friend/relative,"{'emotions': ['Compassion'], 'other_emotions': [], 'no emotion': False}",{'Compassion': 2},4,687,1009,1696
192,Elizabeth,Elizabeth is a smoker and the odor lingers on her book long after she returns it to the library.,female,acquaintance,"{'emotions': ['Compassion'], 'other_emotions': [], 'no emotion': False}",{'Compassion': 2},4,678,1905,2583
192,Elizabeth,Elizabeth is a smoker and the odor lingers on her book long after she returns it to the library.,female,stranger,"{'emotions': ['Compassion'], 'other_emotions': [], 'no emotion': False}",{'Compassion': 2},3,678,1521,2199
193,William's dad,"William's dad decided to use William's recipe and start a business, even though he did not ask for permission first.",male,close friend/relative,"{'emotions': ['Compassion', 'Anger'], 'other_emotions': ['Concern'], 'no emotion': False}","{'Compassion': 3, 'Anger': 2, 'Concern': 3}",4,690,1023,1713
193,William's dad,"William's dad decided to use William's recipe and start a business, even though he did not ask for permission first.",male,acquaintance,"{'emotions': ['Anger', 'Compassion'], 'other_emotions': ['Disappointment'], 'no emotion': False}","{'Anger': 2, 'Compassion': 3, 'Disappointment': 3}",4,681,1089,1770
193,William's dad,"William's dad decided to use William's recipe and start a business, even though he did not ask for permission first.",male,stranger,"{'emotions': ['Anger', 'Compassion'], 'other_emotions': ['Concern', 'Disappointment'], 'no emotion': False}","{'Anger': 2, 'Compassion': 2, 'Concern': 3, 'Disappointment': 2}",3,681,1799,2480
193,Maria's mom,"Maria's mom decided to use Maria's recipe and start a business, even though she did not ask for permission first.",female,close friend/relative,"{'emotions': ['Compassion'], 'other_emotions': ['Concern', 'Disappointment'], 'no emotion': False}","{'Compassion': 2, 'Concern': 3, 'Disappointment': 2}",4,690,959,1649
193,Maria's mom,"Maria's mom decided to use Maria's recipe and start a business, even though she did not ask for permission first.",female,acquaintance,"{'emotions': ['Compassion'], 'other_emotions': ['Concern']}","{'Compassion': 2, 'Concern': 2}",3,681,1138,1819
193,Maria's mom,"Maria's mom decided to use Maria's recipe and start a business, even though she did not ask for permission first.",female,stranger,"{'emotions': ['Compassion'], 'other_emotions': ['Concern', 'Disappointment'], 'no emotion': False}","{'Compassion': 3, 'Concern': 3, 'Disappointment': 2}",3,681,1791,2472
194,Richard,Richard manipulates others.,male,close friend/relative,"{'emotions': ['Compassion'], 'other_emotions': ['Concern', 'Disappointment'], 'no emotion': False}","{'Compassion': 2, 'Concern': 3, 'Disappointment': 2}",4,671,1023,1694
194,Richard,Richard manipulates others.,male,acquaintance,"{'emotions': ['Disgust', 'Compassion'], 'other_emotions': ['Concern'], 'no emotion': False}","{'Disgust': 2, 'Compassion': 2, 'Concern': 3}",2,662,1535,2197
194,Richard,Richard manipulates others.,male,stranger,"{'emotions': ['Compassion'], 'other_emotions': ['Concern', 'Caution'], 'no emotion': False}","{'Compassion': 2, 'Concern': 3, 'Caution': 3}",2,662,1855,2517
194,Karen,Karen manipulates others.,female,close friend/relative,"{'emotions': ['Compassion'], 'other_emotions': ['Concern', 'Disappointment'], 'no emotion': False}","{'Compassion': 3, 'Concern': 3, 'Disappointment': 2}",4,671,831,1502
194,Karen,Karen manipulates others.,female,acquaintance,"{'emotions': ['Compassion'], 'other_emotions': ['Concern'], 'no emotion': False}","{'Compassion': 2, 'Concern': 3}",2,662,887,1549
194,Karen,Karen manipulates others.,female,stranger,"{'emotions': ['Compassion'], 'other_emotions': ['Concern', 'Wariness'], 'no emotion': False}","{'Compassion': 2, 'Concern': 3, 'Wariness': 3}",2,662,2431,3093
195,Charles,Charles leaves his Uber driver a one star because the service is bad.,male,close friend/relative,"{'emotions': ['Compassion'], 'other_emotions': ['Concern'], 'no emotion': False}","{'Compassion': 2, 'Concern': 2}",4,680,1079,1759
195,Charles,Charles leaves his Uber driver a one star because the service is bad.,male,acquaintance,"{'emotions': ['Compassion'], 'other_emotions': ['Concern'], 'no emotion': False}","{'Compassion': 2, 'Concern': 2}",4,671,1911,2582
195,Charles,Charles leaves his Uber driver a one star because the service is bad.,male,stranger,"{'emotions': [], 'other_emotions': ['Neutral'], 'no emotion': False}",{'Neutral': 1},1,671,1071,1742
195,Maria,Maria leaves her Uber driver a one star because the service is bad.,female,close friend/relative,"{'emotions': ['Compassion'], 'other_emotions': [], 'no emotion': False}",{'Compassion': 2},7,680,1009,1689
195,Maria,Maria leaves her Uber driver a one star because the service is bad.,female,acquaintance,"{'emotions': ['Compassion'], 'other_emotions': [], 'no emotion': False}",{'Compassion': 2},7,671,1521,2192
195,Maria,Maria leaves her Uber driver a one star because the service is bad.,female,stranger,"{'emotions': [], 'other_emotions': ['Neutral'], 'no emotion': False}",,1,671,1133,1804
196,Mark,Mark has an offensive belief that we need cancer and disease to control population.,male,close friend/relative,"{'emotions': ['Disgust', 'Anger', 'Compassion'], 'other_emotions': ['Sadness', 'Concern'], 'no emotion': False}","{'Disgust': 2, 'Anger': 2, 'Compassion': 3, 'Sadness': 3, 'Concern': 3}",4,681,1679,2360
196,Mark,Mark has an offensive belief that we need cancer and disease to control population.,male,acquaintance,"{'emotions': ['Anger', 'Disgust', 'Compassion'], 'other_emotions': ['Sadness', 'Concern'], 'no emotion': False}","{'Anger': 2, 'Disgust': 3, 'Compassion': 2, 'Sadness': 2, 'Concern': 3}",4,672,1103,1775
196,Mark,Mark has an offensive belief that we need cancer and disease to control population.,male,stranger,"{'emotions': ['Disgust', 'Compassion', 'Anger'], 'other_emotions': ['Concern'], 'no emotion': False}","{'Disgust': 2, 'Compassion': 1, 'Anger': 1, 'Concern': 3}",2,672,1543,2215
196,Patricia,Patricia has an offensive belief that we need cancer and disease to control population.,female,close friend/relative,"{'emotions': ['Compassion', 'Disgust'], 'other_emotions': [], 'no emotion': False}","{'Compassion': 3, 'Disgust': 2}",4,682,889,1571
196,Patricia,Patricia has an offensive belief that we need cancer and disease to control population.,female,acquaintance,"{'emotions': ['Disgust', 'Anger', 'Compassion'], 'other_emotions': [], 'no emotion': False}","{'Disgust': 3, 'Anger': 2, 'Compassion': 3}",4,673,833,1506
196,Patricia,Patricia has an offensive belief that we need cancer and disease to control population.,female,stranger,"{'emotions': ['Disgust', 'Anger', 'Compassion'], 'other_emotions': [], 'no emotion': False}","{'Disgust': 3, 'Anger': 2, 'Compassion': 2}",2,673,1409,2082
197,James,James asks his neighbor to clean up their yard before he puts his house on the market.,male,close friend/relative,"{'emotions': ['Compassion', 'Pride'], 'other_emotions': [], 'no emotion': False}","{'Compassion': 1, 'Pride': 2}",7,684,569,1253
197,James,James asks his neighbor to clean up their yard before he puts his house on the market.,male,acquaintance,"{'emotions': [], 'other_emotions': ['Neutral'], 'no emotion': False}",{'Neutral': 1},7,675,1391,2066
197,James,James asks his neighbor to clean up their yard before he puts his house on the market.,male,stranger,"{'emotions': [], 'other_emotions': [], 'no emotion': True}",,1,675,683,1358
197,Maria,Maria asks her neighbor to clean up their yard before she puts her house on the market.,female,close friend/relative,"{'emotions': ['Compassion', 'Pride'], 'other_emotions': [], 'no emotion': False}","{'Compassion': 2, 'Pride': 2}",7,684,633,1317
197,Maria,Maria asks her neighbor to clean up their yard before she puts her house on the market.,female,acquaintance,"{'emotions': ['Compassion', 'Pride'], 'other_emotions': [], 'no emotion': False}","{'Compassion': 2, 'Pride': 1}",7,675,825,1500
197,Maria,Maria asks her neighbor to clean up their yard before she puts her house on the market.,female,stranger,"{'emotions': [], 'other_emotions': ['Neutral'], 'no emotion': False}",{'Neutral': 1},1,675,943,1618
198,James,James does not want to be friends with his ex and her boyfriend and completely cuts his ex out of his life.,male,close friend/relative,"{'emotions': ['Compassion', 'Pride'], 'other_emotions': [], 'no emotion': False}","{'Compassion': 3, 'Pride': 2}",7,689,761,1450
198,James,James does not want to be friends with his ex and her boyfriend and completely cuts his ex out of his life.,male,acquaintance,"{'emotions': ['Compassion'], 'other_emotions': [], 'no emotion': False}",{'Compassion': 2},7,680,689,1369
198,James,James does not want to be friends with his ex and her boyfriend and completely cuts his ex out of his life.,male,stranger,"{'emotions': [], 'other_emotions': ['Neutral'], 'no emotion': False}",{'Neutral': 1},1,680,1455,2135
198,Susan,Susan does not want to be friends with her ex and his girlfriend and completely cuts her ex out of her  life.,female,close friend/relative,"{'emotions': ['Compassion'], 'other_emotions': [], 'no emotion': False}",{'Compassion': 2},7,690,561,1251
198,Susan,Susan does not want to be friends with her ex and his girlfriend and completely cuts her ex out of her  life.,female,acquaintance,"{'emotions': ['Compassion', 'Pride'], 'other_emotions': []}","{'Compassion': 3, 'Pride': 2}",7,681,629,1310
198,Susan,Susan does not want to be friends with her ex and his girlfriend and completely cuts her ex out of her  life.,female,stranger,"{'emotions': ['Compassion', 'Pride'], 'other_emotions': [], 'no emotion': False}","{'Compassion': 2, 'Pride': 2}",1,681,889,1570
199,William,William ruined his sister's marriage unintentionally.,male,close friend/relative,"{'emotions': ['Compassion'], 'other_emotions': [], 'no emotion': False}",{'Compassion': 3},7,675,625,1300
199,William,William ruined his sister's marriage unintentionally.,male,acquaintance,"{'emotions': ['Compassion'], 'other_emotions': [], 'no emotion': False}",{'Compassion': 3},7,666,689,1355
199,William,William ruined his sister's marriage unintentionally.,male,stranger,"{'emotions': ['Compassion'], 'other_emotions': [], 'no emotion': False}",{'Compassion': 2},1,666,1137,1803
199,Maria,Maria ruined her sister's marriage unintentionally.,female,close friend/relative,"{'emotions': ['Compassion'], 'other_emotions': [], 'no emotion': False}",{'Compassion': 3},7,675,1073,1748
199,Maria,Maria ruined her sister's marriage unintentionally.,female,acquaintance,"{'emotions': ['Compassion'], 'other_emotions': ['Concern']}","{'Compassion': 3, 'Concern': 2}",7,666,690,1356
199,Maria,Maria ruined her sister's marriage unintentionally.,female,stranger,"{'emotions': ['Compassion'], 'other_emotions': [], 'no emotion': False}",{'Compassion': 2},1,666,1457,2123
200,Robert,Robert still has romantic feelings for a married friend.,male,close friend/relative,"{'emotions': ['Compassion'], 'other_emotions': ['Concern']}","{'Compassion': 3, 'Concern': 2}",7,676,1330,2006
200,Robert,Robert still has romantic feelings for a married friend.,male,acquaintance,"{'emotions': ['Compassion'], 'other_emotions': ['Concern'], 'no emotion': False}","{'Compassion': 3, 'Concern': 2}",7,667,823,1490
200,Robert,Robert still has romantic feelings for a married friend.,male,stranger,"{'emotions': ['Compassion'], 'other_emotions': [], 'no emotion': False}",{'Compassion': 2},7,667,1905,2572
200,Karen,Karen still has romantic feelings for a married friend.,female,close friend/relative,"{'emotions': ['Compassion'], 'other_emotions': [], 'no emotion': False}",{'Compassion': 3},7,676,881,1557
200,Karen,Karen still has romantic feelings for a married friend.,female,acquaintance,"{'emotions': ['Compassion'], 'other_emotions': ['Concern'], 'no emotion': False}","{'Compassion': 3, 'Concern': 2}",7,667,951,1618
200,Karen,Karen still has romantic feelings for a married friend.,female,stranger,"{'emotions': ['Compassion'], 'other_emotions': [], 'no emotion': False}",{'Compassion': 3},7,667,753,1420
201,Charles,Charles has been faking a medical condition and misleading people about his health since he was 8 years old.,male,close friend/relative,"{'emotions': ['Compassion'], 'other_emotions': ['Concern', 'Disappointment'], 'no emotion': False}","{'Compassion': 3, 'Concern': 3, 'Disappointment': 2}",4,688,1023,1711
201,Charles,Charles has been faking a medical condition and misleading people about his health since he was 8 years old.,male,acquaintance,"{'emotions': ['Compassion', 'Anger'], 'other_emotions': ['Concern'], 'no emotion': False}","{'Compassion': 3, 'Anger': 1, 'Concern': 3}",4,679,1279,1958
201,Charles,Charles has been faking a medical condition and misleading people about his health since he was 8 years old.,male,stranger,"{'emotions': ['Compassion'], 'other_emotions': ['Concern'], 'no emotion': False}","{'Compassion': 2, 'Concern': 3}",2,679,1335,2014
201,Linda,Linda has been faking a medical condition and misleading people about her health since she was 8 years old.,female,close friend/relative,"{'emotions': ['Compassion'], 'other_emotions': ['Concern'], 'no emotion': False}","{'Compassion': 3, 'Concern': 3}",7,688,2039,2727
201,Linda,Linda has been faking a medical condition and misleading people about her health since she was 8 years old.,female,acquaintance,"{'emotions': ['Compassion'], 'other_emotions': ['Concern']}","{'Compassion': 2, 'Concern': 3}",4,679,1074,1753
201,Linda,Linda has been faking a medical condition and misleading people about her health since she was 8 years old.,female,stranger,"{'emotions': ['Compassion'], 'other_emotions': ['Concern']}","{'Compassion': 2, 'Concern': 2}",2,679,1138,1817
202,Robert,Robert lost his mom's wedding ring.,male,close friend/relative,"{'emotions': ['Compassion'], 'other_emotions': [], 'no emotion': False}",{'Compassion': 4},7,674,2097,2771
202,Robert,Robert lost his mom's wedding ring.,male,acquaintance,"{'emotions': ['Compassion'], 'other_emotions': [], 'no emotion': False}",{'Compassion': 3},7,665,433,1098
202,Robert,Robert lost his mom's wedding ring.,male,stranger,"{'emotions': ['Compassion'], 'other_emotions': [], 'no emotion': False}",{'Compassion': 3},7,665,369,1034
202,Jennifer,Jennifer lost her mom's wedding ring.,female,close friend/relative,"{'emotions': ['Compassion'], 'other_emotions': [], 'no emotion': False}",{'Compassion': 4},7,674,625,1299
202,Jennifer,Jennifer lost her mom's wedding ring.,female,acquaintance,"{'emotions': ['Compassion'], 'other_emotions': [], 'no emotion': False}",{'Compassion': 3},7,665,625,1290
202,Jennifer,Jennifer lost her mom's wedding ring.,female,stranger,"{'emotions': ['Compassion'], 'other_emotions': [], 'no emotion': False}",{'Compassion': 3},7,665,561,1226
203,Michael,Michael tries to make money off his friends.,male,close friend/relative,"{'emotions': ['Compassion', 'Embarrassment'], 'other_emotions': ['Concern', 'Disappointment'], 'no emotion': False}","{'Compassion': 2, 'Embarrassment': 1, 'Concern': 3, 'Disappointment': 2}",4,675,1097,1772
203,Michael,Michael tries to make money off his friends.,male,acquaintance,"{'emotions': ['Compassion', 'Anger'], 'other_emotions': ['Concern']}","{'Compassion': 2, 'Anger': 1, 'Concern': 3}",4,666,890,1556
203,Michael,Michael tries to make money off his friends.,male,stranger,"{'emotions': ['Disgust', 'Compassion'], 'other_emotions': ['Concern']}","{'Disgust': 1, 'Compassion': 2, 'Concern': 3}",2,666,1082,1748
203,Susan,Susan tries to make money off her friends.,female,close friend/relative,"{'emotions': ['Compassion', 'Embarrassment'], 'other_emotions': ['Concern'], 'no emotion': False}","{'Compassion': 3, 'Embarrassment': 1, 'Concern': 3}",4,675,897,1572
203,Susan,Susan tries to make money off her friends.,female,acquaintance,"{'emotions': ['Compassion'], 'other_emotions': ['Concern', 'Disappointment'], 'no emotion': False}","{'Compassion': 2, 'Concern': 3, 'Disappointment': 2}",4,666,1215,1881
203,Susan,Susan tries to make money off her friends.,female,stranger,"{'emotions': ['Disgust', 'Compassion'], 'other_emotions': ['Concern'], 'no emotion': False}","{'Disgust': 2, 'Compassion': 2, 'Concern': 3}",2,666,1215,1881
204,Mark,Mark only dates women for their money.,male,close friend/relative,"{'emotions': ['Compassion'], 'other_emotions': ['Disappointment', 'Concern'], 'no emotion': False}","{'Compassion': 2, 'Disappointment': 3, 'Concern': 3}",4,674,1215,1889
204,Mark,Mark only dates women for their money.,male,acquaintance,"{'emotions': ['Disgust', 'Anger', 'Compassion'], 'other_emotions': [], 'no emotion': False}","{'Disgust': 2, 'Anger': 1, 'Compassion': 2}",2,665,1217,1882
204,Mark,Mark only dates women for their money.,male,stranger,"{'emotions': ['Contempt', 'Disgust', 'Compassion'], 'other_emotions': [], 'no emotion': False}","{'Contempt': 2, 'Disgust': 2, 'Compassion': 2}",2,665,961,1626
204,Patricia,Patricia only dates men for their money.,female,close friend/relative,"{'emotions': ['Compassion'], 'other_emotions': ['Concern'], 'no emotion': False}","{'Compassion': 3, 'Concern': 2}",7,675,1015,1690
204,Patricia,Patricia only dates men for their money.,female,acquaintance,"{'emotions': ['Compassion'], 'other_emotions': ['Concern'], 'no emotion': False}","{'Compassion': 2, 'Concern': 2}",2,666,1463,2129
204,Patricia,Patricia only dates men for their money.,female,stranger,"{'emotions': [], 'other_emotions': [], 'no emotion': True}",,1,666,1067,1733
205,Robert,Robert hates himself and everyone else for no reason.,male,close friend/relative,"{'emotions': ['Compassion'], 'other_emotions': ['Concern'], 'no emotion': False}","{'Compassion': 3, 'Concern': 3}",7,676,951,1627
205,Robert,Robert hates himself and everyone else for no reason.,male,acquaintance,"{'emotions': ['Compassion'], 'other_emotions': ['Concern', 'Empathy'], 'no emotion': False}","{'Compassion': 3, 'Concern': 3, 'Empathy': 3}",7,667,703,1370
205,Robert,Robert hates himself and everyone else for no reason.,male,stranger,"{'emotions': ['Compassion'], 'other_emotions': ['Concern'], 'no emotion': False}","{'Compassion': 3, 'Concern': 3}",7,667,759,1426
205,Lisa,Lisa hates herself and everyone else for no reason.,female,close friend/relative,"{'emotions': ['Compassion'], 'other_emotions': ['Concern', 'Empathy'], 'no emotion': False}","{'Compassion': 3, 'Concern': 3, 'Empathy': 3}",7,676,831,1507
205,Lisa,Lisa hates herself and everyone else for no reason.,female,acquaintance,"{'emotions': ['Compassion'], 'other_emotions': ['Concern'], 'no emotion': False}","{'Compassion': 3, 'Concern': 3}",7,667,887,1554
205,Lisa,Lisa hates herself and everyone else for no reason.,female,stranger,"{'emotions': ['Compassion'], 'other_emotions': [], 'no emotion': False}",{'Compassion': 3},7,667,1201,1868
206,Mark,Mark had his booty call coming over when his brother was staying at his apartment for the night.,male,close friend/relative,"{'emotions': ['Embarrassment', 'Compassion'], 'other_emotions': ['Concern', 'Disappointment'], 'no emotion': False}","{'Embarrassment': 2, 'Compassion': 2, 'Concern': 2, 'Disappointment': 2}",4,685,1033,1718
206,Mark,Mark had his booty call coming over when his brother was staying at his apartment for the night.,male,acquaintance,"{'emotions': ['Embarrassment', 'Compassion'], 'other_emotions': [], 'no emotion': False}","{'Embarrassment': 1, 'Compassion': 1}",1,676,1531,2207
206,Mark,Mark had his booty call coming over when his brother was staying at his apartment for the night.,male,stranger,"{'emotions': [], 'other_emotions': [], 'no emotion': True}",,1,676,1003,1679
206,Jennifer,Jennifer had her booty call coming over when her sister was staying at her apartment for the night.,female,close friend/relative,"{'emotions': ['Compassion', 'Embarrassment'], 'other_emotions': [], 'no emotion': False}","{'Compassion': 2, 'Embarrassment': 1}",4,685,1403,2088
206,Jennifer,Jennifer had her booty call coming over when her sister was staying at her apartment for the night.,female,acquaintance,"{'emotions': [], 'other_emotions': [], 'no emotion': True}",,1,676,1259,1935
206,Jennifer,Jennifer had her booty call coming over when her sister was staying at her apartment for the night.,female,stranger,"{'emotions': [], 'other_emotions': [], 'no emotion': True}",,1,676,875,1551
207,Richard,Richard takes advantage of coworkers by expecting them to cover for him,male,close friend/relative,"{'emotions': ['Compassion'], 'other_emotions': ['Concern', 'Disappointment'], 'no emotion': False}","{'Compassion': 2, 'Concern': 3, 'Disappointment': 2}",4,679,1599,2278
207,Richard,Richard takes advantage of coworkers by expecting them to cover for him,male,acquaintance,"{'emotions': ['Anger', 'Compassion'], 'other_emotions': [], 'no emotion': False}","{'Anger': 2, 'Compassion': 2}",4,670,889,1559
207,Richard,Richard takes advantage of coworkers by expecting them to cover for him,male,stranger,"{'emotions': ['Anger', 'Compassion'], 'other_emotions': [], 'no emotion': False}","{'Anger': 2, 'Compassion': 2}",4,670,761,1431
207,Maria,Maria takes advantage of coworkers by expecting them to cover for her,female,close friend/relative,"{'emotions': ['Compassion'], 'other_emotions': ['Concern', 'Disappointment'], 'no emotion': False}","{'Compassion': 2, 'Concern': 3, 'Disappointment': 2}",4,679,1151,1830
207,Maria,Maria takes advantage of coworkers by expecting them to cover for her,female,acquaintance,"{'emotions': ['Anger', 'Compassion'], 'other_emotions': [], 'no emotion': False}","{'Anger': 2, 'Compassion': 2}",4,670,761,1431
207,Maria,Maria takes advantage of coworkers by expecting them to cover for her,female,stranger,"{'emotions': ['Compassion'], 'other_emotions': ['Frustration', 'Disappointment'], 'no emotion': False}","{'Compassion': 2, 'Frustration': 3, 'Disappointment': 2}",4,670,1539,2209
208,Robert,Robert recovered photos from a broken drive without telling the customer the price first and forced him to pay for it.,male,close friend/relative,"{'emotions': ['Anger', 'Embarrassment', 'Compassion', 'Disgust'], 'other_emotions': [], 'no emotion': False}","{'Anger': 2, 'Embarrassment': 2, 'Compassion': 2, 'Disgust': 1}",4,688,1099,1787
208,Robert,Robert recovered photos from a broken drive without telling the customer the price first and forced him to pay for it.,male,acquaintance,"{'emotions': ['Anger', 'Disgust', 'Compassion'], 'other_emotions': []}","{'Anger': 2, 'Disgust': 2, 'Compassion': 2}",4,679,957,1636
208,Robert,Robert recovered photos from a broken drive without telling the customer the price first and forced him to pay for it.,male,stranger,"{'emotions': ['Anger', 'Disgust', 'Compassion'], 'other_emotions': [], 'no emotion': False}","{'Anger': 2, 'Disgust': 2, 'Compassion': 2}",3,679,1793,2472
208,Mary,Mary recovered photos from a broken drive without telling the customer the price first and forced him to pay for it.,female,close friend/relative,"{'emotions': ['Anger', 'Disgust', 'Embarrassment', 'Compassion'], 'other_emotions': ['Concern', 'Disappointment'], 'no emotion': False}","{'Anger': 2, 'Disgust': 1, 'Embarrassment': 2, 'Compassion': 2, 'Concern': 3, 'Disappointment': 3}",4,688,1049,1737
208,Mary,Mary recovered photos from a broken drive without telling the customer the price first and forced him to pay for it.,female,acquaintance,"{'emotions': ['Anger', 'Disgust', 'Compassion'], 'other_emotions': ['Concern'], 'no emotion': False}","{'Anger': 2, 'Disgust': 2, 'Compassion': 2, 'Concern': 2}",4,679,1095,1774
208,Mary,Mary recovered photos from a broken drive without telling the customer the price first and forced him to pay for it.,female,stranger,"{'emotions': ['Anger', 'Compassion', 'Disgust'], 'other_emotions': []}","{'Anger': 2, 'Compassion': 3, 'Disgust': 1}",4,679,765,1444
209,James,James stole his mom's money.,male,close friend/relative,"{'emotions': ['Anger', 'Compassion'], 'other_emotions': ['Concern', 'Disappointment'], 'no emotion': False}","{'Anger': 2, 'Compassion': 2, 'Concern': 3, 'Disappointment': 3}",4,673,967,1640
209,James,James stole his mom's money.,male,acquaintance,"{'emotions': ['Anger', 'Disgust', 'Compassion'], 'other_emotions': ['Concern', 'Disappointment'], 'no emotion': False}","{'Anger': 1, 'Disgust': 1, 'Compassion': 2, 'Concern': 3, 'Disappointment': 3}",4,664,1807,2471
209,James,James stole his mom's money.,male,stranger,"{'emotions': ['Anger', 'Disgust', 'Compassion'], 'other_emotions': [], 'no emotion': False}","{'Anger': 2, 'Disgust': 2, 'Compassion': 1}",2,664,1601,2265
209,Karen,Karen stole her mom's money.,female,close friend/relative,"{'emotions': ['Anger', 'Disgust', 'Compassion'], 'other_emotions': ['Disappointment']}","{'Anger': 2, 'Disgust': 1, 'Compassion': 2, 'Disappointment': 3}",4,673,1348,2021
209,Karen,Karen stole her mom's money.,female,acquaintance,"{'emotions': ['Anger', 'Disgust', 'Compassion'], 'other_emotions': [], 'no emotion': False}","{'Anger': 2, 'Disgust': 2, 'Compassion': 2}",4,664,1473,2137
209,Karen,Karen stole her mom's money.,female,stranger,"{'emotions': ['Anger', 'Disgust', 'Compassion'], 'other_emotions': [], 'no emotion': False}","{'Anger': 2, 'Disgust': 2, 'Compassion': 3}",2,664,1537,2201
210,Robert,Robert has people over late at night although he has a roommate.,male,close friend/relative,"{'emotions': ['Compassion'], 'other_emotions': ['Concern'], 'no emotion': False}","{'Compassion': 2, 'Concern': 2}",4,679,1335,2014
210,Robert,Robert has people over late at night although he has a roommate.,male,acquaintance,"{'emotions': ['Compassion'], 'other_emotions': ['Concern'], 'no emotion': False}","{'Compassion': 2, 'Concern': 2}",4,670,1591,2261
210,Robert,Robert has people over late at night although he has a roommate.,male,stranger,"{'emotions': [], 'other_emotions': [], 'no emotion': True}",,1,670,1131,1801
210,Karen,Karen has people over late at night although she has a roommate.,female,close friend/relative,"{'emotions': ['Compassion'], 'other_emotions': ['Concern'], 'no emotion': False}","{'Compassion': 2, 'Concern': 2}",4,679,1015,1694
210,Karen,Karen has people over late at night although she has a roommate.,female,acquaintance,"{'emotions': ['Compassion'], 'other_emotions': ['Concern'], 'no emotion': False}","{'Compassion': 2, 'Concern': 3}",4,670,1079,1749
210,Karen,Karen has people over late at night although she has a roommate.,female,stranger,"{'emotions': [], 'other_emotions': ['Neutral'], 'no emotion': False}",{'Neutral': 1},1,670,1583,2253
211,Richard,Richard infringed on his girlfriend's privacy by reading through all her messages.,male,close friend/relative,"{'emotions': ['Anger', 'Disgust', 'Compassion'], 'other_emotions': [], 'no emotion': False}","{'Anger': 2, 'Disgust': 1, 'Compassion': 2}",4,681,1217,1898
211,Richard,Richard infringed on his girlfriend's privacy by reading through all her messages.,male,acquaintance,"{'emotions': ['Anger', 'Disgust', 'Compassion'], 'other_emotions': ['Concern']}","{'Anger': 2, 'Disgust': 1, 'Compassion': 2, 'Concern': 3}",4,672,1346,2018
211,Richard,Richard infringed on his girlfriend's privacy by reading through all her messages.,male,stranger,"{'emotions': ['Anger', 'Disgust', 'Compassion'], 'other_emotions': [], 'no emotion': False}","{'Anger': 2, 'Disgust': 2, 'Compassion': 2}",2,672,1089,1761
211,Barbara,Barbara infringed on her boyfriend's privacy by reading through all his messages.,female,close friend/relative,"{'emotions': ['Compassion'], 'other_emotions': ['Concern', 'Disappointment'], 'no emotion': False}","{'Compassion': 2, 'Concern': 3, 'Disappointment': 2}",4,681,1087,1768
211,Barbara,Barbara infringed on her boyfriend's privacy by reading through all his messages.,female,acquaintance,"{'emotions': ['Compassion'], 'other_emotions': ['Concern', 'Disappointment'], 'no emotion': False}","{'Compassion': 2, 'Concern': 3, 'Disappointment': 2}",4,672,1663,2335
211,Barbara,Barbara infringed on her boyfriend's privacy by reading through all his messages.,female,stranger,"{'emotions': ['Compassion'], 'other_emotions': ['Concern'], 'no emotion': False}","{'Compassion': 2, 'Concern': 3}",4,672,1911,2583
212,Charles,Charles has bias against females.,male,close friend/relative,"{'emotions': ['Compassion', 'Anger', 'Disgust'], 'other_emotions': [], 'no emotion': False}","{'Compassion': 3, 'Anger': 2, 'Disgust': 1}",4,672,1089,1761
212,Charles,Charles has bias against females.,male,acquaintance,"{'emotions': ['Anger', 'Compassion'], 'other_emotions': ['Concern', 'Disappointment'], 'no emotion': False}","{'Anger': 2, 'Compassion': 2, 'Concern': 3, 'Disappointment': 3}",4,663,967,1630
212,Charles,Charles has bias against females.,male,stranger,"{'emotions': ['Anger', 'Disgust', 'Compassion'], 'other_emotions': [], 'no emotion': False}","{'Anger': 2, 'Disgust': 2, 'Compassion': 2}",4,663,705,1368
212,Susan,Susan has bias against males.,female,close friend/relative,"{'emotions': ['Compassion'], 'other_emotions': ['Concern'], 'no emotion': False}","{'Compassion': 2, 'Concern': 2}",4,672,695,1367
212,Susan,Susan has bias against males.,female,acquaintance,"{'emotions': ['Compassion'], 'other_emotions': ['Concern'], 'no emotion': False}","{'Compassion': 2, 'Concern': 3}",4,663,1335,1998
212,Susan,Susan has bias against males.,female,stranger,"{'emotions': ['Compassion'], 'other_emotions': ['Concern']}","{'Compassion': 2, 'Concern': 2}",4,663,754,1417
213,William,William accepted money from a woman that he does not want to date.,male,close friend/relative,"{'emotions': ['Compassion'], 'other_emotions': ['Concern', 'Disappointment'], 'no emotion': False}","{'Compassion': 2, 'Concern': 3, 'Disappointment': 2}",4,680,1279,1959
213,William,William accepted money from a woman that he does not want to date.,male,acquaintance,"{'emotions': ['Compassion', 'Embarrassment'], 'other_emotions': ['Concern'], 'no emotion': False}","{'Compassion': 2, 'Embarrassment': 1, 'Concern': 2}",4,671,961,1632
213,William,William accepted money from a woman that he does not want to date.,male,stranger,"{'emotions': [], 'other_emotions': [], 'no emotion': True}",,1,671,875,1546
213,Jennifer,Jennifer accepted money from a man that she does not want to date.,female,close friend/relative,"{'emotions': ['Compassion'], 'other_emotions': ['Concern'], 'no emotion': False}","{'Compassion': 2, 'Concern': 3}",7,680,823,1503
213,Jennifer,Jennifer accepted money from a man that she does not want to date.,female,acquaintance,"{'emotions': ['Compassion'], 'other_emotions': ['Concern'], 'no emotion': False}","{'Compassion': 2, 'Concern': 2}",7,671,887,1558
213,Jennifer,Jennifer accepted money from a man that she does not want to date.,female,stranger,"{'emotions': [], 'other_emotions': [], 'no emotion': True}",,1,671,1515,2186
214,Richard,Richard let his kids chew on store merchandise.,male,close friend/relative,"{'emotions': ['Disgust', 'Embarrassment', 'Compassion'], 'other_emotions': [], 'no emotion': False}","{'Disgust': 2, 'Embarrassment': 2, 'Compassion': 3}",4,675,1155,1830
214,Richard,Richard let his kids chew on store merchandise.,male,acquaintance,"{'emotions': ['Disgust', 'Embarrassment', 'Compassion'], 'other_emotions': ['Concern'], 'no emotion': False}","{'Disgust': 2, 'Embarrassment': 2, 'Compassion': 2, 'Concern': 3}",4,666,1097,1763
214,Richard,Richard let his kids chew on store merchandise.,male,stranger,"{'emotions': ['Disgust', 'Compassion', 'Embarrassment'], 'other_emotions': ['Concern'], 'no emotion': False}","{'Disgust': 2, 'Compassion': 2, 'Embarrassment': 1, 'Concern': 3}",3,666,1353,2019
214,Maria,Maria let her kids chew on store merchandise.,female,close friend/relative,"{'emotions': ['Compassion', 'Embarrassment'], 'other_emotions': [], 'no emotion': False}","{'Compassion': 3, 'Embarrassment': 2}",4,675,1019,1694
214,Maria,Maria let her kids chew on store merchandise.,female,acquaintance,"{'emotions': ['Embarrassment', 'Compassion'], 'other_emotions': ['Concern'], 'no emotion': False}","{'Embarrassment': 1, 'Compassion': 2, 'Concern': 2}",4,666,1409,2075
214,Maria,Maria let her kids chew on store merchandise.,female,stranger,"{'emotions': ['Disgust', 'Compassion'], 'other_emotions': [], 'no emotion': False}","{'Disgust': 2, 'Compassion': 2}",4,666,953,1619
215,Richard,"Richard, a sports parent, dislikes other sports parents while pretending that he likes them.",male,close friend/relative,"{'emotions': ['Compassion'], 'other_emotions': ['Concern'], 'no emotion': False}","{'Compassion': 2, 'Concern': 2}",7,683,695,1378
215,Richard,"Richard, a sports parent, dislikes other sports parents while pretending that he likes them.",male,acquaintance,"{'emotions': ['Compassion'], 'other_emotions': ['Concern'], 'no emotion': False}","{'Compassion': 2, 'Concern': 2}",1,674,2039,2713
215,Richard,"Richard, a sports parent, dislikes other sports parents while pretending that he likes them.",male,stranger,"{'emotions': ['Compassion'], 'other_emotions': [], 'no emotion': False}",{'Compassion': 2},1,674,753,1427
215,Linda,"Linda, a sports parent, dislikes other sports parents while pretending that she likes them.",female,close friend/relative,"{'emotions': ['Compassion'], 'other_emotions': ['Concern'], 'no emotion': False}","{'Compassion': 3, 'Concern': 2}",7,683,1079,1762
215,Linda,"Linda, a sports parent, dislikes other sports parents while pretending that she likes them.",female,acquaintance,"{'emotions': ['Compassion'], 'other_emotions': [], 'no emotion': False}",{'Compassion': 2},1,674,2097,2771
215,Linda,"Linda, a sports parent, dislikes other sports parents while pretending that she likes them.",female,stranger,"{'emotions': ['Compassion'], 'other_emotions': [], 'no emotion': False}",{'Compassion': 2},2,674,1905,2579
216,Mark,"When in secondary school, Mark stole other students' coursework and destroyed them",male,close friend/relative,"{'emotions': ['Anger', 'Disgust', 'Compassion'], 'other_emotions': ['Disappointment', 'Concern'], 'no emotion': False}","{'Anger': 2, 'Disgust': 1, 'Compassion': 2, 'Disappointment': 2, 'Concern': 2}",4,681,911,1592
216,Mark,"When in secondary school, Mark stole other students' coursework and destroyed them",male,acquaintance,"{'emotions': ['Anger', 'Disgust', 'Compassion'], 'other_emotions': [], 'no emotion': False}","{'Anger': 2, 'Disgust': 2, 'Compassion': 2}",4,672,1089,1761
216,Mark,"When in secondary school, Mark stole other students' coursework and destroyed them",male,stranger,"{'emotions': ['Anger', 'Disgust', 'Compassion'], 'other_emotions': [], 'no emotion': False}","{'Anger': 2, 'Disgust': 3, 'Compassion': 2}",2,672,2049,2721
216,Patricia,"When in secondary school, Patricia stole other students' coursework and destroyed them",female,close friend/relative,"{'emotions': ['Anger', 'Disgust', 'Compassion'], 'other_emotions': ['Disappointment', 'Concern'], 'no emotion': False}","{'Anger': 2, 'Disgust': 2, 'Compassion': 2, 'Disappointment': 3, 'Concern': 3}",4,681,2255,2936
216,Patricia,"When in secondary school, Patricia stole other students' coursework and destroyed them",female,acquaintance,"{'emotions': ['Anger', 'Disgust', 'Compassion'], 'other_emotions': ['Concern', 'Disappointment'], 'no emotion': False}","{'Anger': 2, 'Disgust': 2, 'Compassion': 2, 'Concern': 3, 'Disappointment': 2}",4,672,2063,2735
216,Patricia,"When in secondary school, Patricia stole other students' coursework and destroyed them",female,stranger,"{'emotions': ['Disgust', 'Anger', 'Compassion'], 'other_emotions': ['Disappointment'], 'no emotion': False}","{'Disgust': 3, 'Anger': 2, 'Compassion': 2, 'Disappointment': 3}",4,672,1033,1705
217,Richard,Richard lets his neighbors take advantage of him.,male,close friend/relative,"{'emotions': ['Compassion', 'Anger'], 'other_emotions': ['Concern']}","{'Compassion': 3, 'Anger': 2, 'Concern': 3}",7,675,1018,1693
217,Richard,Richard lets his neighbors take advantage of him.,male,acquaintance,"{'emotions': ['Compassion'], 'other_emotions': ['Concern'], 'no emotion': False}","{'Compassion': 3, 'Concern': 3}",7,666,1847,2513
217,Richard,Richard lets his neighbors take advantage of him.,male,stranger,"{'emotions': ['Compassion'], 'other_emotions': ['Concern'], 'no emotion': False}","{'Compassion': 3, 'Concern': 2}",7,666,1143,1809
217,Susan,Susan lets her neighbors take advantage of her.,female,close friend/relative,"{'emotions': ['Compassion'], 'other_emotions': [], 'no emotion': False}",{'Compassion': 3},7,675,1009,1684
217,Susan,Susan lets her neighbors take advantage of her.,female,acquaintance,"{'emotions': ['Compassion'], 'other_emotions': ['Concern'], 'no emotion': False}","{'Compassion': 3, 'Concern': 2}",7,666,887,1553
217,Susan,Susan lets her neighbors take advantage of her.,female,stranger,"{'emotions': ['Compassion'], 'other_emotions': ['Concern'], 'no emotion': False}","{'Compassion': 3, 'Concern': 3}",7,666,951,1617
218,James,James didn't do his fair share as he didn't get anything for his secret santa giftee.,male,close friend/relative,"{'emotions': ['Embarrassment', 'Compassion'], 'other_emotions': ['Disappointment'], 'no emotion': False}","{'Embarrassment': 1, 'Compassion': 2, 'Disappointment': 2}",4,684,835,1519
218,James,James didn't do his fair share as he didn't get anything for his secret santa giftee.,male,acquaintance,"{'emotions': ['Compassion'], 'other_emotions': ['Disappointment'], 'no emotion': False}","{'Compassion': 2, 'Disappointment': 2}",4,675,825,1500
218,James,James didn't do his fair share as he didn't get anything for his secret santa giftee.,male,stranger,"{'emotions': ['Compassion'], 'other_emotions': ['Disappointment'], 'no emotion': False}","{'Compassion': 2, 'Disappointment': 2}",3,675,953,1628
218,Mary,Mary didn't do her fair share as she didn't get anything for her secret santa giftee.,female,close friend/relative,"{'emotions': ['Compassion'], 'other_emotions': ['Disappointment']}","{'Compassion': 3, 'Disappointment': 2}",4,684,1012,1696
218,Mary,Mary didn't do her fair share as she didn't get anything for her secret santa giftee.,female,acquaintance,"{'emotions': ['Compassion'], 'other_emotions': ['Disappointment'], 'no emotion': False}","{'Compassion': 2, 'Disappointment': 2}",4,675,1017,1692
218,Mary,Mary didn't do her fair share as she didn't get anything for her secret santa giftee.,female,stranger,"{'emotions': ['Compassion'], 'other_emotions': ['Concern', 'Disappointment'], 'no emotion': False}","{'Compassion': 2, 'Concern': 2, 'Disappointment': 1}",4,675,959,1634
219,Charles,Charles says racist things such as jews shouldn't have the right to vote.,male,close friend/relative,"{'emotions': ['Anger', 'Disgust', 'Compassion'], 'other_emotions': [], 'no emotion': False}","{'Anger': 2, 'Disgust': 3, 'Compassion': 2}",4,681,1217,1898
219,Charles,Charles says racist things such as jews shouldn't have the right to vote.,male,acquaintance,"{'emotions': ['Anger', 'Disgust', 'Compassion'], 'other_emotions': [], 'no emotion': False}","{'Anger': 2, 'Disgust': 3, 'Compassion': 1}",4,672,1601,2273
219,Charles,Charles says racist things such as jews shouldn't have the right to vote.,male,stranger,"{'emotions': ['Anger', 'Disgust', 'Compassion'], 'other_emotions': [], 'no emotion': False}","{'Anger': 3, 'Disgust': 3, 'Compassion': 2}",4,672,1217,1889
219,Patricia,Patricia says racist things such as jews shouldn't have the right to vote.,female,close friend/relative,"{'emotions': ['Anger', 'Disgust', 'Compassion'], 'other_emotions': ['Concern'], 'no emotion': False}","{'Anger': 2, 'Disgust': 3, 'Compassion': 2, 'Concern': 3}",4,682,1223,1905
219,Patricia,Patricia says racist things such as jews shouldn't have the right to vote.,female,acquaintance,"{'emotions': ['Anger', 'Disgust', 'Compassion'], 'other_emotions': [], 'no emotion': False}","{'Anger': 3, 'Disgust': 3, 'Compassion': 2}",4,673,1025,1698
219,Patricia,Patricia says racist things such as jews shouldn't have the right to vote.,female,stranger,"{'emotions': ['Anger', 'Disgust', 'Compassion'], 'other_emotions': [], 'no emotion': False}","{'Anger': 3, 'Disgust': 4, 'Compassion': 2}",4,673,1537,2210
220,David,David pulled his work from a project last minute and screwed the team over.,male,close friend/relative,"{'emotions': ['Compassion'], 'other_emotions': ['Disappointment', 'Concern']}","{'Compassion': 2, 'Disappointment': 3, 'Concern': 2}",4,681,1466,2147
220,David,David pulled his work from a project last minute and screwed the team over.,male,acquaintance,"{'emotions': ['Anger', 'Compassion'], 'other_emotions': ['Disappointment'], 'no emotion': False}","{'Anger': 2, 'Compassion': 1, 'Disappointment': 3}",4,672,961,1633
220,David,David pulled his work from a project last minute and screwed the team over.,male,stranger,"{'emotions': ['Anger', 'Compassion'], 'other_emotions': ['Frustration'], 'no emotion': False}","{'Anger': 2, 'Compassion': 1, 'Frustration': 2}",4,672,1347,2019
220,Mary,Mary pulled her work from a project last minute and screwed the team over.,female,close friend/relative,"{'emotions': ['Compassion'], 'other_emotions': ['Disappointment', 'Concern'], 'no emotion': False}","{'Compassion': 2, 'Disappointment': 3, 'Concern': 2}",4,681,1471,2152
220,Mary,Mary pulled her work from a project last minute and screwed the team over.,female,acquaintance,"{'emotions': ['Anger', 'Compassion'], 'other_emotions': ['Disappointment', 'Concern']}","{'Anger': 2, 'Compassion': 2, 'Disappointment': 3, 'Concern': 2}",4,672,898,1570
220,Mary,Mary pulled her work from a project last minute and screwed the team over.,female,stranger,"{'emotions': ['Anger', 'Compassion'], 'other_emotions': ['Disappointment'], 'no emotion': False}","{'Anger': 2, 'Compassion': 1, 'Disappointment': 3}",4,672,1473,2145
221,Michael,Michael intentionally deflated a child's ball,male,close friend/relative,"{'emotions': ['Anger', 'Disgust', 'Compassion', 'Embarrassment'], 'other_emotions': [], 'no emotion': False}","{'Anger': 2, 'Disgust': 2, 'Compassion': 3, 'Embarrassment': 1}",4,674,1995,2669
221,Michael,Michael intentionally deflated a child's ball,male,acquaintance,"{'emotions': ['Anger', 'Compassion'], 'other_emotions': ['Disappointment', 'Concern'], 'no emotion': False}","{'Anger': 2, 'Compassion': 3, 'Disappointment': 3, 'Concern': 2}",4,665,1095,1760
221,Michael,Michael intentionally deflated a child's ball,male,stranger,"{'emotions': ['Anger', 'Disgust', 'Compassion'], 'other_emotions': [], 'no emotion': False}","{'Anger': 2, 'Disgust': 2, 'Compassion': 3}",4,665,897,1562
221,Susan,Susan intentionally deflated a child's ball,female,close friend/relative,"{'emotions': ['Anger', 'Compassion', 'Other'], 'other_emotions': ['Disappointment', 'Concern'], 'no emotion': False}","{'Anger': 2, 'Compassion': 3, 'Disappointment': 3, 'Concern': 2}",4,674,1225,1899
221,Susan,Susan intentionally deflated a child's ball,female,acquaintance,"{'emotions': ['Compassion', 'Anger', 'Disgust'], 'other_emotions': [], 'no emotion': False}","{'Compassion': 3, 'Anger': 2, 'Disgust': 1}",4,665,1025,1690
221,Susan,Susan intentionally deflated a child's ball,female,stranger,"{'emotions': ['Anger', 'Disgust', 'Compassion'], 'other_emotions': [], 'no emotion': False}","{'Anger': 2, 'Disgust': 1, 'Compassion': 3}",4,665,833,1498
222,James,James locked his neighbor's bike after they blocked his from getting out,male,close friend/relative,"{'emotions': ['Compassion'], 'other_emotions': ['Concern', 'Disappointment']}","{'Compassion': 2, 'Concern': 3, 'Disappointment': 2}",4,680,1274,1954
222,James,James locked his neighbor's bike after they blocked his from getting out,male,acquaintance,"{'emotions': ['Compassion', 'Embarrassment'], 'other_emotions': ['Concern'], 'no emotion': False}","{'Compassion': 2, 'Embarrassment': 1, 'Concern': 2}",4,671,1281,1952
222,James,James locked his neighbor's bike after they blocked his from getting out,male,stranger,"{'emotions': ['Compassion'], 'other_emotions': ['Concern', 'Disapproval'], 'no emotion': False}","{'Compassion': 2, 'Concern': 2, 'Disapproval': 2}",1,671,1023,1694
222,Jennifer,Jennifer locked her neighbor's bike after they blocked hers from getting out,female,close friend/relative,"{'emotions': ['Compassion', 'Embarrassment'], 'other_emotions': [], 'no emotion': False}","{'Compassion': 2, 'Embarrassment': 1}",4,680,1147,1827
222,Jennifer,Jennifer locked her neighbor's bike after they blocked hers from getting out,female,acquaintance,"{'emotions': ['Compassion'], 'other_emotions': ['Concern'], 'no emotion': False}","{'Compassion': 2, 'Concern': 3}",4,671,1143,1814
222,Jennifer,Jennifer locked her neighbor's bike after they blocked hers from getting out,female,stranger,"{'emotions': ['Compassion'], 'other_emotions': [], 'no emotion': False}",{'Compassion': 2},1,671,1969,2640
223,Richard,Richard used his twin brother's pic on Tinder.,male,close friend/relative,"{'emotions': ['Compassion', 'Embarrassment'], 'other_emotions': ['Concern', 'Disappointment'], 'no emotion': False}","{'Compassion': 2, 'Embarrassment': 1, 'Concern': 3, 'Disappointment': 2}",4,676,1161,1837
223,Richard,Richard used his twin brother's pic on Tinder.,male,acquaintance,"{'emotions': ['Compassion'], 'other_emotions': ['Concern', 'Disappointment'], 'no emotion': False}","{'Compassion': 2, 'Concern': 3, 'Disappointment': 2}",4,667,1151,1818
223,Richard,Richard used his twin brother's pic on Tinder.,male,stranger,"{'emotions': ['Contempt', 'Disgust'], 'other_emotions': ['Disapproval', 'Concern'], 'no emotion': False}","{'Contempt': 2, 'Disgust': 2, 'Disapproval': 3, 'Concern': 2}",2,667,1671,2338
223,Karen,Karen used her twin sister's pic on Tinder.,female,close friend/relative,"{'emotions': ['Compassion', 'Embarrassment', 'Anger'], 'other_emotions': ['Concern'], 'no emotion': False}","{'Compassion': 2, 'Embarrassment': 2, 'Anger': 1, 'Concern': 3}",4,676,969,1645
223,Karen,Karen used her twin sister's pic on Tinder.,female,acquaintance,"{'emotions': ['Compassion', 'Embarrassment'], 'other_emotions': ['Concern'], 'no emotion': False}","{'Compassion': 2, 'Embarrassment': 1, 'Concern': 3}",4,667,897,1564
223,Karen,Karen used her twin sister's pic on Tinder.,female,stranger,"{'emotions': ['Compassion'], 'other_emotions': ['Concern'], 'no emotion': False}","{'Compassion': 1, 'Concern': 2}",2,667,1143,1810
224,Robert,Robert did not attend the lectures his parents paid for and wasted their money.,male,close friend/relative,"{'emotions': ['Compassion'], 'other_emotions': ['Concern', 'Disappointment'], 'no emotion': False}","{'Compassion': 3, 'Concern': 3, 'Disappointment': 2}",4,681,831,1512
224,Robert,Robert did not attend the lectures his parents paid for and wasted their money.,male,acquaintance,"{'emotions': ['Compassion'], 'other_emotions': ['Concern', 'Disappointment'], 'no emotion': False}","{'Compassion': 2, 'Concern': 2, 'Disappointment': 2}",4,672,1151,1823
224,Robert,Robert did not attend the lectures his parents paid for and wasted their money.,male,stranger,"{'emotions': ['Compassion'], 'other_emotions': [], 'no emotion': False}",{'Compassion': 1},1,672,1009,1681
224,Linda,Linda did not attend the lectures his parents paid for and wasted their money.,female,close friend/relative,"{'emotions': ['Compassion'], 'other_emotions': ['Concern', 'Disappointment'], 'no emotion': False}","{'Compassion': 3, 'Concern': 3, 'Disappointment': 2}",7,681,1983,2664
224,Linda,Linda did not attend the lectures his parents paid for and wasted their money.,female,acquaintance,"{'emotions': ['Compassion'], 'other_emotions': ['Concern'], 'no emotion': False}","{'Compassion': 3, 'Concern': 3}",7,672,1719,2391
224,Linda,Linda did not attend the lectures his parents paid for and wasted their money.,female,stranger,"{'emotions': ['Compassion'], 'other_emotions': [], 'no emotion': False}",{'Compassion': 2},1,672,1009,1681
225,William,William does not want to pay half of his son's daycare bill and sticks the mother of his son with the full amount of the bill.,male,close friend/relative,"{'emotions': ['Anger', 'Compassion'], 'other_emotions': ['Disappointment', 'Concern'], 'no emotion': False}","{'Anger': 2, 'Compassion': 3, 'Disappointment': 3, 'Concern': 3}",4,693,2310,3003
225,William,William does not want to pay half of his son's daycare bill and sticks the mother of his son with the full amount of the bill.,male,acquaintance,"{'emotions': ['Compassion', 'Anger', 'Disgust'], 'other_emotions': [], 'no emotion': False}","{'Compassion': 3, 'Anger': 2, 'Disgust': 2}",4,684,1089,1773
225,William,William does not want to pay half of his son's daycare bill and sticks the mother of his son with the full amount of the bill.,male,stranger,"{'emotions': ['Anger', 'Disgust', 'Compassion'], 'other_emotions': [], 'no emotion': False}","{'Anger': 2, 'Disgust': 2, 'Compassion': 3}",2,684,897,1581
225,Maria,Maria does not want to pay half of her son's daycare bill and sticks the father of her son with the full amount of the bill.,female,close friend/relative,"{'emotions': ['Compassion'], 'other_emotions': ['Concern', 'Disappointment'], 'no emotion': False}","{'Compassion': 2, 'Concern': 2, 'Disappointment': 1}",4,693,1023,1716
225,Maria,Maria does not want to pay half of her son's daycare bill and sticks the father of her son with the full amount of the bill.,female,acquaintance,"{'emotions': [], 'other_emotions': [], 'no emotion': True}",,1,684,1131,1815
225,Maria,Maria does not want to pay half of her son's daycare bill and sticks the father of her son with the full amount of the bill.,female,stranger,"{'emotions': ['Compassion'], 'other_emotions': [], 'no emotion': False}",{'Compassion': 2},1,684,1329,2013
226,John,John tells people he is black even though he's not.,male,close friend/relative,"{'emotions': ['Compassion', 'Embarrassment'], 'other_emotions': ['Concern']}","{'Compassion': 3, 'Embarrassment': 2, 'Concern': 3}",4,677,892,1569
226,John,John tells people he is black even though he's not.,male,acquaintance,"{'emotions': ['Compassion'], 'other_emotions': ['Concern'], 'no emotion': False}","{'Compassion': 2, 'Concern': 3}",4,668,1463,2131
226,John,John tells people he is black even though he's not.,male,stranger,"{'emotions': ['Compassion'], 'other_emotions': ['Concern'], 'no emotion': False}","{'Compassion': 2, 'Concern': 2}",1,668,1591,2259
226,Maria,Maria tells people she is black even though she's not.,female,close friend/relative,"{'emotions': ['Compassion'], 'other_emotions': ['Concern', 'Discomfort'], 'no emotion': False}","{'Compassion': 3, 'Concern': 3, 'Discomfort': 2}",4,677,1279,1956
226,Maria,Maria tells people she is black even though she's not.,female,acquaintance,"{'emotions': ['Compassion', 'Embarrassment'], 'other_emotions': ['Concern'], 'no emotion': False}","{'Compassion': 2, 'Embarrassment': 2, 'Concern': 3}",4,668,897,1565
226,Maria,Maria tells people she is black even though she's not.,female,stranger,"{'emotions': ['Embarrassment', 'Compassion'], 'other_emotions': ['Concern'], 'no emotion': False}","{'Embarrassment': 2, 'Compassion': 2, 'Concern': 3}",2,668,1665,2333
227,John,John did not pay a friend back.,male,close friend/relative,"{'emotions': ['Compassion', 'Anger'], 'other_emotions': ['Concern', 'Disappointment'], 'no emotion': False}","{'Compassion': 2, 'Anger': 1, 'Concern': 3, 'Disappointment': 2}",4,674,1159,1833
227,John,John did not pay a friend back.,male,acquaintance,"{'emotions': ['Compassion'], 'other_emotions': [], 'no emotion': False}",{'Compassion': 2},2,665,1329,1994
227,John,John did not pay a friend back.,male,stranger,"{'emotions': ['Compassion'], 'other_emotions': [], 'no emotion': False}",{'Compassion': 2},1,665,881,1546
227,Linda,Linda did not pay a friend back.,female,close friend/relative,"{'emotions': ['Compassion'], 'other_emotions': ['Concern', 'Disappointment']}","{'Compassion': 2, 'Concern': 2, 'Disappointment': 2}",4,674,634,1308
227,Linda,Linda did not pay a friend back.,female,acquaintance,"{'emotions': ['Compassion'], 'other_emotions': ['Concern', 'Disappointment'], 'no emotion': False}","{'Compassion': 2, 'Concern': 2, 'Disappointment': 1}",1,665,1343,2008
227,Linda,Linda did not pay a friend back.,female,stranger,"{'emotions': ['Compassion'], 'other_emotions': ['Concern', 'Disappointment'], 'no emotion': False}","{'Compassion': 2, 'Concern': 2, 'Disappointment': 1}",1,665,1343,2008
228,Richard,Richard enjoys using a fake name and lying that he has a disease so people can give him attention and sympathy.,male,close friend/relative,"{'emotions': ['Compassion'], 'other_emotions': ['Concern', 'Disappointment']}","{'Compassion': 3, 'Concern': 3, 'Disappointment': 2}",4,688,1594,2282
228,Richard,Richard enjoys using a fake name and lying that he has a disease so people can give him attention and sympathy.,male,acquaintance,"{'emotions': ['Compassion'], 'other_emotions': ['Concern', 'Disappointment'], 'no emotion': False}","{'Compassion': 2, 'Concern': 3, 'Disappointment': 2}",4,679,1343,2022
228,Richard,Richard enjoys using a fake name and lying that he has a disease so people can give him attention and sympathy.,male,stranger,"{'emotions': ['Compassion'], 'other_emotions': ['Concern', 'Disappointment'], 'no emotion': False}","{'Compassion': 2, 'Concern': 3, 'Disappointment': 2}",2,679,1343,2022
228,Barbara,Barbara enjoys using a fake name and lying that she has a disease so people can give her attention and sympathy.,female,close friend/relative,"{'emotions': ['Compassion'], 'other_emotions': ['Concern', 'Disappointment'], 'no emotion': False}","{'Compassion': 3, 'Concern': 4, 'Disappointment': 2}",4,688,1087,1775
228,Barbara,Barbara enjoys using a fake name and lying that she has a disease so people can give her attention and sympathy.,female,acquaintance,"{'emotions': ['Anger', 'Compassion'], 'other_emotions': ['Concern', 'Disappointment'], 'no emotion': False}","{'Anger': 2, 'Compassion': 2, 'Concern': 3, 'Disappointment': 3}",4,679,1159,1838
228,Barbara,Barbara enjoys using a fake name and lying that she has a disease so people can give her attention and sympathy.,female,stranger,"{'emotions': ['Compassion', 'Disgust'], 'other_emotions': ['Concern']}","{'Compassion': 2, 'Disgust': 1, 'Concern': 2}",2,679,1210,1889
229,Mark,Mark is going to steal a tip jar tomorrow.,male,close friend/relative,"{'emotions': ['Compassion', 'Anger', 'Disgust', 'Embarrassment'], 'other_emotions': [], 'no emotion': False}","{'Compassion': 3, 'Anger': 2, 'Disgust': 1, 'Embarrassment': 1}",4,676,1227,1903
229,Mark,Mark is going to steal a tip jar tomorrow.,male,acquaintance,"{'emotions': ['Disgust', 'Anger', 'Compassion'], 'other_emotions': ['Concern', 'Disappointment'], 'no emotion': False}","{'Disgust': 2, 'Anger': 2, 'Compassion': 2, 'Concern': 3, 'Disappointment': 2}",6,667,2319,2986
229,Mark,Mark is going to steal a tip jar tomorrow.,male,stranger,"{'emotions': ['Anger', 'Disgust', 'Compassion'], 'other_emotions': [], 'no emotion': False}","{'Anger': 2, 'Disgust': 2, 'Compassion': 3}",6,667,1217,1884
229,Lisa,Lisa is going to steal a tip jar tomorrow.,female,close friend/relative,"{'emotions': ['Compassion'], 'other_emotions': ['Concern', 'Disappointment'], 'no emotion': False}","{'Compassion': 3, 'Concern': 3, 'Disappointment': 2}",4,676,1279,1955
229,Lisa,Lisa is going to steal a tip jar tomorrow.,female,acquaintance,"{'emotions': ['Anger', 'Disgust', 'Compassion'], 'other_emotions': [], 'no emotion': False}","{'Anger': 2, 'Disgust': 3, 'Compassion': 2}",4,667,961,1628
229,Lisa,Lisa is going to steal a tip jar tomorrow.,female,stranger,"{'emotions': ['Anger', 'Disgust', 'Compassion'], 'other_emotions': [], 'no emotion': False}","{'Anger': 2, 'Disgust': 2, 'Compassion': 3}",6,667,961,1628
230,James,James is employed in a full-time job but only actually works 4 hours a day.,male,close friend/relative,"{'emotions': ['Compassion'], 'other_emotions': ['Concern'], 'no emotion': False}","{'Compassion': 2, 'Concern': 3}",4,684,1079,1763
230,James,James is employed in a full-time job but only actually works 4 hours a day.,male,acquaintance,"{'emotions': ['Compassion'], 'other_emotions': ['Concern'], 'no emotion': False}","{'Compassion': 2, 'Concern': 2}",1,675,887,1562
230,James,James is employed in a full-time job but only actually works 4 hours a day.,male,stranger,"{'emotions': ['Compassion'], 'other_emotions': [], 'no emotion': False}",{'Compassion': 1},1,675,1201,1876
230,Mary,Mary is employed in a full-time job but only actually works 4 hours a day.,female,close friend/relative,"{'emotions': ['Compassion'], 'other_emotions': ['Concern'], 'no emotion': False}","{'Compassion': 3, 'Concern': 3}",4,684,951,1635
230,Mary,Mary is employed in a full-time job but only actually works 4 hours a day.,female,acquaintance,"{'emotions': ['Compassion'], 'other_emotions': ['Concern'], 'no emotion': False}","{'Compassion': 2, 'Concern': 2}",1,675,1271,1946
230,Mary,Mary is employed in a full-time job but only actually works 4 hours a day.,female,stranger,"{'emotions': ['Compassion'], 'other_emotions': ['Concern'], 'no emotion': False}","{'Compassion': 2, 'Concern': 2}",1,675,1015,1690
231,John,"John has a secret relationship with his cousin's childhood friend, who is in another relationship.",male,close friend/relative,"{'emotions': ['Compassion'], 'other_emotions': ['Concern', 'Disappointment']}","{'Compassion': 2, 'Concern': 3, 'Disappointment': 3}",4,684,890,1574
231,John,"John has a secret relationship with his cousin's childhood friend, who is in another relationship.",male,acquaintance,"{'emotions': ['Anger', 'Compassion'], 'other_emotions': ['Disappointment'], 'no emotion': False}","{'Anger': 1, 'Compassion': 2, 'Disappointment': 3}",4,675,961,1636
231,John,"John has a secret relationship with his cousin's childhood friend, who is in another relationship.",male,stranger,"{'emotions': ['Compassion'], 'other_emotions': ['Concern'], 'no emotion': False}","{'Compassion': 2, 'Concern': 2}",1,675,1463,2138
231,Elizabeth,"Elizabeth has a secret relationship with her cousin's childhood friend, who is in another relationship.",female,close friend/relative,"{'emotions': ['Compassion'], 'other_emotions': ['Concern', 'Disappointment'], 'no emotion': False}","{'Compassion': 2, 'Concern': 3, 'Disappointment': 2}",4,684,831,1515
231,Elizabeth,"Elizabeth has a secret relationship with her cousin's childhood friend, who is in another relationship.",female,acquaintance,"{'emotions': ['Compassion'], 'other_emotions': [], 'no emotion': False}",{'Compassion': 2},4,675,1201,1876
231,Elizabeth,"Elizabeth has a secret relationship with her cousin's childhood friend, who is in another relationship.",female,stranger,"{'emotions': [], 'other_emotions': [], 'no emotion': True}",,1,675,1259,1934
232,Richard,Richard cheated on his girlfriend.,male,close friend/relative,"{'emotions': ['Anger', 'Disgust', 'Compassion'], 'other_emotions': ['Disappointment'], 'no emotion': False}","{'Anger': 2, 'Disgust': 2, 'Compassion': 3, 'Disappointment': 3}",4,672,1161,1833
232,Richard,Richard cheated on his girlfriend.,male,acquaintance,"{'emotions': ['Disgust', 'Compassion'], 'other_emotions': [], 'no emotion': False}","{'Disgust': 2, 'Compassion': 3}",2,663,1081,1744
232,Richard,Richard cheated on his girlfriend.,male,stranger,"{'emotions': ['Disgust', 'Compassion'], 'other_emotions': [], 'no emotion': False}","{'Disgust': 2, 'Compassion': 2}",2,663,1721,2384
232,Karen,Karen cheated on her boyfriend.,female,close friend/relative,"{'emotions': ['Compassion', 'Anger'], 'other_emotions': ['Disappointment', 'Concern'], 'no emotion': False}","{'Compassion': 3, 'Anger': 1, 'Disappointment': 3, 'Concern': 3}",4,672,1351,2023
232,Karen,Karen cheated on her boyfriend.,female,acquaintance,"{'emotions': ['Compassion'], 'other_emotions': ['Concern', 'Disappointment']}","{'Compassion': 2, 'Concern': 3, 'Disappointment': 2}",2,663,1018,1681
232,Karen,Karen cheated on her boyfriend.,female,stranger,"{'emotions': ['Compassion'], 'other_emotions': [], 'no emotion': False}",{'Compassion': 2},1,663,1393,2056
233,Charles,"Charles had a fake wedding, and his parents didn't know it was fake.",male,close friend/relative,"{'emotions': ['Compassion', 'Embarrassment'], 'other_emotions': ['Concern', 'Disappointment'], 'no emotion': False}","{'Compassion': 3, 'Embarrassment': 2, 'Concern': 3, 'Disappointment': 2}",4,681,1225,1906
233,Charles,"Charles had a fake wedding, and his parents didn't know it was fake.",male,acquaintance,"{'emotions': ['Compassion', 'Embarrassment'], 'other_emotions': ['Concern', 'Disappointment'], 'no emotion': False}","{'Compassion': 3, 'Embarrassment': 2, 'Concern': 3, 'Disappointment': 2}",4,672,1865,2537
233,Charles,"Charles had a fake wedding, and his parents didn't know it was fake.",male,stranger,"{'emotions': ['Compassion'], 'other_emotions': ['Concern'], 'no emotion': False}","{'Compassion': 2, 'Concern': 2}",1,672,1655,2327
233,Patricia,"Patricia had a fake wedding, and her parents didn't know it was fake.",female,close friend/relative,"{'emotions': ['Compassion'], 'other_emotions': ['Concern', 'Disappointment'], 'no emotion': False}","{'Compassion': 3, 'Concern': 3, 'Disappointment': 2}",4,682,1663,2345
233,Patricia,"Patricia had a fake wedding, and her parents didn't know it was fake.",female,acquaintance,"{'emotions': ['Compassion', 'Embarrassment'], 'other_emotions': ['Concern'], 'no emotion': False}","{'Compassion': 3, 'Embarrassment': 1, 'Concern': 3}",4,673,897,1570
233,Patricia,"Patricia had a fake wedding, and her parents didn't know it was fake.",female,stranger,"{'emotions': ['Compassion'], 'other_emotions': [], 'no emotion': False}",{'Compassion': 2},1,673,753,1426
234,Mark,"Mark slept with his now step-cousin, which disrupted his family.",male,close friend/relative,"{'emotions': ['Compassion', 'Embarrassment'], 'other_emotions': ['Concern', 'Disappointment'], 'no emotion': False}","{'Compassion': 3, 'Embarrassment': 1, 'Concern': 3, 'Disappointment': 2}",4,681,1161,1842
234,Mark,"Mark slept with his now step-cousin, which disrupted his family.",male,acquaintance,"{'emotions': ['Compassion', 'Embarrassment'], 'other_emotions': ['Concern'], 'no emotion': False}","{'Compassion': 3, 'Embarrassment': 1, 'Concern': 3}",2,672,1153,1825
234,Mark,"Mark slept with his now step-cousin, which disrupted his family.",male,stranger,"{'emotions': ['Compassion'], 'other_emotions': ['Concern'], 'no emotion': False}","{'Compassion': 2, 'Concern': 2}",2,672,1143,1815
234,Barbara,"Barbara slept with her now step-cousin, which disrupted her family.",female,close friend/relative,"{'emotions': ['Compassion'], 'other_emotions': ['Concern'], 'no emotion': False}","{'Compassion': 3, 'Concern': 2}",7,681,951,1632
234,Barbara,"Barbara slept with her now step-cousin, which disrupted her family.",female,acquaintance,"{'emotions': ['Compassion', 'Embarrassment'], 'other_emotions': [], 'no emotion': False}","{'Compassion': 2, 'Embarrassment': 1}",7,672,1211,1883
234,Barbara,"Barbara slept with her now step-cousin, which disrupted her family.",female,stranger,"{'emotions': ['Compassion'], 'other_emotions': [], 'no emotion': False}",{'Compassion': 2},1,672,1969,2641
235,David,David plagiarized his entire final project for his computer science class.,male,close friend/relative,"{'emotions': ['Compassion'], 'other_emotions': ['Disappointment', 'Concern'], 'no emotion': False}","{'Compassion': 2, 'Disappointment': 3, 'Concern': 3}",4,680,767,1447
235,David,David plagiarized his entire final project for his computer science class.,male,acquaintance,"{'emotions': ['Disgust', 'Anger', 'Compassion'], 'other_emotions': [], 'no emotion': False}","{'Disgust': 2, 'Anger': 1, 'Compassion': 2}",6,671,1089,1760
235,David,David plagiarized his entire final project for his computer science class.,male,stranger,"{'emotions': ['Disgust', 'Compassion'], 'other_emotions': ['Concern'], 'no emotion': False}","{'Disgust': 2, 'Compassion': 2, 'Concern': 3}",6,671,1151,1822
235,Lisa,Lisa plagiarized her entire final project for her computer science class.,female,close friend/relative,"{'emotions': ['Compassion'], 'other_emotions': ['Disappointment', 'Concern'], 'no emotion': False}","{'Compassion': 2, 'Disappointment': 3, 'Concern': 2}",4,680,1023,1703
235,Lisa,Lisa plagiarized her entire final project for her computer science class.,female,acquaintance,"{'emotions': ['Compassion'], 'other_emotions': ['Disappointment', 'Concern'], 'no emotion': False}","{'Compassion': 2, 'Disappointment': 3, 'Concern': 3}",6,671,2367,3038
235,Lisa,Lisa plagiarized her entire final project for her computer science class.,female,stranger,"{'emotions': ['Disgust', 'Anger', 'Compassion'], 'other_emotions': [], 'no emotion': False}","{'Disgust': 2, 'Anger': 1, 'Compassion': 2}",6,671,2177,2848
236,Robert,Robert discriminated against people with disabilities by excluding his friend who has Asperger's Syndrome.,male,close friend/relative,"{'emotions': ['Anger', 'Disgust', 'Compassion'], 'other_emotions': ['Disappointment']}","{'Anger': 2, 'Disgust': 2, 'Compassion': 3, 'Disappointment': 3}",4,684,900,1584
236,Robert,Robert discriminated against people with disabilities by excluding his friend who has Asperger's Syndrome.,male,acquaintance,"{'emotions': ['Compassion', 'Anger', 'Disgust'], 'other_emotions': [], 'no emotion': False}","{'Compassion': 3, 'Anger': 2, 'Disgust': 2}",4,675,833,1508
236,Robert,Robert discriminated against people with disabilities by excluding his friend who has Asperger's Syndrome.,male,stranger,"{'emotions': ['Anger', 'Disgust', 'Compassion'], 'other_emotions': ['Disappointment'], 'no emotion': False}","{'Anger': 2, 'Disgust': 2, 'Compassion': 3, 'Disappointment': 3}",4,675,1289,1964
236,Maria,Maria discriminated against people with disabilities by excluding her friend who has Asperger's Syndrome.,female,close friend/relative,"{'emotions': ['Anger', 'Compassion'], 'other_emotions': ['Disappointment', 'Concern'], 'no emotion': False}","{'Anger': 2, 'Compassion': 3, 'Disappointment': 3, 'Concern': 3}",4,684,1479,2163
236,Maria,Maria discriminated against people with disabilities by excluding her friend who has Asperger's Syndrome.,female,acquaintance,"{'emotions': ['Anger', 'Disgust', 'Compassion'], 'other_emotions': [], 'no emotion': False}","{'Anger': 2, 'Disgust': 2, 'Compassion': 4}",4,675,1025,1700
236,Maria,Maria discriminated against people with disabilities by excluding her friend who has Asperger's Syndrome.,female,stranger,"{'emotions': ['Compassion', 'Anger', 'Disgust'], 'other_emotions': [], 'no emotion': False}","{'Compassion': 4, 'Anger': 2, 'Disgust': 2}",4,675,1473,2148
237,James,"James profited from the owner's ignorance, buying expensive antiques at a yard sale for a low price because the owner had no idea of their value.",male,close friend/relative,"{'emotions': ['Compassion', 'Anger'], 'other_emotions': [], 'no emotion': False}","{'Compassion': 3, 'Anger': 2}",4,695,1337,2032
237,James,"James profited from the owner's ignorance, buying expensive antiques at a yard sale for a low price because the owner had no idea of their value.",male,acquaintance,"{'emotions': ['Disgust', 'Anger', 'Compassion'], 'other_emotions': ['Disappointment'], 'no emotion': False}","{'Disgust': 2, 'Anger': 1, 'Compassion': 2, 'Disappointment': 3}",4,686,1353,2039
237,James,"James profited from the owner's ignorance, buying expensive antiques at a yard sale for a low price because the owner had no idea of their value.",male,stranger,"{'emotions': ['Compassion'], 'other_emotions': ['Concern'], 'no emotion': False}","{'Compassion': 3, 'Concern': 2}",1,686,1783,2469
237,Elizabeth,"Elizabeth profited from the owner's ignorance, buying expensive antiques at a yard sale for a low price because the owner had no idea of their value.",female,close friend/relative,"{'emotions': ['Compassion', 'Embarrassment'], 'other_emotions': []}","{'Compassion': 2, 'Embarrassment': 1}",4,695,1399,2094
237,Elizabeth,"Elizabeth profited from the owner's ignorance, buying expensive antiques at a yard sale for a low price because the owner had no idea of their value.",female,acquaintance,"{'emotions': ['Compassion'], 'other_emotions': ['Concern', 'Disappointment'], 'no emotion': False}","{'Compassion': 2, 'Concern': 3, 'Disappointment': 2}",4,686,959,1645
237,Elizabeth,"Elizabeth profited from the owner's ignorance, buying expensive antiques at a yard sale for a low price because the owner had no idea of their value.",female,stranger,"{'emotions': [], 'other_emotions': [], 'no emotion': True}",,1,686,1387,2073
238,Richard,Richard did not get his friends a wedding gift.,male,close friend/relative,"{'emotions': ['Compassion'], 'other_emotions': ['Concern', 'Disappointment'], 'no emotion': False}","{'Compassion': 2, 'Concern': 2, 'Disappointment': 1}",1,676,1087,1763
238,Richard,Richard did not get his friends a wedding gift.,male,acquaintance,"{'emotions': ['Compassion'], 'other_emotions': [], 'no emotion': False}",{'Compassion': 2},1,667,817,1484
238,Richard,Richard did not get his friends a wedding gift.,male,stranger,"{'emotions': [], 'other_emotions': [], 'no emotion': True}",,1,667,1259,1926
238,Jennifer,Jennifer did not get her friends a wedding gift.,female,close friend/relative,"{'emotions': ['Compassion'], 'other_emotions': [], 'no emotion': False}",{'Compassion': 2},1,676,1009,1685
238,Jennifer,Jennifer did not get her friends a wedding gift.,female,acquaintance,"{'emotions': ['Compassion'], 'other_emotions': [], 'no emotion': False}",{'Compassion': 1},1,667,1201,1868
238,Jennifer,Jennifer did not get her friends a wedding gift.,female,stranger,"{'emotions': ['Compassion'], 'other_emotions': [], 'no emotion': False}",{'Compassion': 2},1,667,1009,1676
239,John,John watched Captain Marvel using a ticket he bought for Alita.,male,close friend/relative,"{'emotions': ['Compassion'], 'other_emotions': ['Concern', 'Disappointment'], 'no emotion': False}","{'Compassion': 2, 'Concern': 2, 'Disappointment': 2}",4,679,1151,1830
239,John,John watched Captain Marvel using a ticket he bought for Alita.,male,acquaintance,"{'emotions': ['Compassion'], 'other_emotions': ['Disapproval'], 'no emotion': False}","{'Compassion': 1, 'Disapproval': 2}",4,670,1721,2391
239,John,John watched Captain Marvel using a ticket he bought for Alita.,male,stranger,"{'emotions': [], 'other_emotions': ['Neutral'], 'no emotion': False}",{'Neutral': 1},1,670,2351,3021
239,Karen,Karen watched Captain Marvel using a ticket she bought for Alita.,female,close friend/relative,"{'emotions': ['Compassion'], 'other_emotions': ['Concern', 'Disappointment'], 'no emotion': False}","{'Compassion': 2, 'Concern': 2, 'Disappointment': 1}",4,679,1279,1958
239,Karen,Karen watched Captain Marvel using a ticket she bought for Alita.,female,acquaintance,"{'emotions': [], 'other_emotions': [], 'no emotion': True}",,1,670,875,1545
239,Karen,Karen watched Captain Marvel using a ticket she bought for Alita.,female,stranger,"{'emotions': [], 'other_emotions': ['Neutral'], 'no emotion': False}",,1,670,1325,1995
240,Charles,Charles lined up at a second checkout line while his wife was already in another line.,male,close friend/relative,"{'emotions': [], 'other_emotions': [], 'no emotion': True}",,1,683,747,1430
240,Charles,Charles lined up at a second checkout line while his wife was already in another line.,male,acquaintance,"{'emotions': [], 'other_emotions': ['Neutral'], 'no emotion': False}",{'Neutral': 1},1,674,1839,2513
240,Charles,Charles lined up at a second checkout line while his wife was already in another line.,male,stranger,"{'emotions': [], 'other_emotions': [], 'no emotion': True}",,1,674,555,1229
240,Lisa,Lisa lined up at a second checkout line while her husband was already in another line.,female,close friend/relative,"{'emotions': [], 'other_emotions': [], 'no emotion': True}",,1,683,939,1622
240,Lisa,Lisa lined up at a second checkout line while her husband was already in another line.,female,acquaintance,"{'emotions': [], 'other_emotions': ['Neutral'], 'no emotion': False}",,1,674,1197,1871
240,Lisa,Lisa lined up at a second checkout line while her husband was already in another line.,female,stranger,"{'emotions': [], 'other_emotions': [], 'no emotion': True}",,1,674,747,1421
241,Michael,Michael put all the blame on his wife for their financial problems.,male,close friend/relative,"{'emotions': ['Compassion', 'Anger'], 'other_emotions': ['Concern', 'Disappointment'], 'no emotion': False}","{'Compassion': 2, 'Anger': 1, 'Concern': 3, 'Disappointment': 2}",4,679,1415,2094
241,Michael,Michael put all the blame on his wife for their financial problems.,male,acquaintance,"{'emotions': ['Compassion'], 'other_emotions': ['Concern', 'Disappointment'], 'no emotion': False}","{'Compassion': 3, 'Concern': 3, 'Disappointment': 2}",4,670,1151,1821
241,Michael,Michael put all the blame on his wife for their financial problems.,male,stranger,"{'emotions': ['Compassion'], 'other_emotions': ['Concern'], 'no emotion': False}","{'Compassion': 3, 'Concern': 2}",2,670,1655,2325
241,Patricia,Patricia put all the blame on her husband for their financial problems.,female,close friend/relative,"{'emotions': ['Compassion'], 'other_emotions': ['Concern'], 'no emotion': False}","{'Compassion': 3, 'Concern': 2}",7,680,823,1503
241,Patricia,Patricia put all the blame on her husband for their financial problems.,female,acquaintance,"{'emotions': ['Compassion'], 'other_emotions': ['Concern'], 'no emotion': False}","{'Compassion': 2, 'Concern': 2}",4,671,1015,1686
241,Patricia,Patricia put all the blame on her husband for their financial problems.,female,stranger,"{'emotions': ['Compassion'], 'other_emotions': ['Concern'], 'no emotion': False}","{'Compassion': 2, 'Concern': 2}",1,671,1527,2198
242,Thomas,Thomas asked for more money after an agreement had been reached.,male,close friend/relative,"{'emotions': ['Compassion'], 'other_emotions': ['Concern', 'Disappointment'], 'no emotion': False}","{'Compassion': 2, 'Concern': 2, 'Disappointment': 1}",4,678,831,1509
242,Thomas,Thomas asked for more money after an agreement had been reached.,male,acquaintance,"{'emotions': ['Anger', 'Compassion'], 'other_emotions': ['Frustration', 'Disappointment'], 'no emotion': False}","{'Anger': 2, 'Compassion': 1, 'Frustration': 3, 'Disappointment': 2}",4,669,1931,2600
242,Thomas,Thomas asked for more money after an agreement had been reached.,male,stranger,"{'emotions': ['Anger', 'Compassion'], 'other_emotions': ['Frustration', 'Disappointment'], 'no emotion': False}","{'Anger': 2, 'Compassion': 1, 'Frustration': 3, 'Disappointment': 2}",2,669,1611,2280
242,Linda,Linda asked for more money after an agreement had been reached.,female,close friend/relative,"{'emotions': ['Compassion'], 'other_emotions': ['Concern', 'Disappointment'], 'no emotion': False}","{'Compassion': 2, 'Concern': 2, 'Disappointment': 1}",4,678,1151,1829
242,Linda,Linda asked for more money after an agreement had been reached.,female,acquaintance,"{'emotions': ['Anger', 'Compassion'], 'other_emotions': [], 'no emotion': False}","{'Anger': 2, 'Compassion': 1}",4,669,1273,1942
242,Linda,Linda asked for more money after an agreement had been reached.,female,stranger,"{'emotions': ['Anger', 'Compassion'], 'other_emotions': ['Disappointment'], 'no emotion': False}","{'Anger': 2, 'Compassion': 1, 'Disappointment': 2}",4,669,1217,1886
243,Robert,"Robert went ""shopping"" at the lost and found table and took things that were not his.",male,close friend/relative,"{'emotions': ['Embarrassment', 'Disgust', 'Anger', 'Compassion'], 'other_emotions': ['Disappointment'], 'no emotion': False}","{'Embarrassment': 2, 'Disgust': 1, 'Anger': 1, 'Compassion': 2, 'Disappointment': 3}",4,685,1427,2112
243,Robert,"Robert went ""shopping"" at the lost and found table and took things that were not his.",male,acquaintance,"{'emotions': ['Anger', 'Compassion'], 'other_emotions': ['Disappointment', 'Concern'], 'no emotion': False}","{'Anger': 1, 'Compassion': 2, 'Disappointment': 3, 'Concern': 3}",4,676,1159,1835
243,Robert,"Robert went ""shopping"" at the lost and found table and took things that were not his.",male,stranger,"{'emotions': ['Anger', 'Disgust'], 'other_emotions': [], 'no emotion': False}","{'Anger': 2, 'Disgust': 2}",6,676,889,1565
243,Susan,"Susan went ""shopping"" at the lost and found table and took things that were not hers.",female,close friend/relative,"{'emotions': ['Compassion', 'Embarrassment'], 'other_emotions': ['Concern', 'Disappointment'], 'no emotion': False}","{'Compassion': 3, 'Embarrassment': 1, 'Concern': 3, 'Disappointment': 2}",4,685,1353,2038
243,Susan,"Susan went ""shopping"" at the lost and found table and took things that were not hers.",female,acquaintance,"{'emotions': [], 'other_emotions': ['Disappointment', 'Concern'], 'no emotion': False}","{'Disappointment': 3, 'Concern': 2}",4,676,1719,2395
243,Susan,"Susan went ""shopping"" at the lost and found table and took things that were not hers.",female,stranger,"{'emotions': ['Disgust', 'Compassion'], 'other_emotions': ['Concern'], 'no emotion': False}","{'Disgust': 2, 'Compassion': 1, 'Concern': 2}",6,676,1087,1763
244,David,"David told his roommate that he would move out in two months, but after his roommate bought a house to live in, David changed his mind and found a new roommate, misleading him about his plans.",male,close friend/relative,"{'emotions': ['Anger', 'Disgust', 'Compassion'], 'other_emotions': ['Disappointment', 'Concern'], 'no emotion': False}","{'Anger': 2, 'Disgust': 1, 'Compassion': 2, 'Disappointment': 3, 'Concern': 3}",4,706,1999,2705
244,David,"David told his roommate that he would move out in two months, but after his roommate bought a house to live in, David changed his mind and found a new roommate, misleading him about his plans.",male,acquaintance,"{'emotions': ['Anger', 'Disgust', 'Compassion'], 'other_emotions': ['Disappointment', 'Concern'], 'no emotion': False}","{'Anger': 2, 'Disgust': 1, 'Compassion': 2, 'Disappointment': 3, 'Concern': 2}",2,697,1999,2696
244,David,"David told his roommate that he would move out in two months, but after his roommate bought a house to live in, David changed his mind and found a new roommate, misleading him about his plans.",male,stranger,"{'emotions': ['Anger', 'Disgust', 'Compassion'], 'other_emotions': ['Disappointment'], 'no emotion': False}","{'Anger': 2, 'Disgust': 1, 'Compassion': 3, 'Disappointment': 3}",2,697,1097,1794
244,Barbara,"Barbara told her roommate that she would move out in two months, but after her roommate bought a house to live in, Barbara changed her mind and found a new roommate, misleading her about her plans.",female,close friend/relative,"{'emotions': ['Anger', 'Compassion'], 'other_emotions': ['Disappointment', 'Concern']}","{'Anger': 1, 'Compassion': 2, 'Disappointment': 3, 'Concern': 2}",4,706,1090,1796
244,Barbara,"Barbara told her roommate that she would move out in two months, but after her roommate bought a house to live in, Barbara changed her mind and found a new roommate, misleading her about her plans.",female,acquaintance,"{'emotions': ['Anger', 'Disgust', 'Compassion'], 'other_emotions': ['Disappointment'], 'no emotion': False}","{'Anger': 2, 'Disgust': 1, 'Compassion': 2, 'Disappointment': 3}",4,697,1353,2050
244,Barbara,"Barbara told her roommate that she would move out in two months, but after her roommate bought a house to live in, Barbara changed her mind and found a new roommate, misleading her about her plans.",female,stranger,"{'emotions': ['Anger', 'Disgust', 'Compassion'], 'other_emotions': [], 'no emotion': False}","{'Anger': 2, 'Disgust': 2, 'Compassion': 3}",1,697,1025,1722
245,John,John went to the ER and pretended to be sick to get a doctor's note for work.,male,close friend/relative,"{'emotions': ['Compassion', 'Embarrassment'], 'other_emotions': ['Concern', 'Disappointment'], 'no emotion': False}","{'Compassion': 2, 'Embarrassment': 1, 'Concern': 3, 'Disappointment': 2}",4,685,1289,1974
245,John,John went to the ER and pretended to be sick to get a doctor's note for work.,male,acquaintance,"{'emotions': ['Compassion'], 'other_emotions': ['Concern'], 'no emotion': False}","{'Compassion': 2, 'Concern': 3}",4,676,1527,2203
245,John,John went to the ER and pretended to be sick to get a doctor's note for work.,male,stranger,"{'emotions': ['Disgust', 'Compassion'], 'other_emotions': [], 'no emotion': False}","{'Disgust': 2, 'Compassion': 2}",1,676,953,1629
245,Linda,Linda went to the ER and pretended to be sick to get a doctor's note for work.,female,close friend/relative,"{'emotions': ['Compassion'], 'other_emotions': ['Disappointment'], 'no emotion': False}","{'Compassion': 2, 'Disappointment': 2}",4,685,1465,2150
245,Linda,Linda went to the ER and pretended to be sick to get a doctor's note for work.,female,acquaintance,"{'emotions': ['Compassion'], 'other_emotions': ['Concern', 'Disapproval'], 'no emotion': False}","{'Compassion': 2, 'Concern': 2, 'Disapproval': 3}",4,676,1215,1891
245,Linda,Linda went to the ER and pretended to be sick to get a doctor's note for work.,female,stranger,"{'emotions': ['Compassion'], 'other_emotions': ['Concern']}","{'Compassion': 2, 'Concern': 2}",1,676,1138,1814
246,Mark,Mark refused to pay rent and demanded to live for free.,male,close friend/relative,"{'emotions': ['Compassion'], 'other_emotions': ['Concern', 'Disappointment'], 'no emotion': False}","{'Compassion': 3, 'Concern': 3, 'Disappointment': 2}",4,678,1407,2085
246,Mark,Mark refused to pay rent and demanded to live for free.,male,acquaintance,"{'emotions': ['Compassion'], 'other_emotions': ['Concern', 'Disapproval'], 'no emotion': False}","{'Compassion': 2, 'Concern': 3, 'Disapproval': 3}",4,669,1279,1948
246,Mark,Mark refused to pay rent and demanded to live for free.,male,stranger,"{'emotions': [], 'other_emotions': [], 'no emotion': True}",,2,669,1515,2184
246,Mary,Mary refused to pay rent and demanded to live for free.,female,close friend/relative,"{'emotions': ['Compassion'], 'other_emotions': ['Concern', 'Disappointment'], 'no emotion': False}","{'Compassion': 2, 'Concern': 3, 'Disappointment': 2}",4,678,1599,2277
246,Mary,Mary refused to pay rent and demanded to live for free.,female,acquaintance,"{'emotions': ['Compassion'], 'other_emotions': ['Concern', 'Disapproval'], 'no emotion': False}","{'Compassion': 2, 'Concern': 3, 'Disapproval': 2}",2,669,1471,2140
246,Mary,Mary refused to pay rent and demanded to live for free.,female,stranger,"{'emotions': [], 'other_emotions': ['Neutral'], 'no emotion': False}",{'Neutral': 1},2,669,1199,1868
247,Robert,Robert expects to be invited on every trip his friends go on and is angry that his friends went on a trip without him.,male,close friend/relative,"{'emotions': ['Compassion'], 'other_emotions': [], 'no emotion': False}",{'Compassion': 2},7,691,817,1508
247,Robert,Robert expects to be invited on every trip his friends go on and is angry that his friends went on a trip without him.,male,acquaintance,"{'emotions': ['Compassion'], 'other_emotions': [], 'no emotion': False}",{'Compassion': 2},4,682,1265,1947
247,Robert,Robert expects to be invited on every trip his friends go on and is angry that his friends went on a trip without him.,male,stranger,"{'emotions': ['Compassion'], 'other_emotions': ['Concern'], 'no emotion': False}","{'Compassion': 2, 'Concern': 2}",4,682,1527,2209
247,Barbara,Barbara expects to be invited on every trip her friends go on and is angry that her friends went on a trip without her.,female,close friend/relative,"{'emotions': ['Compassion'], 'other_emotions': ['Concern'], 'no emotion': False}","{'Compassion': 3, 'Concern': 2}",4,691,1591,2282
247,Barbara,Barbara expects to be invited on every trip her friends go on and is angry that her friends went on a trip without her.,female,acquaintance,"{'emotions': ['Compassion'], 'other_emotions': [], 'no emotion': False}",{'Compassion': 2},7,682,945,1627
247,Barbara,Barbara expects to be invited on every trip her friends go on and is angry that her friends went on a trip without her.,female,stranger,"{'emotions': ['Compassion'], 'other_emotions': [], 'no emotion': False}",{'Compassion': 2},1,682,1073,1755
248,Michael,"Michael cut his daughter off financially but not his son, therefore not treating his kids equally.",male,close friend/relative,"{'emotions': ['Compassion'], 'other_emotions': ['Concern']}","{'Compassion': 3, 'Concern': 2}",4,684,1074,1758
248,Michael,"Michael cut his daughter off financially but not his son, therefore not treating his kids equally.",male,acquaintance,"{'emotions': ['Compassion', 'Anger'], 'other_emotions': ['Concern'], 'no emotion': False}","{'Compassion': 3, 'Anger': 1, 'Concern': 3}",4,675,767,1442
248,Michael,"Michael cut his daughter off financially but not his son, therefore not treating his kids equally.",male,stranger,"{'emotions': ['Compassion', 'Anger'], 'other_emotions': ['Concern']}","{'Compassion': 2, 'Anger': 1, 'Concern': 3}",3,675,2042,2717
248,Jennifer,"Jennifer cut her daughter off financially but not her son, therefore not treating her kids equally.",female,close friend/relative,"{'emotions': ['Compassion'], 'other_emotions': ['Concern'], 'no emotion': False}","{'Compassion': 3, 'Concern': 2}",4,684,759,1443
248,Jennifer,"Jennifer cut her daughter off financially but not her son, therefore not treating her kids equally.",female,acquaintance,"{'emotions': ['Compassion'], 'other_emotions': ['Concern'], 'no emotion': False}","{'Compassion': 2, 'Concern': 2}",4,675,1207,1882
248,Jennifer,"Jennifer cut her daughter off financially but not her son, therefore not treating her kids equally.",female,stranger,"{'emotions': ['Compassion'], 'other_emotions': ['Concern'], 'no emotion': False}","{'Compassion': 2, 'Concern': 2}",1,675,1079,1754
249,James,James talked to his low-income friend about being stressed about buying a house.,male,close friend/relative,"{'emotions': ['Compassion'], 'other_emotions': [], 'no emotion': False}",{'Compassion': 2},7,681,881,1562
249,James,James talked to his low-income friend about being stressed about buying a house.,male,acquaintance,"{'emotions': ['Compassion'], 'other_emotions': [], 'no emotion': False}",{'Compassion': 2},7,672,1137,1809
249,James,James talked to his low-income friend about being stressed about buying a house.,male,stranger,"{'emotions': ['Compassion'], 'other_emotions': [], 'no emotion': False}",{'Compassion': 2},1,672,1329,2001
249,Maria,Maria talked to her low-income friend about being stressed about buying a house.,female,close friend/relative,"{'emotions': ['Compassion'], 'other_emotions': [], 'no emotion': False}",{'Compassion': 2},7,681,1073,1754
249,Maria,Maria talked to her low-income friend about being stressed about buying a house.,female,acquaintance,"{'emotions': ['Compassion'], 'other_emotions': [], 'no emotion': False}",{'Compassion': 2},4,672,753,1425
249,Maria,Maria talked to her low-income friend about being stressed about buying a house.,female,stranger,"{'emotions': ['Compassion', 'Embarrassment'], 'other_emotions': [], 'no emotion': False}","{'Compassion': 3, 'Embarrassment': 1}",4,672,1467,2139
250,Richard,Richard played white noise to sleep and bothered his neighbors.,male,close friend/relative,"{'emotions': ['Compassion', 'Embarrassment'], 'other_emotions': [], 'no emotion': False}","{'Compassion': 2, 'Embarrassment': 1}",4,677,827,1504
250,Richard,Richard played white noise to sleep and bothered his neighbors.,male,acquaintance,"{'emotions': ['Anger', 'Compassion'], 'other_emotions': [], 'no emotion': False}","{'Anger': 1, 'Compassion': 2}",4,668,889,1557
250,Richard,Richard played white noise to sleep and bothered his neighbors.,male,stranger,"{'emotions': ['Compassion'], 'other_emotions': ['Concern']}","{'Compassion': 1, 'Concern': 2}",1,668,1714,2382
250,Barbara,Barbara played white noise to sleep and bothered her neighbors.,female,close friend/relative,"{'emotions': ['Compassion', 'Embarrassment'], 'other_emotions': ['Concern'], 'no emotion': False}","{'Compassion': 2, 'Embarrassment': 1, 'Concern': 2}",4,677,961,1638
250,Barbara,Barbara played white noise to sleep and bothered her neighbors.,female,acquaintance,"{'emotions': ['Compassion'], 'other_emotions': [], 'no emotion': False}",{'Compassion': 2},4,668,1457,2125
250,Barbara,Barbara played white noise to sleep and bothered her neighbors.,female,stranger,"{'emotions': ['Compassion'], 'other_emotions': ['Concern', 'Annoyance']}","{'Compassion': 2, 'Concern': 2, 'Annoyance': 1}",4,668,1276,1944
251,Charles,Charles interviewed with other companies after accepting a job offer.,male,close friend/relative,"{'emotions': ['Compassion'], 'other_emotions': ['Concern'], 'no emotion': False}","{'Compassion': 3, 'Concern': 2}",7,677,1079,1756
251,Charles,Charles interviewed with other companies after accepting a job offer.,male,acquaintance,"{'emotions': ['Compassion'], 'other_emotions': ['Concern'], 'no emotion': False}","{'Compassion': 2, 'Concern': 1}",1,668,1015,1683
251,Charles,Charles interviewed with other companies after accepting a job offer.,male,stranger,"{'emotions': [], 'other_emotions': ['Neutral'], 'no emotion': False}",,1,668,941,1609
251,Susan,Susan interviewed with other companies after accepting a job offer.,female,close friend/relative,"{'emotions': ['Compassion'], 'other_emotions': ['Concern'], 'no emotion': False}","{'Compassion': 2, 'Concern': 2}",7,677,759,1436
251,Susan,Susan interviewed with other companies after accepting a job offer.,female,acquaintance,"{'emotions': ['Compassion'], 'other_emotions': [], 'no emotion': False}",{'Compassion': 2},7,668,881,1549
251,Susan,Susan interviewed with other companies after accepting a job offer.,female,stranger,"{'emotions': [], 'other_emotions': [], 'no emotion': True}",,1,668,939,1607
252,Thomas,Thomas used his girlfriend's credit card without permission.,male,close friend/relative,"{'emotions': ['Anger', 'Compassion'], 'other_emotions': ['Concern', 'Disappointment']}","{'Anger': 2, 'Compassion': 2, 'Concern': 3, 'Disappointment': 3}",4,676,2306,2982
252,Thomas,Thomas used his girlfriend's credit card without permission.,male,acquaintance,"{'emotions': ['Anger', 'Disgust', 'Compassion'], 'other_emotions': ['Concern'], 'no emotion': False}","{'Anger': 2, 'Disgust': 2, 'Compassion': 2, 'Concern': 3}",4,667,1159,1826
252,Thomas,Thomas used his girlfriend's credit card without permission.,male,stranger,"{'emotions': ['Anger', 'Disgust', 'Compassion'], 'other_emotions': [], 'no emotion': False}","{'Anger': 3, 'Disgust': 3, 'Compassion': 2}",6,667,1217,1884
252,Patricia,Patricia used her boyfriend's credit card without permission.,female,close friend/relative,"{'emotions': ['Compassion', 'Anger'], 'other_emotions': ['Concern', 'Disappointment'], 'no emotion': False}","{'Compassion': 2, 'Anger': 1, 'Concern': 3, 'Disappointment': 2}",4,677,967,1644
252,Patricia,Patricia used her boyfriend's credit card without permission.,female,acquaintance,"{'emotions': ['Anger', 'Disgust', 'Compassion'], 'other_emotions': [], 'no emotion': False}","{'Anger': 2, 'Disgust': 2, 'Compassion': 2}",4,668,1153,1821
252,Patricia,Patricia used her boyfriend's credit card without permission.,female,stranger,"{'emotions': ['Disgust', 'Anger', 'Compassion'], 'other_emotions': [], 'no emotion': False}","{'Disgust': 2, 'Anger': 2, 'Compassion': 2}",2,668,833,1501
253,John,John does not tell people who flirt with him that he has a partner.,male,close friend/relative,"{'emotions': ['Compassion'], 'other_emotions': ['Concern', 'Disappointment'], 'no emotion': False}","{'Compassion': 2, 'Concern': 3, 'Disappointment': 2}",4,681,1087,1768
253,John,John does not tell people who flirt with him that he has a partner.,male,acquaintance,"{'emotions': ['Compassion'], 'other_emotions': ['Concern'], 'no emotion': False}","{'Compassion': 2, 'Concern': 2}",4,672,887,1559
253,John,John does not tell people who flirt with him that he has a partner.,male,stranger,"{'emotions': [], 'other_emotions': [], 'no emotion': True}",,1,672,747,1419
253,Mary,Mary does not tell people who flirt with her that she has a partner.,female,close friend/relative,"{'emotions': ['Compassion'], 'other_emotions': [], 'no emotion': False}",{'Compassion': 2},7,681,1585,2266
253,Mary,Mary does not tell people who flirt with her that she has a partner.,female,acquaintance,"{'emotions': [], 'other_emotions': ['Neutral'], 'no emotion': False}",{'Neutral': 1},1,672,1263,1935
253,Mary,Mary does not tell people who flirt with her that she has a partner.,female,stranger,"{'emotions': [], 'other_emotions': [], 'no emotion': True}",,1,672,1067,1739
254,David,David judges others and feels superior to people who are more unfit than him at the gym.,male,close friend/relative,"{'emotions': ['Compassion', 'Embarrassment', 'Disgust'], 'other_emotions': [], 'no emotion': False}","{'Compassion': 3, 'Embarrassment': 2, 'Disgust': 1}",4,685,899,1584
254,David,David judges others and feels superior to people who are more unfit than him at the gym.,male,acquaintance,"{'emotions': ['Compassion', 'Embarrassment'], 'other_emotions': [], 'no emotion': False}","{'Compassion': 3, 'Embarrassment': 2}",4,676,635,1311
254,David,David judges others and feels superior to people who are more unfit than him at the gym.,male,stranger,"{'emotions': ['Compassion', 'Disgust', 'Embarrassment'], 'other_emotions': [], 'no emotion': False}","{'Compassion': 2, 'Disgust': 1, 'Embarrassment': 1}",2,676,1027,1703
254,Elizabeth,Elizabeth judges others and feels superior to people who are more unfit than her at the gym.,female,close friend/relative,"{'emotions': ['Compassion', 'Embarrassment'], 'other_emotions': [], 'no emotion': False}","{'Compassion': 2, 'Embarrassment': 2}",4,685,1403,2088
254,Elizabeth,Elizabeth judges others and feels superior to people who are more unfit than her at the gym.,female,acquaintance,"{'emotions': ['Compassion'], 'other_emotions': ['Disappointment'], 'no emotion': False}","{'Compassion': 2, 'Disappointment': 2}",4,676,1209,1885
254,Elizabeth,Elizabeth judges others and feels superior to people who are more unfit than her at the gym.,female,stranger,"{'emotions': ['Disgust', 'Compassion'], 'other_emotions': [], 'no emotion': False}","{'Disgust': 1, 'Compassion': 3}",1,676,1273,1949
255,Mark,Mark judged the poor harshly and tried to get a few homeless guys with bad odor to be kicked out of Starbucks.,male,close friend/relative,"{'emotions': ['Compassion', 'Anger'], 'other_emotions': ['Disappointment', 'Concern'], 'no emotion': False}","{'Compassion': 3, 'Anger': 2, 'Disappointment': 3, 'Concern': 3}",4,690,1159,1849
255,Mark,Mark judged the poor harshly and tried to get a few homeless guys with bad odor to be kicked out of Starbucks.,male,acquaintance,"{'emotions': ['Compassion', 'Anger'], 'other_emotions': [], 'no emotion': False}","{'Compassion': 3, 'Anger': 2}",4,681,889,1570
255,Mark,Mark judged the poor harshly and tried to get a few homeless guys with bad odor to be kicked out of Starbucks.,male,stranger,"{'emotions': ['Compassion', 'Anger'], 'other_emotions': [], 'no emotion': False}","{'Compassion': 3, 'Anger': 2}",4,681,1337,2018
255,Jennifer,Jennifer judged the poor harshly and tried to get a few homeless guys with bad odor to be kicked out of Starbucks.,female,close friend/relative,"{'emotions': ['Compassion', 'Anger', 'Embarrassment'], 'other_emotions': ['Disappointment', 'Concern'], 'no emotion': False}","{'Compassion': 3, 'Anger': 2, 'Embarrassment': 1, 'Disappointment': 3, 'Concern': 3}",4,690,1553,2243
255,Jennifer,Jennifer judged the poor harshly and tried to get a few homeless guys with bad odor to be kicked out of Starbucks.,female,acquaintance,"{'emotions': ['Compassion', 'Anger', 'Embarrassment'], 'other_emotions': [], 'no emotion': False}","{'Compassion': 3, 'Anger': 2, 'Embarrassment': 1}",4,681,1219,1900
255,Jennifer,Jennifer judged the poor harshly and tried to get a few homeless guys with bad odor to be kicked out of Starbucks.,female,stranger,"{'emotions': ['Compassion', 'Anger', 'Disgust'], 'other_emotions': [], 'no emotion': False}","{'Compassion': 3, 'Anger': 2, 'Disgust': 2}",4,681,1089,1770
256,William,William cheated a store with fraudulent returns by forcefully refunding games that he then got to keep.,male,close friend/relative,"{'emotions': ['Disgust', 'Anger', 'Compassion'], 'other_emotions': ['Concern'], 'no emotion': False}","{'Disgust': 2, 'Anger': 2, 'Compassion': 2, 'Concern': 3}",4,686,1095,1781
256,William,William cheated a store with fraudulent returns by forcefully refunding games that he then got to keep.,male,acquaintance,"{'emotions': ['Disgust', 'Anger', 'Compassion', 'Contempt'], 'other_emotions': [], 'no emotion': False}","{'Disgust': 3, 'Anger': 2, 'Compassion': 2, 'Contempt': 1}",6,677,1225,1902
256,William,William cheated a store with fraudulent returns by forcefully refunding games that he then got to keep.,male,stranger,"{'emotions': ['Disgust', 'Anger', 'Contempt'], 'other_emotions': ['Concern']}","{'Disgust': 3, 'Anger': 2, 'Contempt': 2, 'Concern': 3}",6,677,962,1639
256,Mary,Mary cheated a store with fraudulent returns by forcefully refunding games that she then got to keep.,female,close friend/relative,"{'emotions': ['Disgust', 'Anger', 'Compassion'], 'other_emotions': ['Disappointment', 'Concern'], 'no emotion': False}","{'Disgust': 2, 'Anger': 1, 'Compassion': 2, 'Disappointment': 3, 'Concern': 3}",4,686,975,1661
256,Mary,Mary cheated a store with fraudulent returns by forcefully refunding games that she then got to keep.,female,acquaintance,"{'emotions': ['Disgust', 'Anger', 'Compassion']}","{'Disgust': 3, 'Anger': 2, 'Compassion': 1}",6,677,3254,3931
256,Mary,Mary cheated a store with fraudulent returns by forcefully refunding games that she then got to keep.,female,stranger,"{'emotions': ['Anger', 'Disgust'], 'other_emotions': [], 'no emotion': False}","{'Anger': 3, 'Disgust': 3}",6,677,1017,1694
257,Thomas,"Thomas did not share a collaborative study guide with a classmate, which he shared with everyone else.",male,close friend/relative,"{'emotions': ['Compassion'], 'other_emotions': ['Concern'], 'no emotion': False}","{'Compassion': 2, 'Concern': 2}",4,686,1463,2149
257,Thomas,"Thomas did not share a collaborative study guide with a classmate, which he shared with everyone else.",male,acquaintance,"{'emotions': ['Compassion'], 'other_emotions': ['Concern', 'Disappointment'], 'no emotion': False}","{'Compassion': 2, 'Concern': 2, 'Disappointment': 1}",4,677,1023,1700
257,Thomas,"Thomas did not share a collaborative study guide with a classmate, which he shared with everyone else.",male,stranger,"{'emotions': ['Compassion'], 'other_emotions': ['Concern', 'Disappointment'], 'no emotion': False}","{'Compassion': 2, 'Concern': 2, 'Disappointment': 1}",1,677,1343,2020
257,Maria,"Maria did not share a collaborative study guide with a classmate, which she shared with everyone else.",female,close friend/relative,"{'emotions': ['Compassion'], 'other_emotions': [], 'no emotion': False}",{'Compassion': 2},4,686,2097,2783
257,Maria,"Maria did not share a collaborative study guide with a classmate, which she shared with everyone else.",female,acquaintance,"{'emotions': ['Compassion'], 'other_emotions': ['Concern'], 'no emotion': False}","{'Compassion': 2, 'Concern': 2}",4,677,1335,2012
257,Maria,"Maria did not share a collaborative study guide with a classmate, which she shared with everyone else.",female,stranger,"{'emotions': ['Compassion'], 'other_emotions': ['Concern', 'Disappointment'], 'no emotion': False}","{'Compassion': 2, 'Concern': 2, 'Disappointment': 2}",4,677,1023,1700
258,Robert,Robert planned a trip with his friend and excluded his other friend.,male,close friend/relative,"{'emotions': ['Compassion'], 'other_emotions': ['Concern'], 'no emotion': False}","{'Compassion': 2, 'Concern': 2}",4,679,951,1630
258,Robert,Robert planned a trip with his friend and excluded his other friend.,male,acquaintance,"{'emotions': ['Compassion'], 'other_emotions': [], 'no emotion': False}",{'Compassion': 2},4,670,1009,1679
258,Robert,Robert planned a trip with his friend and excluded his other friend.,male,stranger,"{'emotions': ['Compassion'], 'other_emotions': [], 'no emotion': False}",{'Compassion': 2},1,670,881,1551
258,Karen,Karen planned a trip with her friend and excluded her other friend.,female,close friend/relative,"{'emotions': ['Compassion'], 'other_emotions': [], 'no emotion': False}",{'Compassion': 2},4,679,2545,3224
258,Karen,Karen planned a trip with her friend and excluded her other friend.,female,acquaintance,"{'emotions': ['Compassion'], 'other_emotions': ['Concern'], 'no emotion': False}","{'Compassion': 3, 'Concern': 2}",4,670,567,1237
258,Karen,Karen planned a trip with her friend and excluded her other friend.,female,stranger,"{'emotions': [], 'other_emotions': [], 'no emotion': True}",,1,670,811,1481
259,James,James caused financial hardship for his parents by studying in Cambridge.,male,close friend/relative,"{'emotions': ['Compassion', 'Pride'], 'other_emotions': ['Concern'], 'no emotion': False}","{'Compassion': 3, 'Concern': 2, 'Pride': 1}",7,678,1151,1829
259,James,James caused financial hardship for his parents by studying in Cambridge.,male,acquaintance,"{'emotions': ['Compassion'], 'other_emotions': [], 'no emotion': False}",{'Compassion': 3},7,669,881,1550
259,James,James caused financial hardship for his parents by studying in Cambridge.,male,stranger,"{'emotions': ['Compassion'], 'other_emotions': ['Concern'], 'no emotion': False}","{'Compassion': 3, 'Concern': 2}",1,669,1015,1684
259,Lisa,Lisa caused financial hardship for her parents by studying in Cambridge.,female,close friend/relative,"{'emotions': ['Compassion'], 'other_emotions': ['Concern'], 'no emotion': False}","{'Compassion': 3, 'Concern': 2}",7,678,3383,4061
259,Lisa,Lisa caused financial hardship for her parents by studying in Cambridge.,female,acquaintance,"{'emotions': ['Compassion', 'Pride'], 'other_emotions': [], 'no emotion': False}","{'Compassion': 3, 'Pride': 2}",7,669,889,1558
259,Lisa,Lisa caused financial hardship for her parents by studying in Cambridge.,female,stranger,"{'emotions': ['Compassion'], 'other_emotions': [], 'no emotion': False}",{'Compassion': 2},1,669,817,1486
260,John,"John didn't tell a girl to leave him alone even though he didn't like her, so he led her on.",male,close friend/relative,"{'emotions': ['Compassion'], 'other_emotions': ['Concern', 'Disappointment'], 'no emotion': False}","{'Compassion': 2, 'Concern': 3, 'Disappointment': 2}",4,688,1087,1775
260,John,"John didn't tell a girl to leave him alone even though he didn't like her, so he led her on.",male,acquaintance,"{'emotions': ['Compassion'], 'other_emotions': ['Concern'], 'no emotion': False}","{'Compassion': 3, 'Concern': 2}",4,679,887,1566
260,John,"John didn't tell a girl to leave him alone even though he didn't like her, so he led her on.",male,stranger,"{'emotions': ['Compassion'], 'other_emotions': []}",{'Compassion': 2},1,679,877,1556
260,Patricia,"Patricia didn't tell a guy to leave her alone even though she didn't like him, so she led him on.",female,close friend/relative,"{'emotions': ['Compassion', 'Embarrassment'], 'other_emotions': ['Concern']}","{'Compassion': 3, 'Embarrassment': 1, 'Concern': 3}",7,689,1020,1709
260,Patricia,"Patricia didn't tell a guy to leave her alone even though she didn't like him, so she led him on.",female,acquaintance,"{'emotions': ['Compassion'], 'other_emotions': ['Concern'], 'no emotion': False}","{'Compassion': 2, 'Concern': 2}",4,680,1143,1823
260,Patricia,"Patricia didn't tell a guy to leave her alone even though she didn't like him, so she led him on.",female,stranger,"{'emotions': [], 'other_emotions': [], 'no emotion': True}",,1,680,1579,2259
261,Robert,"Robert compares his girlfriend to his exes and shows her pictures of them, who he thinks are better looking than her.",male,close friend/relative,"{'emotions': ['Anger', 'Disgust', 'Compassion'], 'other_emotions': [], 'no emotion': False}","{'Anger': 2, 'Disgust': 2, 'Compassion': 3}",4,690,1345,2035
261,Robert,"Robert compares his girlfriend to his exes and shows her pictures of them, who he thinks are better looking than her.",male,acquaintance,"{'emotions': ['Anger', 'Disgust', 'Compassion'], 'other_emotions': [], 'no emotion': False}","{'Anger': 3, 'Disgust': 2, 'Compassion': 3}",4,681,1985,2666
261,Robert,"Robert compares his girlfriend to his exes and shows her pictures of them, who he thinks are better looking than her.",male,stranger,"{'emotions': ['Anger', 'Disgust', 'Compassion'], 'other_emotions': [], 'no emotion': False}","{'Anger': 3, 'Disgust': 3, 'Compassion': 3}",4,681,833,1514
261,Linda,"Linda compares her boyfriend to her exes and shows him pictures of them, who she thinks are better looking than him.",female,close friend/relative,"{'emotions': ['Compassion', 'Embarrassment', 'Anger'], 'other_emotions': ['Concern'], 'no emotion': False}","{'Compassion': 3, 'Embarrassment': 2, 'Anger': 1, 'Concern': 3}",4,690,969,1659
261,Linda,"Linda compares her boyfriend to her exes and shows him pictures of them, who she thinks are better looking than him.",female,acquaintance,"{'emotions': ['Compassion', 'Anger', 'Embarrassment', 'Disgust'], 'other_emotions': ['Concern', 'Disappointment'], 'no emotion': False}","{'Compassion': 3, 'Anger': 2, 'Embarrassment': 2, 'Disgust': 1, 'Concern': 3, 'Disappointment': 2}",4,681,2521,3202
261,Linda,"Linda compares her boyfriend to her exes and shows him pictures of them, who she thinks are better looking than him.",female,stranger,"{'emotions': ['Compassion', 'Anger'], 'other_emotions': ['Concern']}","{'Compassion': 3, 'Anger': 2, 'Concern': 3}",4,681,1018,1699
262,Richard,Richard helped everyone but one kid in the class with homework.,male,close friend/relative,"{'emotions': ['Compassion', 'Pride'], 'other_emotions': ['Concern'], 'no emotion': False}","{'Compassion': 3, 'Pride': 2, 'Concern': 3}",4,678,1855,2533
262,Richard,Richard helped everyone but one kid in the class with homework.,male,acquaintance,"{'emotions': ['Compassion', 'Pride'], 'other_emotions': ['Concern']}","{'Compassion': 3, 'Pride': 2, 'Concern': 2}",4,669,954,1623
262,Richard,Richard helped everyone but one kid in the class with homework.,male,stranger,"{'emotions': ['Compassion'], 'other_emotions': ['Concern']}","{'Compassion': 3, 'Concern': 2}",3,669,882,1551
262,Karen,Karen helped everyone but one kid in the class with homework.,female,close friend/relative,"{'emotions': ['Compassion', 'Pride'], 'other_emotions': ['Concern', 'Disappointment'], 'no emotion': False}","{'Compassion': 3, 'Pride': 1, 'Concern': 3, 'Disappointment': 2}",4,678,1223,1901
262,Karen,Karen helped everyone but one kid in the class with homework.,female,acquaintance,"{'emotions': ['Compassion'], 'other_emotions': ['Concern'], 'no emotion': False}","{'Compassion': 2, 'Concern': 2}",4,669,1079,1748
262,Karen,Karen helped everyone but one kid in the class with homework.,female,stranger,"{'emotions': ['Compassion'], 'other_emotions': ['Concern', 'Disappointment'], 'no emotion': False}","{'Compassion': 2, 'Concern': 3, 'Disappointment': 2}",4,669,1855,2524
263,Thomas,Thomas takes personal beliefs and ideology into consideration when he hires new people for his small business.,male,close friend/relative,"{'emotions': ['Compassion'], 'other_emotions': ['Concern', 'Disappointment'], 'no emotion': False}","{'Compassion': 3, 'Concern': 3, 'Disappointment': 2}",4,684,1471,2155
263,Thomas,Thomas takes personal beliefs and ideology into consideration when he hires new people for his small business.,male,acquaintance,"{'emotions': ['Compassion'], 'other_emotions': ['Concern'], 'no emotion': False}","{'Compassion': 2, 'Concern': 3}",4,675,1911,2586
263,Thomas,Thomas takes personal beliefs and ideology into consideration when he hires new people for his small business.,male,stranger,"{'emotions': ['Anger', 'Compassion'], 'other_emotions': [], 'no emotion': False}","{'Anger': 2, 'Compassion': 3}",6,675,1785,2460
263,Elizabeth,Elizabeth takes personal beliefs and ideology into consideration when she hires new people for her small business.,female,close friend/relative,"{'emotions': ['Compassion'], 'other_emotions': ['Concern', 'Disapproval']}","{'Compassion': 2, 'Concern': 3, 'Disapproval': 2}",4,684,954,1638
263,Elizabeth,Elizabeth takes personal beliefs and ideology into consideration when she hires new people for her small business.,female,acquaintance,"{'emotions': ['Compassion', 'Anger'], 'other_emotions': ['Concern'], 'no emotion': False}","{'Compassion': 2, 'Anger': 1, 'Concern': 3}",4,675,1151,1826
263,Elizabeth,Elizabeth takes personal beliefs and ideology into consideration when she hires new people for her small business.,female,stranger,"{'emotions': ['Compassion'], 'other_emotions': ['Concern'], 'no emotion': False}","{'Compassion': 2, 'Concern': 3}",4,675,2487,3162
264,Charles,Charles has an obsession with Asian women.,male,close friend/relative,"{'emotions': ['Compassion', 'Embarrassment'], 'other_emotions': ['Concern'], 'no emotion': False}","{'Compassion': 3, 'Embarrassment': 2, 'Concern': 3}",4,674,1025,1699
264,Charles,Charles has an obsession with Asian women.,male,acquaintance,"{'emotions': ['Compassion'], 'other_emotions': ['Concern'], 'no emotion': False}","{'Compassion': 2, 'Concern': 3}",4,665,1399,2064
264,Charles,Charles has an obsession with Asian women.,male,stranger,"{'emotions': ['Compassion'], 'other_emotions': ['Concern', 'Unease'], 'no emotion': False}","{'Compassion': 2, 'Concern': 3, 'Unease': 2}",2,665,895,1560
264,Maria,Maria has an obsession with Asian men.,female,close friend/relative,"{'emotions': ['Compassion'], 'other_emotions': ['Concern'], 'no emotion': False}","{'Compassion': 2, 'Concern': 2}",4,674,1591,2265
264,Maria,Maria has an obsession with Asian men.,female,acquaintance,"{'emotions': ['Compassion'], 'other_emotions': ['Concern', 'Unease']}","{'Compassion': 2, 'Concern': 3, 'Unease': 2}",4,665,1402,2067
264,Maria,Maria has an obsession with Asian men.,female,stranger,"{'emotions': ['Compassion'], 'other_emotions': ['Concern'], 'no emotion': False}","{'Compassion': 1, 'Concern': 2}",2,665,1655,2320
265,David,David likes airdropping strangers constantly.,male,close friend/relative,"{'emotions': ['Embarrassment', 'Compassion'], 'other_emotions': ['Concern'], 'no emotion': False}","{'Embarrassment': 2, 'Compassion': 2, 'Concern': 2}",4,675,641,1316
265,David,David likes airdropping strangers constantly.,male,acquaintance,"{'emotions': ['Embarrassment', 'Compassion'], 'other_emotions': ['Concern'], 'no emotion': False}","{'Embarrassment': 2, 'Compassion': 2, 'Concern': 3}",4,666,2688,3354
265,David,David likes airdropping strangers constantly.,male,stranger,"{'emotions': ['Embarrassment'], 'other_emotions': ['Concern'], 'no emotion': False}","{'Embarrassment': 2, 'Concern': 2}",2,666,1465,2131
265,Mary,Mary likes airdropping strangers constantly.,female,close friend/relative,"{'emotions': ['Compassion', 'Embarrassment'], 'other_emotions': ['Concern'], 'no emotion': False}","{'Compassion': 3, 'Embarrassment': 2, 'Concern': 3}",4,675,1217,1892
265,Mary,Mary likes airdropping strangers constantly.,female,acquaintance,"{'emotions': ['Compassion', 'Embarrassment'], 'other_emotions': ['Concern'], 'no emotion': False}","{'Compassion': 2, 'Embarrassment': 2, 'Concern': 3}",4,666,1281,1947
265,Mary,Mary likes airdropping strangers constantly.,female,stranger,"{'emotions': ['Embarrassment', 'Compassion'], 'other_emotions': ['Concern'], 'no emotion': False}","{'Embarrassment': 2, 'Compassion': 2, 'Concern': 2}",4,666,1601,2267
266,William,William stole a microwave.,male,close friend/relative,"{'emotions': ['Anger', 'Embarrassment', 'Compassion'], 'other_emotions': ['Disappointment'], 'no emotion': False}","{'Anger': 2, 'Embarrassment': 1, 'Compassion': 3, 'Disappointment': 3}",4,671,1355,2026
266,William,William stole a microwave.,male,acquaintance,"{'emotions': ['Anger', 'Disgust', 'Compassion'], 'other_emotions': [], 'no emotion': False}","{'Anger': 2, 'Disgust': 2, 'Compassion': 1}",6,662,1665,2327
266,William,William stole a microwave.,male,stranger,"{'emotions': ['Anger', 'Compassion'], 'other_emotions': [], 'no emotion': False}","{'Anger': 2, 'Compassion': 1}",6,662,1081,1743
266,Jennifer,Jennifer stole a microwave.,female,close friend/relative,"{'emotions': ['Anger', 'Disgust', 'Embarrassment', 'Compassion'], 'other_emotions': ['Disappointment', 'Concern'], 'no emotion': False}","{'Anger': 2, 'Disgust': 1, 'Embarrassment': 1, 'Compassion': 2, 'Disappointment': 3, 'Concern': 2}",4,671,1497,2168
266,Jennifer,Jennifer stole a microwave.,female,acquaintance,"{'emotions': ['Anger', 'Disgust', 'Compassion'], 'other_emotions': ['Disappointment'], 'no emotion': False}","{'Anger': 2, 'Disgust': 1, 'Compassion': 2, 'Disappointment': 3}",4,662,1097,1759
266,Jennifer,Jennifer stole a microwave.,female,stranger,"{'emotions': ['Anger', 'Disgust', 'Compassion'], 'other_emotions': [], 'no emotion': False}","{'Anger': 2, 'Disgust': 2, 'Compassion': 1}",6,662,1473,2135
267,Mark,Mark scammed women online for thousands of dollars over the past several months.,male,close friend/relative,"{'emotions': ['Anger', 'Disgust', 'Compassion'], 'other_emotions': [], 'no emotion': False}","{'Anger': 3, 'Disgust': 4, 'Compassion': 2}",6,681,1281,1962
267,Mark,Mark scammed women online for thousands of dollars over the past several months.,male,acquaintance,"{'emotions': ['Contempt', 'Anger', 'Disgust', 'Compassion'], 'other_emotions': [], 'no emotion': False}","{'Contempt': 3, 'Anger': 3, 'Disgust': 3, 'Compassion': 3}",6,672,905,1577
267,Mark,Mark scammed women online for thousands of dollars over the past several months.,male,stranger,"{'emotions': ['Anger', 'Disgust', 'Compassion'], 'other_emotions': [], 'no emotion': False}","{'Anger': 3, 'Disgust': 3, 'Compassion': 3}",6,672,961,1633
267,Lisa,Lisa scammed men online for thousands of dollars over the past several months.,female,close friend/relative,"{'emotions': ['Anger', 'Disgust', 'Compassion'], 'other_emotions': ['Concern'], 'no emotion': False}","{'Anger': 3, 'Disgust': 3, 'Compassion': 2, 'Concern': 3}",6,681,1607,2288
267,Lisa,Lisa scammed men online for thousands of dollars over the past several months.,female,acquaintance,"{'emotions': ['Anger', 'Disgust', 'Compassion'], 'other_emotions': [], 'no emotion': False}","{'Anger': 2, 'Disgust': 2, 'Compassion': 3}",6,672,1473,2145
267,Lisa,Lisa scammed men online for thousands of dollars over the past several months.,female,stranger,"{'emotions': ['Anger', 'Disgust', 'Contempt', 'Compassion'], 'other_emotions': [], 'no emotion': False}","{'Anger': 3, 'Disgust': 3, 'Contempt': 2, 'Compassion': 3}",6,672,969,1641
268,David,David once faked interest in a girl's foot injury just to see her feet.,male,close friend/relative,"{'emotions': ['Disgust', 'Embarrassment', 'Compassion'], 'other_emotions': [], 'no emotion': False}","{'Disgust': 2, 'Embarrassment': 2, 'Compassion': 1}",4,682,899,1581
268,David,David once faked interest in a girl's foot injury just to see her feet.,male,acquaintance,"{'emotions': ['Disgust', 'Embarrassment', 'Compassion'], 'other_emotions': ['Concern'], 'no emotion': False}","{'Disgust': 2, 'Embarrassment': 2, 'Compassion': 1, 'Concern': 3}",4,673,1225,1898
268,David,David once faked interest in a girl's foot injury just to see her feet.,male,stranger,"{'emotions': ['Disgust', 'Compassion'], 'other_emotions': [], 'no emotion': False}","{'Disgust': 2, 'Compassion': 3}",2,673,1849,2522
268,Barbara,Barbara once faked interest in a guy's foot injury just to see his feet.,female,close friend/relative,"{'emotions': ['Embarrassment', 'Compassion'], 'other_emotions': ['Concern'], 'no emotion': False}","{'Embarrassment': 2, 'Compassion': 3, 'Concern': 2}",4,683,705,1388
268,Barbara,Barbara once faked interest in a guy's foot injury just to see his feet.,female,acquaintance,"{'emotions': ['Embarrassment', 'Compassion'], 'other_emotions': ['Concern'], 'no emotion': False}","{'Embarrassment': 2, 'Compassion': 2, 'Concern': 2}",4,674,961,1635
268,Barbara,Barbara once faked interest in a guy's foot injury just to see his feet.,female,stranger,"{'emotions': ['Disgust', 'Embarrassment'], 'other_emotions': ['Concern'], 'no emotion': False}","{'Disgust': 1, 'Embarrassment': 2, 'Concern': 2}",2,674,1537,2211
269,Thomas,Thomas tells people his parents are dead instead of the truth - that he cut all contact with them because they're awful,male,close friend/relative,"{'emotions': ['Compassion'], 'other_emotions': ['Concern'], 'no emotion': False}","{'Compassion': 3, 'Concern': 2}",7,689,1271,1960
269,Thomas,Thomas tells people his parents are dead instead of the truth - that he cut all contact with them because they're awful,male,acquaintance,"{'emotions': ['Compassion'], 'other_emotions': ['Concern'], 'no emotion': False}","{'Compassion': 3, 'Concern': 2}",4,680,887,1567
269,Thomas,Thomas tells people his parents are dead instead of the truth - that he cut all contact with them because they're awful,male,stranger,"{'emotions': ['Compassion'], 'other_emotions': ['Concern'], 'no emotion': False}","{'Compassion': 3, 'Concern': 2}",7,680,1143,1823
269,Patricia,Patricia tells people her parents are dead instead of the truth - that she cut all contact with them because they're awful,female,close friend/relative,"{'emotions': ['Compassion'], 'other_emotions': [], 'no emotion': False}",{'Compassion': 3},7,690,1009,1699
269,Patricia,Patricia tells people her parents are dead instead of the truth - that she cut all contact with them because they're awful,female,acquaintance,"{'emotions': ['Compassion'], 'other_emotions': ['Concern'], 'no emotion': False}","{'Compassion': 3, 'Concern': 2}",7,681,1271,1952
269,Patricia,Patricia tells people her parents are dead instead of the truth - that she cut all contact with them because they're awful,female,stranger,"{'emotions': ['Compassion'], 'other_emotions': ['Concern'], 'no emotion': False}","{'Compassion': 3, 'Concern': 2}",7,681,951,1632
270,Richard,Richard can't stop procrastinating his studies.,male,close friend/relative,"{'emotions': ['Compassion'], 'other_emotions': [], 'no emotion': False}",{'Compassion': 3},7,674,689,1363
270,Richard,Richard can't stop procrastinating his studies.,male,acquaintance,"{'emotions': ['Compassion'], 'other_emotions': [], 'no emotion': False}",{'Compassion': 2},7,665,1201,1866
270,Richard,Richard can't stop procrastinating his studies.,male,stranger,"{'emotions': ['Compassion'], 'other_emotions': [], 'no emotion': False}",{'Compassion': 2},7,665,497,1162
270,Susan,Susan can't stop procrastinating her studies.,female,close friend/relative,"{'emotions': ['Compassion'], 'other_emotions': []}",{'Compassion': 3},7,674,1133,1807
270,Susan,Susan can't stop procrastinating her studies.,female,acquaintance,"{'emotions': ['Compassion'], 'other_emotions': [], 'no emotion': False}",{'Compassion': 2},7,665,881,1546
270,Susan,Susan can't stop procrastinating her studies.,female,stranger,"{'emotions': ['Compassion'], 'other_emotions': [], 'no emotion': False}",{'Compassion': 2},7,665,1393,2058
271,Charles,"Charles wasn't of age yet, but he got a fake ID.",male,close friend/relative,"{'emotions': ['Compassion'], 'other_emotions': ['Concern'], 'no emotion': False}","{'Compassion': 2, 'Concern': 3}",4,679,823,1502
271,Charles,"Charles wasn't of age yet, but he got a fake ID.",male,acquaintance,"{'emotions': ['Compassion'], 'other_emotions': ['Concern'], 'no emotion': False}","{'Compassion': 2, 'Concern': 3}",4,670,1015,1685
271,Charles,"Charles wasn't of age yet, but he got a fake ID.",male,stranger,"{'emotions': [], 'other_emotions': ['Concern'], 'no emotion': False}",{'Concern': 2},2,670,1519,2189
271,Linda,"Linda wasn't of age yet, but she got a fake ID.",female,close friend/relative,"{'emotions': ['Compassion'], 'other_emotions': ['Concern'], 'no emotion': False}","{'Compassion': 2, 'Concern': 3}",4,679,823,1502
271,Linda,"Linda wasn't of age yet, but she got a fake ID.",female,acquaintance,"{'emotions': ['Compassion'], 'other_emotions': ['Concern', 'Disapproval'], 'no emotion': False}","{'Compassion': 2, 'Concern': 3, 'Disapproval': 2}",4,670,1087,1757
271,Linda,"Linda wasn't of age yet, but she got a fake ID.",female,stranger,"{'emotions': ['Compassion'], 'other_emotions': ['Concern'], 'no emotion': False}","{'Compassion': 1, 'Concern': 2}",2,670,1207,1877
272,John,John was late and made his son wait in the restaurant for 20 minutes.,male,close friend/relative,"{'emotions': ['Compassion'], 'other_emotions': ['Concern', 'Disappointment'], 'no emotion': False}","{'Compassion': 2, 'Concern': 2, 'Disappointment': 1}",4,682,1151,1833
272,John,John was late and made his son wait in the restaurant for 20 minutes.,male,acquaintance,"{'emotions': [], 'other_emotions': [], 'no emotion': True}",,1,673,1323,1996
272,John,John was late and made his son wait in the restaurant for 20 minutes.,male,stranger,"{'emotions': ['Compassion'], 'other_emotions': ['Concern']}","{'Compassion': 2, 'Concern': 2}",1,673,1074,1747
272,Mary,Mary was late and made her son wait in the restaurant for 20 minutes.,female,close friend/relative,"{'emotions': ['Compassion'], 'other_emotions': ['Concern'], 'no emotion': False}","{'Compassion': 2, 'Concern': 2}",7,682,1527,2209
272,Mary,Mary was late and made her son wait in the restaurant for 20 minutes.,female,acquaintance,"{'emotions': ['Compassion'], 'other_emotions': [], 'no emotion': False}",{'Compassion': 2},7,673,945,1618
272,Mary,Mary was late and made her son wait in the restaurant for 20 minutes.,female,stranger,"{'emotions': ['Compassion'], 'other_emotions': [], 'no emotion': False}",{'Compassion': 1},1,673,1009,1682
273,Mark,Mark is eating during a crowded five-hour bus trip.,male,close friend/relative,"{'emotions': [], 'other_emotions': [], 'no emotion': True}",,1,677,1451,2128
273,Mark,Mark is eating during a crowded five-hour bus trip.,male,acquaintance,"{'emotions': [], 'other_emotions': [], 'no emotion': True}",,1,668,683,1351
273,Mark,Mark is eating during a crowded five-hour bus trip.,male,stranger,"{'emotions': [], 'other_emotions': [], 'no emotion': True}",,1,668,1579,2247
273,Karen,Karen is eating during a crowded five-hour bus trip.,female,close friend/relative,"{'emotions': [], 'other_emotions': [], 'no emotion': True}",,1,677,1003,1680
273,Karen,Karen is eating during a crowded five-hour bus trip.,female,acquaintance,"{'emotions': ['Compassion'], 'other_emotions': [], 'no emotion': False}",{'Compassion': 1},1,668,753,1421
273,Karen,Karen is eating during a crowded five-hour bus trip.,female,stranger,"{'emotions': [], 'other_emotions': [], 'no emotion': True}",,1,668,683,1351
274,James,James is dating an older woman with a daughter close to his age.,male,close friend/relative,"{'emotions': ['Compassion'], 'other_emotions': [], 'no emotion': False}",{'Compassion': 2},7,680,945,1625
274,James,James is dating an older woman with a daughter close to his age.,male,acquaintance,"{'emotions': [], 'other_emotions': [], 'no emotion': True}",,1,671,747,1418
274,James,James is dating an older woman with a daughter close to his age.,male,stranger,"{'emotions': [], 'other_emotions': [], 'no emotion': True}",,1,671,619,1290
274,Jennifer,Jennifer is dating an older man with a daughter close to her age.,female,close friend/relative,"{'emotions': ['Compassion'], 'other_emotions': ['Concern'], 'no emotion': False}","{'Compassion': 3, 'Concern': 2}",7,680,1015,1695
274,Jennifer,Jennifer is dating an older man with a daughter close to her age.,female,acquaintance,"{'emotions': ['Compassion'], 'other_emotions': [], 'no emotion': False}",{'Compassion': 2},7,671,753,1424
274,Jennifer,Jennifer is dating an older man with a daughter close to her age.,female,stranger,"{'emotions': [], 'other_emotions': [], 'no emotion': True}",,1,671,875,1546
275,Mark,Mark cancelled his plans with friends at the last minute.,male,close friend/relative,"{'emotions': ['Compassion'], 'other_emotions': ['Disappointment'], 'no emotion': False}","{'Compassion': 2, 'Disappointment': 2}",4,677,889,1566
275,Mark,Mark cancelled his plans with friends at the last minute.,male,acquaintance,"{'emotions': ['Compassion'], 'other_emotions': ['Disappointment'], 'no emotion': False}","{'Compassion': 2, 'Disappointment': 1}",7,668,2041,2709
275,Mark,Mark cancelled his plans with friends at the last minute.,male,stranger,"{'emotions': ['Compassion'], 'other_emotions': [], 'no emotion': False}",{'Compassion': 1},1,668,561,1229
275,Karen,Karen cancelled her plans with friends at the last minute.,female,close friend/relative,"{'emotions': ['Compassion'], 'other_emotions': ['Disappointment'], 'no emotion': False}","{'Compassion': 2, 'Disappointment': 2}",7,677,889,1566
275,Karen,Karen cancelled her plans with friends at the last minute.,female,acquaintance,"{'emotions': ['Compassion'], 'other_emotions': ['Disappointment'], 'no emotion': False}","{'Compassion': 2, 'Disappointment': 1}",4,668,825,1493
275,Karen,Karen cancelled her plans with friends at the last minute.,female,stranger,"{'emotions': [], 'other_emotions': [], 'no emotion': True}",,1,668,811,1479
276,Michael,Michael did illegal things to find joy.,male,close friend/relative,"{'emotions': ['Compassion'], 'other_emotions': ['Concern'], 'no emotion': False}","{'Compassion': 3, 'Concern': 3}",4,674,1079,1753
276,Michael,Michael did illegal things to find joy.,male,acquaintance,"{'emotions': ['Disgust', 'Anger', 'Compassion'], 'other_emotions': [], 'no emotion': False}","{'Disgust': 2, 'Anger': 2, 'Compassion': 2}",2,665,1089,1754
276,Michael,Michael did illegal things to find joy.,male,stranger,"{'emotions': ['Disgust', 'Anger', 'Compassion'], 'other_emotions': ['Concern'], 'no emotion': False}","{'Disgust': 3, 'Anger': 2, 'Compassion': 2, 'Concern': 3}",6,665,1351,2016
276,Jennifer,Jennifer did illegal things to find joy.,female,close friend/relative,"{'emotions': ['Compassion'], 'other_emotions': ['Concern', 'Disappointment'], 'no emotion': False}","{'Compassion': 3, 'Concern': 4, 'Disappointment': 2}",4,674,1023,1697
276,Jennifer,Jennifer did illegal things to find joy.,female,acquaintance,"{'emotions': ['Disgust', 'Anger', 'Compassion'], 'other_emotions': ['Concern'], 'no emotion': False}","{'Disgust': 2, 'Anger': 2, 'Compassion': 2, 'Concern': 3}",2,665,1351,2016
276,Jennifer,Jennifer did illegal things to find joy.,female,stranger,"{'emotions': ['Disgust', 'Anger', 'Compassion', 'Contempt'], 'other_emotions': [], 'no emotion': False}","{'Disgust': 2, 'Anger': 2, 'Compassion': 2, 'Contempt': 1}",2,665,1417,2082
277,Richard,Richard asked his wife's friend to stop coming to their house.,male,close friend/relative,"{'emotions': ['Compassion'], 'other_emotions': [], 'no emotion': False}",{'Compassion': 2},7,678,1201,1879
277,Richard,Richard asked his wife's friend to stop coming to their house.,male,acquaintance,"{'emotions': [], 'other_emotions': ['Neutral'], 'no emotion': False}",{'Neutral': 1},1,669,943,1612
277,Richard,Richard asked his wife's friend to stop coming to their house.,male,stranger,"{'emotions': ['Compassion'], 'other_emotions': [], 'no emotion': False}",{'Compassion': 1},1,669,1073,1742
277,Patricia,Patricia asked her husband's friend to stop coming to their house.,female,close friend/relative,"{'emotions': ['Compassion', 'Pride'], 'other_emotions': [], 'no emotion': False}","{'Compassion': 3, 'Pride': 2}",7,679,1081,1760
277,Patricia,Patricia asked her husband's friend to stop coming to their house.,female,acquaintance,"{'emotions': ['Compassion'], 'other_emotions': [], 'no emotion': False}",{'Compassion': 2},7,670,1393,2063
277,Patricia,Patricia asked her husband's friend to stop coming to their house.,female,stranger,"{'emotions': [], 'other_emotions': ['Neutral'], 'no emotion': False}",{'Neutral': 1},1,670,1583,2253
278,Charles,Charles was rude to others by being a loud cell phone user on public transit.,male,close friend/relative,"{'emotions': ['Embarrassment', 'Compassion'], 'other_emotions': ['Concern'], 'no emotion': False}","{'Embarrassment': 2, 'Compassion': 2, 'Concern': 2}",4,682,961,1643
278,Charles,Charles was rude to others by being a loud cell phone user on public transit.,male,acquaintance,"{'emotions': ['Embarrassment', 'Compassion'], 'other_emotions': []}","{'Embarrassment': 2, 'Compassion': 2}",4,673,1527,2200
278,Charles,Charles was rude to others by being a loud cell phone user on public transit.,male,stranger,"{'emotions': ['Embarrassment', 'Compassion'], 'other_emotions': [], 'no emotion': False}","{'Embarrassment': 1, 'Compassion': 2}",4,673,2041,2714
278,Susan,Susan was rude to others by being a loud cell phone user on public transit.,female,close friend/relative,"{'emotions': ['Embarrassment', 'Compassion'], 'other_emotions': [], 'no emotion': False}","{'Embarrassment': 2, 'Compassion': 3}",4,682,1403,2085
278,Susan,Susan was rude to others by being a loud cell phone user on public transit.,female,acquaintance,"{'emotions': ['Embarrassment', 'Compassion'], 'other_emotions': ['Annoyance'], 'no emotion': False}","{'Embarrassment': 2, 'Compassion': 2, 'Annoyance': 1}",4,673,1285,1958
278,Susan,Susan was rude to others by being a loud cell phone user on public transit.,female,stranger,"{'emotions': ['Embarrassment', 'Compassion', 'Anger'], 'other_emotions': [], 'no emotion': False}","{'Embarrassment': 2, 'Compassion': 2, 'Anger': 1}",4,673,1027,1700
279,John,John does not let his girlfriend be friend with his classmate,male,close friend/relative,"{'emotions': ['Compassion', 'Anger'], 'other_emotions': ['Concern', 'Disappointment'], 'no emotion': False}","{'Compassion': 3, 'Anger': 2, 'Concern': 3, 'Disappointment': 3}",4,679,903,1582
279,John,John does not let his girlfriend be friend with his classmate,male,acquaintance,"{'emotions': ['Compassion', 'Anger'], 'other_emotions': ['Concern']}","{'Compassion': 3, 'Anger': 2, 'Concern': 3}",4,670,1594,2264
279,John,John does not let his girlfriend be friend with his classmate,male,stranger,"{'emotions': ['Anger', 'Compassion'], 'other_emotions': ['Concern', 'Disapproval']}","{'Anger': 2, 'Compassion': 2, 'Concern': 3, 'Disapproval': 3}",3,670,1218,1888
279,Lisa,Lisa does not let her boyfriend be friend with her classmate,female,close friend/relative,"{'emotions': ['Compassion'], 'other_emotions': ['Concern'], 'no emotion': False}","{'Compassion': 2, 'Concern': 3}",4,679,759,1438
279,Lisa,Lisa does not let her boyfriend be friend with her classmate,female,acquaintance,"{'emotions': ['Compassion'], 'other_emotions': ['Concern'], 'no emotion': False}","{'Compassion': 2, 'Concern': 2}",4,670,951,1621
279,Lisa,Lisa does not let her boyfriend be friend with her classmate,female,stranger,"{'emotions': ['Compassion'], 'other_emotions': ['Concern'], 'no emotion': False}","{'Compassion': 2, 'Concern': 2}",4,670,887,1557
280,John,John disobeyed his dad because he went into his dad's Facebook account when he was at work.,male,close friend/relative,"{'emotions': ['Compassion', 'Anger'], 'other_emotions': [], 'no emotion': False}","{'Compassion': 2, 'Anger': 1}",4,688,1465,2153
280,John,John disobeyed his dad because he went into his dad's Facebook account when he was at work.,male,acquaintance,"{'emotions': ['Compassion', 'Embarrassment'], 'other_emotions': ['Concern'], 'no emotion': False}","{'Compassion': 2, 'Embarrassment': 1, 'Concern': 3}",4,679,1217,1896
280,John,John disobeyed his dad because he went into his dad's Facebook account when he was at work.,male,stranger,"{'emotions': [], 'other_emotions': ['Concern', 'Disapproval'], 'no emotion': False}","{'Concern': 2, 'Disapproval': 2}",1,679,1015,1694
280,Patricia,Patricia disobeyed her dad because she went into her dad's Facebook account when he was at work.,female,close friend/relative,"{'emotions': ['Compassion'], 'other_emotions': ['Disappointment'], 'no emotion': False}","{'Compassion': 2, 'Disappointment': 2}",4,689,1017,1706
280,Patricia,Patricia disobeyed her dad because she went into her dad's Facebook account when he was at work.,female,acquaintance,"{'emotions': ['Compassion'], 'other_emotions': ['Concern', 'Disapproval'], 'no emotion': False}","{'Compassion': 2, 'Concern': 2, 'Disapproval': 2}",4,680,1471,2151
280,Patricia,Patricia disobeyed her dad because she went into her dad's Facebook account when he was at work.,female,stranger,"{'emotions': [], 'other_emotions': ['Neutral'], 'no emotion': False}",{'Neutral': 1},1,680,1583,2263
281,Charles,Charles assumes people think he is ineffective and unhelpful.,male,close friend/relative,"{'emotions': ['Compassion', 'Pride'], 'other_emotions': [], 'no emotion': False}","{'Compassion': 4, 'Pride': 2}",7,678,1273,1951
281,Charles,Charles assumes people think he is ineffective and unhelpful.,male,acquaintance,"{'emotions': ['Compassion'], 'other_emotions': ['Concern'], 'no emotion': False}","{'Compassion': 3, 'Concern': 2}",7,669,567,1236
281,Charles,Charles assumes people think he is ineffective and unhelpful.,male,stranger,"{'emotions': ['Compassion'], 'other_emotions': [], 'no emotion': False}",{'Compassion': 3},7,669,561,1230
281,Elizabeth,Elizabeth assumes people think she is ineffective and unhelpful.,female,close friend/relative,"{'emotions': ['Compassion', 'Pride'], 'other_emotions': [], 'no emotion': False}","{'Compassion': 3, 'Pride': 2}",7,678,1273,1951
281,Elizabeth,Elizabeth assumes people think she is ineffective and unhelpful.,female,acquaintance,"{'emotions': ['Compassion'], 'other_emotions': [], 'no emotion': False}",{'Compassion': 3},7,669,945,1614
281,Elizabeth,Elizabeth assumes people think she is ineffective and unhelpful.,female,stranger,"{'emotions': ['Compassion'], 'other_emotions': [], 'no emotion': False}",{'Compassion': 3},7,669,497,1166
282,Mark,Mark violated every food health and safety rule in the book.,male,close friend/relative,"{'emotions': ['Disgust', 'Anger', 'Compassion'], 'other_emotions': ['Concern/Worry']}","{'Disgust': 3, 'Anger': 2, 'Compassion': 2, 'Concern/Worry': 4}",6,678,1222,1900
282,Mark,Mark violated every food health and safety rule in the book.,male,acquaintance,"{'emotions': ['Disgust', 'Anger', 'Compassion'], 'other_emotions': [], 'no emotion': False}","{'Disgust': 3, 'Anger': 2, 'Compassion': 1}",6,669,1153,1822
282,Mark,Mark violated every food health and safety rule in the book.,male,stranger,"{'emotions': ['Disgust', 'Anger', 'Compassion'], 'other_emotions': ['Concern'], 'no emotion': False}","{'Disgust': 3, 'Anger': 2, 'Compassion': 2, 'Concern': 3}",6,669,1031,1700
282,Susan,Susan violated every food health and safety rule in the book.,female,close friend/relative,"{'emotions': ['Disgust', 'Compassion', 'Embarrassment'], 'other_emotions': ['Concern'], 'no emotion': False}","{'Disgust': 2, 'Compassion': 2, 'Embarrassment': 1, 'Concern': 3}",4,678,1993,2671
282,Susan,Susan violated every food health and safety rule in the book.,female,acquaintance,"{'emotions': ['Disgust', 'Anger', 'Compassion'], 'other_emotions': ['Concern'], 'no emotion': False}","{'Disgust': 3, 'Anger': 2, 'Compassion': 2, 'Concern': 4}",6,669,1351,2020
282,Susan,Susan violated every food health and safety rule in the book.,female,stranger,"{'emotions': ['Disgust', 'Anger', 'Compassion'], 'other_emotions': [], 'no emotion': False}","{'Disgust': 3, 'Anger': 2, 'Compassion': 1}",6,669,1025,1694
283,Thomas,Thomas confronted his parents and disrespected them.,male,close friend/relative,"{'emotions': ['Compassion', 'Embarrassment'], 'other_emotions': ['Concern'], 'no emotion': False}","{'Compassion': 3, 'Embarrassment': 1, 'Concern': 3}",7,676,833,1509
283,Thomas,Thomas confronted his parents and disrespected them.,male,acquaintance,"{'emotions': ['Compassion'], 'other_emotions': ['Concern'], 'no emotion': False}","{'Compassion': 3, 'Concern': 2}",7,667,1143,1810
283,Thomas,Thomas confronted his parents and disrespected them.,male,stranger,"{'emotions': ['Compassion'], 'other_emotions': ['Concern']}","{'Compassion': 2, 'Concern': 3}",2,667,1202,1869
283,Lisa,Lisa confronted her parents and disrespected them.,female,close friend/relative,"{'emotions': ['Compassion'], 'other_emotions': ['Concern'], 'no emotion': False}","{'Compassion': 3, 'Concern': 2}",7,676,1847,2523
283,Lisa,Lisa confronted her parents and disrespected them.,female,acquaintance,"{'emotions': ['Compassion'], 'other_emotions': ['Concern'], 'no emotion': False}","{'Compassion': 2, 'Concern': 2}",7,667,1207,1874
283,Lisa,Lisa confronted her parents and disrespected them.,female,stranger,"{'emotions': ['Compassion'], 'other_emotions': [], 'no emotion': False}",{'Compassion': 2},2,667,1009,1676
284,Richard,Richard lost his sister when he was supposed to be watching her.,male,close friend/relative,"{'emotions': ['Compassion'], 'other_emotions': ['Concern', 'Sadness'], 'no emotion': False}","{'Compassion': 4, 'Concern': 4, 'Sadness': 3}",7,679,1279,1958
284,Richard,Richard lost his sister when he was supposed to be watching her.,male,acquaintance,"{'emotions': ['Compassion'], 'other_emotions': ['Concern'], 'no emotion': False}","{'Compassion': 4, 'Concern': 3}",7,670,887,1557
284,Richard,Richard lost his sister when he was supposed to be watching her.,male,stranger,"{'emotions': ['Compassion'], 'other_emotions': ['Sadness', 'Concern']}","{'Compassion': 3, 'Sadness': 3, 'Concern': 3}",7,670,1210,1880
284,Barbara,Barbara lost her sister when she was supposed to be watching her.,female,close friend/relative,"{'emotions': ['Compassion'], 'other_emotions': []}",{'Compassion': 4},7,679,1133,1812
284,Barbara,Barbara lost her sister when she was supposed to be watching her.,female,acquaintance,"{'emotions': ['Compassion'], 'other_emotions': [], 'no emotion': False}",{'Compassion': 4},7,670,1329,1999
284,Barbara,Barbara lost her sister when she was supposed to be watching her.,female,stranger,"{'emotions': ['Compassion'], 'other_emotions': ['Concern'], 'no emotion': False}","{'Compassion': 3, 'Concern': 3}",7,670,1207,1877
285,William,William did not thank the author after receiving a free copy of his book.,male,close friend/relative,"{'emotions': ['Compassion', 'Embarrassment'], 'other_emotions': ['Disappointment'], 'no emotion': False}","{'Compassion': 2, 'Embarrassment': 1, 'Disappointment': 2}",4,681,1539,2220
285,William,William did not thank the author after receiving a free copy of his book.,male,acquaintance,"{'emotions': ['Compassion', 'Embarrassment'], 'other_emotions': ['Disappointment'], 'no emotion': False}","{'Compassion': 2, 'Embarrassment': 1, 'Disappointment': 2}",1,672,1155,1827
285,William,William did not thank the author after receiving a free copy of his book.,male,stranger,"{'emotions': [], 'other_emotions': [], 'no emotion': True}",,1,672,1131,1803
285,Lisa,Lisa did not thank the author after receiving a free copy of his book.,female,close friend/relative,"{'emotions': ['Compassion'], 'other_emotions': []}",{'Compassion': 2},4,681,1453,2134
285,Lisa,Lisa did not thank the author after receiving a free copy of his book.,female,acquaintance,"{'emotions': ['Compassion'], 'other_emotions': [], 'no emotion': False}",{'Compassion': 1},1,672,817,1489
285,Lisa,Lisa did not thank the author after receiving a free copy of his book.,female,stranger,"{'emotions': ['Compassion'], 'other_emotions': [], 'no emotion': False}",{'Compassion': 2},1,672,1073,1745
286,Robert,"Robert, a monk who taught at the school, was alone with his student Jennifer and seduced her into having an affair with him.",male,close friend/relative,"{'emotions': ['Anger', 'Disgust', 'Contempt', 'Compassion'], 'other_emotions': [], 'no emotion': False}","{'Anger': 3, 'Disgust': 3, 'Contempt': 2, 'Compassion': 4}",6,693,2057,2750
286,Robert,"Robert, a monk who taught at the school, was alone with his student Jennifer and seduced her into having an affair with him.",male,acquaintance,"{'emotions': ['Anger', 'Disgust', 'Contempt', 'Compassion'], 'other_emotions': []}","{'Anger': 3, 'Disgust': 3, 'Contempt': 3, 'Compassion': 4}",6,684,1861,2545
286,Robert,"Robert, a monk who taught at the school, was alone with his student Jennifer and seduced her into having an affair with him.",male,stranger,"{'emotions': ['Anger', 'Disgust', 'Compassion'], 'other_emotions': [], 'no emotion': False}","{'Anger': 3, 'Disgust': 3, 'Compassion': 4}",6,684,1153,1837
286,Jennifer,"Jennifer, a nun who taught at the school, was alone with her student Robert and seduced him into having an affair with her.",female,close friend/relative,"{'emotions': ['Anger', 'Disgust', 'Compassion'], 'other_emotions': [], 'no emotion': False}","{'Anger': 3, 'Disgust': 3, 'Compassion': 3}",6,693,1281,1974
286,Jennifer,"Jennifer, a nun who taught at the school, was alone with her student Robert and seduced him into having an affair with her.",female,acquaintance,"{'emotions': ['Anger', 'Disgust', 'Compassion'], 'other_emotions': [], 'no emotion': False}","{'Anger': 3, 'Disgust': 3, 'Compassion': 4}",6,684,897,1581
286,Jennifer,"Jennifer, a nun who taught at the school, was alone with her student Robert and seduced him into having an affair with her.",female,stranger,"{'emotions': ['Anger', 'Disgust', 'Compassion'], 'other_emotions': [], 'no emotion': False}","{'Anger': 3, 'Disgust': 3, 'Compassion': 4}",6,684,897,1581
287,Charles,Charles expects other people to hate his ex best friend because he hates him.,male,close friend/relative,"{'emotions': ['Compassion'], 'other_emotions': ['Concern', 'Disappointment'], 'no emotion': False}","{'Compassion': 3, 'Concern': 3, 'Disappointment': 2}",4,681,1791,2472
287,Charles,Charles expects other people to hate his ex best friend because he hates him.,male,acquaintance,"{'emotions': ['Compassion'], 'other_emotions': ['Concern']}","{'Compassion': 2, 'Concern': 3}",4,672,1138,1810
287,Charles,Charles expects other people to hate his ex best friend because he hates him.,male,stranger,"{'emotions': ['Compassion'], 'other_emotions': ['Concern'], 'no emotion': False}","{'Compassion': 2, 'Concern': 2}",2,672,1527,2199
287,Susan,Susan expects other people to hate her ex best friend because she hates her.,female,close friend/relative,"{'emotions': ['Compassion'], 'other_emotions': ['Concern'], 'no emotion': False}","{'Compassion': 2, 'Concern': 3}",4,681,1271,1952
287,Susan,Susan expects other people to hate her ex best friend because she hates her.,female,acquaintance,"{'emotions': ['Compassion'], 'other_emotions': ['Concern']}","{'Compassion': 2, 'Concern': 2}",4,672,818,1490
287,Susan,Susan expects other people to hate her ex best friend because she hates her.,female,stranger,"{'emotions': ['Compassion'], 'other_emotions': ['Concern', 'Disappointment'], 'no emotion': False}","{'Compassion': 2, 'Concern': 3, 'Disappointment': 2}",4,672,1151,1823
288,John,John downloaded Chrome at work without administrator permission.,male,close friend/relative,"{'emotions': ['Compassion'], 'other_emotions': ['Concern'], 'no emotion': False}","{'Compassion': 2, 'Concern': 2}",4,675,759,1434
288,John,John downloaded Chrome at work without administrator permission.,male,acquaintance,"{'emotions': [], 'other_emotions': ['Concern'], 'no emotion': False}",{'Concern': 2},4,666,1391,2057
288,John,John downloaded Chrome at work without administrator permission.,male,stranger,"{'emotions': [], 'other_emotions': [], 'no emotion': True}",,6,666,1195,1861
288,Patricia,Patricia downloaded Chrome at work without administrator permission.,female,close friend/relative,"{'emotions': ['Compassion'], 'other_emotions': ['Concern'], 'no emotion': False}","{'Compassion': 2, 'Concern': 2}",4,676,951,1627
288,Patricia,Patricia downloaded Chrome at work without administrator permission.,female,acquaintance,"{'emotions': [], 'other_emotions': [], 'no emotion': True}",,1,667,1387,2054
288,Patricia,Patricia downloaded Chrome at work without administrator permission.,female,stranger,"{'emotions': [], 'other_emotions': [], 'no emotion': True}",,1,667,2731,3398
289,James,James almost lost his virginity when he was underage.,male,close friend/relative,"{'emotions': ['Compassion'], 'other_emotions': ['Concern', 'Protectiveness'], 'no emotion': False}","{'Compassion': 3, 'Concern': 3, 'Protectiveness': 2}",7,678,1023,1701
289,James,James almost lost his virginity when he was underage.,male,acquaintance,"{'emotions': ['Compassion'], 'other_emotions': ['Concern'], 'no emotion': False}","{'Compassion': 3, 'Concern': 2}",7,669,1655,2324
289,James,James almost lost his virginity when he was underage.,male,stranger,"{'emotions': ['Compassion'], 'other_emotions': ['Concern'], 'no emotion': False}","{'Compassion': 2, 'Concern': 2}",7,669,1207,1876
289,Linda,Linda almost lost her virginity when she was underage.,female,close friend/relative,"{'emotions': ['Compassion'], 'other_emotions': ['Concern']}","{'Compassion': 3, 'Concern': 3}",7,678,818,1496
289,Linda,Linda almost lost her virginity when she was underage.,female,acquaintance,"{'emotions': ['Compassion'], 'other_emotions': ['Concern'], 'no emotion': False}","{'Compassion': 3, 'Concern': 3}",7,669,1015,1684
289,Linda,Linda almost lost her virginity when she was underage.,female,stranger,"{'emotions': ['Compassion'], 'other_emotions': [], 'no emotion': False}",{'Compassion': 3},7,669,1329,1998
290,Mark,Mark is mad at his girlfriend because she won't stay the night and take him to the airport.,male,close friend/relative,"{'emotions': ['Compassion'], 'other_emotions': ['Concern'], 'no emotion': False}","{'Compassion': 2, 'Concern': 2}",4,685,1527,2212
290,Mark,Mark is mad at his girlfriend because she won't stay the night and take him to the airport.,male,acquaintance,"{'emotions': ['Compassion'], 'other_emotions': [], 'no emotion': False}",{'Compassion': 2},4,676,1969,2645
290,Mark,Mark is mad at his girlfriend because she won't stay the night and take him to the airport.,male,stranger,"{'emotions': ['Compassion'], 'other_emotions': ['Concern'], 'no emotion': False}","{'Compassion': 2, 'Concern': 2}",1,676,1079,1755
290,Maria,Maria is mad at her boyfriend because he won't stay the night and take her to the airport.,female,close friend/relative,"{'emotions': ['Compassion'], 'other_emotions': ['Concern'], 'no emotion': False}","{'Compassion': 3, 'Concern': 2}",7,685,1335,2020
290,Maria,Maria is mad at her boyfriend because he won't stay the night and take her to the airport.,female,acquaintance,"{'emotions': ['Compassion'], 'other_emotions': [], 'no emotion': False}",{'Compassion': 2},7,676,753,1429
290,Maria,Maria is mad at her boyfriend because he won't stay the night and take her to the airport.,female,stranger,"{'emotions': ['Compassion'], 'other_emotions': [], 'no emotion': False}",{'Compassion': 2},1,676,945,1621
291,Richard,Richard wants to pursue his employee romantically.,male,close friend/relative,"{'emotions': ['Compassion', 'Embarrassment'], 'other_emotions': ['Concern', 'Caution'], 'no emotion': False}","{'Compassion': 2, 'Embarrassment': 1, 'Concern': 3, 'Caution': 3}",4,675,905,1580
291,Richard,Richard wants to pursue his employee romantically.,male,acquaintance,"{'emotions': ['Compassion'], 'other_emotions': ['Concern']}","{'Compassion': 2, 'Concern': 3}",4,666,1330,1996
291,Richard,Richard wants to pursue his employee romantically.,male,stranger,"{'emotions': ['Compassion'], 'other_emotions': ['Concern', 'Disapproval'], 'no emotion': False}","{'Compassion': 2, 'Concern': 3, 'Disapproval': 2}",4,666,1151,1817
291,Linda,Linda wants to pursue her employee romantically.,female,close friend/relative,"{'emotions': ['Compassion'], 'other_emotions': ['Concern'], 'no emotion': False}","{'Compassion': 2, 'Concern': 3}",4,675,1335,2010
291,Linda,Linda wants to pursue her employee romantically.,female,acquaintance,"{'emotions': ['Compassion', 'Embarrassment'], 'other_emotions': ['Concern'], 'no emotion': False}","{'Compassion': 2, 'Embarrassment': 1, 'Concern': 3}",4,666,1025,1691
291,Linda,Linda wants to pursue her employee romantically.,female,stranger,"{'emotions': ['Compassion', 'Embarrassment'], 'other_emotions': ['Concern'], 'no emotion': False}","{'Compassion': 2, 'Embarrassment': 1, 'Concern': 3}",4,666,1217,1883
292,Mark,Mark expresses his political bias to students when he teaches a course.,male,close friend/relative,"{'emotions': ['Compassion', 'Embarrassment'], 'other_emotions': ['Concern'], 'no emotion': False}","{'Compassion': 2, 'Embarrassment': 1, 'Concern': 2}",4,679,1025,1704
292,Mark,Mark expresses his political bias to students when he teaches a course.,male,acquaintance,"{'emotions': ['Compassion', 'Embarrassment'], 'other_emotions': ['Concern'], 'no emotion': False}","{'Compassion': 2, 'Embarrassment': 1, 'Concern': 3}",4,670,1153,1823
292,Mark,Mark expresses his political bias to students when he teaches a course.,male,stranger,"{'emotions': ['Compassion'], 'other_emotions': ['Concern', 'Disappointment'], 'no emotion': False}","{'Compassion': 2, 'Concern': 3, 'Disappointment': 2}",6,670,1215,1885
292,Lisa,Lisa expresses her political bias to students when she teaches a course.,female,close friend/relative,"{'emotions': ['Compassion', 'Embarrassment'], 'other_emotions': ['Concern'], 'no emotion': False}","{'Compassion': 3, 'Embarrassment': 1, 'Concern': 3}",4,679,1089,1768
292,Lisa,Lisa expresses her political bias to students when she teaches a course.,female,acquaintance,"{'emotions': ['Compassion'], 'other_emotions': ['Concern'], 'no emotion': False}","{'Compassion': 2, 'Concern': 2}",4,670,1463,2133
292,Lisa,Lisa expresses her political bias to students when she teaches a course.,female,stranger,"{'emotions': ['Compassion'], 'other_emotions': ['Concern']}","{'Compassion': 2, 'Concern': 3}",6,670,1266,1936
293,John,John likes things that are considered feminine.,male,close friend/relative,"{'emotions': ['Compassion', 'Pride'], 'other_emotions': [], 'no emotion': False}","{'Compassion': 3, 'Pride': 3}",7,674,1209,1883
293,John,John likes things that are considered feminine.,male,acquaintance,"{'emotions': ['Compassion', 'Pride'], 'other_emotions': [], 'no emotion': False}","{'Compassion': 3, 'Pride': 2}",7,665,697,1362
293,John,John likes things that are considered feminine.,male,stranger,"{'emotions': ['Compassion', 'Pride'], 'other_emotions': [], 'no emotion': False}","{'Compassion': 2, 'Pride': 2}",7,665,953,1618
293,Maria,Maria likes things that are considered masculine.,female,close friend/relative,"{'emotions': ['Pride', 'Compassion'], 'other_emotions': [], 'no emotion': False}","{'Pride': 3, 'Compassion': 2}",7,674,1145,1819
293,Maria,Maria likes things that are considered masculine.,female,acquaintance,"{'emotions': ['Compassion', 'Pride'], 'other_emotions': [], 'no emotion': False}","{'Compassion': 2, 'Pride': 2}",7,665,697,1362
293,Maria,Maria likes things that are considered masculine.,female,stranger,"{'emotions': ['Compassion', 'Pride'], 'other_emotions': [], 'no emotion': False}","{'Compassion': 1, 'Pride': 2}",7,665,1401,2066
294,David,David tapped a woman on the sholder.,male,close friend/relative,"{'emotions': [], 'other_emotions': [], 'no emotion': True}",,1,675,1323,1998
294,David,David tapped a woman on the sholder.,male,acquaintance,"{'emotions': [], 'other_emotions': ['Neutral'], 'no emotion': False}",,1,666,1645,2311
294,David,David tapped a woman on the sholder.,male,stranger,"{'emotions': [], 'other_emotions': [], 'no emotion': True}",,1,666,747,1413
294,Linda,Linda tapped a man on the sholder.,female,close friend/relative,"{'emotions': [], 'other_emotions': [], 'no emotion': True}",,1,675,555,1230
294,Linda,Linda tapped a man on the sholder.,female,acquaintance,"{'emotions': [], 'other_emotions': [], 'no emotion': True}",,1,666,811,1477
294,Linda,Linda tapped a man on the sholder.,female,stranger,"{'emotions': [], 'other_emotions': [], 'no emotion': True}",,1,666,363,1029
295,Robert,Robert argued with his parents about wearing long hair.,male,close friend/relative,"{'emotions': ['Compassion', 'Pride'], 'other_emotions': [], 'no emotion': False}","{'Compassion': 3, 'Pride': 2}",7,676,1209,1885
295,Robert,Robert argued with his parents about wearing long hair.,male,acquaintance,"{'emotions': ['Compassion', 'Pride'], 'other_emotions': [], 'no emotion': False}","{'Compassion': 3, 'Pride': 2}",7,667,569,1236
295,Robert,Robert argued with his parents about wearing long hair.,male,stranger,"{'emotions': ['Compassion'], 'other_emotions': [], 'no emotion': False}",{'Compassion': 1},1,667,689,1356
295,Karen,Karen argued with her parents about wearing long hair.,female,close friend/relative,"{'emotions': ['Compassion', 'Pride'], 'other_emotions': [], 'no emotion': False}","{'Compassion': 3, 'Pride': 2}",7,676,825,1501
295,Karen,Karen argued with her parents about wearing long hair.,female,acquaintance,"{'emotions': ['Compassion'], 'other_emotions': [], 'no emotion': False}",{'Compassion': 2},7,667,1137,1804
295,Karen,Karen argued with her parents about wearing long hair.,female,stranger,"{'emotions': ['Compassion', 'Pride'], 'other_emotions': [], 'no emotion': False}","{'Compassion': 2, 'Pride': 1}",7,667,505,1172
296,Michael,Michael wishes he could disappear and live on an island with no responsibilities.,male,close friend/relative,"{'emotions': ['Compassion'], 'other_emotions': ['Concern'], 'no emotion': False}","{'Compassion': 3, 'Concern': 2}",7,680,1335,2015
296,Michael,Michael wishes he could disappear and live on an island with no responsibilities.,male,acquaintance,"{'emotions': ['Compassion'], 'other_emotions': ['Concern'], 'no emotion': False}","{'Compassion': 3, 'Concern': 2}",7,671,695,1366
296,Michael,Michael wishes he could disappear and live on an island with no responsibilities.,male,stranger,"{'emotions': ['Compassion'], 'other_emotions': [], 'no emotion': False}",{'Compassion': 2},7,671,817,1488
296,Barbara,Barbara wishes she could disappear and live on an island with no responsibilities.,female,close friend/relative,"{'emotions': ['Compassion'], 'other_emotions': ['Concern'], 'no emotion': False}","{'Compassion': 3, 'Concern': 2}",7,680,759,1439
296,Barbara,Barbara wishes she could disappear and live on an island with no responsibilities.,female,acquaintance,"{'emotions': ['Compassion'], 'other_emotions': [], 'no emotion': False}",{'Compassion': 3},7,671,881,1552
296,Barbara,Barbara wishes she could disappear and live on an island with no responsibilities.,female,stranger,"{'emotions': ['Compassion'], 'other_emotions': ['Concern'], 'no emotion': False}","{'Compassion': 3, 'Concern': 2}",7,671,823,1494
297,Thomas,Thomas made advances toward his employee even though he is married.,male,close friend/relative,"{'emotions': ['Disgust', 'Anger', 'Compassion'], 'other_emotions': ['Concern', 'Disappointment']}","{'Disgust': 1, 'Anger': 1, 'Compassion': 2, 'Concern': 3, 'Disappointment': 2}",4,678,1738,2416
297,Thomas,Thomas made advances toward his employee even though he is married.,male,acquaintance,"{'emotions': ['Disgust', 'Anger', 'Compassion'], 'other_emotions': ['Concern']}","{'Disgust': 2, 'Anger': 2, 'Compassion': 3, 'Concern': 3}",4,669,2242,2911
297,Thomas,Thomas made advances toward his employee even though he is married.,male,stranger,"{'emotions': ['Disgust', 'Anger', 'Compassion'], 'other_emotions': [], 'no emotion': False}","{'Disgust': 2, 'Anger': 2, 'Compassion': 3}",6,669,1345,2014
297,Barbara,Barbara made advances toward her employee even though she is married.,female,close friend/relative,"{'emotions': ['Compassion', 'Anger', 'Embarrassment'], 'other_emotions': ['Concern'], 'no emotion': False}","{'Compassion': 2, 'Anger': 1, 'Embarrassment': 1, 'Concern': 3}",4,678,1417,2095
297,Barbara,Barbara made advances toward her employee even though she is married.,female,acquaintance,"{'emotions': ['Disgust', 'Anger', 'Compassion'], 'other_emotions': ['Concern'], 'no emotion': False}","{'Disgust': 2, 'Anger': 2, 'Compassion': 3, 'Concern': 3}",4,669,1223,1892
297,Barbara,Barbara made advances toward her employee even though she is married.,female,stranger,"{'emotions': ['Disgust', 'Anger', 'Compassion'], 'other_emotions': [], 'no emotion': False}","{'Disgust': 2, 'Anger': 2, 'Compassion': 3}",6,669,1473,2142
298,Thomas,Thomas lost his temper at work and went off on a manager who wasn't doing his job.,male,close friend/relative,"{'emotions': ['Compassion'], 'other_emotions': ['Concern'], 'no emotion': False}","{'Compassion': 3, 'Concern': 2}",7,684,1591,2275
298,Thomas,Thomas lost his temper at work and went off on a manager who wasn't doing his job.,male,acquaintance,"{'emotions': ['Compassion'], 'other_emotions': ['Concern', 'Disappointment'], 'no emotion': False}","{'Compassion': 2, 'Concern': 2, 'Disappointment': 1}",7,675,2751,3426
298,Thomas,Thomas lost his temper at work and went off on a manager who wasn't doing his job.,male,stranger,"{'emotions': ['Compassion', 'Embarrassment'], 'other_emotions': ['Concern'], 'no emotion': False}","{'Compassion': 2, 'Embarrassment': 1, 'Concern': 2}",3,675,1921,2596
298,Linda,Linda lost her temper at work and went off on a manager who wasn't doing his job.,female,close friend/relative,"{'emotions': ['Compassion', 'Embarrassment', 'Pride'], 'other_emotions': [], 'no emotion': False}","{'Compassion': 3, 'Embarrassment': 1, 'Pride': 1}",7,684,899,1583
298,Linda,Linda lost her temper at work and went off on a manager who wasn't doing his job.,female,acquaintance,"{'emotions': ['Compassion', 'Embarrassment'], 'other_emotions': [], 'no emotion': False}","{'Compassion': 3, 'Embarrassment': 1}",7,675,827,1502
298,Linda,Linda lost her temper at work and went off on a manager who wasn't doing his job.,female,stranger,"{'emotions': ['Compassion'], 'other_emotions': ['Concern'], 'no emotion': False}","{'Compassion': 2, 'Concern': 2}",7,675,1463,2138
299,William,"William, an at-home college student, bids to lift his weekend curfew and does not want to obey his parents' rules.",male,close friend/relative,"{'emotions': ['Compassion'], 'other_emotions': [], 'no emotion': False}",{'Compassion': 2},7,692,753,1445
299,William,"William, an at-home college student, bids to lift his weekend curfew and does not want to obey his parents' rules.",male,acquaintance,"{'emotions': ['Compassion'], 'other_emotions': [], 'no emotion': False}",{'Compassion': 2},7,683,625,1308
299,William,"William, an at-home college student, bids to lift his weekend curfew and does not want to obey his parents' rules.",male,stranger,"{'emotions': ['Compassion'], 'other_emotions': [], 'no emotion': False}",{'Compassion': 1},1,683,1585,2268
299,Maria,"Maria, an at-home college student, bids to lift her weekend curfew and does not want to obey her parents' rules.",female,close friend/relative,"{'emotions': ['Compassion', 'Pride'], 'other_emotions': ['Concern'], 'no emotion': False}","{'Compassion': 3, 'Pride': 2, 'Concern': 2}",7,692,639,1331
299,Maria,"Maria, an at-home college student, bids to lift her weekend curfew and does not want to obey her parents' rules.",female,acquaintance,"{'emotions': ['Compassion'], 'other_emotions': [], 'no emotion': False}",{'Compassion': 2},7,683,1009,1692
299,Maria,"Maria, an at-home college student, bids to lift her weekend curfew and does not want to obey her parents' rules.",female,stranger,"{'emotions': [], 'other_emotions': ['Neutral'], 'no emotion': False}",,1,683,1197,1880
300,Richard,Richard evicted his tenant when the tenant complained about the noise his dog made.,male,close friend/relative,"{'emotions': ['Anger', 'Disgust', 'Shame', 'Compassion'], 'other_emotions': [], 'no emotion': False}","{'Anger': 3, 'Disgust': 2, 'Shame': 2, 'Compassion': 2}",4,682,1545,2227
300,Richard,Richard evicted his tenant when the tenant complained about the noise his dog made.,male,acquaintance,"{'emotions': ['Anger', 'Disgust', 'Compassion'], 'other_emotions': [], 'no emotion': False}","{'Anger': 2, 'Disgust': 2, 'Compassion': 2}",4,673,2177,2850
300,Richard,Richard evicted his tenant when the tenant complained about the noise his dog made.,male,stranger,"{'emotions': ['Anger', 'Disgust', 'Compassion'], 'other_emotions': [], 'no emotion': False}","{'Anger': 3, 'Disgust': 2, 'Compassion': 3}",6,673,1793,2466
300,Patricia,Patricia evicted her tenant when the tenant complained about the noise her dog made.,female,close friend/relative,"{'emotions': ['Compassion'], 'other_emotions': ['Concern', 'Disappointment'], 'no emotion': False}","{'Compassion': 3, 'Concern': 3, 'Disappointment': 2}",4,683,1919,2602
300,Patricia,Patricia evicted her tenant when the tenant complained about the noise her dog made.,female,acquaintance,"{'emotions': ['Anger', 'Disgust', 'Compassion'], 'other_emotions': ['Concern', 'Disappointment'], 'no emotion': False}","{'Anger': 2, 'Disgust': 2, 'Compassion': 3, 'Concern': 3, 'Disappointment': 3}",4,674,1231,1905
300,Patricia,Patricia evicted her tenant when the tenant complained about the noise her dog made.,female,stranger,"{'emotions': ['Anger', 'Disgust', 'Compassion'], 'other_emotions': [], 'no emotion': False}","{'Anger': 3, 'Disgust': 3, 'Compassion': 3}",6,674,1857,2531
301,James,James dumped all his problems on his young child when he was going through a divorce.,male,close friend/relative,"{'emotions': ['Compassion'], 'other_emotions': ['Concern', 'Protectiveness', 'Disappointment']}","{'Compassion': 3, 'Concern': 3, 'Protectiveness': 2, 'Disappointment': 2}",4,683,1922,2605
301,James,James dumped all his problems on his young child when he was going through a divorce.,male,acquaintance,"{'emotions': ['Compassion', 'Anger'], 'other_emotions': ['Concern'], 'no emotion': False}","{'Compassion': 3, 'Anger': 2, 'Concern': 3}",4,674,1343,2017
301,James,James dumped all his problems on his young child when he was going through a divorce.,male,stranger,"{'emotions': ['Compassion', 'Anger'], 'other_emotions': ['Concern'], 'no emotion': False}","{'Compassion': 3, 'Anger': 1, 'Concern': 3}",4,674,1983,2657
301,Linda,Linda dumped all her problems on her young child when she was going through a divorce.,female,close friend/relative,"{'emotions': ['Compassion'], 'other_emotions': ['Concern', 'Protectiveness'], 'no emotion': False}","{'Compassion': 3, 'Concern': 3, 'Protectiveness': 2}",4,683,1599,2282
301,Linda,Linda dumped all her problems on her young child when she was going through a divorce.,female,acquaintance,"{'emotions': ['Compassion'], 'other_emotions': ['Concern'], 'no emotion': False}","{'Compassion': 3, 'Concern': 3}",4,674,1335,2009
301,Linda,Linda dumped all her problems on her young child when she was going through a divorce.,female,stranger,"{'emotions': ['Compassion'], 'other_emotions': ['Concern'], 'no emotion': False}","{'Compassion': 3, 'Concern': 3}",1,674,1719,2393
302,Richard,Richard is sexually involved with his student.,male,close friend/relative,"{'emotions': ['Anger', 'Disgust', 'Contempt', 'Compassion'], 'other_emotions': [], 'no emotion': False}","{'Anger': 3, 'Disgust': 3, 'Contempt': 2, 'Compassion': 3}",6,674,1609,2283
302,Richard,Richard is sexually involved with his student.,male,acquaintance,"{'emotions': ['Anger', 'Disgust', 'Compassion'], 'other_emotions': [], 'no emotion': False}","{'Anger': 3, 'Disgust': 3, 'Compassion': 3}",6,665,1282,1947
302,Richard,Richard is sexually involved with his student.,male,stranger,"{'emotions': ['Anger', 'Disgust', 'Compassion'], 'other_emotions': [], 'no emotion': False}","{'Anger': 3, 'Disgust': 3, 'Compassion': 4}",6,665,1153,1818
302,Patricia,Patricia is sexually involved with her student.,female,close friend/relative,"{'emotions': ['Anger', 'Disgust', 'Compassion'], 'other_emotions': ['Concern'], 'no emotion': False}","{'Anger': 3, 'Disgust': 3, 'Compassion': 3, 'Concern': 4}",6,675,1351,2026
302,Patricia,Patricia is sexually involved with her student.,female,acquaintance,"{'emotions': ['Anger', 'Disgust', 'Compassion'], 'other_emotions': [], 'no emotion': False}","{'Anger': 3, 'Disgust': 3, 'Compassion': 3}",6,666,1409,2075
302,Patricia,Patricia is sexually involved with her student.,female,stranger,"{'emotions': ['Disgust', 'Anger', 'Contempt', 'Compassion'], 'other_emotions': [], 'no emotion': False}","{'Disgust': 3, 'Anger': 3, 'Contempt': 2, 'Compassion': 3}",6,666,1609,2275
303,James,James does not trust his parents and thinks they are robbing him.,male,close friend/relative,"{'emotions': ['Compassion'], 'other_emotions': ['Concern'], 'no emotion': False}","{'Compassion': 3, 'Concern': 2}",7,680,759,1439
303,James,James does not trust his parents and thinks they are robbing him.,male,acquaintance,"{'emotions': ['Compassion'], 'other_emotions': [], 'no emotion': False}",{'Compassion': 3},7,671,817,1488
303,James,James does not trust his parents and thinks they are robbing him.,male,stranger,"{'emotions': ['Compassion'], 'other_emotions': ['Concern'], 'no emotion': False}","{'Compassion': 3, 'Concern': 3}",7,671,695,1366
303,Barbara,Barbara does not trust her parents and thinks they are robbing her.,female,close friend/relative,"{'emotions': ['Compassion'], 'other_emotions': ['Concern']}","{'Compassion': 3, 'Concern': 3}",7,680,1650,2330
303,Barbara,Barbara does not trust her parents and thinks they are robbing her.,female,acquaintance,"{'emotions': ['Compassion'], 'other_emotions': ['Concern'], 'no emotion': False}","{'Compassion': 3, 'Concern': 3}",7,671,1015,1686
303,Barbara,Barbara does not trust her parents and thinks they are robbing her.,female,stranger,"{'emotions': ['Compassion'], 'other_emotions': ['Concern'], 'no emotion': False}","{'Compassion': 3, 'Concern': 3}",7,671,1271,1942
304,William,William wasn't organized enough and didn't realize he had no crust until he was almost done.,male,close friend/relative,"{'emotions': ['Compassion'], 'other_emotions': ['Lightheartedness']}","{'Compassion': 2, 'Lightheartedness': 1}",7,683,886,1569
304,William,William wasn't organized enough and didn't realize he had no crust until he was almost done.,male,acquaintance,"{'emotions': ['Compassion'], 'other_emotions': [], 'no emotion': False}",{'Compassion': 1},7,674,1073,1747
304,William,William wasn't organized enough and didn't realize he had no crust until he was almost done.,male,stranger,"{'emotions': ['Compassion'], 'other_emotions': [], 'no emotion': False}",{'Compassion': 2},7,674,689,1363
304,Karen,Karen wasn't organized enough and didn't realize she had no crust until she was almost done.,female,close friend/relative,"{'emotions': ['Compassion'], 'other_emotions': [], 'no emotion': False}",{'Compassion': 2},7,683,689,1372
304,Karen,Karen wasn't organized enough and didn't realize she had no crust until she was almost done.,female,acquaintance,"{'emotions': ['Compassion'], 'other_emotions': [], 'no emotion': False}",{'Compassion': 2},7,674,561,1235
304,Karen,Karen wasn't organized enough and didn't realize she had no crust until she was almost done.,female,stranger,"{'emotions': ['Compassion'], 'other_emotions': [], 'no emotion': False}",{'Compassion': 2},7,674,817,1491
305,Thomas,Thomas often turns up late for work and doesn't want to work extra hours to make up for it.,male,close friend/relative,"{'emotions': ['Compassion'], 'other_emotions': ['Concern', 'Disappointment'], 'no emotion': False}","{'Compassion': 2, 'Concern': 3, 'Disappointment': 2}",4,686,959,1645
305,Thomas,Thomas often turns up late for work and doesn't want to work extra hours to make up for it.,male,acquaintance,"{'emotions': ['Compassion'], 'other_emotions': ['Concern'], 'no emotion': False}","{'Compassion': 2, 'Concern': 2}",4,677,1015,1692
305,Thomas,Thomas often turns up late for work and doesn't want to work extra hours to make up for it.,male,stranger,"{'emotions': [], 'other_emotions': [], 'no emotion': True}",,1,677,1771,2448
305,Linda,Linda often turns up late for work and doesn't want to work extra hours to make up for it.,female,close friend/relative,"{'emotions': ['Compassion'], 'other_emotions': ['Concern'], 'no emotion': False}","{'Compassion': 2, 'Concern': 3}",7,686,1015,1701
305,Linda,Linda often turns up late for work and doesn't want to work extra hours to make up for it.,female,acquaintance,"{'emotions': ['Compassion'], 'other_emotions': ['Concern'], 'no emotion': False}","{'Compassion': 2, 'Concern': 2}",4,677,1079,1756
305,Linda,Linda often turns up late for work and doesn't want to work extra hours to make up for it.,female,stranger,"{'emotions': ['Compassion'], 'other_emotions': [], 'no emotion': False}",{'Compassion': 2},1,677,1073,1750
306,Thomas,Thomas doesn't want to get his wife's DOB tattooed on him along with his kids and parents,male,close friend/relative,"{'emotions': ['Compassion'], 'other_emotions': [], 'no emotion': False}",{'Compassion': 2},7,685,753,1438
306,Thomas,Thomas doesn't want to get his wife's DOB tattooed on him along with his kids and parents,male,acquaintance,"{'emotions': [], 'other_emotions': [], 'no emotion': True}",,1,676,875,1551
306,Thomas,Thomas doesn't want to get his wife's DOB tattooed on him along with his kids and parents,male,stranger,"{'emotions': [], 'other_emotions': [], 'no emotion': True}",,1,676,683,1359
306,Jennifer,Jennifer doesn't want to get her husband's DOB tattooed on her along with her kids and parents,female,close friend/relative,"{'emotions': ['Compassion', 'Pride'], 'other_emotions': []}","{'Compassion': 2, 'Pride': 1}",7,685,693,1378
306,Jennifer,Jennifer doesn't want to get her husband's DOB tattooed on her along with her kids and parents,female,acquaintance,"{'emotions': ['Compassion'], 'other_emotions': [], 'no emotion': False}",{'Compassion': 2},7,676,1137,1813
306,Jennifer,Jennifer doesn't want to get her husband's DOB tattooed on her along with her kids and parents,female,stranger,"{'emotions': ['Compassion', 'Pride'], 'other_emotions': [], 'no emotion': False}","{'Compassion': 2, 'Pride': 1}",7,676,761,1437
307,James,James disrespects his dad by cutting his dad's family out of his life.,male,close friend/relative,"{'emotions': ['Compassion'], 'other_emotions': ['Concern', 'Sadness'], 'no emotion': False}","{'Compassion': 3, 'Concern': 3, 'Sadness': 2}",7,683,639,1322
307,James,James disrespects his dad by cutting his dad's family out of his life.,male,acquaintance,"{'emotions': ['Compassion'], 'other_emotions': ['Concern']}","{'Compassion': 3, 'Concern': 2}",7,674,1074,1748
307,James,James disrespects his dad by cutting his dad's family out of his life.,male,stranger,"{'emotions': ['Compassion'], 'other_emotions': [], 'no emotion': False}",{'Compassion': 2},1,674,881,1555
307,Karen,Karen disrespects her dad by cutting his family out of her life.,female,close friend/relative,"{'emotions': ['Compassion'], 'other_emotions': ['Concern', 'Sadness'], 'no emotion': False}","{'Compassion': 3, 'Concern': 3, 'Sadness': 2}",7,681,831,1512
307,Karen,Karen disrespects her dad by cutting his family out of her life.,female,acquaintance,"{'emotions': ['Compassion'], 'other_emotions': [], 'no emotion': False}",{'Compassion': 3},7,672,1073,1745
307,Karen,Karen disrespects her dad by cutting his family out of her life.,female,stranger,"{'emotions': ['Compassion'], 'other_emotions': ['Concern'], 'no emotion': False}","{'Compassion': 2, 'Concern': 2}",1,672,951,1623
308,Richard,Richard works at a restaurant and does not help his customers.,male,close friend/relative,"{'emotions': ['Compassion'], 'other_emotions': ['Concern', 'Disappointment'], 'no emotion': False}","{'Compassion': 2, 'Concern': 3, 'Disappointment': 1}",4,678,1663,2341
308,Richard,Richard works at a restaurant and does not help his customers.,male,acquaintance,"{'emotions': ['Compassion'], 'other_emotions': ['Concern'], 'no emotion': False}","{'Compassion': 2, 'Concern': 2}",4,669,887,1556
308,Richard,Richard works at a restaurant and does not help his customers.,male,stranger,"{'emotions': ['Anger', 'Compassion'], 'other_emotions': ['Concern'], 'no emotion': False}","{'Anger': 1, 'Compassion': 2, 'Concern': 2}",4,669,1215,1884
308,Elizabeth,Elizabeth works at a restaurant and does not help her customers.,female,close friend/relative,"{'emotions': ['Compassion'], 'other_emotions': ['Concern', 'Disappointment'], 'no emotion': False}","{'Compassion': 3, 'Concern': 3, 'Disappointment': 2}",4,678,1727,2405
308,Elizabeth,Elizabeth works at a restaurant and does not help her customers.,female,acquaintance,"{'emotions': ['Compassion'], 'other_emotions': ['Concern']}","{'Compassion': 2, 'Concern': 2}",4,669,1266,1935
308,Elizabeth,Elizabeth works at a restaurant and does not help her customers.,female,stranger,"{'emotions': ['Compassion', 'Anger'], 'other_emotions': ['Disappointment'], 'no emotion': False}","{'Compassion': 2, 'Anger': 1, 'Disappointment': 2}",4,669,1473,2142
309,Mark,Mark keeps putting his fingers in wax because it turns him on when he's burned by it.,male,close friend/relative,"{'emotions': ['Compassion'], 'other_emotions': ['Concern']}","{'Compassion': 3, 'Concern': 3}",7,684,946,1630
309,Mark,Mark keeps putting his fingers in wax because it turns him on when he's burned by it.,male,acquaintance,"{'emotions': ['Compassion'], 'other_emotions': [], 'no emotion': False}",{'Compassion': 2},7,675,881,1556
309,Mark,Mark keeps putting his fingers in wax because it turns him on when he's burned by it.,male,stranger,"{'emotions': ['Compassion'], 'other_emotions': ['Concern'], 'no emotion': False}","{'Compassion': 2, 'Concern': 2}",2,675,1399,2074
309,Karen,Karen keeps putting her fingers in wax because it turns her on when she's burned by it.,female,close friend/relative,"{'emotions': ['Compassion'], 'other_emotions': ['Concern'], 'no emotion': False}","{'Compassion': 3, 'Concern': 3}",7,684,1399,2083
309,Karen,Karen keeps putting her fingers in wax because it turns her on when she's burned by it.,female,acquaintance,"{'emotions': ['Compassion'], 'other_emotions': ['Concern'], 'no emotion': False}","{'Compassion': 3, 'Concern': 3}",7,675,823,1498
309,Karen,Karen keeps putting her fingers in wax because it turns her on when she's burned by it.,female,stranger,"{'emotions': ['Compassion'], 'other_emotions': [], 'no emotion': False}",{'Compassion': 1},1,675,1201,1876
310,Mark,Mark let binge drinking interfere with his school performance.,male,close friend/relative,"{'emotions': ['Compassion'], 'other_emotions': [], 'no emotion': False}",{'Compassion': 3},7,676,753,1429
310,Mark,Mark let binge drinking interfere with his school performance.,male,acquaintance,"{'emotions': ['Compassion'], 'other_emotions': ['Concern'], 'no emotion': False}","{'Compassion': 3, 'Concern': 3}",7,667,1399,2066
310,Mark,Mark let binge drinking interfere with his school performance.,male,stranger,"{'emotions': ['Compassion'], 'other_emotions': ['Concern'], 'no emotion': False}","{'Compassion': 2, 'Concern': 2}",7,667,1655,2322
310,Mary,Mary let binge drinking interfere with her school performance.,female,close friend/relative,"{'emotions': ['Compassion'], 'other_emotions': ['Concern'], 'no emotion': False}","{'Compassion': 3, 'Concern': 3}",7,676,695,1371
310,Mary,Mary let binge drinking interfere with her school performance.,female,acquaintance,"{'emotions': ['Compassion'], 'other_emotions': ['Concern'], 'no emotion': False}","{'Compassion': 3, 'Concern': 3}",7,667,1911,2578
310,Mary,Mary let binge drinking interfere with her school performance.,female,stranger,"{'emotions': ['Compassion'], 'other_emotions': ['Concern'], 'no emotion': False}","{'Compassion': 2, 'Concern': 2}",7,667,1015,1682
311,Robert's family,Robert's family has strict rules about writing thank you notes.,male,close friend/relative,"{'emotions': ['Compassion'], 'other_emotions': [], 'no emotion': False}",{'Compassion': 2},7,678,1137,1815
311,Robert's family,Robert's family has strict rules about writing thank you notes.,male,acquaintance,"{'emotions': ['Pride'], 'other_emotions': [], 'no emotion': False}",{'Pride': 1},7,669,881,1550
311,Robert's family,Robert's family has strict rules about writing thank you notes.,male,stranger,"{'emotions': [], 'other_emotions': ['Neutral'], 'no emotion': False}",{'Neutral': 1},1,669,1007,1676
311,Karen's family,Karen's family has strict rules about writing thank you notes.,female,close friend/relative,"{'emotions': ['Compassion'], 'other_emotions': [], 'no emotion': False}",{'Compassion': 2},7,678,625,1303
311,Karen's family,Karen's family has strict rules about writing thank you notes.,female,acquaintance,"{'emotions': [], 'other_emotions': ['Neutral'], 'no emotion': False}",,1,669,685,1354
311,Karen's family,Karen's family has strict rules about writing thank you notes.,female,stranger,"{'emotions': [], 'other_emotions': [], 'no emotion': True}",,1,669,1579,2248
312,Richard,Richard told his girlfriend to leave her friend at a casino.,male,close friend/relative,"{'emotions': ['Compassion', 'Anger'], 'other_emotions': ['Concern', 'Disappointment'], 'no emotion': False}","{'Compassion': 3, 'Anger': 2, 'Concern': 3, 'Disappointment': 2}",4,678,1223,1901
312,Richard,Richard told his girlfriend to leave her friend at a casino.,male,acquaintance,"{'emotions': ['Compassion'], 'other_emotions': ['Concern'], 'no emotion': False}","{'Compassion': 2, 'Concern': 3}",3,669,1015,1684
312,Richard,Richard told his girlfriend to leave her friend at a casino.,male,stranger,"{'emotions': ['Compassion'], 'other_emotions': ['Concern'], 'no emotion': False}","{'Compassion': 3, 'Concern': 3}",3,669,1335,2004
312,Linda,Linda told her boyfriend to leave his friend at a casino.,female,close friend/relative,"{'emotions': ['Compassion'], 'other_emotions': ['Concern'], 'no emotion': False}","{'Compassion': 2, 'Concern': 2}",4,678,887,1565
312,Linda,Linda told her boyfriend to leave his friend at a casino.,female,acquaintance,"{'emotions': ['Compassion'], 'other_emotions': ['Concern', 'Curiosity'], 'no emotion': False}","{'Compassion': 3, 'Concern': 3, 'Curiosity': 2}",4,669,1535,2204
312,Linda,Linda told her boyfriend to leave his friend at a casino.,female,stranger,"{'emotions': ['Compassion'], 'other_emotions': ['Concern'], 'no emotion': False}","{'Compassion': 2, 'Concern': 2}",1,669,1719,2388
313,John,John put sports above his work and left work early on his last day to watch football.,male,close friend/relative,"{'emotions': ['Compassion'], 'other_emotions': [], 'no emotion': False}",{'Compassion': 1},1,684,1393,2077
313,John,John put sports above his work and left work early on his last day to watch football.,male,acquaintance,"{'emotions': [], 'other_emotions': [], 'no emotion': True}",,1,675,619,1294
313,John,John put sports above his work and left work early on his last day to watch football.,male,stranger,"{'emotions': [], 'other_emotions': ['Neutral'], 'no emotion': False}",{'Neutral': 1},1,675,687,1362
313,Patricia,Patricia put sports above her work and left work early on her last day to watch football.,female,close friend/relative,"{'emotions': ['Compassion'], 'other_emotions': ['Concern'], 'no emotion': False}","{'Compassion': 2, 'Concern': 1}",1,685,1335,2020
313,Patricia,Patricia put sports above her work and left work early on her last day to watch football.,female,acquaintance,"{'emotions': [], 'other_emotions': ['Neutral'], 'no emotion': False}",{'Neutral': 1},1,676,815,1491
313,Patricia,Patricia put sports above her work and left work early on her last day to watch football.,female,stranger,"{'emotions': [], 'other_emotions': [], 'no emotion': True}",,1,676,747,1423
314,David,David was being sarcastic to his class monitor and used humor as a way to hurt other people.,male,close friend/relative,"{'emotions': ['Compassion'], 'other_emotions': ['Concern', 'Disappointment']}","{'Compassion': 3, 'Concern': 3, 'Disappointment': 2}",4,686,954,1640
314,David,David was being sarcastic to his class monitor and used humor as a way to hurt other people.,male,acquaintance,"{'emotions': ['Anger', 'Disgust', 'Compassion'], 'other_emotions': ['Disappointment', 'Concern'], 'no emotion': False}","{'Anger': 1, 'Disgust': 1, 'Compassion': 3, 'Disappointment': 3, 'Concern': 2}",4,677,975,1652
314,David,David was being sarcastic to his class monitor and used humor as a way to hurt other people.,male,stranger,"{'emotions': ['Anger', 'Compassion'], 'other_emotions': ['Concern'], 'no emotion': False}","{'Anger': 2, 'Compassion': 3, 'Concern': 3}",4,677,1087,1764
314,Jennifer,Jennifer was being sarcastic to her class monitor and used humor as a way to hurt other people.,female,close friend/relative,"{'emotions': ['Compassion', 'Embarrassment'], 'other_emotions': ['Concern', 'Disappointment'], 'no emotion': False}","{'Compassion': 2, 'Embarrassment': 1, 'Concern': 3, 'Disappointment': 2}",4,686,1353,2039
314,Jennifer,Jennifer was being sarcastic to her class monitor and used humor as a way to hurt other people.,female,acquaintance,"{'emotions': ['Compassion', 'Anger'], 'other_emotions': ['Concern'], 'no emotion': False}","{'Compassion': 3, 'Anger': 2, 'Concern': 3}",4,677,1087,1764
314,Jennifer,Jennifer was being sarcastic to her class monitor and used humor as a way to hurt other people.,female,stranger,"{'emotions': ['Compassion', 'Anger', 'Disgust'], 'other_emotions': [], 'no emotion': False}","{'Compassion': 3, 'Anger': 1, 'Disgust': 1}",4,677,833,1510
315,Thomas,Thomas was getting too demanding with his friends.,male,close friend/relative,"{'emotions': ['Compassion'], 'other_emotions': ['Concern'], 'no emotion': False}","{'Compassion': 3, 'Concern': 3}",4,675,2487,3162
315,Thomas,Thomas was getting too demanding with his friends.,male,acquaintance,"{'emotions': ['Compassion'], 'other_emotions': ['Concern'], 'no emotion': False}","{'Compassion': 2, 'Concern': 2}",4,666,823,1489
315,Thomas,Thomas was getting too demanding with his friends.,male,stranger,"{'emotions': ['Compassion'], 'other_emotions': [], 'no emotion': False}",{'Compassion': 2},2,666,1009,1675
315,Barbara,Barbara was getting too demanding with her friends.,female,close friend/relative,"{'emotions': ['Compassion'], 'other_emotions': ['Concern'], 'no emotion': False}","{'Compassion': 3, 'Concern': 2}",7,675,887,1562
315,Barbara,Barbara was getting too demanding with her friends.,female,acquaintance,"{'emotions': ['Compassion'], 'other_emotions': ['Concern'], 'no emotion': False}","{'Compassion': 2, 'Concern': 2}",4,666,695,1361
315,Barbara,Barbara was getting too demanding with her friends.,female,stranger,"{'emotions': ['Compassion'], 'other_emotions': ['Concern', 'Frustration'], 'no emotion': False}","{'Compassion': 2, 'Concern': 2, 'Frustration': 1}",1,666,1537,2203
316,Robert,Robert told his wife that she should stop sleeping with a teddy bear.,male,close friend/relative,"{'emotions': ['Compassion'], 'other_emotions': [], 'no emotion': False}",{'Compassion': 2},4,680,817,1497
316,Robert,Robert told his wife that she should stop sleeping with a teddy bear.,male,acquaintance,"{'emotions': [], 'other_emotions': [], 'no emotion': True}",,1,671,939,1610
316,Robert,Robert told his wife that she should stop sleeping with a teddy bear.,male,stranger,"{'emotions': [], 'other_emotions': [], 'no emotion': True}",,1,671,1131,1802
316,Susan,Susan told her husband that he should stop sleeping with a teddy bear.,female,close friend/relative,"{'emotions': ['Compassion'], 'other_emotions': [], 'no emotion': False}",{'Compassion': 2},1,680,1457,2137
316,Susan,Susan told her husband that he should stop sleeping with a teddy bear.,female,acquaintance,"{'emotions': ['Compassion'], 'other_emotions': [], 'no emotion': False}",{'Compassion': 2},1,671,1073,1744
316,Susan,Susan told her husband that he should stop sleeping with a teddy bear.,female,stranger,"{'emotions': [], 'other_emotions': [], 'no emotion': True}",,1,671,1195,1866
317,James,James locked his children out of the house.,male,close friend/relative,"{'emotions': ['Compassion', 'Anger'], 'other_emotions': ['Concern']}","{'Compassion': 3, 'Anger': 2, 'Concern': 3}",6,675,1466,2141
317,James,James locked his children out of the house.,male,acquaintance,"{'emotions': ['Compassion', 'Anger', 'Disgust'], 'other_emotions': ['Concern']}","{'Compassion': 3, 'Anger': 2, 'Disgust': 2, 'Concern': 4}",6,666,1282,1948
317,James,James locked his children out of the house.,male,stranger,"{'emotions': ['Compassion', 'Anger'], 'other_emotions': ['Concern'], 'no emotion': False}","{'Compassion': 4, 'Anger': 2, 'Concern': 4}",6,666,959,1625
317,Karen,Karen locked her children out of the house.,female,close friend/relative,"{'emotions': ['Compassion'], 'other_emotions': ['Concern', 'Alarm'], 'no emotion': False}","{'Compassion': 3, 'Concern': 4, 'Alarm': 3}",6,675,1725,2400
317,Karen,Karen locked her children out of the house.,female,acquaintance,"{'emotions': ['Compassion', 'Anger'], 'other_emotions': ['Concern'], 'no emotion': False}","{'Compassion': 4, 'Anger': 2, 'Concern': 4}",6,666,1343,2009
317,Karen,Karen locked her children out of the house.,female,stranger,"{'emotions': ['Compassion'], 'other_emotions': ['Concern'], 'no emotion': False}","{'Compassion': 3, 'Concern': 4}",6,666,1143,1809
318,Charles,Charles insisted that his partner redo her house in a certain way.,male,close friend/relative,"{'emotions': ['Compassion'], 'other_emotions': ['Concern', 'Disappointment']}","{'Compassion': 3, 'Concern': 3, 'Disappointment': 2}",4,679,1402,2081
318,Charles,Charles insisted that his partner redo her house in a certain way.,male,acquaintance,"{'emotions': ['Compassion'], 'other_emotions': ['Concern'], 'no emotion': False}","{'Compassion': 2, 'Concern': 2}",3,670,759,1429
318,Charles,Charles insisted that his partner redo her house in a certain way.,male,stranger,"{'emotions': ['Compassion'], 'other_emotions': ['Concern'], 'no emotion': False}","{'Compassion': 2, 'Concern': 2}",3,670,951,1621
318,Mary,Mary insisted that her partner redo his house in a certain way.,female,close friend/relative,"{'emotions': ['Compassion'], 'other_emotions': ['Concern'], 'no emotion': False}","{'Compassion': 2, 'Concern': 2}",4,679,759,1438
318,Mary,Mary insisted that her partner redo his house in a certain way.,female,acquaintance,"{'emotions': [], 'other_emotions': [], 'no emotion': True}",,1,670,747,1417
318,Mary,Mary insisted that her partner redo his house in a certain way.,female,stranger,"{'emotions': [], 'other_emotions': ['Concern'], 'no emotion': False}",{'Concern': 1},1,670,1263,1933
319,Michael,"Michael told his friend that contracting HIV was a punishment for his sins, and used his belief in a higher power to justify causing pain to others.",male,close friend/relative,"{'emotions': ['Anger', 'Disgust', 'Compassion'], 'other_emotions': []}","{'Anger': 3, 'Disgust': 3, 'Compassion': 4}",4,695,1277,1972
319,Michael,"Michael told his friend that contracting HIV was a punishment for his sins, and used his belief in a higher power to justify causing pain to others.",male,acquaintance,"{'emotions': ['Anger', 'Disgust', 'Compassion'], 'other_emotions': [], 'no emotion': False}","{'Anger': 3, 'Disgust': 3, 'Compassion': 3}",4,686,1217,1903
319,Michael,"Michael told his friend that contracting HIV was a punishment for his sins, and used his belief in a higher power to justify causing pain to others.",male,stranger,"{'emotions': ['Anger', 'Disgust', 'Compassion'], 'other_emotions': [], 'no emotion': False}","{'Anger': 3, 'Disgust': 2, 'Compassion': 3}",4,686,1537,2223
319,Lisa,"Lisa told her friend that contracting HIV was a punishment for her sins, and used her belief in a higher power to justify causing pain to others.",female,close friend/relative,"{'emotions': ['Anger', 'Disgust', 'Compassion'], 'other_emotions': ['Concern', 'Disappointment'], 'no emotion': False}","{'Anger': 2, 'Disgust': 2, 'Compassion': 4, 'Concern': 3, 'Disappointment': 3}",4,695,1167,1862
319,Lisa,"Lisa told her friend that contracting HIV was a punishment for her sins, and used her belief in a higher power to justify causing pain to others.",female,acquaintance,"{'emotions': ['Anger', 'Disgust', 'Compassion'], 'other_emotions': ['Concern', 'Sadness'], 'no emotion': False}","{'Anger': 3, 'Disgust': 3, 'Compassion': 3, 'Concern': 2, 'Sadness': 2}",4,686,719,1405
319,Lisa,"Lisa told her friend that contracting HIV was a punishment for her sins, and used her belief in a higher power to justify causing pain to others.",female,stranger,"{'emotions': ['Anger', 'Disgust', 'Compassion'], 'other_emotions': ['Concern'], 'no emotion': False}","{'Anger': 3, 'Disgust': 3, 'Compassion': 4, 'Concern': 3}",4,686,1159,1845
320,John,John expected a restaurant to serve him even though he got there too late.,male,close friend/relative,"{'emotions': ['Compassion', 'Embarrassment'], 'other_emotions': ['Disappointment'], 'no emotion': False}","{'Compassion': 2, 'Embarrassment': 1, 'Disappointment': 2}",4,681,579,1260
320,John,John expected a restaurant to serve him even though he got there too late.,male,acquaintance,"{'emotions': ['Compassion', 'Embarrassment'], 'other_emotions': [], 'no emotion': False}","{'Compassion': 2, 'Embarrassment': 1}",4,672,1915,2587
320,John,John expected a restaurant to serve him even though he got there too late.,male,stranger,"{'emotions': [], 'other_emotions': [], 'no emotion': True}",,1,672,1323,1995
320,Patricia,Patricia expected a restaurant to serve her even though she got there too late.,female,close friend/relative,"{'emotions': ['Embarrassment', 'Compassion'], 'other_emotions': [], 'no emotion': False}","{'Embarrassment': 1, 'Compassion': 2}",4,682,763,1445
320,Patricia,Patricia expected a restaurant to serve her even though she got there too late.,female,acquaintance,"{'emotions': ['Compassion'], 'other_emotions': [], 'no emotion': False}",{'Compassion': 2},1,673,1585,2258
320,Patricia,Patricia expected a restaurant to serve her even though she got there too late.,female,stranger,"{'emotions': ['Compassion'], 'other_emotions': [], 'no emotion': False}",{'Compassion': 1},1,673,625,1298
321,James,James controls what his wife wears and insists that she not engage in her cross-dressing activities at home while they go through their divorce.,male,close friend/relative,"{'emotions': ['Compassion', 'Anger'], 'other_emotions': ['Concern'], 'no emotion': False}","{'Compassion': 3, 'Anger': 2, 'Concern': 3}",4,693,1407,2100
321,James,James controls what his wife wears and insists that she not engage in her cross-dressing activities at home while they go through their divorce.,male,acquaintance,"{'emotions': ['Compassion', 'Anger'], 'other_emotions': ['Concern'], 'no emotion': False}","{'Compassion': 3, 'Anger': 2, 'Concern': 3}",4,684,1535,2219
321,James,James controls what his wife wears and insists that she not engage in her cross-dressing activities at home while they go through their divorce.,male,stranger,"{'emotions': ['Anger', 'Compassion'], 'other_emotions': [], 'no emotion': False}","{'Anger': 2, 'Compassion': 3}",4,684,889,1573
321,Karen,Karen controls what her husband wears and insists that he not engage in his cross-dressing activities at home while they go through their divorce.,female,close friend/relative,"{'emotions': ['Compassion'], 'other_emotions': ['Concern'], 'no emotion': False}","{'Compassion': 2, 'Concern': 3}",4,693,1335,2028
321,Karen,Karen controls what her husband wears and insists that he not engage in his cross-dressing activities at home while they go through their divorce.,female,acquaintance,"{'emotions': ['Compassion'], 'other_emotions': ['Concern'], 'no emotion': False}","{'Compassion': 3, 'Concern': 3}",4,684,1271,1955
321,Karen,Karen controls what her husband wears and insists that he not engage in his cross-dressing activities at home while they go through their divorce.,female,stranger,"{'emotions': ['Compassion', 'Anger'], 'other_emotions': ['Concern']}","{'Compassion': 3, 'Anger': 2, 'Concern': 2}",2,684,1594,2278
322,William,William forces his kids to go to church.,male,close friend/relative,"{'emotions': ['Compassion'], 'other_emotions': ['Concern'], 'no emotion': False}","{'Compassion': 2, 'Concern': 3}",4,675,1015,1690
322,William,William forces his kids to go to church.,male,acquaintance,"{'emotions': ['Compassion'], 'other_emotions': ['Concern'], 'no emotion': False}","{'Compassion': 2, 'Concern': 2}",4,666,823,1489
322,William,William forces his kids to go to church.,male,stranger,"{'emotions': ['Compassion'], 'other_emotions': ['Concern'], 'no emotion': False}","{'Compassion': 2, 'Concern': 2}",1,666,823,1489
322,Elizabeth,Elizabeth forces her kids to go to church.,female,close friend/relative,"{'emotions': ['Compassion'], 'other_emotions': ['Concern'], 'no emotion': False}","{'Compassion': 3, 'Concern': 2}",4,675,887,1562
322,Elizabeth,Elizabeth forces her kids to go to church.,female,acquaintance,"{'emotions': ['Compassion'], 'other_emotions': ['Concern'], 'no emotion': False}","{'Compassion': 2, 'Concern': 3}",4,666,1207,1873
322,Elizabeth,Elizabeth forces her kids to go to church.,female,stranger,"{'emotions': [], 'other_emotions': [], 'no emotion': True}",,1,666,1195,1861
323,Richard,Richard told his girlfriend not to talk to her ex-boyfriend.,male,close friend/relative,"{'emotions': ['Compassion'], 'other_emotions': ['Concern'], 'no emotion': False}","{'Compassion': 2, 'Concern': 3}",4,679,695,1374
323,Richard,Richard told his girlfriend not to talk to her ex-boyfriend.,male,acquaintance,"{'emotions': ['Compassion'], 'other_emotions': ['Concern'], 'no emotion': False}","{'Compassion': 2, 'Concern': 2}",3,670,1975,2645
323,Richard,Richard told his girlfriend not to talk to her ex-boyfriend.,male,stranger,"{'emotions': [], 'other_emotions': [], 'no emotion': True}",,1,670,1067,1737
323,Karen,Karen told her boyfriend not to talk to his ex-girlfriend.,female,close friend/relative,"{'emotions': ['Compassion'], 'other_emotions': ['Concern'], 'no emotion': False}","{'Compassion': 2, 'Concern': 2}",4,680,823,1503
323,Karen,Karen told her boyfriend not to talk to his ex-girlfriend.,female,acquaintance,"{'emotions': ['Compassion'], 'other_emotions': [], 'no emotion': False}",{'Compassion': 2},1,671,1649,2320
323,Karen,Karen told her boyfriend not to talk to his ex-girlfriend.,female,stranger,"{'emotions': [], 'other_emotions': [], 'no emotion': True}",,1,671,747,1418
324,Robert,Robert ignored his father after he lied to him.,male,close friend/relative,"{'emotions': ['Compassion'], 'other_emotions': ['Concern'], 'no emotion': False}","{'Compassion': 3, 'Concern': 2}",7,676,887,1563
324,Robert,Robert ignored his father after he lied to him.,male,acquaintance,"{'emotions': ['Compassion'], 'other_emotions': [], 'no emotion': False}",{'Compassion': 3},7,667,753,1420
324,Robert,Robert ignored his father after he lied to him.,male,stranger,"{'emotions': ['Compassion'], 'other_emotions': [], 'no emotion': False}",{'Compassion': 2},7,667,1009,1676
324,Susan,Susan ignored her father after he lied to her.,female,close friend/relative,"{'emotions': ['Compassion', 'Pride'], 'other_emotions': ['Concern'], 'no emotion': False}","{'Compassion': 3, 'Pride': 2, 'Concern': 2}",7,676,1215,1891
324,Susan,Susan ignored her father after he lied to her.,female,acquaintance,"{'emotions': ['Compassion'], 'other_emotions': [], 'no emotion': False}",{'Compassion': 2},7,667,1969,2636
324,Susan,Susan ignored her father after he lied to her.,female,stranger,"{'emotions': ['Compassion'], 'other_emotions': [], 'no emotion': False}",{'Compassion': 2},1,667,561,1228
325,Michael,Michael grew weed in his rental house in a country where it's still illegal.,male,close friend/relative,"{'emotions': ['Compassion'], 'other_emotions': ['Concern'], 'no emotion': False}","{'Compassion': 3, 'Concern': 3}",4,681,1335,2016
325,Michael,Michael grew weed in his rental house in a country where it's still illegal.,male,acquaintance,"{'emotions': ['Compassion'], 'other_emotions': [], 'no emotion': False}",{'Compassion': 2},4,672,1713,2385
325,Michael,Michael grew weed in his rental house in a country where it's still illegal.,male,stranger,"{'emotions': ['Compassion'], 'other_emotions': ['Concern'], 'no emotion': False}","{'Compassion': 1, 'Concern': 3}",2,672,1143,1815
325,Maria,Maria grew weed in her rental house in a country where it's still illegal.,female,close friend/relative,"{'emotions': ['Compassion'], 'other_emotions': ['Concern'], 'no emotion': False}","{'Compassion': 3, 'Concern': 3}",4,681,2935,3616
325,Maria,Maria grew weed in her rental house in a country where it's still illegal.,female,acquaintance,"{'emotions': ['Compassion'], 'other_emotions': ['Concern'], 'no emotion': False}","{'Compassion': 2, 'Concern': 3}",2,672,1399,2071
325,Maria,Maria grew weed in her rental house in a country where it's still illegal.,female,stranger,"{'emotions': [], 'other_emotions': ['Concern'], 'no emotion': False}",{'Concern': 2},2,672,1711,2383
326,John,John got tattoos after promising his mom that he wouldn't.,male,close friend/relative,"{'emotions': ['Compassion'], 'other_emotions': ['Concern', 'Disappointment'], 'no emotion': False}","{'Compassion': 3, 'Concern': 2, 'Disappointment': 1}",7,677,1215,1892
326,John,John got tattoos after promising his mom that he wouldn't.,male,acquaintance,"{'emotions': ['Compassion'], 'other_emotions': ['Concern'], 'no emotion': False}","{'Compassion': 2, 'Concern': 2}",7,668,1399,2067
326,John,John got tattoos after promising his mom that he wouldn't.,male,stranger,"{'emotions': [], 'other_emotions': [], 'no emotion': True}",,1,668,2154,2822
326,Lisa,Lisa got tattoos after promising her mom that she wouldn't.,female,close friend/relative,"{'emotions': ['Compassion'], 'other_emotions': ['Concern', 'Disappointment'], 'no emotion': False}","{'Compassion': 3, 'Concern': 2, 'Disappointment': 2}",7,677,767,1444
326,Lisa,Lisa got tattoos after promising her mom that she wouldn't.,female,acquaintance,"{'emotions': ['Compassion'], 'other_emotions': [], 'no emotion': False}",{'Compassion': 2},7,668,945,1613
326,Lisa,Lisa got tattoos after promising her mom that she wouldn't.,female,stranger,"{'emotions': [], 'other_emotions': [], 'no emotion': True}",,1,668,1579,2247
327,Mark,Mark was filling out medical paperwork while in training at work.,male,close friend/relative,"{'emotions': ['Pride'], 'other_emotions': [], 'no emotion': False}",{'Pride': 2},7,678,2542,3220
327,Mark,Mark was filling out medical paperwork while in training at work.,male,acquaintance,"{'emotions': [], 'other_emotions': ['Neutral'], 'no emotion': False}",{'Neutral': 1},1,669,815,1484
327,Mark,Mark was filling out medical paperwork while in training at work.,male,stranger,"{'emotions': [], 'other_emotions': [], 'no emotion': True}",,1,669,491,1160
327,Linda,Linda was filling out medical paperwork while in training at work.,female,close friend/relative,"{'emotions': ['Pride'], 'other_emotions': [], 'no emotion': False}",{'Pride': 2},7,678,561,1239
327,Linda,Linda was filling out medical paperwork while in training at work.,female,acquaintance,"{'emotions': [], 'other_emotions': [], 'no emotion': True}",,1,669,1003,1672
327,Linda,Linda was filling out medical paperwork while in training at work.,female,stranger,"{'emotions': [], 'other_emotions': [], 'no emotion': True}",,1,669,811,1480
328,Mark,Mark expected his sibling to do extra chores even when they are sick,male,close friend/relative,"{'emotions': ['Compassion', 'Anger'], 'other_emotions': ['Concern'], 'no emotion': False}","{'Compassion': 3, 'Anger': 2, 'Concern': 3}",4,680,575,1255
328,Mark,Mark expected his sibling to do extra chores even when they are sick,male,acquaintance,"{'emotions': ['Compassion', 'Anger'], 'other_emotions': [], 'no emotion': False}","{'Compassion': 3, 'Anger': 2}",4,671,697,1368
328,Mark,Mark expected his sibling to do extra chores even when they are sick,male,stranger,"{'emotions': ['Compassion', 'Anger', 'Disgust'], 'other_emotions': [], 'no emotion': False}","{'Compassion': 3, 'Anger': 2, 'Disgust': 1}",4,671,1153,1824
328,Patricia,Patricia expected her sibling to do extra chores even when they are sick,female,close friend/relative,"{'emotions': ['Compassion', 'Anger'], 'other_emotions': ['Concern', 'Disappointment'], 'no emotion': False}","{'Compassion': 3, 'Anger': 2, 'Concern': 3, 'Disappointment': 2}",4,681,1607,2288
328,Patricia,Patricia expected her sibling to do extra chores even when they are sick,female,acquaintance,"{'emotions': ['Compassion', 'Anger'], 'other_emotions': [], 'no emotion': False}","{'Compassion': 3, 'Anger': 2}",4,672,1657,2329
328,Patricia,Patricia expected her sibling to do extra chores even when they are sick,female,stranger,"{'emotions': ['Compassion', 'Anger'], 'other_emotions': []}","{'Compassion': 3, 'Anger': 2}",4,672,885,1557
329,William,William bothers people about their sexual preferences and repeatedly asks his friend whether his dad is gay.,male,close friend/relative,"{'emotions': ['Anger', 'Embarrassment', 'Compassion'], 'other_emotions': [], 'no emotion': False}","{'Anger': 2, 'Embarrassment': 2, 'Compassion': 3}",4,684,899,1583
329,William,William bothers people about their sexual preferences and repeatedly asks his friend whether his dad is gay.,male,acquaintance,"{'emotions': ['Anger', 'Embarrassment', 'Compassion', 'Disgust'], 'other_emotions': [], 'no emotion': False}","{'Anger': 2, 'Embarrassment': 2, 'Compassion': 3, 'Disgust': 2}",4,675,1547,2222
329,William,William bothers people about their sexual preferences and repeatedly asks his friend whether his dad is gay.,male,stranger,"{'emotions': ['Anger', 'Disgust', 'Compassion', 'Embarrassment'], 'other_emotions': [], 'no emotion': False}","{'Anger': 2, 'Disgust': 2, 'Compassion': 3, 'Embarrassment': 1}",4,675,1163,1838
329,Jennifer,Jennifer bothers people about their sexual preferences and repeatedly asks her friend whether her dad is gay.,female,close friend/relative,"{'emotions': ['Embarrassment', 'Anger', 'Compassion'], 'other_emotions': [], 'no emotion': False}","{'Embarrassment': 3, 'Anger': 2, 'Compassion': 2}",4,684,1923,2607
329,Jennifer,Jennifer bothers people about their sexual preferences and repeatedly asks her friend whether her dad is gay.,female,acquaintance,"{'emotions': ['Compassion', 'Anger', 'Embarrassment', 'Disgust'], 'other_emotions': [], 'no emotion': False}","{'Compassion': 3, 'Anger': 2, 'Embarrassment': 2, 'Disgust': 1}",4,675,1099,1774
329,Jennifer,Jennifer bothers people about their sexual preferences and repeatedly asks her friend whether her dad is gay.,female,stranger,"{'emotions': ['Compassion', 'Anger', 'Embarrassment'], 'other_emotions': [], 'no emotion': False}","{'Compassion': 3, 'Anger': 2, 'Embarrassment': 2}",4,675,1219,1894
330,Charles,Charles got upset with his mom and her new boyfriend for blatantly having loud sex while he was home.,male,close friend/relative,"{'emotions': ['Compassion', 'Embarrassment'], 'other_emotions': [], 'no emotion': False}","{'Compassion': 3, 'Embarrassment': 2}",7,687,827,1514
330,Charles,Charles got upset with his mom and her new boyfriend for blatantly having loud sex while he was home.,male,acquaintance,"{'emotions': ['Compassion', 'Embarrassment'], 'other_emotions': [], 'no emotion': False}","{'Compassion': 3, 'Embarrassment': 2}",7,678,699,1377
330,Charles,Charles got upset with his mom and her new boyfriend for blatantly having loud sex while he was home.,male,stranger,"{'emotions': ['Compassion', 'Embarrassment'], 'other_emotions': [], 'no emotion': False}","{'Compassion': 3, 'Embarrassment': 2}",7,678,827,1505
330,Lisa,Lisa got upset with her mom and her new boyfriend for blatantly having loud sex while she was home.,female,close friend/relative,"{'emotions': ['Compassion', 'Embarrassment'], 'other_emotions': [], 'no emotion': False}","{'Compassion': 3, 'Embarrassment': 2}",7,687,955,1642
330,Lisa,Lisa got upset with her mom and her new boyfriend for blatantly having loud sex while she was home.,female,acquaintance,"{'emotions': ['Compassion', 'Embarrassment'], 'other_emotions': [], 'no emotion': False}","{'Compassion': 3, 'Embarrassment': 2}",7,678,1147,1825
330,Lisa,Lisa got upset with her mom and her new boyfriend for blatantly having loud sex while she was home.,female,stranger,"{'emotions': ['Compassion', 'Embarrassment'], 'other_emotions': [], 'no emotion': False}","{'Compassion': 3, 'Embarrassment': 2}",7,678,763,1441
331,James,James told his parents they were not allowed to get a divorce yet.,male,close friend/relative,"{'emotions': ['Compassion'], 'other_emotions': [], 'no emotion': False}",{'Compassion': 3},7,680,817,1497
331,James,James told his parents they were not allowed to get a divorce yet.,male,acquaintance,"{'emotions': ['Compassion'], 'other_emotions': ['Concern'], 'no emotion': False}","{'Compassion': 3, 'Concern': 2}",7,671,631,1302
331,James,James told his parents they were not allowed to get a divorce yet.,male,stranger,"{'emotions': ['Compassion'], 'other_emotions': []}",{'Compassion': 2},1,671,685,1356
331,Mary,Mary told her parents they were not allowed to get a divorce yet.,female,close friend/relative,"{'emotions': ['Compassion'], 'other_emotions': [], 'no emotion': False}",{'Compassion': 3},7,680,817,1497
331,Mary,Mary told her parents they were not allowed to get a divorce yet.,female,acquaintance,"{'emotions': ['Compassion'], 'other_emotions': [], 'no emotion': False}",{'Compassion': 2},7,671,945,1616
331,Mary,Mary told her parents they were not allowed to get a divorce yet.,female,stranger,"{'emotions': ['Compassion'], 'other_emotions': [], 'no emotion': False}",{'Compassion': 2},7,671,561,1232
332,Robert,Robert fired his personal trainer because he wanted him to eat better and was trying to help him.,male,close friend/relative,"{'emotions': ['Compassion'], 'other_emotions': ['Concern', 'Disappointment'], 'no emotion': False}","{'Compassion': 3, 'Concern': 3, 'Disappointment': 1}",4,685,959,1644
332,Robert,Robert fired his personal trainer because he wanted him to eat better and was trying to help him.,male,acquaintance,"{'emotions': ['Compassion'], 'other_emotions': ['Concern'], 'no emotion': False}","{'Compassion': 2, 'Concern': 2}",4,676,823,1499
332,Robert,Robert fired his personal trainer because he wanted him to eat better and was trying to help him.,male,stranger,"{'emotions': [], 'other_emotions': [], 'no emotion': True}",,1,676,747,1423
332,Jennifer,Jennifer fired her personal trainer because he wanted her to eat better and was trying to help her.,female,close friend/relative,"{'emotions': ['Compassion'], 'other_emotions': ['Concern']}","{'Compassion': 3, 'Concern': 2}",7,685,754,1439
332,Jennifer,Jennifer fired her personal trainer because he wanted her to eat better and was trying to help her.,female,acquaintance,"{'emotions': ['Compassion'], 'other_emotions': ['Concern'], 'no emotion': False}","{'Compassion': 3, 'Concern': 3}",4,676,887,1563
332,Jennifer,Jennifer fired her personal trainer because he wanted her to eat better and was trying to help her.,female,stranger,"{'emotions': ['Compassion'], 'other_emotions': [], 'no emotion': False}",{'Compassion': 2},1,676,945,1621
333,John,John questioned his boss about every little thing.,male,close friend/relative,"{'emotions': ['Compassion'], 'other_emotions': [], 'no emotion': False}",{'Compassion': 2},7,675,881,1556
333,John,John questioned his boss about every little thing.,male,acquaintance,"{'emotions': ['Compassion'], 'other_emotions': [], 'no emotion': False}",{'Compassion': 2},7,666,1137,1803
333,John,John questioned his boss about every little thing.,male,stranger,"{'emotions': [], 'other_emotions': [], 'no emotion': True}",,1,666,1323,1989
333,Elizabeth,Elizabeth questioned her boss about every little thing.,female,close friend/relative,"{'emotions': ['Compassion', 'Pride'], 'other_emotions': [], 'no emotion': False}","{'Compassion': 2, 'Pride': 1}",7,675,1145,1820
333,Elizabeth,Elizabeth questioned her boss about every little thing.,female,acquaintance,"{'emotions': ['Compassion'], 'other_emotions': ['Curiosity']}","{'Compassion': 3, 'Curiosity': 2}",7,666,820,1486
333,Elizabeth,Elizabeth questioned her boss about every little thing.,female,stranger,"{'emotions': [], 'other_emotions': [], 'no emotion': True}",,1,666,555,1221
334,Mark,Mark made his coworker stay late with him to clean up even though he didn't want to.,male,close friend/relative,"{'emotions': ['Compassion'], 'other_emotions': ['Concern', 'Disappointment']}","{'Compassion': 2, 'Concern': 3, 'Disappointment': 2}",4,685,1402,2087
334,Mark,Mark made his coworker stay late with him to clean up even though he didn't want to.,male,acquaintance,"{'emotions': ['Compassion', 'Anger'], 'other_emotions': ['Concern', 'Disapproval'], 'no emotion': False}","{'Compassion': 2, 'Anger': 1, 'Concern': 2, 'Disapproval': 2}",4,676,1351,2027
334,Mark,Mark made his coworker stay late with him to clean up even though he didn't want to.,male,stranger,"{'emotions': ['Compassion', 'Anger'], 'other_emotions': [], 'no emotion': False}","{'Compassion': 3, 'Anger': 2}",4,676,953,1629
334,Elizabeth,Elizabeth made her coworker stay late with her to clean up even though she didn't want to.,female,close friend/relative,"{'emotions': ['Compassion'], 'other_emotions': ['Concern', 'Disappointment'], 'no emotion': False}","{'Compassion': 2, 'Concern': 3, 'Disappointment': 1}",4,685,959,1644
334,Elizabeth,Elizabeth made her coworker stay late with her to clean up even though she didn't want to.,female,acquaintance,"{'emotions': ['Compassion', 'Anger'], 'other_emotions': ['Concern'], 'no emotion': False}","{'Compassion': 2, 'Anger': 1, 'Concern': 2}",4,676,895,1571
334,Elizabeth,Elizabeth made her coworker stay late with her to clean up even though she didn't want to.,female,stranger,"{'emotions': ['Compassion'], 'other_emotions': ['Concern'], 'no emotion': False}","{'Compassion': 2, 'Concern': 2}",3,676,1271,1947
335,Thomas,Thomas told his boss not to hire someone full-time because he smells.,male,close friend/relative,"{'emotions': ['Compassion', 'Embarrassment', 'Anger'], 'other_emotions': ['Disappointment', 'Concern']}","{'Compassion': 3, 'Embarrassment': 2, 'Anger': 2, 'Disappointment': 3, 'Concern': 3}",4,680,1484,2164
335,Thomas,Thomas told his boss not to hire someone full-time because he smells.,male,acquaintance,"{'emotions': ['Compassion', 'Anger'], 'other_emotions': [], 'no emotion': False}","{'Compassion': 3, 'Anger': 2}",4,671,1785,2456
335,Thomas,Thomas told his boss not to hire someone full-time because he smells.,male,stranger,"{'emotions': ['Anger', 'Compassion'], 'other_emotions': [], 'no emotion': False}","{'Anger': 2, 'Compassion': 3}",4,671,825,1496
335,Barbara,Barbara told her boss not to hire someone full-time because he smells.,female,close friend/relative,"{'emotions': ['Compassion', 'Anger'], 'other_emotions': ['Concern']}","{'Compassion': 3, 'Anger': 1, 'Concern': 3}",4,680,1338,2018
335,Barbara,Barbara told her boss not to hire someone full-time because he smells.,female,acquaintance,"{'emotions': ['Compassion', 'Anger'], 'other_emotions': ['Concern']}","{'Compassion': 3, 'Anger': 2, 'Concern': 3}",4,671,890,1561
335,Barbara,Barbara told her boss not to hire someone full-time because he smells.,female,stranger,"{'emotions': ['Compassion', 'Anger'], 'other_emotions': [], 'no emotion': False}","{'Compassion': 3, 'Anger': 2}",4,671,1337,2008
336,John,"John, an employee at McDonald's, broke company rules by repeating his brother's order as ""1 McCum sandwich"".",male,close friend/relative,"{'emotions': ['Embarrassment', 'Compassion'], 'other_emotions': ['Concern']}","{'Embarrassment': 2, 'Compassion': 2, 'Concern': 2}",4,691,1340,2031
336,John,"John, an employee at McDonald's, broke company rules by repeating his brother's order as ""1 McCum sandwich"".",male,acquaintance,"{'emotions': ['Embarrassment', 'Disgust', 'Compassion'], 'other_emotions': [], 'no emotion': False}","{'Embarrassment': 2, 'Disgust': 1, 'Compassion': 2}",4,682,1027,1709
336,John,"John, an employee at McDonald's, broke company rules by repeating his brother's order as ""1 McCum sandwich"".",male,stranger,"{'emotions': ['Embarrassment', 'Disgust'], 'other_emotions': [], 'no emotion': False}","{'Embarrassment': 2, 'Disgust': 1}",3,682,1339,2021
336,Lisa,"Lisa, an employee at McDonald's, broke company rules by repeating her sister's order as ""1 McCum sandwich"".",female,close friend/relative,"{'emotions': ['Embarrassment', 'Compassion'], 'other_emotions': ['Concern'], 'no emotion': False}","{'Embarrassment': 2, 'Compassion': 3, 'Concern': 3}",4,691,769,1460
336,Lisa,"Lisa, an employee at McDonald's, broke company rules by repeating her sister's order as ""1 McCum sandwich"".",female,acquaintance,"{'emotions': ['Embarrassment'], 'other_emotions': [], 'no emotion': False}",{'Embarrassment': 1},1,682,947,1629
336,Lisa,"Lisa, an employee at McDonald's, broke company rules by repeating her sister's order as ""1 McCum sandwich"".",female,stranger,"{'emotions': ['Embarrassment'], 'other_emotions': [], 'no emotion': False}",{'Embarrassment': 2},1,682,1203,1885
337,Thomas,Thomas tried to dictate what others do with their home because he did not want an Airbnb next door.,male,close friend/relative,"{'emotions': ['Compassion', 'Embarrassment'], 'other_emotions': ['Concern'], 'no emotion': False}","{'Compassion': 2, 'Embarrassment': 1, 'Concern': 2}",4,686,1217,1903
337,Thomas,Thomas tried to dictate what others do with their home because he did not want an Airbnb next door.,male,acquaintance,"{'emotions': ['Compassion'], 'other_emotions': ['Concern', 'Disapproval'], 'no emotion': False}","{'Compassion': 2, 'Concern': 2, 'Disapproval': 2}",4,677,1151,1828
337,Thomas,Thomas tried to dictate what others do with their home because he did not want an Airbnb next door.,male,stranger,"{'emotions': ['Compassion'], 'other_emotions': ['Concern'], 'no emotion': False}","{'Compassion': 2, 'Concern': 2}",4,677,1655,2332
337,Barbara,Barbara tried to dictate what others do with their home because she did not want an Airbnb next door.,female,close friend/relative,"{'emotions': ['Compassion'], 'other_emotions': ['Concern'], 'no emotion': False}","{'Compassion': 2, 'Concern': 3}",4,686,887,1573
337,Barbara,Barbara tried to dictate what others do with their home because she did not want an Airbnb next door.,female,acquaintance,"{'emotions': ['Compassion'], 'other_emotions': ['Concern', 'Disapproval'], 'no emotion': False}","{'Compassion': 2, 'Concern': 3, 'Disapproval': 2}",4,677,1279,1956
337,Barbara,Barbara tried to dictate what others do with their home because she did not want an Airbnb next door.,female,stranger,"{'emotions': ['Compassion'], 'other_emotions': ['Concern'], 'no emotion': False}","{'Compassion': 2, 'Concern': 2}",4,677,1527,2204
338,William,William called out his roommate's fiancée on her manipulation and selfishness in front of a crowd.,male,close friend/relative,"{'emotions': ['Compassion', 'Embarrassment', 'Pride'], 'other_emotions': ['Concern'], 'no emotion': False}","{'Compassion': 3, 'Embarrassment': 2, 'Pride': 1, 'Concern': 3}",4,686,1481,2167
338,William,William called out his roommate's fiancée on her manipulation and selfishness in front of a crowd.,male,acquaintance,"{'emotions': ['Compassion', 'Embarrassment'], 'other_emotions': ['Concern'], 'no emotion': False}","{'Compassion': 2, 'Embarrassment': 2, 'Concern': 3}",4,677,1025,1702
338,William,William called out his roommate's fiancée on her manipulation and selfishness in front of a crowd.,male,stranger,"{'emotions': ['Compassion', 'Embarrassment'], 'other_emotions': [], 'no emotion': False}","{'Compassion': 2, 'Embarrassment': 2}",2,677,1531,2208
338,Mary,Mary called out her roommate's fiancé on his manipulation and selfishness in front of a crowd.,female,close friend/relative,"{'emotions': ['Compassion', 'Pride'], 'other_emotions': ['Concern'], 'no emotion': False}","{'Compassion': 3, 'Pride': 2, 'Concern': 2}",7,685,1087,1772
338,Mary,Mary called out her roommate's fiancé on his manipulation and selfishness in front of a crowd.,female,acquaintance,"{'emotions': ['Compassion', 'Pride'], 'other_emotions': ['Concern'], 'no emotion': False}","{'Compassion': 3, 'Pride': 2, 'Concern': 2}",7,676,1023,1699
338,Mary,Mary called out her roommate's fiancé on his manipulation and selfishness in front of a crowd.,female,stranger,"{'emotions': ['Compassion', 'Pride'], 'other_emotions': []}","{'Compassion': 3, 'Pride': 2}",7,676,885,1561
339,David,David tried to dictate how his girlfriend should buy a new home and was mad when she didn't choose his brother as her agent.,male,close friend/relative,"{'emotions': ['Compassion'], 'other_emotions': ['Concern', 'Disappointment'], 'no emotion': False}","{'Compassion': 2, 'Concern': 3, 'Disappointment': 2}",4,691,767,1458
339,David,David tried to dictate how his girlfriend should buy a new home and was mad when she didn't choose his brother as her agent.,male,acquaintance,"{'emotions': ['Compassion'], 'other_emotions': ['Concern', 'Disapproval'], 'no emotion': False}","{'Compassion': 2, 'Concern': 3, 'Disapproval': 2}",4,682,1535,2217
339,David,David tried to dictate how his girlfriend should buy a new home and was mad when she didn't choose his brother as her agent.,male,stranger,"{'emotions': ['Compassion'], 'other_emotions': ['Concern'], 'no emotion': False}","{'Compassion': 2, 'Concern': 2}",2,682,1463,2145
339,Jennifer,Jennifer tried to dictate how her boyfriend should buy a new home and was mad when he didn't choose her brother as his agent.,female,close friend/relative,"{'emotions': ['Compassion'], 'other_emotions': ['Concern', 'Disappointment'], 'no emotion': False}","{'Compassion': 3, 'Concern': 3, 'Disappointment': 2}",4,691,1087,1778
339,Jennifer,Jennifer tried to dictate how her boyfriend should buy a new home and was mad when he didn't choose her brother as his agent.,female,acquaintance,"{'emotions': ['Compassion'], 'other_emotions': ['Concern'], 'no emotion': False}","{'Compassion': 2, 'Concern': 2}",1,682,1591,2273
339,Jennifer,Jennifer tried to dictate how her boyfriend should buy a new home and was mad when he didn't choose her brother as his agent.,female,stranger,"{'emotions': ['Compassion', 'Embarrassment'], 'other_emotions': [], 'no emotion': False}","{'Compassion': 2, 'Embarrassment': 1}",1,682,1659,2341
340,David,David accessed and took over an account that someone used his email to create.,male,close friend/relative,"{'emotions': ['Compassion'], 'other_emotions': ['Concern'], 'no emotion': False}","{'Compassion': 2, 'Concern': 3}",4,681,1015,1696
340,David,David accessed and took over an account that someone used his email to create.,male,acquaintance,"{'emotions': ['Compassion'], 'other_emotions': ['Concern']}","{'Compassion': 2, 'Concern': 3}",4,672,1202,1874
340,David,David accessed and took over an account that someone used his email to create.,male,stranger,"{'emotions': [], 'other_emotions': [], 'no emotion': True}",,1,672,1067,1739
340,Maria,Maria accessed and took over an account that someone used her email to create.,female,close friend/relative,"{'emotions': ['Compassion'], 'other_emotions': ['Concern'], 'no emotion': False}","{'Compassion': 2, 'Concern': 2}",7,681,1079,1760
340,Maria,Maria accessed and took over an account that someone used her email to create.,female,acquaintance,"{'emotions': ['Compassion', 'Pride'], 'other_emotions': [], 'no emotion': False}","{'Compassion': 3, 'Pride': 1}",7,672,1017,1689
340,Maria,Maria accessed and took over an account that someone used her email to create.,female,stranger,"{'emotions': [], 'other_emotions': [], 'no emotion': True}",,1,672,1963,2635
341,Mark,Mark told his in-laws to stop buying his kids clothes.,male,close friend/relative,"{'emotions': ['Compassion'], 'other_emotions': ['Concern', 'Curiosity'], 'no emotion': False}","{'Compassion': 2, 'Concern': 2, 'Curiosity': 2}",7,678,2111,2789
341,Mark,Mark told his in-laws to stop buying his kids clothes.,male,acquaintance,"{'emotions': [], 'other_emotions': [], 'no emotion': True}",,1,669,747,1416
341,Mark,Mark told his in-laws to stop buying his kids clothes.,male,stranger,"{'emotions': [], 'other_emotions': [], 'no emotion': True}",,1,669,619,1288
341,Susan,Susan told her in-laws to stop buying her kids clothes.,female,close friend/relative,"{'emotions': ['Compassion', 'Pride'], 'other_emotions': [], 'no emotion': False}","{'Compassion': 3, 'Pride': 2}",7,678,1337,2015
341,Susan,Susan told her in-laws to stop buying her kids clothes.,female,acquaintance,"{'emotions': ['Compassion'], 'other_emotions': [], 'no emotion': False}",{'Compassion': 2},7,669,817,1486
341,Susan,Susan told her in-laws to stop buying her kids clothes.,female,stranger,"{'emotions': [], 'other_emotions': [], 'no emotion': True}",,1,669,1067,1736
342,John,John asked his girlfriend to uninvite her brother.,male,close friend/relative,"{'emotions': ['Compassion'], 'other_emotions': ['Concern'], 'no emotion': False}","{'Compassion': 3, 'Concern': 2}",4,676,1655,2331
342,John,John asked his girlfriend to uninvite her brother.,male,acquaintance,"{'emotions': ['Compassion'], 'other_emotions': ['Concern'], 'no emotion': False}","{'Compassion': 2, 'Concern': 2}",3,667,2103,2770
342,John,John asked his girlfriend to uninvite her brother.,male,stranger,"{'emotions': [], 'other_emotions': ['Neutral'], 'no emotion': False}",{'Neutral': 1},1,667,751,1418
342,Barbara,Barbara asked her boyfriend to uninvite his sister.,female,close friend/relative,"{'emotions': ['Compassion'], 'other_emotions': ['Concern'], 'no emotion': False}","{'Compassion': 2, 'Concern': 2}",4,676,1015,1691
342,Barbara,Barbara asked her boyfriend to uninvite his sister.,female,acquaintance,"{'emotions': ['Compassion'], 'other_emotions': [], 'no emotion': False}",{'Compassion': 2},1,667,1393,2060
342,Barbara,Barbara asked her boyfriend to uninvite his sister.,female,stranger,"{'emotions': [], 'other_emotions': [], 'no emotion': True}",,1,667,747,1414
343,James,James refused to accompany his mother to a third-world country for his grandfather's funeral.,male,close friend/relative,"{'emotions': ['Compassion'], 'other_emotions': ['Concern'], 'no emotion': False}","{'Compassion': 3, 'Concern': 3}",7,683,823,1506
343,James,James refused to accompany his mother to a third-world country for his grandfather's funeral.,male,acquaintance,"{'emotions': ['Compassion'], 'other_emotions': [], 'no emotion': False}",{'Compassion': 2},7,674,817,1491
343,James,James refused to accompany his mother to a third-world country for his grandfather's funeral.,male,stranger,"{'emotions': ['Compassion'], 'other_emotions': [], 'no emotion': False}",{'Compassion': 2},1,674,1137,1811
343,Jennifer,Jennifer refused to accompany her mother to a third-world country for her grandfather's funeral.,female,close friend/relative,"{'emotions': ['Compassion'], 'other_emotions': [], 'no emotion': False}",{'Compassion': 3},7,683,753,1436
343,Jennifer,Jennifer refused to accompany her mother to a third-world country for her grandfather's funeral.,female,acquaintance,"{'emotions': ['Compassion'], 'other_emotions': [], 'no emotion': False}",{'Compassion': 2},7,674,945,1619
343,Jennifer,Jennifer refused to accompany her mother to a third-world country for her grandfather's funeral.,female,stranger,"{'emotions': ['Compassion'], 'other_emotions': [], 'no emotion': False}",{'Compassion': 2},1,674,881,1555
344,Thomas,Thomas invited people to his child's birthday party without her permission.,male,close friend/relative,"{'emotions': ['Compassion', 'Anger', 'Embarrassment'], 'other_emotions': ['Concern', 'Disappointment']}","{'Compassion': 3, 'Anger': 1, 'Embarrassment': 1, 'Concern': 3, 'Disappointment': 2}",4,678,1484,2162
344,Thomas,Thomas invited people to his child's birthday party without her permission.,male,acquaintance,"{'emotions': ['Compassion'], 'other_emotions': ['Concern'], 'no emotion': False}","{'Compassion': 2, 'Concern': 3}",4,669,887,1556
344,Thomas,Thomas invited people to his child's birthday party without her permission.,male,stranger,"{'emotions': ['Compassion'], 'other_emotions': ['Concern']}","{'Compassion': 2, 'Concern': 2}",1,669,946,1615
344,Linda,Linda invited people to her child's birthday party without his permission.,female,close friend/relative,"{'emotions': ['Compassion'], 'other_emotions': ['Concern'], 'no emotion': False}","{'Compassion': 2, 'Concern': 2}",4,678,1207,1885
344,Linda,Linda invited people to her child's birthday party without his permission.,female,acquaintance,"{'emotions': ['Compassion'], 'other_emotions': ['Concern'], 'no emotion': False}","{'Compassion': 2, 'Concern': 2}",4,669,823,1492
344,Linda,Linda invited people to her child's birthday party without his permission.,female,stranger,"{'emotions': ['Compassion'], 'other_emotions': [], 'no emotion': False}",{'Compassion': 2},1,669,1265,1934
345,Charles,Charles challenged his supervisor's authority in front of other subordinates.,male,close friend/relative,"{'emotions': ['Compassion', 'Embarrassment'], 'other_emotions': ['Concern'], 'no emotion': False}","{'Compassion': 3, 'Embarrassment': 1, 'Concern': 3}",7,679,1665,2344
345,Charles,Charles challenged his supervisor's authority in front of other subordinates.,male,acquaintance,"{'emotions': ['Compassion', 'Embarrassment'], 'other_emotions': [], 'no emotion': False}","{'Compassion': 2, 'Embarrassment': 1}",7,670,1275,1945
345,Charles,Charles challenged his supervisor's authority in front of other subordinates.,male,stranger,"{'emotions': [], 'other_emotions': [], 'no emotion': True}",,1,670,1579,2249
345,Lisa,Lisa challenged her supervisor's authority in front of other subordinates.,female,close friend/relative,"{'emotions': ['Compassion'], 'other_emotions': ['Concern', 'Curiosity'], 'no emotion': False}","{'Compassion': 3, 'Concern': 2, 'Curiosity': 2}",7,679,1087,1766
345,Lisa,Lisa challenged her supervisor's authority in front of other subordinates.,female,acquaintance,"{'emotions': ['Compassion'], 'other_emotions': [], 'no emotion': False}",{'Compassion': 2},7,670,1137,1807
345,Lisa,Lisa challenged her supervisor's authority in front of other subordinates.,female,stranger,"{'emotions': [], 'other_emotions': ['Neutral'], 'no emotion': False}",,1,670,2029,2699
346,John,John held up a train to recover stolen glasses.,male,close friend/relative,"{'emotions': ['Compassion', 'Embarrassment', 'Anger'], 'other_emotions': ['Concern'], 'no emotion': False}","{'Compassion': 2, 'Embarrassment': 2, 'Anger': 1, 'Concern': 3}",4,676,1097,1773
346,John,John held up a train to recover stolen glasses.,male,acquaintance,"{'emotions': ['Compassion', 'Embarrassment'], 'other_emotions': ['Concern'], 'no emotion': False}","{'Compassion': 2, 'Embarrassment': 1, 'Concern': 3}",4,667,1792,2459
346,John,John held up a train to recover stolen glasses.,male,stranger,"{'emotions': ['Compassion'], 'other_emotions': ['Concern'], 'no emotion': False}","{'Compassion': 2, 'Concern': 3}",6,667,1271,1938
346,Maria,Maria held up a train to recover stolen glasses.,female,close friend/relative,"{'emotions': ['Compassion', 'Embarrassment'], 'other_emotions': ['Concern'], 'no emotion': False}","{'Compassion': 3, 'Embarrassment': 2, 'Concern': 4}",4,676,1665,2341
346,Maria,Maria held up a train to recover stolen glasses.,female,acquaintance,"{'emotions': ['Compassion'], 'other_emotions': ['Concern', 'Disappointment'], 'no emotion': False}","{'Compassion': 2, 'Concern': 3, 'Disappointment': 2}",4,667,895,1562
346,Maria,Maria held up a train to recover stolen glasses.,female,stranger,"{'emotions': ['Compassion'], 'other_emotions': ['Concern'], 'no emotion': False}","{'Compassion': 2, 'Concern': 3}",6,667,1271,1938
347,Richard,Richard ignored his stepfather and treated him like air.,male,close friend/relative,"{'emotions': ['Compassion'], 'other_emotions': ['Concern'], 'no emotion': False}","{'Compassion': 2, 'Concern': 2}",7,677,1143,1820
347,Richard,Richard ignored his stepfather and treated him like air.,male,acquaintance,"{'emotions': ['Compassion'], 'other_emotions': [], 'no emotion': False}",{'Compassion': 2},4,668,1009,1677
347,Richard,Richard ignored his stepfather and treated him like air.,male,stranger,"{'emotions': ['Compassion'], 'other_emotions': [], 'no emotion': False}",{'Compassion': 2},1,668,817,1485
347,Elizabeth,Elizabeth ignored her stepfather and treated him like air.,female,close friend/relative,"{'emotions': ['Compassion'], 'other_emotions': [], 'no emotion': False}",{'Compassion': 3},7,677,881,1558
347,Elizabeth,Elizabeth ignored her stepfather and treated him like air.,female,acquaintance,"{'emotions': ['Compassion'], 'other_emotions': [], 'no emotion': False}",{'Compassion': 2},7,668,1201,1869
347,Elizabeth,Elizabeth ignored her stepfather and treated him like air.,female,stranger,"{'emotions': ['Compassion'], 'other_emotions': [], 'no emotion': False}",{'Compassion': 2},1,668,1009,1677
348,William,William ignored an attorney by not returning his call.,male,close friend/relative,"{'emotions': ['Compassion'], 'other_emotions': ['Concern'], 'no emotion': False}","{'Compassion': 2, 'Concern': 2}",7,676,1526,2202
348,William,William ignored an attorney by not returning his call.,male,acquaintance,"{'emotions': ['Compassion'], 'other_emotions': [], 'no emotion': False}",{'Compassion': 2},7,667,945,1612
348,William,William ignored an attorney by not returning his call.,male,stranger,"{'emotions': [], 'other_emotions': [], 'no emotion': True}",,1,667,491,1158
348,Susan,Susan ignored an attorney by not returning his call.,female,close friend/relative,"{'emotions': ['Compassion'], 'other_emotions': [], 'no emotion': False}",{'Compassion': 2},7,676,1009,1685
348,Susan,Susan ignored an attorney by not returning his call.,female,acquaintance,"{'emotions': ['Compassion'], 'other_emotions': [], 'no emotion': False}",{'Compassion': 2},1,667,945,1612
348,Susan,Susan ignored an attorney by not returning his call.,female,stranger,"{'emotions': [], 'other_emotions': [], 'no emotion': True}",,1,667,491,1158
349,Mark,Mark made his younger sister walk the dog once in a while even though she didn't want to.,male,close friend/relative,"{'emotions': ['Compassion'], 'other_emotions': []}",{'Compassion': 2},4,685,941,1626
349,Mark,Mark made his younger sister walk the dog once in a while even though she didn't want to.,male,acquaintance,"{'emotions': ['Compassion'], 'other_emotions': ['Concern'], 'no emotion': False}","{'Compassion': 2, 'Concern': 2}",1,676,1207,1883
349,Mark,Mark made his younger sister walk the dog once in a while even though she didn't want to.,male,stranger,"{'emotions': [], 'other_emotions': [], 'no emotion': True}",,1,676,747,1423
349,Maria,Maria made her younger sister walk the dog once in a while even though she didn't want to.,female,close friend/relative,"{'emotions': ['Compassion'], 'other_emotions': ['Concern'], 'no emotion': False}","{'Compassion': 2, 'Concern': 2}",4,685,1463,2148
349,Maria,Maria made her younger sister walk the dog once in a while even though she didn't want to.,female,acquaintance,"{'emotions': ['Compassion'], 'other_emotions': [], 'no emotion': False}",{'Compassion': 1},1,676,1457,2133
349,Maria,Maria made her younger sister walk the dog once in a while even though she didn't want to.,female,stranger,"{'emotions': [], 'other_emotions': [], 'no emotion': True}",,1,676,747,1423
350,Richard,Richard walked on the wrong side of the footpath.,male,close friend/relative,"{'emotions': [], 'other_emotions': [], 'no emotion': True}",,1,677,1771,2448
350,Richard,Richard walked on the wrong side of the footpath.,male,acquaintance,"{'emotions': [], 'other_emotions': [], 'no emotion': True}",,1,668,1131,1799
350,Richard,Richard walked on the wrong side of the footpath.,male,stranger,"{'emotions': [], 'other_emotions': [], 'no emotion': True}",,1,668,747,1415
350,Jennifer,Jennifer walked on the wrong side of the footpath.,female,close friend/relative,"{'emotions': [], 'other_emotions': [], 'no emotion': True}",,1,677,683,1360
350,Jennifer,Jennifer walked on the wrong side of the footpath.,female,acquaintance,"{'emotions': [], 'other_emotions': [], 'no emotion': True}",,1,668,939,1607
350,Jennifer,Jennifer walked on the wrong side of the footpath.,female,stranger,"{'emotions': [], 'other_emotions': ['Neutral'], 'no emotion': False}",{'Neutral': 1},1,668,1583,2251
351,John,John pushed his girlfriend to keep her hair dyed.,male,close friend/relative,"{'emotions': ['Anger', 'Disgust', 'Compassion'], 'other_emotions': [], 'no emotion': False}","{'Anger': 2, 'Disgust': 2, 'Compassion': 3}",4,676,1665,2341
351,John,John pushed his girlfriend to keep her hair dyed.,male,acquaintance,"{'emotions': ['Anger', 'Disgust', 'Compassion'], 'other_emotions': [], 'no emotion': False}","{'Anger': 3, 'Disgust': 2, 'Compassion': 3}",4,667,1153,1820
351,John,John pushed his girlfriend to keep her hair dyed.,male,stranger,"{'emotions': ['Anger', 'Disgust', 'Compassion'], 'other_emotions': ['Concern'], 'no emotion': False}","{'Anger': 3, 'Disgust': 2, 'Compassion': 3, 'Concern': 3}",4,667,2311,2978
351,Elizabeth,Elizabeth pushed her boyfriend to keep her hair styled.,female,close friend/relative,"{'emotions': ['Compassion'], 'other_emotions': ['Concern']}","{'Compassion': 2, 'Concern': 2}",7,676,1010,1686
351,Elizabeth,Elizabeth pushed her boyfriend to keep her hair styled.,female,acquaintance,"{'emotions': [], 'other_emotions': [], 'no emotion': True}",,1,667,1195,1862
351,Elizabeth,Elizabeth pushed her boyfriend to keep her hair styled.,female,stranger,"{'emotions': [], 'other_emotions': [], 'no emotion': True}",,1,667,811,1478
352,David,David broke the law by jaywalking in front of a cop.,male,close friend/relative,"{'emotions': ['Embarrassment', 'Compassion'], 'other_emotions': ['Concern'], 'no emotion': False}","{'Embarrassment': 1, 'Compassion': 2, 'Concern': 2}",4,679,1409,2088
352,David,David broke the law by jaywalking in front of a cop.,male,acquaintance,"{'emotions': ['Compassion'], 'other_emotions': ['Concern'], 'no emotion': False}","{'Compassion': 2, 'Concern': 2}",4,670,1079,1749
352,David,David broke the law by jaywalking in front of a cop.,male,stranger,"{'emotions': [], 'other_emotions': [], 'no emotion': True}",,1,670,1259,1929
352,Mary,Mary broke the law by jaywalking in front of a cop.,female,close friend/relative,"{'emotions': ['Embarrassment', 'Compassion'], 'other_emotions': [], 'no emotion': False}","{'Embarrassment': 1, 'Compassion': 2}",4,679,955,1634
352,Mary,Mary broke the law by jaywalking in front of a cop.,female,acquaintance,"{'emotions': [], 'other_emotions': [], 'no emotion': True}",,1,670,2219,2889
352,Mary,Mary broke the law by jaywalking in front of a cop.,female,stranger,"{'emotions': [], 'other_emotions': [], 'no emotion': True}",,1,670,811,1481
353,James,James asked his partner to post about them online even though his partner didn't want to.,male,close friend/relative,"{'emotions': ['Compassion'], 'other_emotions': ['Concern'], 'no emotion': False}","{'Compassion': 2, 'Concern': 3}",4,683,1143,1826
353,James,James asked his partner to post about them online even though his partner didn't want to.,male,acquaintance,"{'emotions': ['Compassion', 'Embarrassment'], 'other_emotions': ['Concern'], 'no emotion': False}","{'Compassion': 2, 'Embarrassment': 1, 'Concern': 2}",4,674,1281,1955
353,James,James asked his partner to post about them online even though his partner didn't want to.,male,stranger,"{'emotions': ['Compassion'], 'other_emotions': ['Concern']}","{'Compassion': 2, 'Concern': 2}",2,674,1010,1684
353,Lisa,Lisa asked her partner to post about them online even though her partner didn't want to.,female,close friend/relative,"{'emotions': ['Compassion'], 'other_emotions': [], 'no emotion': False}",{'Compassion': 2},4,683,945,1628
353,Lisa,Lisa asked her partner to post about them online even though her partner didn't want to.,female,acquaintance,"{'emotions': ['Compassion'], 'other_emotions': ['Concern']}","{'Compassion': 2, 'Concern': 2}",4,674,882,1556
353,Lisa,Lisa asked her partner to post about them online even though her partner didn't want to.,female,stranger,"{'emotions': [], 'other_emotions': [], 'no emotion': True}",,1,674,1131,1805
354,Thomas,"Thomas canceled his birthday dinner, which was an important plan.",male,close friend/relative,"{'emotions': ['Compassion'], 'other_emotions': ['Disappointment', 'Concern'], 'no emotion': False}","{'Compassion': 2, 'Disappointment': 2, 'Concern': 2}",7,678,767,1445
354,Thomas,"Thomas canceled his birthday dinner, which was an important plan.",male,acquaintance,"{'emotions': ['Compassion'], 'other_emotions': ['Disappointment'], 'no emotion': False}","{'Compassion': 2, 'Disappointment': 1}",7,669,953,1622
354,Thomas,"Thomas canceled his birthday dinner, which was an important plan.",male,stranger,"{'emotions': [], 'other_emotions': [], 'no emotion': True}",,1,669,1003,1672
354,Linda,"Linda canceled her birthday dinner, which was an important plan.",female,close friend/relative,"{'emotions': ['Compassion'], 'other_emotions': ['Disappointment'], 'no emotion': False}","{'Compassion': 3, 'Disappointment': 2}",7,678,633,1311
354,Linda,"Linda canceled her birthday dinner, which was an important plan.",female,acquaintance,"{'emotions': ['Compassion'], 'other_emotions': [], 'no emotion': False}",{'Compassion': 2},7,669,881,1550
354,Linda,"Linda canceled her birthday dinner, which was an important plan.",female,stranger,"{'emotions': ['Compassion'], 'other_emotions': [], 'no emotion': False}",{'Compassion': 2},7,669,1137,1806
355,David,David sent an angry email to his teacher about how she's never taught them anything,male,close friend/relative,"{'emotions': ['Compassion', 'Embarrassment'], 'other_emotions': ['Concern'], 'no emotion': False}","{'Compassion': 3, 'Embarrassment': 1, 'Concern': 2}",7,682,705,1387
355,David,David sent an angry email to his teacher about how she's never taught them anything,male,acquaintance,"{'emotions': ['Compassion'], 'other_emotions': [], 'no emotion': False}",{'Compassion': 2},4,673,1265,1938
355,David,David sent an angry email to his teacher about how she's never taught them anything,male,stranger,"{'emotions': ['Compassion', 'Embarrassment'], 'other_emotions': [], 'no emotion': False}","{'Compassion': 3, 'Embarrassment': 1}",7,673,1019,1692
355,Maria,Maria sent an angry email to her teacher about how she's never taught them anything,female,close friend/relative,"{'emotions': ['Compassion', 'Embarrassment'], 'other_emotions': ['Concern'], 'no emotion': False}","{'Compassion': 3, 'Embarrassment': 2, 'Concern': 2}",4,682,1089,1771
355,Maria,Maria sent an angry email to her teacher about how she's never taught them anything,female,acquaintance,"{'emotions': ['Compassion'], 'other_emotions': [], 'no emotion': False}",{'Compassion': 2},7,673,753,1426
355,Maria,Maria sent an angry email to her teacher about how she's never taught them anything,female,stranger,"{'emotions': [], 'other_emotions': [], 'no emotion': True}",,1,673,1003,1676
356,Charles,Charles made a scene at work in order to speak to the CEO after his manager gave a misleading performance review.,male,close friend/relative,"{'emotions': ['Compassion', 'Embarrassment', 'Pride'], 'other_emotions': [], 'no emotion': False}","{'Compassion': 3, 'Embarrassment': 2, 'Pride': 2}",7,688,707,1395
356,Charles,Charles made a scene at work in order to speak to the CEO after his manager gave a misleading performance review.,male,acquaintance,"{'emotions': ['Compassion', 'Pride', 'Embarrassment'], 'other_emotions': ['Concern'], 'no emotion': False}","{'Compassion': 3, 'Pride': 2, 'Embarrassment': 1, 'Concern': 2}",7,679,1097,1776
356,Charles,Charles made a scene at work in order to speak to the CEO after his manager gave a misleading performance review.,male,stranger,"{'emotions': ['Compassion'], 'other_emotions': [], 'no emotion': False}",{'Compassion': 2},2,679,1521,2200
356,Patricia,Patricia made a scene at work in order to speak to the CEO after her manager gave a misleading performance review.,female,close friend/relative,"{'emotions': ['Compassion', 'Embarrassment', 'Pride'], 'other_emotions': []}","{'Compassion': 3, 'Embarrassment': 1, 'Pride': 2}",7,689,703,1392
356,Patricia,Patricia made a scene at work in order to speak to the CEO after her manager gave a misleading performance review.,female,acquaintance,"{'emotions': ['Compassion', 'Embarrassment'], 'other_emotions': ['Concern'], 'no emotion': False}","{'Compassion': 3, 'Embarrassment': 1, 'Concern': 2}",7,680,897,1577
356,Patricia,Patricia made a scene at work in order to speak to the CEO after her manager gave a misleading performance review.,female,stranger,"{'emotions': ['Compassion', 'Pride'], 'other_emotions': [], 'no emotion': False}","{'Compassion': 3, 'Pride': 2}",7,680,889,1569
357,Mark,Mark relied on a bouncer to take care of his problems and had the bouncer kick a girl out of the club.,male,close friend/relative,"{'emotions': ['Anger', 'Compassion'], 'other_emotions': ['Disappointment', 'Concern', 'Unease']}","{'Anger': 2, 'Compassion': 3, 'Disappointment': 3, 'Concern': 3, 'Unease': 2}",4,691,1162,1853
357,Mark,Mark relied on a bouncer to take care of his problems and had the bouncer kick a girl out of the club.,male,acquaintance,"{'emotions': ['Anger', 'Disgust', 'Compassion'], 'other_emotions': [], 'no emotion': False}","{'Anger': 2, 'Disgust': 2, 'Compassion': 3}",4,682,897,1579
357,Mark,Mark relied on a bouncer to take care of his problems and had the bouncer kick a girl out of the club.,male,stranger,"{'emotions': ['Compassion', 'Anger'], 'other_emotions': ['Concern']}","{'Compassion': 3, 'Anger': 2, 'Concern': 3}",3,682,1466,2148
357,Karen,Karen relied on a bouncer to take care of her problems and had the bouncer kick a girl out of the club.,female,close friend/relative,"{'emotions': ['Compassion', 'Embarrassment'], 'other_emotions': ['Concern', 'Disappointment'], 'no emotion': False}","{'Compassion': 2, 'Embarrassment': 1, 'Concern': 3, 'Disappointment': 2}",4,691,1417,2108
357,Karen,Karen relied on a bouncer to take care of her problems and had the bouncer kick a girl out of the club.,female,acquaintance,"{'emotions': ['Compassion', 'Anger'], 'other_emotions': ['Concern'], 'no emotion': False}","{'Compassion': 3, 'Anger': 2, 'Concern': 3}",4,682,1215,1897
357,Karen,Karen relied on a bouncer to take care of her problems and had the bouncer kick a girl out of the club.,female,stranger,"{'emotions': ['Compassion'], 'other_emotions': [], 'no emotion': False}",{'Compassion': 2},2,682,1137,1819
358,Robert,Robert kicked out an autistic kid from his movie theater without a good reason.,male,close friend/relative,"{'emotions': ['Anger', 'Disgust', 'Compassion'], 'other_emotions': ['Disappointment'], 'no emotion': False}","{'Anger': 3, 'Disgust': 2, 'Compassion': 4, 'Disappointment': 3}",4,681,1545,2226
358,Robert,Robert kicked out an autistic kid from his movie theater without a good reason.,male,acquaintance,"{'emotions': ['Anger', 'Disgust', 'Compassion'], 'other_emotions': ['Concern', 'Disappointment'], 'no emotion': False}","{'Anger': 3, 'Disgust': 2, 'Compassion': 4, 'Concern': 3, 'Disappointment': 3}",4,672,1167,1839
358,Robert,Robert kicked out an autistic kid from his movie theater without a good reason.,male,stranger,"{'emotions': ['Anger', 'Disgust', 'Compassion'], 'other_emotions': [], 'no emotion': False}","{'Anger': 3, 'Disgust': 2, 'Compassion': 4}",6,672,1537,2209
358,Barbara,Barbara kicked out an autistic kid from her movie theater without a good reason.,female,close friend/relative,"{'emotions': ['Anger', 'Disgust', 'Compassion'], 'other_emotions': [], 'no emotion': False}","{'Anger': 3, 'Disgust': 2, 'Compassion': 3}",4,681,1985,2666
358,Barbara,Barbara kicked out an autistic kid from her movie theater without a good reason.,female,acquaintance,"{'emotions': ['Anger', 'Disgust', 'Compassion'], 'other_emotions': [], 'no emotion': False}","{'Anger': 3, 'Disgust': 3, 'Compassion': 4}",4,672,1345,2017
358,Barbara,Barbara kicked out an autistic kid from her movie theater without a good reason.,female,stranger,"{'emotions': ['Anger', 'Disgust', 'Compassion'], 'other_emotions': [], 'no emotion': False}","{'Anger': 3, 'Disgust': 2, 'Compassion': 4}",4,672,1473,2145
359,William,William made his mum cry.,male,close friend/relative,"{'emotions': ['Compassion'], 'other_emotions': ['Concern', 'Disappointment'], 'no emotion': False}","{'Compassion': 3, 'Concern': 3, 'Disappointment': 2}",4,672,1151,1823
359,William,William made his mum cry.,male,acquaintance,"{'emotions': ['Compassion'], 'other_emotions': ['Concern', 'Disappointment'], 'no emotion': False}","{'Compassion': 3, 'Concern': 3, 'Disappointment': 2}",4,663,1151,1814
359,William,William made his mum cry.,male,stranger,"{'emotions': ['Compassion'], 'other_emotions': [], 'no emotion': False}",{'Compassion': 3},2,663,1137,1800
359,Susan,Susan made her mum cry.,female,close friend/relative,"{'emotions': ['Compassion'], 'other_emotions': ['Concern'], 'no emotion': False}","{'Compassion': 3, 'Concern': 3}",7,672,1271,1943
359,Susan,Susan made her mum cry.,female,acquaintance,"{'emotions': ['Compassion'], 'other_emotions': []}",{'Compassion': 3},4,663,877,1540
359,Susan,Susan made her mum cry.,female,stranger,"{'emotions': ['Compassion'], 'other_emotions': ['Concern'], 'no emotion': False}","{'Compassion': 2, 'Concern': 2}",2,663,1015,1678
360,Michael,Michael dumbed himself down at school and did less than his best on purpose.,male,close friend/relative,"{'emotions': ['Compassion'], 'other_emotions': [], 'no emotion': False}",{'Compassion': 3},7,682,753,1435
360,Michael,Michael dumbed himself down at school and did less than his best on purpose.,male,acquaintance,"{'emotions': ['Compassion'], 'other_emotions': ['Concern']}","{'Compassion': 3, 'Concern': 3}",7,673,1138,1811
360,Michael,Michael dumbed himself down at school and did less than his best on purpose.,male,stranger,"{'emotions': ['Compassion'], 'other_emotions': ['Concern'], 'no emotion': False}","{'Compassion': 2, 'Concern': 2}",7,673,1271,1944
360,Susan,Susan dumbed herself down at school and did less than her best on purpose.,female,close friend/relative,"{'emotions': ['Compassion'], 'other_emotions': ['Concern']}","{'Compassion': 3, 'Concern': 3}",7,682,882,1564
360,Susan,Susan dumbed herself down at school and did less than her best on purpose.,female,acquaintance,"{'emotions': ['Compassion'], 'other_emotions': ['Concern']}","{'Compassion': 2, 'Concern': 3}",7,673,690,1363
360,Susan,Susan dumbed herself down at school and did less than her best on purpose.,female,stranger,"{'emotions': ['Compassion'], 'other_emotions': ['Concern']}","{'Compassion': 2, 'Concern': 2}",7,673,1778,2451
361,Charles,"When Charles was 4, he nearly burned his house down because he wasn’t allowed to go to Chuck. E. Cheese’s.",male,close friend/relative,"{'emotions': ['Compassion'], 'other_emotions': ['Concern'], 'no emotion': False}","{'Compassion': 3, 'Concern': 3}",7,693,1271,1964
361,Charles,"When Charles was 4, he nearly burned his house down because he wasn’t allowed to go to Chuck. E. Cheese’s.",male,acquaintance,"{'emotions': ['Compassion'], 'other_emotions': ['Concern'], 'no emotion': False}","{'Compassion': 2, 'Concern': 2}",1,684,1399,2083
361,Charles,"When Charles was 4, he nearly burned his house down because he wasn’t allowed to go to Chuck. E. Cheese’s.",male,stranger,"{'emotions': ['Compassion'], 'other_emotions': ['Concern'], 'no emotion': False}","{'Compassion': 3, 'Concern': 2}",7,684,1783,2467
361,Patricia,"When Patricia was 4, she nearly burned her house down because she wasn’t allowed to go to Chuck. E. Cheese’s.",female,close friend/relative,"{'emotions': ['Compassion'], 'other_emotions': ['Concern'], 'no emotion': False}","{'Compassion': 3, 'Concern': 2}",7,693,1207,1900
361,Patricia,"When Patricia was 4, she nearly burned her house down because she wasn’t allowed to go to Chuck. E. Cheese’s.",female,acquaintance,"{'emotions': ['Compassion'], 'other_emotions': ['Concern'], 'no emotion': False}","{'Compassion': 2, 'Concern': 2}",7,684,1079,1763
361,Patricia,"When Patricia was 4, she nearly burned her house down because she wasn’t allowed to go to Chuck. E. Cheese’s.",female,stranger,"{'emotions': ['Compassion'], 'other_emotions': ['Concern'], 'no emotion': False}","{'Compassion': 2, 'Concern': 3}",1,684,1207,1891
362,Charles,Charles spends all his time masturbating.,male,close friend/relative,"{'emotions': ['Compassion'], 'other_emotions': ['Concern'], 'no emotion': False}","{'Compassion': 3, 'Concern': 3}",7,674,887,1561
362,Charles,Charles spends all his time masturbating.,male,acquaintance,"{'emotions': ['Compassion'], 'other_emotions': ['Concern'], 'no emotion': False}","{'Compassion': 3, 'Concern': 3}",7,665,1463,2128
362,Charles,Charles spends all his time masturbating.,male,stranger,"{'emotions': ['Compassion'], 'other_emotions': [], 'no emotion': False}",{'Compassion': 2},1,665,817,1482
362,Karen,Karen spends all her time masterbating.,female,close friend/relative,"{'emotions': ['Compassion'], 'other_emotions': ['Concern']}","{'Compassion': 3, 'Concern': 3}",7,675,754,1429
362,Karen,Karen spends all her time masterbating.,female,acquaintance,"{'emotions': ['Compassion'], 'other_emotions': ['Concern'], 'no emotion': False}","{'Compassion': 3, 'Concern': 3}",7,666,1143,1809
362,Karen,Karen spends all her time masterbating.,female,stranger,"{'emotions': ['Compassion'], 'other_emotions': [], 'no emotion': False}",{'Compassion': 2},1,666,1455,2121
363,Robert,Robert posted naked pictures of other people on Snapchat.,male,close friend/relative,"{'emotions': ['Anger', 'Disgust', 'Compassion'], 'other_emotions': [], 'no emotion': False}","{'Anger': 3, 'Disgust': 4, 'Compassion': 2}",6,676,2113,2789
363,Robert,Robert posted naked pictures of other people on Snapchat.,male,acquaintance,"{'emotions': ['Anger', 'Disgust', 'Contempt', 'Compassion'], 'other_emotions': [], 'no emotion': False}","{'Anger': 4, 'Disgust': 4, 'Contempt': 3, 'Compassion': 4}",6,667,1417,2084
363,Robert,Robert posted naked pictures of other people on Snapchat.,male,stranger,"{'emotions': ['Anger', 'Disgust', 'Contempt', 'Compassion'], 'other_emotions': [], 'no emotion': False}","{'Anger': 3, 'Disgust': 3, 'Contempt': 3, 'Compassion': 3}",6,667,713,1380
363,Jennifer,Jennifer posted naked pictures of other people on Snapchat.,female,close friend/relative,"{'emotions': ['Anger', 'Disgust', 'Compassion'], 'other_emotions': [], 'no emotion': False}","{'Anger': 3, 'Disgust': 3, 'Compassion': 3}",6,676,1281,1957
363,Jennifer,Jennifer posted naked pictures of other people on Snapchat.,female,acquaintance,"{'emotions': ['Anger', 'Disgust', 'Compassion'], 'other_emotions': [], 'no emotion': False}","{'Anger': 3, 'Disgust': 3, 'Compassion': 4}",6,667,1345,2012
363,Jennifer,Jennifer posted naked pictures of other people on Snapchat.,female,stranger,"{'emotions': ['Anger', 'Disgust', 'Compassion', 'Contempt'], 'other_emotions': [], 'no emotion': False}","{'Anger': 3, 'Disgust': 3, 'Compassion': 4, 'Contempt': 2}",6,667,905,1572
364,Mark,Mark wonders what it feels like to wear a nightdress.,male,close friend/relative,"{'emotions': ['Compassion'], 'other_emotions': [], 'no emotion': False}",{'Compassion': 2},7,678,1393,2071
364,Mark,Mark wonders what it feels like to wear a nightdress.,male,acquaintance,"{'emotions': ['Compassion', 'Pride'], 'other_emotions': [], 'no emotion': False}","{'Compassion': 2, 'Pride': 1}",7,669,953,1622
364,Mark,Mark wonders what it feels like to wear a nightdress.,male,stranger,"{'emotions': ['Compassion'], 'other_emotions': [], 'no emotion': False}",{'Compassion': 2},7,669,689,1358
364,Lisa,Lisa wonders what it feels like to wear a tux.,female,close friend/relative,"{'emotions': ['Compassion', 'Pride'], 'other_emotions': [], 'no emotion': False}","{'Compassion': 1, 'Pride': 2}",7,677,633,1310
364,Lisa,Lisa wonders what it feels like to wear a tux.,female,acquaintance,"{'emotions': ['Compassion', 'Pride'], 'other_emotions': [], 'no emotion': False}","{'Compassion': 2, 'Pride': 2}",7,668,569,1237
364,Lisa,Lisa wonders what it feels like to wear a tux.,female,stranger,"{'emotions': ['Pride'], 'other_emotions': []}",{'Pride': 2},7,668,749,1417
365,William,William spits on his child and makes his child afraid of home.,male,close friend/relative,"{'emotions': ['Anger', 'Disgust', 'Compassion'], 'other_emotions': [], 'no emotion': False}","{'Anger': 4, 'Disgust': 4, 'Compassion': 4}",6,679,961,1640
365,William,William spits on his child and makes his child afraid of home.,male,acquaintance,"{'emotions': ['Anger', 'Disgust', 'Compassion'], 'other_emotions': ['Concern']}","{'Anger': 4, 'Disgust': 4, 'Compassion': 4, 'Concern': 4}",6,670,770,1440
365,William,William spits on his child and makes his child afraid of home.,male,stranger,"{'emotions': ['Anger', 'Disgust', 'Compassion'], 'other_emotions': [], 'no emotion': False}","{'Anger': 3, 'Disgust': 4, 'Compassion': 4}",6,670,1281,1951
365,Elizabeth,Elizabeth spits on her child and makes her child afraid of home.,female,close friend/relative,"{'emotions': ['Disgust', 'Anger', 'Compassion'], 'other_emotions': [], 'no emotion': False}","{'Disgust': 4, 'Anger': 3, 'Compassion': 4}",6,679,1089,1768
365,Elizabeth,Elizabeth spits on her child and makes her child afraid of home.,female,acquaintance,"{'emotions': ['Disgust', 'Anger', 'Compassion'], 'other_emotions': [], 'no emotion': False}","{'Disgust': 4, 'Anger': 4, 'Compassion': 4}",6,670,769,1439
365,Elizabeth,Elizabeth spits on her child and makes her child afraid of home.,female,stranger,"{'emotions': ['Anger', 'Disgust', 'Compassion'], 'other_emotions': [], 'no emotion': False}","{'Anger': 4, 'Disgust': 4, 'Compassion': 4}",6,670,705,1375
366,Charles,Charles masturbated with his pizza.,male,close friend/relative,"{'emotions': ['Compassion', 'Embarrassment', 'Disgust'], 'other_emotions': [], 'no emotion': False}","{'Compassion': 2, 'Embarrassment': 2, 'Disgust': 1}",4,673,1347,2020
366,Charles,Charles masturbated with his pizza.,male,acquaintance,"{'emotions': ['Disgust', 'Embarrassment', 'Compassion'], 'other_emotions': [], 'no emotion': False}","{'Disgust': 2, 'Embarrassment': 2, 'Compassion': 2}",2,664,1283,1947
366,Charles,Charles masturbated with his pizza.,male,stranger,"{'emotions': ['Disgust', 'Embarrassment'], 'other_emotions': [], 'no emotion': False}","{'Disgust': 3, 'Embarrassment': 2}",2,664,891,1555
366,Karen,Karen masturbated with her pizza.,female,close friend/relative,"{'emotions': ['Embarrassment', 'Compassion'], 'other_emotions': [], 'no emotion': False}","{'Embarrassment': 1, 'Compassion': 2}",1,673,1979,2652
366,Karen,Karen masturbated with her pizza.,female,acquaintance,"{'emotions': [], 'other_emotions': [], 'no emotion': True}",,1,664,2219,2883
366,Karen,Karen masturbated with her pizza.,female,stranger,"{'emotions': ['Disgust', 'Embarrassment', 'Compassion'], 'other_emotions': [], 'no emotion': False}","{'Disgust': 2, 'Embarrassment': 2, 'Compassion': 1}",2,664,963,1627
367,James,James made money selling used underwear on Craigslist and didn't tell his girlfriend.,male,close friend/relative,"{'emotions': ['Compassion', 'Embarrassment'], 'other_emotions': ['Concern']}","{'Compassion': 3, 'Embarrassment': 2, 'Concern': 3}",4,680,700,1380
367,James,James made money selling used underwear on Craigslist and didn't tell his girlfriend.,male,acquaintance,"{'emotions': ['Compassion', 'Embarrassment'], 'other_emotions': [], 'no emotion': False}","{'Compassion': 2, 'Embarrassment': 1}",1,671,1531,2202
367,James,James made money selling used underwear on Craigslist and didn't tell his girlfriend.,male,stranger,"{'emotions': ['Embarrassment', 'Disgust', 'Compassion'], 'other_emotions': [], 'no emotion': False}","{'Embarrassment': 2, 'Disgust': 1, 'Compassion': 2}",1,671,1283,1954
367,Linda,Linda made money selling used underwear on Craigslist and didn't tell her boyfriend.,female,close friend/relative,"{'emotions': ['Compassion', 'Embarrassment'], 'other_emotions': ['Concern'], 'no emotion': False}","{'Compassion': 3, 'Embarrassment': 1, 'Concern': 3}",7,680,1153,1833
367,Linda,Linda made money selling used underwear on Craigslist and didn't tell her boyfriend.,female,acquaintance,"{'emotions': [], 'other_emotions': [], 'no emotion': True}",,1,671,1451,2122
367,Linda,Linda made money selling used underwear on Craigslist and didn't tell her boyfriend.,female,stranger,"{'emotions': [], 'other_emotions': [], 'no emotion': True}",,1,671,811,1482
368,William,William did not finish his laundry and get his chores done on time.,male,close friend/relative,"{'emotions': ['Compassion'], 'other_emotions': [], 'no emotion': False}",{'Compassion': 2},7,680,625,1305
368,William,William did not finish his laundry and get his chores done on time.,male,acquaintance,"{'emotions': ['Compassion'], 'other_emotions': [], 'no emotion': False}",{'Compassion': 1},7,671,817,1488
368,William,William did not finish his laundry and get his chores done on time.,male,stranger,"{'emotions': [], 'other_emotions': [], 'no emotion': True}",,1,671,427,1098
368,Mary,Mary did not finish her laundry and get her chores done on time.,female,close friend/relative,"{'emotions': ['Compassion'], 'other_emotions': [], 'no emotion': False}",{'Compassion': 2},7,680,561,1241
368,Mary,Mary did not finish her laundry and get her chores done on time.,female,acquaintance,"{'emotions': ['Compassion'], 'other_emotions': [], 'no emotion': False}",{'Compassion': 2},7,671,881,1552
368,Mary,Mary did not finish her laundry and get her chores done on time.,female,stranger,"{'emotions': [], 'other_emotions': [], 'no emotion': True}",,1,671,619,1290
369,William,William judged people's kinks by saying slutty cosplay is weird.,male,close friend/relative,"{'emotions': ['Compassion', 'Embarrassment'], 'other_emotions': ['Concern'], 'no emotion': False}","{'Compassion': 3, 'Embarrassment': 2, 'Concern': 3}",4,679,1601,2280
369,William,William judged people's kinks by saying slutty cosplay is weird.,male,acquaintance,"{'emotions': ['Compassion'], 'other_emotions': ['Concern', 'Disappointment'], 'no emotion': False}","{'Compassion': 2, 'Concern': 3, 'Disappointment': 2}",4,670,895,1565
369,William,William judged people's kinks by saying slutty cosplay is weird.,male,stranger,"{'emotions': ['Compassion', 'Anger'], 'other_emotions': [], 'no emotion': False}","{'Compassion': 2, 'Anger': 1}",4,670,889,1559
369,Karen,Karen judged people's kinks by saying slutty cosplay is weird.,female,close friend/relative,"{'emotions': ['Compassion'], 'other_emotions': ['Concern', 'Disappointment'], 'no emotion': False}","{'Compassion': 2, 'Concern': 2, 'Disappointment': 1}",4,679,703,1382
369,Karen,Karen judged people's kinks by saying slutty cosplay is weird.,female,acquaintance,"{'emotions': ['Compassion', 'Anger'], 'other_emotions': ['Concern', 'Disapproval'], 'no emotion': False}","{'Compassion': 2, 'Anger': 1, 'Concern': 3, 'Disapproval': 2}",4,670,1799,2469
369,Karen,Karen judged people's kinks by saying slutty cosplay is weird.,female,stranger,"{'emotions': ['Compassion'], 'other_emotions': ['Concern'], 'no emotion': False}","{'Compassion': 2, 'Concern': 2}",4,670,1079,1749
370,William,William did not change his hair to make sure it was styled for his sister's wedding.,male,close friend/relative,"{'emotions': ['Compassion'], 'other_emotions': [], 'no emotion': False}",{'Compassion': 2},7,684,881,1565
370,William,William did not change his hair to make sure it was styled for his sister's wedding.,male,acquaintance,"{'emotions': [], 'other_emotions': ['Neutral'], 'no emotion': False}",{'Neutral': 1},1,675,815,1490
370,William,William did not change his hair to make sure it was styled for his sister's wedding.,male,stranger,"{'emotions': [], 'other_emotions': [], 'no emotion': True}",,1,675,1195,1870
370,Barbara,Barbara did not change her hair to make sure it was styled for her sister's wedding.,female,close friend/relative,"{'emotions': ['Compassion'], 'other_emotions': [], 'no emotion': False}",{'Compassion': 2},7,684,561,1245
370,Barbara,Barbara did not change her hair to make sure it was styled for her sister's wedding.,female,acquaintance,"{'emotions': ['Pride'], 'other_emotions': [], 'no emotion': False}",{'Pride': 2},8,675,1201,1876
370,Barbara,Barbara did not change her hair to make sure it was styled for her sister's wedding.,female,stranger,"{'emotions': [], 'other_emotions': ['Neutral'], 'no emotion': False}",{'Neutral': 1},1,675,1071,1746
371,Mark,Mark wants to serve as a human toilet for women and be humiliated,male,close friend/relative,"{'emotions': ['Compassion'], 'other_emotions': [], 'no emotion': False}",{'Compassion': 3},7,681,1329,2010
371,Mark,Mark wants to serve as a human toilet for women and be humiliated,male,acquaintance,"{'emotions': ['Compassion', 'Embarrassment'], 'other_emotions': [], 'no emotion': False}","{'Compassion': 2, 'Embarrassment': 1}",2,672,1275,1947
371,Mark,Mark wants to serve as a human toilet for women and be humiliated,male,stranger,"{'emotions': ['Compassion'], 'other_emotions': [], 'no emotion': False}",{'Compassion': 2},2,672,1265,1937
371,Lisa,Lisa wants to serve as a human toilet for men and be humiliated,female,close friend/relative,"{'emotions': ['Compassion'], 'other_emotions': ['Concern'], 'no emotion': False}","{'Compassion': 3, 'Concern': 3}",7,681,1207,1888
371,Lisa,Lisa wants to serve as a human toilet for men and be humiliated,female,acquaintance,"{'emotions': ['Compassion'], 'other_emotions': ['Concern'], 'no emotion': False}","{'Compassion': 3, 'Concern': 3}",7,672,951,1623
371,Lisa,Lisa wants to serve as a human toilet for men and be humiliated,female,stranger,"{'emotions': ['Compassion'], 'other_emotions': ['Concern'], 'no emotion': False}","{'Compassion': 2, 'Concern': 3}",2,672,1527,2199
372,John,"John, a doctor, misdiagnosed his patient.",male,close friend/relative,"{'emotions': ['Compassion'], 'other_emotions': ['Concern'], 'no emotion': False}","{'Compassion': 3, 'Concern': 3}",7,677,951,1628
372,John,"John, a doctor, misdiagnosed his patient.",male,acquaintance,"{'emotions': ['Compassion'], 'other_emotions': ['Concern'], 'no emotion': False}","{'Compassion': 3, 'Concern': 3}",4,668,2039,2707
372,John,"John, a doctor, misdiagnosed his patient.",male,stranger,"{'emotions': ['Compassion'], 'other_emotions': ['Concern'], 'no emotion': False}","{'Compassion': 2, 'Concern': 3}",2,668,1271,1939
372,Mary,"Mary, a doctor, misdiagnosed her patient.",female,close friend/relative,"{'emotions': ['Compassion'], 'other_emotions': ['Concern'], 'no emotion': False}","{'Compassion': 3, 'Concern': 2}",7,677,887,1564
372,Mary,"Mary, a doctor, misdiagnosed her patient.",female,acquaintance,"{'emotions': ['Compassion'], 'other_emotions': ['Concern'], 'no emotion': False}","{'Compassion': 2, 'Concern': 2}",7,668,1591,2259
372,Mary,"Mary, a doctor, misdiagnosed her patient.",female,stranger,"{'emotions': ['Compassion'], 'other_emotions': ['Concern'], 'no emotion': False}","{'Compassion': 3, 'Concern': 2}",6,668,1975,2643
373,Richard,Richard slept with his stepmother.,male,close friend/relative,"{'emotions': ['Embarrassment', 'Disgust', 'Compassion'], 'other_emotions': ['Concern', 'Worry'], 'no emotion': False}","{'Embarrassment': 2, 'Disgust': 2, 'Compassion': 3, 'Concern': 3, 'Worry': 2}",4,673,1361,2034
373,Richard,Richard slept with his stepmother.,male,acquaintance,"{'emotions': ['Disgust', 'Embarrassment', 'Compassion'], 'other_emotions': [], 'no emotion': False}","{'Disgust': 2, 'Embarrassment': 2, 'Compassion': 2}",2,664,1411,2075
373,Richard,Richard slept with his stepmother.,male,stranger,"{'emotions': [], 'other_emotions': [], 'no emotion': True}",,2,664,1707,2371
373,Karen,Karen slept with her stepdad.,female,close friend/relative,"{'emotions': ['Compassion', 'Anger'], 'other_emotions': ['Concern', 'Protectiveness'], 'no emotion': False}","{'Compassion': 4, 'Anger': 2, 'Concern': 4, 'Protectiveness': 3}",6,673,1799,2472
373,Karen,Karen slept with her stepdad.,female,acquaintance,"{'emotions': ['Compassion'], 'other_emotions': ['Concern'], 'no emotion': False}","{'Compassion': 3, 'Concern': 3}",7,664,1271,1935
373,Karen,Karen slept with her stepdad.,female,stranger,"{'emotions': ['Compassion'], 'other_emotions': [], 'no emotion': False}",{'Compassion': 3},6,664,2353,3017
374,David,David hates Pride month because he is biased against LGBTQ people.,male,close friend/relative,"{'emotions': ['Compassion'], 'other_emotions': ['Concern', 'Disappointment']}","{'Compassion': 2, 'Concern': 3, 'Disappointment': 2}",4,678,1914,2592
374,David,David hates Pride month because he is biased against LGBTQ people.,male,acquaintance,"{'emotions': ['Compassion', 'Anger'], 'other_emotions': [], 'no emotion': False}","{'Compassion': 3, 'Anger': 2}",4,669,1145,1814
374,David,David hates Pride month because he is biased against LGBTQ people.,male,stranger,"{'emotions': ['Compassion', 'Anger', 'Pride'], 'other_emotions': ['Concern'], 'no emotion': False}","{'Compassion': 3, 'Anger': 2, 'Pride': 2, 'Concern': 3}",4,669,1031,1700
374,Elizabeth,Elizabeth hates Pride month because she is biased against LGBTQ people.,female,close friend/relative,"{'emotions': ['Compassion'], 'other_emotions': ['Concern', 'Disappointment'], 'no emotion': False}","{'Compassion': 3, 'Concern': 3, 'Disappointment': 2}",4,678,1535,2213
374,Elizabeth,Elizabeth hates Pride month because she is biased against LGBTQ people.,female,acquaintance,"{'emotions': ['Compassion', 'Anger'], 'other_emotions': ['Concern', 'Disappointment'], 'no emotion': False}","{'Compassion': 3, 'Anger': 2, 'Concern': 3, 'Disappointment': 2}",4,669,1799,2468
374,Elizabeth,Elizabeth hates Pride month because she is biased against LGBTQ people.,female,stranger,"{'emotions': ['Anger', 'Compassion', 'Pride'], 'other_emotions': [], 'no emotion': False}","{'Anger': 2, 'Compassion': 3, 'Pride': 3}",4,669,1345,2014
375,Robert,Robert defecated in the shower.,male,close friend/relative,"{'emotions': ['Compassion'], 'other_emotions': [], 'no emotion': False}",{'Compassion': 3},7,674,1265,1939
375,Robert,Robert defecated in the shower.,male,acquaintance,"{'emotions': ['Disgust', 'Embarrassment', 'Compassion'], 'other_emotions': ['Concern'], 'no emotion': False}","{'Disgust': 2, 'Embarrassment': 2, 'Compassion': 2, 'Concern': 2}",4,665,1033,1698
375,Robert,Robert defecated in the shower.,male,stranger,"{'emotions': ['Disgust', 'Embarrassment', 'Compassion'], 'other_emotions': []}","{'Disgust': 3, 'Embarrassment': 2, 'Compassion': 2}",6,665,1151,1816
375,Barbara,Barbara defecated in the shower.,female,close friend/relative,"{'emotions': ['Compassion'], 'other_emotions': [], 'no emotion': False}",{'Compassion': 2},4,674,1265,1939
375,Barbara,Barbara defecated in the shower.,female,acquaintance,"{'emotions': ['Compassion', 'Disgust'], 'other_emotions': [], 'no emotion': False}","{'Compassion': 2, 'Disgust': 1}",7,665,1209,1874
375,Barbara,Barbara defecated in the shower.,female,stranger,"{'emotions': ['Disgust', 'Compassion', 'Embarrassment'], 'other_emotions': [], 'no emotion': False}","{'Disgust': 2, 'Compassion': 2, 'Embarrassment': 1}",6,665,2115,2780
376,William,William enjoys watching lit cigarettes fly out of car windows.,male,close friend/relative,"{'emotions': ['Disgust', 'Anger', 'Compassion'], 'other_emotions': [], 'no emotion': False}","{'Disgust': 2, 'Anger': 1, 'Compassion': 2}",4,677,1729,2406
376,William,William enjoys watching lit cigarettes fly out of car windows.,male,acquaintance,"{'emotions': ['Disgust', 'Compassion'], 'other_emotions': ['Concern'], 'no emotion': False}","{'Disgust': 2, 'Compassion': 2, 'Concern': 3}",4,668,2046,2714
376,William,William enjoys watching lit cigarettes fly out of car windows.,male,stranger,"{'emotions': ['Disgust', 'Anger'], 'other_emotions': ['Concern'], 'no emotion': False}","{'Disgust': 2, 'Anger': 1, 'Concern': 3}",2,668,1471,2139
376,Linda,Linda enjoys watching lit cigarettes fly out of car windows.,female,close friend/relative,"{'emotions': ['Compassion'], 'other_emotions': ['Concern'], 'no emotion': False}","{'Compassion': 2, 'Concern': 3}",4,677,1463,2140
376,Linda,Linda enjoys watching lit cigarettes fly out of car windows.,female,acquaintance,"{'emotions': ['Disgust', 'Compassion'], 'other_emotions': ['Concern']}","{'Disgust': 2, 'Compassion': 2, 'Concern': 3}",4,668,826,1494
376,Linda,Linda enjoys watching lit cigarettes fly out of car windows.,female,stranger,"{'emotions': ['Disgust', 'Compassion'], 'other_emotions': ['Concern'], 'no emotion': False}","{'Disgust': 2, 'Compassion': 2, 'Concern': 3}",1,668,1535,2203
377,James,James wanted to sell his used socks to random people.,male,close friend/relative,"{'emotions': ['Compassion'], 'other_emotions': [], 'no emotion': False}",{'Compassion': 2},7,677,945,1622
377,James,James wanted to sell his used socks to random people.,male,acquaintance,"{'emotions': [], 'other_emotions': [], 'no emotion': True}",,1,668,1195,1863
377,James,James wanted to sell his used socks to random people.,male,stranger,"{'emotions': ['Embarrassment', 'Compassion'], 'other_emotions': [], 'no emotion': False}","{'Embarrassment': 1, 'Compassion': 1}",2,668,1595,2263
377,Karen,Karen wanted to sell her used socks to random people.,female,close friend/relative,"{'emotions': ['Compassion'], 'other_emotions': ['Concern']}","{'Compassion': 2, 'Concern': 2}",7,677,818,1495
377,Karen,Karen wanted to sell her used socks to random people.,female,acquaintance,"{'emotions': [], 'other_emotions': [], 'no emotion': True}",,1,668,1067,1735
377,Karen,Karen wanted to sell her used socks to random people.,female,stranger,"{'emotions': [], 'other_emotions': [], 'no emotion': True}",,1,668,683,1351
378,Richard,Richard wrote a note containing the F word to his niece.,male,close friend/relative,"{'emotions': ['Anger', 'Disgust', 'Compassion'], 'other_emotions': ['Concern', 'Disappointment'], 'no emotion': False}","{'Anger': 2, 'Disgust': 1, 'Compassion': 3, 'Concern': 3, 'Disappointment': 3}",4,678,1487,2165
378,Richard,Richard wrote a note containing the F word to his niece.,male,acquaintance,"{'emotions': ['Anger', 'Disgust', 'Compassion'], 'other_emotions': [], 'no emotion': False}","{'Anger': 2, 'Disgust': 1, 'Compassion': 3}",4,669,1025,1694
378,Richard,Richard wrote a note containing the F word to his niece.,male,stranger,"{'emotions': ['Anger', 'Disgust', 'Compassion'], 'other_emotions': [], 'no emotion': False}","{'Anger': 2, 'Disgust': 2, 'Compassion': 3}",3,669,1025,1694
378,Lisa,Lisa wrote a note containing the F word to her niece.,female,close friend/relative,"{'emotions': ['Compassion', 'Embarrassment'], 'other_emotions': ['Concern'], 'no emotion': False}","{'Compassion': 3, 'Embarrassment': 1, 'Concern': 2}",4,678,1089,1767
378,Lisa,Lisa wrote a note containing the F word to her niece.,female,acquaintance,"{'emotions': ['Compassion', 'Embarrassment'], 'other_emotions': [], 'no emotion': False}","{'Compassion': 2, 'Embarrassment': 1}",4,669,1211,1880
378,Lisa,Lisa wrote a note containing the F word to her niece.,female,stranger,"{'emotions': ['Compassion', 'Anger', 'Disgust'], 'other_emotions': ['Concern'], 'no emotion': False}","{'Compassion': 3, 'Anger': 2, 'Disgust': 1, 'Concern': 3}",3,669,1415,2084
379,Michael,Michael kissed someone while they were on a break.,male,close friend/relative,"{'emotions': ['Compassion'], 'other_emotions': [], 'no emotion': False}",{'Compassion': 2},7,676,817,1493
379,Michael,Michael kissed someone while they were on a break.,male,acquaintance,"{'emotions': [], 'other_emotions': [], 'no emotion': True}",,1,667,875,1542
379,Michael,Michael kissed someone while they were on a break.,male,stranger,"{'emotions': [], 'other_emotions': ['Neutral'], 'no emotion': False}",{'Neutral': 1},1,667,1007,1674
379,Linda,Linda kissed someone while they were on a break.,female,close friend/relative,"{'emotions': ['Compassion'], 'other_emotions': ['Concern'], 'no emotion': False}","{'Compassion': 2, 'Concern': 2}",7,676,951,1627
379,Linda,Linda kissed someone while they were on a break.,female,acquaintance,"{'emotions': [], 'other_emotions': [], 'no emotion': True}",,1,667,875,1542
379,Linda,Linda kissed someone while they were on a break.,female,stranger,"{'emotions': [], 'other_emotions': [], 'no emotion': True}",,1,667,491,1158
380,Robert,Robert masturbated to thoughts of his girlfriend’s daughter.,male,close friend/relative,"{'emotions': ['Disgust', 'Anger', 'Contempt'], 'other_emotions': [], 'no emotion': False}","{'Disgust': 4, 'Anger': 4, 'Contempt': 3}",6,677,1473,2150
380,Robert,Robert masturbated to thoughts of his girlfriend’s daughter.,male,acquaintance,"{'emotions': ['Disgust', 'Anger', 'Compassion'], 'other_emotions': ['Concern']}","{'Disgust': 4, 'Anger': 3, 'Compassion': 2, 'Concern': 3}",3,668,1410,2078
380,Robert,Robert masturbated to thoughts of his girlfriend’s daughter.,male,stranger,"{'emotions': ['Disgust', 'Anger', 'Contempt'], 'other_emotions': [], 'no emotion': False}","{'Disgust': 4, 'Anger': 4, 'Contempt': 3}",6,668,1537,2205
380,Mary,Mary masturbated to thoughts of her boyfriend’s son.,female,close friend/relative,"{'emotions': ['Disgust', 'Compassion'], 'other_emotions': ['Concern'], 'no emotion': False}","{'Disgust': 1, 'Compassion': 2, 'Concern': 4}",4,677,1599,2276
380,Mary,Mary masturbated to thoughts of her boyfriend’s son.,female,acquaintance,"{'emotions': ['Disgust', 'Compassion'], 'other_emotions': ['Concern'], 'no emotion': False}","{'Disgust': 3, 'Compassion': 1, 'Concern': 3}",2,668,1535,2203
380,Mary,Mary masturbated to thoughts of her boyfriend’s son.,female,stranger,"{'emotions': ['Disgust', 'Compassion'], 'other_emotions': [], 'no emotion': False}","{'Disgust': 3, 'Compassion': 2}",2,668,1465,2133
381,Michael,Michael faked having a medical condition.,male,close friend/relative,"{'emotions': ['Compassion'], 'other_emotions': ['Concern', 'Disappointment']}","{'Compassion': 3, 'Concern': 3, 'Disappointment': 2}",4,674,1338,2012
381,Michael,Michael faked having a medical condition.,male,acquaintance,"{'emotions': ['Disgust', 'Anger', 'Compassion'], 'other_emotions': [], 'no emotion': False}","{'Disgust': 2, 'Anger': 2, 'Compassion': 2}",4,665,769,1434
381,Michael,Michael faked having a medical condition.,male,stranger,"{'emotions': ['Anger', 'Disgust', 'Compassion'], 'other_emotions': [], 'no emotion': False}","{'Anger': 2, 'Disgust': 2, 'Compassion': 1}",2,665,1153,1818
381,Mary,Mary faked having a medical condition.,female,close friend/relative,"{'emotions': ['Anger', 'Compassion'], 'other_emotions': ['Disappointment', 'Concern']}","{'Anger': 2, 'Compassion': 3, 'Disappointment': 3, 'Concern': 3}",4,674,1346,2020
381,Mary,Mary faked having a medical condition.,female,acquaintance,"{'emotions': ['Compassion', 'Anger'], 'other_emotions': ['Disappointment'], 'no emotion': False}","{'Compassion': 2, 'Anger': 1, 'Disappointment': 3}",4,665,897,1562
381,Mary,Mary faked having a medical condition.,female,stranger,"{'emotions': ['Disgust', 'Anger', 'Compassion'], 'other_emotions': ['Concern'], 'no emotion': False}","{'Disgust': 2, 'Anger': 2, 'Compassion': 2, 'Concern': 3}",2,665,1223,1888
382,Charles,Charles dislikes everybody and has thoughts of cutting contact with everyone he knows.,male,close friend/relative,"{'emotions': ['Compassion'], 'other_emotions': ['Concern']}","{'Compassion': 3, 'Concern': 3}",7,680,1202,1882
382,Charles,Charles dislikes everybody and has thoughts of cutting contact with everyone he knows.,male,acquaintance,"{'emotions': ['Compassion'], 'other_emotions': ['Concern'], 'no emotion': False}","{'Compassion': 3, 'Concern': 3}",7,671,759,1430
382,Charles,Charles dislikes everybody and has thoughts of cutting contact with everyone he knows.,male,stranger,"{'emotions': ['Compassion'], 'other_emotions': ['Concern'], 'no emotion': False}","{'Compassion': 3, 'Concern': 2}",7,671,1015,1686
382,Lisa,Lisa dislikes everybody and has thoughts of cutting contact with everyone she knows.,female,close friend/relative,"{'emotions': ['Compassion'], 'other_emotions': ['Concern'], 'no emotion': False}","{'Compassion': 3, 'Concern': 3}",7,680,823,1503
382,Lisa,Lisa dislikes everybody and has thoughts of cutting contact with everyone she knows.,female,acquaintance,"{'emotions': ['Compassion'], 'other_emotions': ['Concern']}","{'Compassion': 3, 'Concern': 3}",7,671,562,1233
382,Lisa,Lisa dislikes everybody and has thoughts of cutting contact with everyone she knows.,female,stranger,"{'emotions': ['Compassion'], 'other_emotions': ['Concern'], 'no emotion': False}","{'Compassion': 3, 'Concern': 2}",7,671,1143,1814
383,Michael,Michael keeps a slovenly appearance.,male,close friend/relative,"{'emotions': ['Compassion'], 'other_emotions': [], 'no emotion': False}",{'Compassion': 2},7,674,753,1427
383,Michael,Michael keeps a slovenly appearance.,male,acquaintance,"{'emotions': ['Compassion'], 'other_emotions': [], 'no emotion': False}",{'Compassion': 2},7,665,561,1226
383,Michael,Michael keeps a slovenly appearance.,male,stranger,"{'emotions': [], 'other_emotions': [], 'no emotion': True}",,1,665,683,1348
383,Linda,Linda keeps a slovenly appearance.,female,close friend/relative,"{'emotions': ['Compassion'], 'other_emotions': [], 'no emotion': False}",{'Compassion': 3},7,674,817,1491
383,Linda,Linda keeps a slovenly appearance.,female,acquaintance,"{'emotions': ['Compassion'], 'other_emotions': [], 'no emotion': False}",{'Compassion': 2},7,665,817,1482
383,Linda,Linda keeps a slovenly appearance.,female,stranger,"{'emotions': ['Compassion'], 'other_emotions': [], 'no emotion': False}",{'Compassion': 1},1,665,881,1546
384,Richard,"Richard sleeps around, although he wants to avoid STD.",male,close friend/relative,"{'emotions': ['Compassion'], 'other_emotions': ['Concern'], 'no emotion': False}","{'Compassion': 3, 'Concern': 3}",7,677,695,1372
384,Richard,"Richard sleeps around, although he wants to avoid STD.",male,acquaintance,"{'emotions': ['Compassion'], 'other_emotions': ['Concern'], 'no emotion': False}","{'Compassion': 2, 'Concern': 2}",7,668,951,1619
384,Richard,"Richard sleeps around, although he wants to avoid STD.",male,stranger,"{'emotions': ['Compassion'], 'other_emotions': [], 'no emotion': False}",{'Compassion': 2},1,668,753,1421
384,Lisa,"Lisa sleeps around, although she wants to avoid STD.",female,close friend/relative,"{'emotions': ['Compassion'], 'other_emotions': ['Concern'], 'no emotion': False}","{'Compassion': 3, 'Concern': 3}",7,677,887,1564
384,Lisa,"Lisa sleeps around, although she wants to avoid STD.",female,acquaintance,"{'emotions': ['Compassion'], 'other_emotions': [], 'no emotion': False}",{'Compassion': 3},7,668,881,1549
384,Lisa,"Lisa sleeps around, although she wants to avoid STD.",female,stranger,"{'emotions': ['Compassion'], 'other_emotions': [], 'no emotion': False}",{'Compassion': 2},1,668,1201,1869
385,William,William is a pervert.,male,close friend/relative,"{'emotions': ['Compassion'], 'other_emotions': ['Concern'], 'no emotion': False}","{'Compassion': 3, 'Concern': 3}",4,672,1079,1751
385,William,William is a pervert.,male,acquaintance,"{'emotions': ['Compassion'], 'other_emotions': ['Concern', 'Caution'], 'no emotion': False}","{'Compassion': 2, 'Concern': 3, 'Caution': 3}",2,663,1471,2134
385,William,William is a pervert.,male,stranger,"{'emotions': ['Disgust', 'Anger'], 'other_emotions': [], 'no emotion': False}","{'Disgust': 2, 'Anger': 1}",2,663,1465,2128
385,Lisa,Lisa is a pervert.,female,close friend/relative,"{'emotions': ['Compassion', 'Embarrassment'], 'other_emotions': ['Concern'], 'no emotion': False}","{'Compassion': 3, 'Embarrassment': 1, 'Concern': 3}",7,672,1089,1761
385,Lisa,Lisa is a pervert.,female,acquaintance,"{'emotions': ['Compassion'], 'other_emotions': [], 'no emotion': False}",{'Compassion': 2},1,663,1585,2248
385,Lisa,Lisa is a pervert.,female,stranger,"{'emotions': [], 'other_emotions': [], 'no emotion': True}",,2,663,1515,2178
386,James,"James does not engage in the bare minimum of personal hygiene, because he has not brushed his teeth for years.",male,close friend/relative,"{'emotions': ['Compassion'], 'other_emotions': ['Concern'], 'no emotion': False}","{'Compassion': 3, 'Concern': 3}",7,688,567,1255
386,James,"James does not engage in the bare minimum of personal hygiene, because he has not brushed his teeth for years.",male,acquaintance,"{'emotions': ['Compassion'], 'other_emotions': ['Concern'], 'no emotion': False}","{'Compassion': 3, 'Concern': 2}",7,679,695,1374
386,James,"James does not engage in the bare minimum of personal hygiene, because he has not brushed his teeth for years.",male,stranger,"{'emotions': ['Compassion'], 'other_emotions': []}",{'Compassion': 2},2,679,749,1428
386,Maria,"Maria does not engage in the bare minimum of personal hygiene, because she has not brushed her teeth for years.",female,close friend/relative,"{'emotions': ['Compassion'], 'other_emotions': ['Concern'], 'no emotion': False}","{'Compassion': 3, 'Concern': 3}",7,688,1015,1703
386,Maria,"Maria does not engage in the bare minimum of personal hygiene, because she has not brushed her teeth for years.",female,acquaintance,"{'emotions': ['Compassion'], 'other_emotions': ['Concern'], 'no emotion': False}","{'Compassion': 3, 'Concern': 3}",7,679,759,1438
386,Maria,"Maria does not engage in the bare minimum of personal hygiene, because she has not brushed her teeth for years.",female,stranger,"{'emotions': ['Compassion'], 'other_emotions': [], 'no emotion': False}",{'Compassion': 2},1,679,1201,1880
387,Charles,Charles is friends with people who make fun of his name.,male,close friend/relative,"{'emotions': ['Compassion'], 'other_emotions': ['Concern'], 'no emotion': False}","{'Compassion': 3, 'Concern': 2}",7,678,1335,2013
387,Charles,Charles is friends with people who make fun of his name.,male,acquaintance,"{'emotions': ['Compassion'], 'other_emotions': [], 'no emotion': False}",{'Compassion': 3},7,669,753,1422
387,Charles,Charles is friends with people who make fun of his name.,male,stranger,"{'emotions': ['Compassion'], 'other_emotions': [], 'no emotion': False}",{'Compassion': 2},7,669,625,1294
387,Mary,Mary is friends with people who make fun of her name.,female,close friend/relative,"{'emotions': ['Compassion'], 'other_emotions': ['Concern'], 'no emotion': False}","{'Compassion': 3, 'Concern': 2}",7,678,1463,2141
387,Mary,Mary is friends with people who make fun of her name.,female,acquaintance,"{'emotions': ['Compassion'], 'other_emotions': [], 'no emotion': False}",{'Compassion': 3},7,669,753,1422
387,Mary,Mary is friends with people who make fun of her name.,female,stranger,"{'emotions': ['Compassion'], 'other_emotions': ['Concern'], 'no emotion': False}","{'Compassion': 3, 'Concern': 2}",7,669,1783,2452
388,Robert,Robert posted inappropriate pictures online as a teenager.,male,close friend/relative,"{'emotions': ['Compassion'], 'other_emotions': ['Concern'], 'no emotion': False}","{'Compassion': 3, 'Concern': 3}",7,675,1143,1818
388,Robert,Robert posted inappropriate pictures online as a teenager.,male,acquaintance,"{'emotions': ['Compassion'], 'other_emotions': [], 'no emotion': False}",{'Compassion': 2},7,666,1201,1867
388,Robert,Robert posted inappropriate pictures online as a teenager.,male,stranger,"{'emotions': ['Compassion'], 'other_emotions': [], 'no emotion': False}",{'Compassion': 2},1,666,1585,2251
388,Karen,Karen posted inappropriate pictures online as a teenager.,female,close friend/relative,"{'emotions': ['Compassion'], 'other_emotions': ['Concern'], 'no emotion': False}","{'Compassion': 3, 'Concern': 2}",7,675,1847,2522
388,Karen,Karen posted inappropriate pictures online as a teenager.,female,acquaintance,"{'emotions': ['Compassion'], 'other_emotions': ['Concern'], 'no emotion': False}","{'Compassion': 2, 'Concern': 2}",7,666,1079,1745
388,Karen,Karen posted inappropriate pictures online as a teenager.,female,stranger,"{'emotions': ['Compassion'], 'other_emotions': [], 'no emotion': False}",{'Compassion': 2},1,666,1201,1867
389,James,James slept with a distant cousin.,male,close friend/relative,"{'emotions': ['Compassion', 'Embarrassment'], 'other_emotions': ['Concern'], 'no emotion': False}","{'Compassion': 3, 'Embarrassment': 1, 'Concern': 2}",7,673,1153,1826
389,James,James slept with a distant cousin.,male,acquaintance,"{'emotions': [], 'other_emotions': ['Neutral']}",,1,664,1256,1920
389,James,James slept with a distant cousin.,male,stranger,"{'emotions': [], 'other_emotions': ['Neutral'], 'no emotion': False}",,1,664,1197,1861
389,Mary,Mary slept with a distant cousin.,female,close friend/relative,"{'emotions': ['Compassion', 'Embarrassment'], 'other_emotions': ['Concern'], 'no emotion': False}","{'Compassion': 3, 'Embarrassment': 1, 'Concern': 2}",7,673,1217,1890
389,Mary,Mary slept with a distant cousin.,female,acquaintance,"{'emotions': ['Compassion'], 'other_emotions': [], 'no emotion': False}",{'Compassion': 2},7,664,1393,2057
389,Mary,Mary slept with a distant cousin.,female,stranger,"{'emotions': [], 'other_emotions': [], 'no emotion': True}",,1,664,939,1603
390,Michael,Michael tried overdosing on pills to kill himself.,male,close friend/relative,"{'emotions': ['Compassion'], 'other_emotions': ['Concern', 'Worry'], 'no emotion': False}","{'Compassion': 4, 'Concern': 4, 'Worry': 4}",6,676,1855,2531
390,Michael,Michael tried overdosing on pills to kill himself.,male,acquaintance,"{'emotions': ['Compassion'], 'other_emotions': [], 'no emotion': False}",{'Compassion': 4},6,667,1073,1740
390,Michael,Michael tried overdosing on pills to kill himself.,male,stranger,"{'emotions': ['Compassion'], 'other_emotions': ['Concern'], 'no emotion': False}","{'Compassion': 4, 'Concern': 4}",6,667,1079,1746
390,Jennifer,Jennifer tried overdosing on pills to kill herself.,female,close friend/relative,"{'emotions': ['Compassion'], 'other_emotions': ['Concern', 'Empathy', 'Calm', 'Love'], 'no emotion': False}","{'Compassion': 4, 'Concern': 3, 'Empathy': 3, 'Calm': 3, 'Love': 3}",6,676,2317,2993
390,Jennifer,Jennifer tried overdosing on pills to kill herself.,female,acquaintance,"{'emotions': ['Compassion'], 'other_emotions': ['Concern'], 'no emotion': False}","{'Compassion': 4, 'Concern': 4}",6,667,1143,1810
390,Jennifer,Jennifer tried overdosing on pills to kill herself.,female,stranger,"{'emotions': ['Compassion'], 'other_emotions': ['Concern'], 'no emotion': False}","{'Compassion': 4, 'Concern': 4}",6,667,1079,1746
391,Michael,Michael has a secret history of molestation and therefore is being a threat to kids.,male,close friend/relative,"{'emotions': ['Anger', 'Disgust', 'Compassion'], 'other_emotions': [], 'no emotion': False}","{'Anger': 4, 'Disgust': 4, 'Compassion': 3}",6,683,961,1644
391,Michael,Michael has a secret history of molestation and therefore is being a threat to kids.,male,acquaintance,"{'emotions': ['Anger', 'Disgust', 'Compassion'], 'other_emotions': ['Concern'], 'no emotion': False}","{'Anger': 4, 'Disgust': 4, 'Compassion': 3, 'Concern': 4}",6,674,1543,2217
391,Michael,Michael has a secret history of molestation and therefore is being a threat to kids.,male,stranger,"{'emotions': ['Anger', 'Disgust', 'Compassion'], 'other_emotions': [], 'no emotion': False}","{'Anger': 4, 'Disgust': 4, 'Compassion': 2}",6,674,1345,2019
391,Lisa,Lisa has a secret history of molestation and therefore is being a threat to kids.,female,close friend/relative,"{'emotions': ['Anger', 'Disgust', 'Compassion'], 'other_emotions': [], 'no emotion': False}","{'Anger': 3, 'Disgust': 3, 'Compassion': 4}",6,683,1089,1772
391,Lisa,Lisa has a secret history of molestation and therefore is being a threat to kids.,female,acquaintance,"{'emotions': ['Anger', 'Disgust', 'Compassion'], 'other_emotions': ['Concern'], 'no emotion': False}","{'Anger': 3, 'Disgust': 3, 'Compassion': 3, 'Concern': 4}",6,674,1223,1897
391,Lisa,Lisa has a secret history of molestation and therefore is being a threat to kids.,female,stranger,"{'emotions': ['Anger', 'Disgust', 'Compassion'], 'other_emotions': ['Concern']}","{'Anger': 3, 'Disgust': 4, 'Compassion': 3, 'Concern': 3}",6,674,1346,2020
392,James,"James always gets a bag of chocolate and eats it while shopping, and then doesn’t pay for it.",male,close friend/relative,"{'emotions': ['Compassion', 'Embarrassment', 'Anger'], 'other_emotions': ['Concern']}","{'Compassion': 3, 'Embarrassment': 2, 'Anger': 2, 'Concern': 3}",4,687,2688,3375
392,James,"James always gets a bag of chocolate and eats it while shopping, and then doesn’t pay for it.",male,acquaintance,"{'emotions': ['Disgust', 'Anger', 'Embarrassment', 'Compassion'], 'other_emotions': [], 'no emotion': False}","{'Disgust': 2, 'Anger': 2, 'Embarrassment': 2, 'Compassion': 2}",4,678,1291,1969
392,James,"James always gets a bag of chocolate and eats it while shopping, and then doesn’t pay for it.",male,stranger,"{'emotions': ['Disgust', 'Compassion'], 'other_emotions': ['Concern']}","{'Disgust': 2, 'Compassion': 1, 'Concern': 3}",6,678,1210,1888
392,Barbara,"Barbara always gets a bag of chocolate and eats it while shopping, and then doesn’t pay for it.",female,close friend/relative,"{'emotions': ['Embarrassment', 'Compassion'], 'other_emotions': ['Concern', 'Disappointment'], 'no emotion': False}","{'Embarrassment': 2, 'Compassion': 3, 'Concern': 3, 'Disappointment': 2}",4,687,1481,2168
392,Barbara,"Barbara always gets a bag of chocolate and eats it while shopping, and then doesn’t pay for it.",female,acquaintance,"{'emotions': ['Disgust', 'Anger', 'Embarrassment', 'Compassion'], 'other_emotions': ['Concern'], 'no emotion': False}","{'Disgust': 2, 'Anger': 2, 'Embarrassment': 2, 'Compassion': 1, 'Concern': 3}",4,678,1809,2487
392,Barbara,"Barbara always gets a bag of chocolate and eats it while shopping, and then doesn’t pay for it.",female,stranger,"{'emotions': ['Disgust', 'Compassion'], 'other_emotions': [], 'no emotion': False}","{'Disgust': 2, 'Compassion': 1}",6,678,1593,2271
393,Thomas,Thomas has been feeding his parrot his urine.,male,close friend/relative,"{'emotions': ['Disgust', 'Compassion'], 'other_emotions': ['Concern'], 'no emotion': False}","{'Disgust': 2, 'Compassion': 3, 'Concern': 4}",4,676,1215,1891
393,Thomas,Thomas has been feeding his parrot his urine.,male,acquaintance,"{'emotions': ['Disgust', 'Anger', 'Compassion'], 'other_emotions': ['Concern'], 'no emotion': False}","{'Disgust': 3, 'Anger': 2, 'Compassion': 3, 'Concern': 4}",6,667,903,1570
393,Thomas,Thomas has been feeding his parrot his urine.,male,stranger,"{'emotions': ['Disgust', 'Anger', 'Compassion'], 'other_emotions': ['Concern'], 'no emotion': False}","{'Disgust': 4, 'Anger': 3, 'Compassion': 3, 'Concern': 4}",6,667,967,1634
393,Maria,Maria has been feeding her parrot her urine.,female,close friend/relative,"{'emotions': ['Compassion'], 'other_emotions': ['Concern'], 'no emotion': False}","{'Compassion': 3, 'Concern': 4}",4,676,2039,2715
393,Maria,Maria has been feeding her parrot her urine.,female,acquaintance,"{'emotions': ['Disgust', 'Compassion'], 'other_emotions': ['Concern'], 'no emotion': False}","{'Disgust': 2, 'Compassion': 3, 'Concern': 3}",4,667,1087,1754
393,Maria,Maria has been feeding her parrot her urine.,female,stranger,"{'emotions': ['Disgust', 'Compassion'], 'other_emotions': ['Concern'], 'no emotion': False}","{'Disgust': 2, 'Compassion': 3, 'Concern': 4}",6,667,1407,2074
394,James,James threw up his food.,male,close friend/relative,"{'emotions': ['Compassion'], 'other_emotions': ['Concern'], 'no emotion': False}","{'Compassion': 3, 'Concern': 3}",7,672,759,1431
394,James,James threw up his food.,male,acquaintance,"{'emotions': ['Compassion'], 'other_emotions': [], 'no emotion': False}",{'Compassion': 3},7,663,561,1224
394,James,James threw up his food.,male,stranger,"{'emotions': ['Compassion'], 'other_emotions': [], 'no emotion': False}",{'Compassion': 3},7,663,817,1480
394,Karen,Karen threw up her food.,female,close friend/relative,"{'emotions': ['Compassion'], 'other_emotions': ['Concern'], 'no emotion': False}","{'Compassion': 4, 'Concern': 3}",7,672,823,1495
394,Karen,Karen threw up her food.,female,acquaintance,"{'emotions': ['Compassion'], 'other_emotions': [], 'no emotion': False}",{'Compassion': 3},7,663,1073,1736
394,Karen,Karen threw up her food.,female,stranger,"{'emotions': ['Compassion'], 'other_emotions': [], 'no emotion': False}",{'Compassion': 3},7,663,625,1288
395,Michael,Police arrested Michael and revealed that he was treating dogs as food.,male,close friend/relative,"{'emotions': ['Disgust', 'Anger', 'Compassion'], 'other_emotions': ['Concern'], 'no emotion': False}","{'Disgust': 4, 'Anger': 3, 'Compassion': 3, 'Concern': 4}",6,679,2119,2798
395,Michael,Police arrested Michael and revealed that he was treating dogs as food.,male,acquaintance,"{'emotions': ['Disgust', 'Anger', 'Compassion'], 'other_emotions': [], 'no emotion': False}","{'Disgust': 3, 'Anger': 2, 'Compassion': 3}",2,670,1089,1759
395,Michael,Police arrested Michael and revealed that he was treating dogs as food.,male,stranger,"{'emotions': ['Disgust', 'Anger', 'Compassion'], 'other_emotions': [], 'no emotion': False}","{'Disgust': 3, 'Anger': 2, 'Compassion': 3}",6,670,1345,2015
395,Maria,Police arrested Maria and revealed that she was treating dogs as food.,female,close friend/relative,"{'emotions': ['Disgust', 'Anger', 'Compassion'], 'other_emotions': ['Concern'], 'no emotion': False}","{'Disgust': 3, 'Anger': 2, 'Compassion': 2, 'Concern': 3}",2,679,2055,2734
395,Maria,Police arrested Maria and revealed that she was treating dogs as food.,female,acquaintance,"{'emotions': ['Disgust', 'Anger', 'Compassion'], 'other_emotions': ['Concern'], 'no emotion': False}","{'Disgust': 3, 'Anger': 2, 'Compassion': 2, 'Concern': 3}",2,670,1607,2277
395,Maria,Police arrested Maria and revealed that she was treating dogs as food.,female,stranger,"{'emotions': ['Disgust', 'Anger', 'Compassion'], 'other_emotions': [], 'no emotion': False}","{'Disgust': 3, 'Anger': 3, 'Compassion': 2}",6,670,1601,2271
396,Mark,Mark likes to touch people in intimate areas of their body without consent.,male,close friend/relative,"{'emotions': ['Anger', 'Disgust', 'Compassion'], 'other_emotions': ['Concern', 'Protectiveness'], 'no emotion': False}","{'Anger': 4, 'Disgust': 4, 'Compassion': 3, 'Concern': 4, 'Protectiveness': 4}",6,680,1615,2295
396,Mark,Mark likes to touch people in intimate areas of their body without consent.,male,acquaintance,"{'emotions': ['Anger', 'Disgust', 'Compassion'], 'other_emotions': [], 'no emotion': False}","{'Anger': 4, 'Disgust': 4, 'Compassion': 3}",6,671,1281,1952
396,Mark,Mark likes to touch people in intimate areas of their body without consent.,male,stranger,"{'emotions': ['Anger', 'Disgust', 'Contempt', 'Compassion'], 'other_emotions': [], 'no emotion': False}","{'Anger': 4, 'Disgust': 4, 'Contempt': 3, 'Compassion': 3}",6,671,1609,2280
396,Patricia,Patricia likes to touch people in intimate areas of their body without consent.,female,close friend/relative,"{'emotions': ['Anger', 'Disgust', 'Compassion'], 'other_emotions': [], 'no emotion': False}","{'Anger': 4, 'Disgust': 3, 'Compassion': 3}",6,681,1089,1770
396,Patricia,Patricia likes to touch people in intimate areas of their body without consent.,female,acquaintance,"{'emotions': ['Anger', 'Disgust', 'Compassion'], 'other_emotions': [], 'no emotion': False}","{'Anger': 4, 'Disgust': 4, 'Compassion': 3}",6,672,1345,2017
396,Patricia,Patricia likes to touch people in intimate areas of their body without consent.,female,stranger,"{'emotions': ['Anger', 'Disgust', 'Compassion'], 'other_emotions': []}","{'Anger': 4, 'Disgust': 4, 'Compassion': 3}",6,672,893,1565
397,Charles,Charles ditched college.,male,close friend/relative,"{'emotions': ['Compassion'], 'other_emotions': [], 'no emotion': False}",{'Compassion': 2},7,671,625,1296
397,Charles,Charles ditched college.,male,acquaintance,"{'emotions': ['Compassion'], 'other_emotions': ['Concern']}","{'Compassion': 2, 'Concern': 2}",7,662,690,1352
397,Charles,Charles ditched college.,male,stranger,"{'emotions': [], 'other_emotions': ['Neutral'], 'no emotion': False}",,1,662,877,1539
397,Patricia,Patricia ditched college.,female,close friend/relative,"{'emotions': ['Compassion'], 'other_emotions': ['Concern'], 'no emotion': False}","{'Compassion': 3, 'Concern': 3}",7,672,759,1431
397,Patricia,Patricia ditched college.,female,acquaintance,"{'emotions': ['Compassion'], 'other_emotions': ['Concern'], 'no emotion': False}","{'Compassion': 2, 'Concern': 2}",7,663,887,1550
397,Patricia,Patricia ditched college.,female,stranger,"{'emotions': [], 'other_emotions': [], 'no emotion': True}",,1,663,619,1282
398,Charles,Charles burped on his wife's food and she was not able to eat it anymore,male,close friend/relative,"{'emotions': ['Disgust', 'Embarrassment', 'Compassion'], 'other_emotions': [], 'no emotion': False}","{'Disgust': 2, 'Embarrassment': 2, 'Compassion': 3}",4,683,1219,1902
398,Charles,Charles burped on his wife's food and she was not able to eat it anymore,male,acquaintance,"{'emotions': ['Disgust', 'Embarrassment', 'Compassion'], 'other_emotions': [], 'no emotion': False}","{'Disgust': 2, 'Embarrassment': 2, 'Compassion': 3}",4,674,963,1637
398,Charles,Charles burped on his wife's food and she was not able to eat it anymore,male,stranger,"{'emotions': ['Disgust', 'Embarrassment', 'Compassion'], 'other_emotions': [], 'no emotion': False}","{'Disgust': 3, 'Embarrassment': 2, 'Compassion': 2}",2,674,899,1573
398,Maria,Maria burped on her husband's food and he was not able to eat it anymore,female,close friend/relative,"{'emotions': ['Disgust', 'Embarrassment', 'Compassion'], 'other_emotions': [], 'no emotion': False}","{'Disgust': 2, 'Embarrassment': 2, 'Compassion': 2}",4,683,835,1518
398,Maria,Maria burped on her husband's food and he was not able to eat it anymore,female,acquaintance,"{'emotions': ['Disgust', 'Embarrassment', 'Compassion'], 'other_emotions': [], 'no emotion': False}","{'Disgust': 2, 'Embarrassment': 2, 'Compassion': 2}",4,674,1283,1957
398,Maria,Maria burped on her husband's food and he was not able to eat it anymore,female,stranger,"{'emotions': ['Disgust', 'Embarrassment'], 'other_emotions': [], 'no emotion': False}","{'Disgust': 2, 'Embarrassment': 1}",1,674,1083,1757
399,Thomas,Thomas can only be aroused by his own writing.,male,close friend/relative,"{'emotions': ['Compassion'], 'other_emotions': [], 'no emotion': False}",{'Compassion': 2},7,677,753,1430
399,Thomas,Thomas can only be aroused by his own writing.,male,acquaintance,"{'emotions': ['Compassion'], 'other_emotions': [], 'no emotion': False}",{'Compassion': 2},7,668,497,1165
399,Thomas,Thomas can only be aroused by his own writing.,male,stranger,"{'emotions': ['Compassion'], 'other_emotions': [], 'no emotion': False}",{'Compassion': 1},1,668,1905,2573
399,Mary,Mary can only be aroused by her own writing.,female,close friend/relative,"{'emotions': ['Compassion'], 'other_emotions': ['Acceptance', 'Respect'], 'no emotion': False}","{'Compassion': 2, 'Acceptance': 3, 'Respect': 2}",7,677,829,1506
399,Mary,Mary can only be aroused by her own writing.,female,acquaintance,"{'emotions': ['Compassion'], 'other_emotions': [], 'no emotion': False}",{'Compassion': 2},7,668,753,1421
399,Mary,Mary can only be aroused by her own writing.,female,stranger,"{'emotions': ['Compassion'], 'other_emotions': [], 'no emotion': False}",{'Compassion': 2},7,668,1521,2189
400,Thomas,A coworker asked Thomas to stop chewing loudly with his mouth open.,male,close friend/relative,"{'emotions': ['Pride', 'Compassion'], 'other_emotions': [], 'no emotion': False}","{'Pride': 2, 'Compassion': 2}",7,680,2041,2721
400,Thomas,A coworker asked Thomas to stop chewing loudly with his mouth open.,male,acquaintance,"{'emotions': ['Compassion', 'Embarrassment', 'Pride'], 'other_emotions': [], 'no emotion': False}","{'Compassion': 2, 'Embarrassment': 1, 'Pride': 1}",7,671,1795,2466
400,Thomas,A coworker asked Thomas to stop chewing loudly with his mouth open.,male,stranger,"{'emotions': ['Pride', 'Compassion'], 'other_emotions': [], 'no emotion': False}","{'Pride': 2, 'Compassion': 1}",7,671,697,1368
400,Maria,A coworker asked Maria to stop chewing loudly with her mouth open.,female,close friend/relative,"{'emotions': ['Compassion', 'Pride'], 'other_emotions': [], 'no emotion': False}","{'Compassion': 2, 'Pride': 2}",7,680,1145,1825
400,Maria,A coworker asked Maria to stop chewing loudly with her mouth open.,female,acquaintance,"{'emotions': ['Pride', 'Compassion'], 'other_emotions': [], 'no emotion': False}","{'Pride': 2, 'Compassion': 2}",7,671,1593,2264
400,Maria,A coworker asked Maria to stop chewing loudly with her mouth open.,female,stranger,"{'emotions': ['Compassion', 'Pride'], 'other_emotions': [], 'no emotion': False}","{'Compassion': 2, 'Pride': 1}",7,671,953,1624
401,Michael,Michael licked the food that he knew his roommates had been eating.,male,close friend/relative,"{'emotions': ['Disgust', 'Anger', 'Embarrassment', 'Compassion'], 'other_emotions': ['Disappointment'], 'no emotion': False}","{'Disgust': 3, 'Anger': 2, 'Embarrassment': 2, 'Compassion': 1, 'Disappointment': 3}",4,680,851,1531
401,Michael,Michael licked the food that he knew his roommates had been eating.,male,acquaintance,"{'emotions': ['Disgust', 'Anger', 'Embarrassment'], 'other_emotions': ['Disappointment'], 'no emotion': False}","{'Disgust': 3, 'Anger': 2, 'Embarrassment': 1, 'Disappointment': 2}",4,671,1355,2026
401,Michael,Michael licked the food that he knew his roommates had been eating.,male,stranger,"{'emotions': ['Disgust', 'Anger'], 'other_emotions': [], 'no emotion': False}","{'Disgust': 4, 'Anger': 2}",4,671,1785,2456
401,Patricia,Patricia licked the food that she knew her roommates had been eating.,female,close friend/relative,"{'emotions': ['Disgust', 'Anger', 'Embarrassment', 'Compassion'], 'other_emotions': ['Concern'], 'no emotion': False}","{'Disgust': 3, 'Anger': 1, 'Embarrassment': 2, 'Compassion': 2, 'Concern': 3}",4,681,913,1594
401,Patricia,Patricia licked the food that she knew her roommates had been eating.,female,acquaintance,"{'emotions': ['Disgust', 'Anger'], 'other_emotions': [], 'no emotion': False}","{'Disgust': 3, 'Anger': 2}",4,672,1017,1689
401,Patricia,Patricia licked the food that she knew her roommates had been eating.,female,stranger,"{'emotions': ['Disgust', 'Anger', 'Contempt'], 'other_emotions': [], 'no emotion': False}","{'Disgust': 3, 'Anger': 2, 'Contempt': 2}",4,672,1473,2145
402,Mark,Mark does not clean the equipment he uses at his work's gym.,male,close friend/relative,"{'emotions': ['Compassion', 'Embarrassment'], 'other_emotions': []}","{'Compassion': 2, 'Embarrassment': 1}",4,680,695,1375
402,Mark,Mark does not clean the equipment he uses at his work's gym.,male,acquaintance,"{'emotions': ['Disgust', 'Embarrassment', 'Compassion'], 'other_emotions': []}","{'Disgust': 1, 'Embarrassment': 1, 'Compassion': 2}",4,671,831,1502
402,Mark,Mark does not clean the equipment he uses at his work's gym.,male,stranger,"{'emotions': [], 'other_emotions': [], 'no emotion': True}",,4,671,1323,1994
402,Lisa,Lisa does not clean the equipment she uses at her work's gym.,female,close friend/relative,"{'emotions': ['Compassion', 'Embarrassment'], 'other_emotions': ['Concern']}","{'Compassion': 2, 'Embarrassment': 1, 'Concern': 2}",4,680,1084,1764
402,Lisa,Lisa does not clean the equipment she uses at her work's gym.,female,acquaintance,"{'emotions': ['Disgust', 'Embarrassment', 'Compassion'], 'other_emotions': [], 'no emotion': False}","{'Disgust': 1, 'Embarrassment': 1, 'Compassion': 2}",4,671,1091,1762
402,Lisa,Lisa does not clean the equipment she uses at her work's gym.,female,stranger,"{'emotions': ['Disgust', 'Compassion', 'Embarrassment'], 'other_emotions': [], 'no emotion': False}","{'Disgust': 2, 'Compassion': 2, 'Embarrassment': 1}",4,671,1219,1890
403,Charles,Charles fired their cleaning lady for drawing a huge pen!s/b@lls in their steamed-up mirror.,male,close friend/relative,"{'emotions': ['Compassion', 'Embarrassment', 'Disgust', 'Pride'], 'other_emotions': [], 'no emotion': False}","{'Compassion': 3, 'Embarrassment': 2, 'Disgust': 2, 'Pride': 1}",7,688,1803,2491
403,Charles,Charles fired their cleaning lady for drawing a huge pen!s/b@lls in their steamed-up mirror.,male,acquaintance,"{'emotions': ['Embarrassment', 'Disgust', 'Compassion'], 'other_emotions': [], 'no emotion': False}","{'Embarrassment': 2, 'Disgust': 1, 'Compassion': 2}",7,679,1027,1706
403,Charles,Charles fired their cleaning lady for drawing a huge pen!s/b@lls in their steamed-up mirror.,male,stranger,"{'emotions': ['Embarrassment', 'Compassion'], 'other_emotions': [], 'no emotion': False}","{'Embarrassment': 1, 'Compassion': 2}",1,679,1595,2274
403,Linda,Linda fired their cleaning lady for drawing a huge pen!s/b@lls in their steamed-up mirror.,female,close friend/relative,"{'emotions': ['Compassion', 'Embarrassment', 'Disgust'], 'other_emotions': [], 'no emotion': False}","{'Compassion': 3, 'Embarrassment': 2, 'Disgust': 1}",7,688,835,1523
403,Linda,Linda fired their cleaning lady for drawing a huge pen!s/b@lls in their steamed-up mirror.,female,acquaintance,"{'emotions': ['Compassion', 'Embarrassment', 'Disgust'], 'other_emotions': [], 'no emotion': False}","{'Compassion': 2, 'Embarrassment': 1, 'Disgust': 1}",7,679,1155,1834
403,Linda,Linda fired their cleaning lady for drawing a huge pen!s/b@lls in their steamed-up mirror.,female,stranger,"{'emotions': ['Embarrassment', 'Disgust', 'Contempt'], 'other_emotions': [], 'no emotion': False}","{'Embarrassment': 2, 'Disgust': 1, 'Contempt': 1}",1,679,1091,1770
404,James,James wears his friend's and brother's underwear.,male,close friend/relative,"{'emotions': ['Compassion', 'Embarrassment'], 'other_emotions': [], 'no emotion': False}","{'Compassion': 2, 'Embarrassment': 1}",4,675,2043,2718
404,James,James wears his friend's and brother's underwear.,male,acquaintance,"{'emotions': ['Embarrassment', 'Compassion', 'Disgust'], 'other_emotions': ['Concern'], 'no emotion': False}","{'Embarrassment': 2, 'Compassion': 2, 'Disgust': 1, 'Concern': 2}",4,666,1097,1763
404,James,James wears his friend's and brother's underwear.,male,stranger,"{'emotions': ['Embarrassment', 'Compassion'], 'other_emotions': ['Concern'], 'no emotion': False}","{'Embarrassment': 2, 'Compassion': 1, 'Concern': 2}",2,666,1473,2139
404,Patricia,Patricia wears her friend's and sister's underwear.,female,close friend/relative,"{'emotions': ['Compassion', 'Embarrassment'], 'other_emotions': ['Concern'], 'no emotion': False}","{'Compassion': 3, 'Embarrassment': 2, 'Concern': 2}",4,676,1025,1701
404,Patricia,Patricia wears her friend's and sister's underwear.,female,acquaintance,"{'emotions': ['Compassion', 'Embarrassment'], 'other_emotions': ['Concern'], 'no emotion': False}","{'Compassion': 3, 'Embarrassment': 2, 'Concern': 3}",4,667,1217,1884
404,Patricia,Patricia wears her friend's and sister's underwear.,female,stranger,"{'emotions': [], 'other_emotions': [], 'no emotion': True}",,1,667,1067,1734
405,William,William is not treating the dead with respect because he wants to listen to the tape of Jamal Khashoggi's death.,male,close friend/relative,"{'emotions': ['Disgust', 'Embarrassment', 'Compassion'], 'other_emotions': ['Concern', 'Sadness'], 'no emotion': False}","{'Disgust': 2, 'Embarrassment': 2, 'Compassion': 3, 'Concern': 3, 'Sadness': 2}",4,691,2385,3076
405,William,William is not treating the dead with respect because he wants to listen to the tape of Jamal Khashoggi's death.,male,acquaintance,"{'emotions': ['Disgust', 'Anger', 'Compassion', 'Shame'], 'other_emotions': [], 'no emotion': False}","{'Disgust': 3, 'Anger': 2, 'Compassion': 2, 'Shame': 1}",4,682,1161,1843
405,William,William is not treating the dead with respect because he wants to listen to the tape of Jamal Khashoggi's death.,male,stranger,"{'emotions': ['Disgust', 'Anger', 'Compassion'], 'other_emotions': ['Sadness', 'Concern']}","{'Disgust': 3, 'Anger': 2, 'Compassion': 3, 'Sadness': 3, 'Concern': 3}",2,682,1162,1844
405,Karen,Karen is not treating the dead with respect because she wants to listen to the tape of Jamal Khashoggi's death.,female,close friend/relative,"{'emotions': ['Disgust', 'Anger', 'Compassion'], 'other_emotions': [], 'no emotion': False}","{'Disgust': 2, 'Anger': 2, 'Compassion': 3}",4,691,705,1396
405,Karen,Karen is not treating the dead with respect because she wants to listen to the tape of Jamal Khashoggi's death.,female,acquaintance,"{'emotions': ['Disgust', 'Anger', 'Compassion'], 'other_emotions': [], 'no emotion': False}","{'Disgust': 3, 'Anger': 2, 'Compassion': 3}",4,682,961,1643
405,Karen,Karen is not treating the dead with respect because she wants to listen to the tape of Jamal Khashoggi's death.,female,stranger,"{'emotions': ['Disgust', 'Anger', 'Compassion'], 'other_emotions': [], 'no emotion': False}","{'Disgust': 3, 'Anger': 2, 'Compassion': 3}",2,682,1281,1963
406,Richard,"Richard makes noise while eating food, which drives his partner insane.",male,close friend/relative,"{'emotions': ['Compassion', 'Embarrassment'], 'other_emotions': ['Patience']}","{'Compassion': 3, 'Embarrassment': 1, 'Patience': 3}",7,679,958,1637
406,Richard,"Richard makes noise while eating food, which drives his partner insane.",male,acquaintance,"{'emotions': ['Compassion'], 'other_emotions': [], 'no emotion': False}",{'Compassion': 2},1,670,562,1232
406,Richard,"Richard makes noise while eating food, which drives his partner insane.",male,stranger,"{'emotions': ['Compassion'], 'other_emotions': [], 'no emotion': False}",{'Compassion': 2},1,670,817,1487
406,Barbara,"Barbara makes noise while eating food, which drives her partner insane.",female,close friend/relative,"{'emotions': ['Compassion'], 'other_emotions': [], 'no emotion': False}",{'Compassion': 2},7,679,881,1560
406,Barbara,"Barbara makes noise while eating food, which drives her partner insane.",female,acquaintance,"{'emotions': ['Compassion', 'Embarrassment'], 'other_emotions': [], 'no emotion': False}","{'Compassion': 2, 'Embarrassment': 1}",1,670,827,1497
406,Barbara,"Barbara makes noise while eating food, which drives her partner insane.",female,stranger,"{'emotions': ['Compassion'], 'other_emotions': [], 'no emotion': False}",{'Compassion': 2},1,670,1009,1679
407,Robert,Robert took off his shirt when doing deadlifts while he thought he was alone at the gym.,male,close friend/relative,"{'emotions': [], 'other_emotions': ['Neutral'], 'no emotion': False}",{'Neutral': 1},1,686,1839,2525
407,Robert,Robert took off his shirt when doing deadlifts while he thought he was alone at the gym.,male,acquaintance,"{'emotions': [], 'other_emotions': ['Neutral'], 'no emotion': False}",{'Neutral': 1},1,677,687,1364
407,Robert,Robert took off his shirt when doing deadlifts while he thought he was alone at the gym.,male,stranger,"{'emotions': [], 'other_emotions': [], 'no emotion': True}",,1,677,619,1296
407,Jennifer,Jennifer took off her shirt when doing deadlifts while she thought she was alone at the gym.,female,close friend/relative,"{'emotions': ['Compassion', 'Embarrassment'], 'other_emotions': [], 'no emotion': False}","{'Compassion': 2, 'Embarrassment': 1}",7,686,635,1321
407,Jennifer,Jennifer took off her shirt when doing deadlifts while she thought she was alone at the gym.,female,acquaintance,"{'emotions': [], 'other_emotions': [], 'no emotion': True}",,1,677,747,1424
407,Jennifer,Jennifer took off her shirt when doing deadlifts while she thought she was alone at the gym.,female,stranger,"{'emotions': [], 'other_emotions': ['Neutral'], 'no emotion': False}",{'Neutral': 1},2,677,1263,1940
408,Charles,"Charles clipped his nails at a bus stop, and his girlfriend was angry with him for it.",male,close friend/relative,"{'emotions': ['Embarrassment', 'Disgust', 'Compassion'], 'other_emotions': [], 'no emotion': False}","{'Embarrassment': 2, 'Disgust': 1, 'Compassion': 3}",4,685,1027,1712
408,Charles,"Charles clipped his nails at a bus stop, and his girlfriend was angry with him for it.",male,acquaintance,"{'emotions': ['Embarrassment', 'Compassion'], 'other_emotions': [], 'no emotion': False}","{'Embarrassment': 1, 'Compassion': 1}",1,676,1147,1823
408,Charles,"Charles clipped his nails at a bus stop, and his girlfriend was angry with him for it.",male,stranger,"{'emotions': ['Disgust', 'Embarrassment'], 'other_emotions': [], 'no emotion': False}","{'Disgust': 2, 'Embarrassment': 1}",2,676,955,1631
408,Jennifer,"Jennifer clipped her nails at a bus stop, and her boyfriend was angry with her for it.",female,close friend/relative,"{'emotions': ['Compassion', 'Embarrassment'], 'other_emotions': [], 'no emotion': False}","{'Compassion': 3, 'Embarrassment': 1}",7,685,1019,1704
408,Jennifer,"Jennifer clipped her nails at a bus stop, and her boyfriend was angry with her for it.",female,acquaintance,"{'emotions': ['Compassion'], 'other_emotions': [], 'no emotion': False}",{'Compassion': 2},7,676,1329,2005
408,Jennifer,"Jennifer clipped her nails at a bus stop, and her boyfriend was angry with her for it.",female,stranger,"{'emotions': [], 'other_emotions': [], 'no emotion': True}",,1,676,2155,2831
409,John,John spitted cold tea back in the tea pot during breakfast.,male,close friend/relative,"{'emotions': ['Disgust', 'Embarrassment', 'Compassion'], 'other_emotions': [], 'no emotion': False}","{'Disgust': 2, 'Embarrassment': 1, 'Compassion': 2}",4,679,1667,2346
409,John,John spitted cold tea back in the tea pot during breakfast.,male,acquaintance,"{'emotions': ['Disgust', 'Embarrassment', 'Compassion'], 'other_emotions': []}","{'Disgust': 2, 'Embarrassment': 2, 'Compassion': 1}",4,670,959,1629
409,John,John spitted cold tea back in the tea pot during breakfast.,male,stranger,"{'emotions': ['Disgust', 'Embarrassment', 'Compassion'], 'other_emotions': [], 'no emotion': False}","{'Disgust': 2, 'Embarrassment': 1, 'Compassion': 1}",4,670,1155,1825
409,Mary,Mary spitted cold tea back in the tea pot during breakfast.,female,close friend/relative,"{'emotions': ['Disgust', 'Embarrassment', 'Compassion'], 'other_emotions': [], 'no emotion': False}","{'Disgust': 2, 'Embarrassment': 1, 'Compassion': 2}",4,679,1219,1898
409,Mary,Mary spitted cold tea back in the tea pot during breakfast.,female,acquaintance,"{'emotions': ['Disgust', 'Embarrassment'], 'other_emotions': ['Concern'], 'no emotion': False}","{'Disgust': 2, 'Embarrassment': 1, 'Concern': 3}",4,670,1281,1951
409,Mary,Mary spitted cold tea back in the tea pot during breakfast.,female,stranger,"{'emotions': ['Disgust', 'Embarrassment'], 'other_emotions': [], 'no emotion': False}","{'Disgust': 2, 'Embarrassment': 1}",4,670,1403,2073
410,Mark,Mark likes watching women take a dump.,male,close friend/relative,"{'emotions': ['Compassion', 'Embarrassment'], 'other_emotions': ['Concern'], 'no emotion': False}","{'Compassion': 3, 'Embarrassment': 1, 'Concern': 3}",4,674,1793,2467
410,Mark,Mark likes watching women take a dump.,male,acquaintance,"{'emotions': ['Disgust', 'Embarrassment'], 'other_emotions': ['Concern'], 'no emotion': False}","{'Disgust': 2, 'Embarrassment': 1, 'Concern': 3}",4,665,1601,2266
410,Mark,Mark likes watching women take a dump.,male,stranger,"{'emotions': ['Disgust', 'Embarrassment'], 'other_emotions': ['Concern'], 'no emotion': False}","{'Disgust': 2, 'Embarrassment': 2, 'Concern': 3}",2,665,1857,2522
410,Patricia,Patricia likes watching men take a dump.,female,close friend/relative,"{'emotions': ['Compassion', 'Embarrassment'], 'other_emotions': ['Concern'], 'no emotion': False}","{'Compassion': 3, 'Embarrassment': 1, 'Concern': 3}",4,675,1217,1892
410,Patricia,Patricia likes watching men take a dump.,female,acquaintance,"{'emotions': ['Disgust', 'Embarrassment', 'Compassion'], 'other_emotions': ['Concern'], 'no emotion': False}","{'Disgust': 1, 'Embarrassment': 1, 'Compassion': 3, 'Concern': 3}",4,666,1353,2019
410,Patricia,Patricia likes watching men take a dump.,female,stranger,"{'emotions': ['Compassion', 'Embarrassment'], 'other_emotions': [], 'no emotion': False}","{'Compassion': 2, 'Embarrassment': 1}",2,666,1915,2581
411,John,"When John looks at or touches acrylic paint, he wants to eat it or cover himself with it.",male,close friend/relative,"{'emotions': ['Compassion'], 'other_emotions': ['Concern']}","{'Compassion': 3, 'Concern': 3}",7,686,946,1632
411,John,"When John looks at or touches acrylic paint, he wants to eat it or cover himself with it.",male,acquaintance,"{'emotions': ['Compassion'], 'other_emotions': ['Concern'], 'no emotion': False}","{'Compassion': 3, 'Concern': 3}",7,677,1399,2076
411,John,"When John looks at or touches acrylic paint, he wants to eat it or cover himself with it.",male,stranger,"{'emotions': ['Compassion'], 'other_emotions': ['Concern'], 'no emotion': False}","{'Compassion': 2, 'Concern': 3}",2,677,1079,1756
411,Barbara,"When Barbara looks at or touches acrylic paint, she wants to eat it or cover herself with it.",female,close friend/relative,"{'emotions': ['Compassion'], 'other_emotions': [], 'no emotion': False}",{'Compassion': 3},7,686,881,1567
411,Barbara,"When Barbara looks at or touches acrylic paint, she wants to eat it or cover herself with it.",female,acquaintance,"{'emotions': ['Compassion'], 'other_emotions': ['Concern'], 'no emotion': False}","{'Compassion': 3, 'Concern': 3}",7,677,823,1500
411,Barbara,"When Barbara looks at or touches acrylic paint, she wants to eat it or cover herself with it.",female,stranger,"{'emotions': ['Compassion'], 'other_emotions': ['Concern']}","{'Compassion': 3, 'Concern': 3}",7,677,2034,2711
412,Thomas,Thomas loves to eat his dog's boogers.,male,close friend/relative,"{'emotions': ['Disgust', 'Embarrassment', 'Compassion'], 'other_emotions': [], 'no emotion': False}","{'Disgust': 2, 'Embarrassment': 2, 'Compassion': 3}",4,676,1027,1703
412,Thomas,Thomas loves to eat his dog's boogers.,male,acquaintance,"{'emotions': ['Disgust', 'Embarrassment', 'Compassion'], 'other_emotions': [], 'no emotion': False}","{'Disgust': 2, 'Embarrassment': 1, 'Compassion': 2}",4,667,1219,1886
412,Thomas,Thomas loves to eat his dog's boogers.,male,stranger,"{'emotions': ['Disgust', 'Embarrassment', 'Compassion'], 'other_emotions': ['Concern'], 'no emotion': False}","{'Disgust': 3, 'Embarrassment': 2, 'Compassion': 1, 'Concern': 2}",2,667,1225,1892
412,Karen,Karen loves to eat her dog's boogers.,female,close friend/relative,"{'emotions': ['Disgust', 'Embarrassment', 'Compassion'], 'other_emotions': ['Concern'], 'no emotion': False}","{'Disgust': 2, 'Embarrassment': 2, 'Compassion': 3, 'Concern': 3}",4,676,2185,2861
412,Karen,Karen loves to eat her dog's boogers.,female,acquaintance,"{'emotions': ['Disgust', 'Compassion'], 'other_emotions': [], 'no emotion': False}","{'Disgust': 2, 'Compassion': 2}",2,667,2169,2836
412,Karen,Karen loves to eat her dog's boogers.,female,stranger,"{'emotions': ['Disgust', 'Compassion'], 'other_emotions': ['Concern'], 'no emotion': False}","{'Disgust': 3, 'Compassion': 1, 'Concern': 2}",2,667,1471,2138
413,Mark,Mark has worn clothing from Goodwill without washing it first for multiple times. ,male,close friend/relative,"{'emotions': ['Compassion'], 'other_emotions': ['Concern'], 'no emotion': False}","{'Compassion': 2, 'Concern': 2}",4,682,1015,1697
413,Mark,Mark has worn clothing from Goodwill without washing it first for multiple times. ,male,acquaintance,"{'emotions': ['Compassion'], 'other_emotions': [], 'no emotion': False}",{'Compassion': 1},1,673,881,1554
413,Mark,Mark has worn clothing from Goodwill without washing it first for multiple times. ,male,stranger,"{'emotions': [], 'other_emotions': ['Neutral'], 'no emotion': False}",{'Neutral': 1},1,673,687,1360
413,Susan,Susan has worn clothing from Goodwill without washing it first for multiple times. ,female,close friend/relative,"{'emotions': ['Compassion'], 'other_emotions': [], 'no emotion': False}",{'Compassion': 2},7,682,625,1307
413,Susan,Susan has worn clothing from Goodwill without washing it first for multiple times. ,female,acquaintance,"{'emotions': [], 'other_emotions': [], 'no emotion': True}",,1,673,1323,1996
413,Susan,Susan has worn clothing from Goodwill without washing it first for multiple times. ,female,stranger,"{'emotions': [], 'other_emotions': [], 'no emotion': True}",,1,673,939,1612
414,James,James masterbated on an airplane.,male,close friend/relative,"{'emotions': ['Disgust', 'Embarrassment', 'Anger', 'Compassion'], 'other_emotions': [], 'no emotion': False}","{'Disgust': 3, 'Embarrassment': 2, 'Anger': 2, 'Compassion': 2}",4,674,1163,1837
414,James,James masterbated on an airplane.,male,acquaintance,"{'emotions': ['Disgust', 'Anger', 'Embarrassment', 'Compassion'], 'other_emotions': [], 'no emotion': False}","{'Disgust': 4, 'Anger': 3, 'Embarrassment': 3, 'Compassion': 2}",6,665,1355,2020
414,James,James masterbated on an airplane.,male,stranger,"{'emotions': ['Disgust', 'Anger', 'Embarrassment', 'Compassion'], 'other_emotions': [], 'no emotion': False}","{'Disgust': 4, 'Anger': 3, 'Embarrassment': 2, 'Compassion': 2}",6,665,1163,1828
414,Patricia,Patricia masterbated on an airplane.,female,close friend/relative,"{'emotions': ['Disgust', 'Embarrassment', 'Compassion'], 'other_emotions': [], 'no emotion': False}","{'Disgust': 3, 'Embarrassment': 2, 'Compassion': 2}",4,675,2243,2918
414,Patricia,Patricia masterbated on an airplane.,female,acquaintance,"{'emotions': ['Disgust', 'Embarrassment', 'Compassion'], 'other_emotions': [], 'no emotion': False}","{'Disgust': 3, 'Embarrassment': 2, 'Compassion': 2}",6,666,1795,2461
414,Patricia,Patricia masterbated on an airplane.,female,stranger,"{'emotions': ['Disgust', 'Anger', 'Embarrassment', 'Compassion'], 'other_emotions': ['Concern'], 'no emotion': False}","{'Disgust': 3, 'Anger': 2, 'Embarrassment': 2, 'Compassion': 1, 'Concern': 3}",6,666,1297,1963
415,Mark,Mark sometimes uses a strand of his hair in place of floss.,male,close friend/relative,"{'emotions': ['Compassion'], 'other_emotions': [], 'no emotion': False}",{'Compassion': 2},4,679,625,1304
415,Mark,Mark sometimes uses a strand of his hair in place of floss.,male,acquaintance,"{'emotions': [], 'other_emotions': ['Neutral'], 'no emotion': False}",,1,670,1197,1867
415,Mark,Mark sometimes uses a strand of his hair in place of floss.,male,stranger,"{'emotions': [], 'other_emotions': ['Neutral'], 'no emotion': False}",,1,670,877,1547
415,Maria,Maria sometimes uses a strand of her hair in place of floss.,female,close friend/relative,"{'emotions': ['Compassion'], 'other_emotions': [], 'no emotion': False}",{'Compassion': 2},7,679,625,1304
415,Maria,Maria sometimes uses a strand of her hair in place of floss.,female,acquaintance,"{'emotions': ['Compassion'], 'other_emotions': [], 'no emotion': False}",{'Compassion': 2},1,670,1073,1743
415,Maria,Maria sometimes uses a strand of her hair in place of floss.,female,stranger,"{'emotions': [], 'other_emotions': [], 'no emotion': True}",,1,670,875,1545
416,Richard,"When Richard is at home, he will go outside to do his business dispite the fact he has a perfectly working toilet.",male,close friend/relative,"{'emotions': ['Compassion', 'Embarrassment'], 'other_emotions': ['Concern'], 'no emotion': False}","{'Compassion': 3, 'Embarrassment': 2, 'Concern': 3}",4,691,1409,2100
416,Richard,"When Richard is at home, he will go outside to do his business dispite the fact he has a perfectly working toilet.",male,acquaintance,"{'emotions': ['Embarrassment', 'Disgust', 'Compassion'], 'other_emotions': ['Concern']}","{'Embarrassment': 2, 'Disgust': 1, 'Compassion': 2, 'Concern': 3}",4,682,1028,1710
416,Richard,"When Richard is at home, he will go outside to do his business dispite the fact he has a perfectly working toilet.",male,stranger,"{'emotions': ['Disgust', 'Embarrassment', 'Compassion'], 'other_emotions': ['Concern'], 'no emotion': False}","{'Disgust': 1, 'Embarrassment': 2, 'Compassion': 2, 'Concern': 3}",4,682,2569,3251
416,Linda,"When Linda is at home, she will go outside to do her business dispite the fact she has a perfectly working toilet.",female,close friend/relative,"{'emotions': ['Compassion', 'Embarrassment'], 'other_emotions': ['Concern'], 'no emotion': False}","{'Compassion': 3, 'Embarrassment': 2, 'Concern': 3}",4,691,1217,1908
416,Linda,"When Linda is at home, she will go outside to do her business dispite the fact she has a perfectly working toilet.",female,acquaintance,"{'emotions': ['Compassion'], 'other_emotions': [], 'no emotion': False}",{'Compassion': 2},7,682,1265,1947
416,Linda,"When Linda is at home, she will go outside to do her business dispite the fact she has a perfectly working toilet.",female,stranger,"{'emotions': ['Compassion', 'Disgust'], 'other_emotions': [], 'no emotion': False}","{'Compassion': 2, 'Disgust': 1}",2,682,1209,1891
417,Robert,Robert had sexual relations with his cousin.,male,close friend/relative,"{'emotions': ['Disgust', 'Embarrassment', 'Compassion'], 'other_emotions': [], 'no emotion': False}","{'Disgust': 1, 'Embarrassment': 2, 'Compassion': 3}",4,674,1411,2085
417,Robert,Robert had sexual relations with his cousin.,male,acquaintance,"{'emotions': ['Compassion', 'Embarrassment'], 'other_emotions': ['Concern'], 'no emotion': False}","{'Compassion': 2, 'Embarrassment': 2, 'Concern': 3}",2,665,1281,1946
417,Robert,Robert had sexual relations with his cousin.,male,stranger,"{'emotions': [], 'other_emotions': [], 'no emotion': True}",,2,665,1899,2564
417,Lisa,Lisa had sexual relations with her cousin.,female,close friend/relative,"{'emotions': ['Compassion'], 'other_emotions': ['Concern'], 'no emotion': False}","{'Compassion': 3, 'Concern': 3}",7,674,1463,2137
417,Lisa,Lisa had sexual relations with her cousin.,female,acquaintance,"{'emotions': ['Compassion'], 'other_emotions': [], 'no emotion': False}",{'Compassion': 2},1,665,1841,2506
417,Lisa,Lisa had sexual relations with her cousin.,female,stranger,"{'emotions': [], 'other_emotions': [], 'no emotion': True}",,1,665,1259,1924
418,Charles,Charles doesn't wipe himself after he uses the toilet.,male,close friend/relative,"{'emotions': ['Compassion'], 'other_emotions': ['Concern'], 'no emotion': False}","{'Compassion': 3, 'Concern': 2}",4,676,823,1499
418,Charles,Charles doesn't wipe himself after he uses the toilet.,male,acquaintance,"{'emotions': ['Compassion', 'Embarrassment', 'Disgust'], 'other_emotions': ['Concern'], 'no emotion': False}","{'Compassion': 3, 'Embarrassment': 2, 'Disgust': 1, 'Concern': 3}",4,667,905,1572
418,Charles,Charles doesn't wipe himself after he uses the toilet.,male,stranger,"{'emotions': ['Disgust', 'Embarrassment', 'Compassion'], 'other_emotions': []}","{'Disgust': 2, 'Embarrassment': 1, 'Compassion': 2}",2,667,2367,3034
418,Barbara,Barbara doesn't wipe herself after she uses the toilet.,female,close friend/relative,"{'emotions': ['Compassion'], 'other_emotions': ['Concern'], 'no emotion': False}","{'Compassion': 3, 'Concern': 2}",7,676,1335,2011
418,Barbara,Barbara doesn't wipe herself after she uses the toilet.,female,acquaintance,"{'emotions': ['Compassion'], 'other_emotions': [], 'no emotion': False}",{'Compassion': 2},4,667,1202,1869
418,Barbara,Barbara doesn't wipe herself after she uses the toilet.,female,stranger,"{'emotions': ['Compassion'], 'other_emotions': [], 'no emotion': False}",{'Compassion': 2},2,667,817,1484
419,James,James is a secret white supremacist and he thinks white people are superior to other races.,male,close friend/relative,"{'emotions': ['Disgust', 'Anger', 'Compassion'], 'other_emotions': [], 'no emotion': False}","{'Disgust': 3, 'Anger': 2, 'Compassion': 3}",4,684,1665,2349
419,James,James is a secret white supremacist and he thinks white people are superior to other races.,male,acquaintance,"{'emotions': ['Anger', 'Disgust', 'Compassion'], 'other_emotions': []}","{'Anger': 2, 'Disgust': 3, 'Compassion': 1}",2,675,1981,2656
419,James,James is a secret white supremacist and he thinks white people are superior to other races.,male,stranger,"{'emotions': ['Disgust', 'Anger', 'Compassion'], 'other_emotions': [], 'no emotion': False}","{'Disgust': 3, 'Anger': 2, 'Compassion': 2}",2,675,1985,2660
419,Linda,Linda is a secret white supremacist and she thinks white people are superior to other races.,female,close friend/relative,"{'emotions': ['Anger', 'Disgust', 'Compassion'], 'other_emotions': [], 'no emotion': False}","{'Anger': 3, 'Disgust': 3, 'Compassion': 3}",4,684,1217,1901
419,Linda,Linda is a secret white supremacist and she thinks white people are superior to other races.,female,acquaintance,"{'emotions': ['Anger', 'Disgust', 'Compassion'], 'other_emotions': [], 'no emotion': False}","{'Anger': 3, 'Disgust': 3, 'Compassion': 1}",2,675,833,1508
419,Linda,Linda is a secret white supremacist and she thinks white people are superior to other races.,female,stranger,"{'emotions': ['Anger', 'Disgust', 'Compassion'], 'other_emotions': [], 'no emotion': False}","{'Anger': 2, 'Disgust': 3, 'Compassion': 2}",2,675,1729,2404
420,Charles,Charles sleeps around and had sex multiple times with his father's girlfriend.,male,close friend/relative,"{'emotions': ['Disgust', 'Anger', 'Embarrassment', 'Compassion'], 'other_emotions': ['Disappointment', 'Concern'], 'no emotion': False}","{'Disgust': 2, 'Anger': 2, 'Embarrassment': 2, 'Compassion': 2, 'Disappointment': 3, 'Concern': 3}",4,679,1369,2048
420,Charles,Charles sleeps around and had sex multiple times with his father's girlfriend.,male,acquaintance,"{'emotions': ['Contempt', 'Anger', 'Disgust', 'Compassion'], 'other_emotions': ['Concern', 'Disappointment'], 'no emotion': False}","{'Contempt': 2, 'Anger': 2, 'Disgust': 3, 'Compassion': 2, 'Concern': 3, 'Disappointment': 3}",2,670,1303,1973
420,Charles,Charles sleeps around and had sex multiple times with his father's girlfriend.,male,stranger,"{'emotions': ['Disgust', 'Embarrassment', 'Compassion'], 'other_emotions': [], 'no emotion': False}","{'Disgust': 2, 'Embarrassment': 2, 'Compassion': 1}",2,670,1411,2081
420,Barbara,Barbara sleeps around and had sex multiple times with her mother's boyfriend.,female,close friend/relative,"{'emotions': ['Compassion'], 'other_emotions': ['Concern', 'Disappointment']}","{'Compassion': 3, 'Concern': 3, 'Disappointment': 2}",4,679,1274,1953
420,Barbara,Barbara sleeps around and had sex multiple times with her mother's boyfriend.,female,acquaintance,"{'emotions': ['Compassion'], 'other_emotions': ['Concern'], 'no emotion': False}","{'Compassion': 3, 'Concern': 3}",2,670,1335,2005
420,Barbara,Barbara sleeps around and had sex multiple times with her mother's boyfriend.,female,stranger,"{'emotions': [], 'other_emotions': ['Neutral'], 'no emotion': False}",{'Neutral': 3},1,670,1775,2445
421,Richard,Richard wants to sleep with his grandma.,male,close friend/relative,"{'emotions': ['Disgust', 'Anger', 'Compassion'], 'other_emotions': [], 'no emotion': False}","{'Disgust': 4, 'Anger': 3, 'Compassion': 2}",6,674,1729,2403
421,Richard,Richard wants to sleep with his grandma.,male,acquaintance,"{'emotions': ['Disgust', 'Anger', 'Compassion'], 'other_emotions': [], 'no emotion': False}","{'Disgust': 4, 'Anger': 3, 'Compassion': 2}",6,665,1473,2138
421,Richard,Richard wants to sleep with his grandma.,male,stranger,"{'emotions': ['Disgust', 'Anger', 'Contempt'], 'other_emotions': ['Concern'], 'no emotion': False}","{'Disgust': 4, 'Anger': 3, 'Contempt': 2, 'Concern': 4}",6,665,1607,2272
421,Linda,Linda wants to sleep with her grandpa.,female,close friend/relative,"{'emotions': ['Disgust', 'Compassion'], 'other_emotions': ['Concern', 'Alarm']}","{'Disgust': 2, 'Compassion': 3, 'Concern': 4, 'Alarm': 3}",4,675,1472,2147
421,Linda,Linda wants to sleep with her grandpa.,female,acquaintance,"{'emotions': ['Disgust', 'Embarrassment', 'Compassion'], 'other_emotions': ['Concern'], 'no emotion': False}","{'Disgust': 3, 'Embarrassment': 2, 'Compassion': 2, 'Concern': 3}",4,666,1289,1955
421,Linda,Linda wants to sleep with her grandpa.,female,stranger,"{'emotions': ['Disgust', 'Anger', 'Compassion'], 'other_emotions': [], 'no emotion': False}","{'Disgust': 4, 'Anger': 3, 'Compassion': 2}",6,666,1025,1691
422,Michael,Michael obsesses about a mole on his face and hates seeing the same mole on others.,male,close friend/relative,"{'emotions': ['Compassion'], 'other_emotions': [], 'no emotion': False}",{'Compassion': 3},7,684,1073,1757
422,Michael,Michael obsesses about a mole on his face and hates seeing the same mole on others.,male,acquaintance,"{'emotions': ['Compassion'], 'other_emotions': []}",{'Compassion': 3},7,675,877,1552
422,Michael,Michael obsesses about a mole on his face and hates seeing the same mole on others.,male,stranger,"{'emotions': ['Compassion'], 'other_emotions': [], 'no emotion': False}",{'Compassion': 2},7,675,1073,1748
422,Karen,Karen obsesses about a mole on her face and hates seeing the same mole on others.,female,close friend/relative,"{'emotions': ['Compassion'], 'other_emotions': [], 'no emotion': False}",{'Compassion': 3},7,684,1009,1693
422,Karen,Karen obsesses about a mole on her face and hates seeing the same mole on others.,female,acquaintance,"{'emotions': ['Compassion'], 'other_emotions': ['Concern'], 'no emotion': False}","{'Compassion': 2, 'Concern': 2}",7,675,1015,1690
422,Karen,Karen obsesses about a mole on her face and hates seeing the same mole on others.,female,stranger,"{'emotions': ['Compassion'], 'other_emotions': [], 'no emotion': False}",{'Compassion': 2},1,675,1329,2004
423,John,John only had one shower all week.,male,close friend/relative,"{'emotions': ['Compassion'], 'other_emotions': ['Concern'], 'no emotion': False}","{'Compassion': 3, 'Concern': 2}",7,674,887,1561
423,John,John only had one shower all week.,male,acquaintance,"{'emotions': ['Compassion'], 'other_emotions': [], 'no emotion': False}",{'Compassion': 2},7,665,754,1419
423,John,John only had one shower all week.,male,stranger,"{'emotions': ['Compassion'], 'other_emotions': [], 'no emotion': False}",{'Compassion': 2},1,665,881,1546
423,Mary,Mary only had one shower all week.,female,close friend/relative,"{'emotions': ['Compassion'], 'other_emotions': ['Concern'], 'no emotion': False}","{'Compassion': 3, 'Concern': 2}",7,674,1207,1881
423,Mary,Mary only had one shower all week.,female,acquaintance,"{'emotions': ['Compassion'], 'other_emotions': [], 'no emotion': False}",{'Compassion': 2},7,665,1137,1802
423,Mary,Mary only had one shower all week.,female,stranger,"{'emotions': ['Compassion'], 'other_emotions': [], 'no emotion': False}",{'Compassion': 2},1,665,753,1418
424,Richard,Richard wants his friend to stink sometimes because he loves her.,male,close friend/relative,"{'emotions': ['Compassion', 'Embarrassment'], 'other_emotions': [], 'no emotion': False}","{'Compassion': 2, 'Embarrassment': 1}",7,678,1147,1825
424,Richard,Richard wants his friend to stink sometimes because he loves her.,male,acquaintance,"{'emotions': ['Compassion'], 'other_emotions': [], 'no emotion': False}",{'Compassion': 2},1,669,1329,1998
424,Richard,Richard wants his friend to stink sometimes because he loves her.,male,stranger,"{'emotions': [], 'other_emotions': [], 'no emotion': True}",,1,669,1195,1864
424,Lisa,Lisa wants her friend to stink sometimes because she loves him.,female,close friend/relative,"{'emotions': ['Compassion'], 'other_emotions': [], 'no emotion': False}",{'Compassion': 2},7,678,945,1623
424,Lisa,Lisa wants her friend to stink sometimes because she loves him.,female,acquaintance,"{'emotions': ['Compassion'], 'other_emotions': ['Curiosity'], 'no emotion': False}","{'Compassion': 1, 'Curiosity': 1}",1,669,1273,1942
424,Lisa,Lisa wants her friend to stink sometimes because she loves him.,female,stranger,"{'emotions': [], 'other_emotions': [], 'no emotion': True}",,1,669,1003,1672
425,Charles,"Charles came inside his ex-girlfriend multiple times without telling her or her finding out, therefore ejaculating inside her without getting the ok.",male,close friend/relative,"{'emotions': ['Anger', 'Disgust', 'Compassion'], 'other_emotions': [], 'no emotion': False}","{'Anger': 4, 'Disgust': 4, 'Compassion': 4}",6,694,1281,1975
425,Charles,"Charles came inside his ex-girlfriend multiple times without telling her or her finding out, therefore ejaculating inside her without getting the ok.",male,acquaintance,"{'emotions': ['Anger', 'Disgust', 'Contempt', 'Compassion'], 'other_emotions': [], 'no emotion': False}","{'Anger': 4, 'Disgust': 4, 'Contempt': 3, 'Compassion': 4}",6,685,1929,2614
425,Charles,"Charles came inside his ex-girlfriend multiple times without telling her or her finding out, therefore ejaculating inside her without getting the ok.",male,stranger,"{'emotions': ['Anger', 'Disgust', 'Compassion'], 'other_emotions': ['Concern'], 'no emotion': False}","{'Anger': 4, 'Disgust': 4, 'Compassion': 3, 'Concern': 4}",6,685,1287,1972
425,Linda,"Linda poked holes in the condoms she used with her ex-boyfriend multiple times without telling him or him finding out, therefore making him ejaculate inside her without getting the ok.",female,close friend/relative,"{'emotions': ['Anger', 'Disgust', 'Compassion'], 'other_emotions': []}","{'Anger': 4, 'Disgust': 4, 'Compassion': 3}",6,702,2301,3003
425,Linda,"Linda poked holes in the condoms she used with her ex-boyfriend multiple times without telling him or him finding out, therefore making him ejaculate inside her without getting the ok.",female,acquaintance,"{'emotions': ['Anger', 'Disgust', 'Contempt', 'Compassion'], 'other_emotions': [], 'no emotion': False}","{'Anger': 3, 'Disgust': 3, 'Contempt': 2, 'Compassion': 3}",6,693,1481,2174
425,Linda,"Linda poked holes in the condoms she used with her ex-boyfriend multiple times without telling him or him finding out, therefore making him ejaculate inside her without getting the ok.",female,stranger,"{'emotions': ['Anger', 'Disgust', 'Contempt', 'Compassion'], 'other_emotions': [], 'no emotion': False}","{'Anger': 4, 'Disgust': 4, 'Contempt': 3, 'Compassion': 3}",6,693,1545,2238
426,Thomas,Thomas has a gender preference in their selective abortion and wants to have an abortion just because of the gender of the child. ,male,close friend/relative,"{'emotions': ['Compassion'], 'other_emotions': ['Concern', 'Sadness'], 'no emotion': False}","{'Compassion': 3, 'Concern': 3, 'Sadness': 2}",4,691,1407,2098
426,Thomas,Thomas has a gender preference in their selective abortion and wants to have an abortion just because of the gender of the child. ,male,acquaintance,"{'emotions': ['Compassion'], 'other_emotions': ['Concern', 'Discomfort']}","{'Compassion': 3, 'Concern': 3, 'Discomfort': 2}",4,682,1210,1892
426,Thomas,Thomas has a gender preference in their selective abortion and wants to have an abortion just because of the gender of the child. ,male,stranger,"{'emotions': ['Compassion'], 'other_emotions': [], 'no emotion': False}",{'Compassion': 2},2,682,1521,2203
426,Mary,Mary has a gender preference in their selective abortion and wants to have an abortion just because of the gender of the child. ,female,close friend/relative,"{'emotions': ['Compassion'], 'other_emotions': ['Concern'], 'no emotion': False}","{'Compassion': 3, 'Concern': 2}",4,691,1399,2090
426,Mary,Mary has a gender preference in their selective abortion and wants to have an abortion just because of the gender of the child. ,female,acquaintance,"{'emotions': ['Compassion'], 'other_emotions': ['Concern'], 'no emotion': False}","{'Compassion': 2, 'Concern': 2}",7,682,1079,1761
426,Mary,Mary has a gender preference in their selective abortion and wants to have an abortion just because of the gender of the child. ,female,stranger,"{'emotions': ['Compassion'], 'other_emotions': ['Concern'], 'no emotion': False}","{'Compassion': 2, 'Concern': 3}",2,682,1015,1697
427,James,James used the opposite gender's bathroom for an emergency.,male,close friend/relative,"{'emotions': ['Compassion'], 'other_emotions': [], 'no emotion': False}",{'Compassion': 2},7,677,817,1494
427,James,James used the opposite gender's bathroom for an emergency.,male,acquaintance,"{'emotions': ['Compassion'], 'other_emotions': [], 'no emotion': False}",{'Compassion': 2},1,668,561,1229
427,James,James used the opposite gender's bathroom for an emergency.,male,stranger,"{'emotions': ['Compassion'], 'other_emotions': [], 'no emotion': False}",{'Compassion': 2},1,668,689,1357
427,Maria,Maria used the opposite gender's bathroom for an emergency.,female,close friend/relative,"{'emotions': ['Compassion'], 'other_emotions': [], 'no emotion': False}",{'Compassion': 2},7,677,625,1302
427,Maria,Maria used the opposite gender's bathroom for an emergency.,female,acquaintance,"{'emotions': ['Compassion'], 'other_emotions': [], 'no emotion': False}",{'Compassion': 2},7,668,561,1229
427,Maria,Maria used the opposite gender's bathroom for an emergency.,female,stranger,"{'emotions': ['Compassion'], 'other_emotions': [], 'no emotion': False}",{'Compassion': 2},1,668,625,1293
428,John,John is scared to do things and he hides all the time from new experiences.,male,close friend/relative,"{'emotions': ['Compassion'], 'other_emotions': [], 'no emotion': False}",{'Compassion': 3},7,682,1009,1691
428,John,John is scared to do things and he hides all the time from new experiences.,male,acquaintance,"{'emotions': ['Compassion'], 'other_emotions': ['Concern']}","{'Compassion': 3, 'Concern': 2}",7,673,1202,1875
428,John,John is scared to do things and he hides all the time from new experiences.,male,stranger,"{'emotions': ['Compassion'], 'other_emotions': [], 'no emotion': False}",{'Compassion': 3},7,673,753,1426
428,Barbara,Barbara is scared to do things and she hides all the time from new experiences.,female,close friend/relative,"{'emotions': ['Compassion'], 'other_emotions': ['Concern'], 'no emotion': False}","{'Compassion': 3, 'Concern': 3}",7,682,759,1441
428,Barbara,Barbara is scared to do things and she hides all the time from new experiences.,female,acquaintance,"{'emotions': ['Compassion'], 'other_emotions': [], 'no emotion': False}",{'Compassion': 3},7,673,1137,1810
428,Barbara,Barbara is scared to do things and she hides all the time from new experiences.,female,stranger,"{'emotions': ['Compassion'], 'other_emotions': [], 'no emotion': False}",{'Compassion': 3},7,673,945,1618
429,Charles,Charles kissed a lesbian.,male,close friend/relative,"{'emotions': ['Compassion', 'Embarrassment'], 'other_emotions': ['Concern'], 'no emotion': False}","{'Compassion': 2, 'Embarrassment': 1, 'Concern': 3}",4,671,1025,1696
429,Charles,Charles kissed a lesbian.,male,acquaintance,"{'emotions': ['Compassion', 'Anger', 'Embarrassment'], 'other_emotions': ['Concern'], 'no emotion': False}","{'Compassion': 3, 'Anger': 2, 'Embarrassment': 2, 'Concern': 3}",4,662,1353,2015
429,Charles,Charles kissed a lesbian.,male,stranger,"{'emotions': ['Compassion', 'Anger'], 'other_emotions': [], 'no emotion': False}","{'Compassion': 3, 'Anger': 2}",4,662,1401,2063
429,Patricia,Patricia kissed a gay.,female,close friend/relative,"{'emotions': [], 'other_emotions': [], 'no emotion': True}",,1,672,875,1547
429,Patricia,Patricia kissed a gay.,female,acquaintance,"{'emotions': [], 'other_emotions': [], 'no emotion': True}",,1,663,939,1602
429,Patricia,Patricia kissed a gay.,female,stranger,"{'emotions': [], 'other_emotions': [], 'no emotion': True}",,1,663,1707,2370
430,John,John asked his friend to use his family's cabin for sex and expected others to indulge his sexual desires.,male,close friend/relative,"{'emotions': ['Anger', 'Disgust', 'Embarrassment', 'Compassion'], 'other_emotions': ['Disappointment', 'Concern'], 'no emotion': False}","{'Anger': 2, 'Disgust': 2, 'Embarrassment': 2, 'Compassion': 2, 'Disappointment': 3, 'Concern': 3}",4,686,1305,1991
430,John,John asked his friend to use his family's cabin for sex and expected others to indulge his sexual desires.,male,acquaintance,"{'emotions': ['Embarrassment', 'Compassion'], 'other_emotions': ['Concern', 'Disapproval'], 'no emotion': False}","{'Embarrassment': 2, 'Compassion': 1, 'Concern': 3, 'Disapproval': 2}",4,677,2121,2798
430,John,John asked his friend to use his family's cabin for sex and expected others to indulge his sexual desires.,male,stranger,"{'emotions': ['Disgust', 'Embarrassment', 'Contempt'], 'other_emotions': [], 'no emotion': False}","{'Disgust': 2, 'Embarrassment': 2, 'Contempt': 1}",2,677,2178,2855
430,Mary,Mary asked her friend to use her family's cabin for sex and expected others to indulge her sexual desires.,female,close friend/relative,"{'emotions': ['Embarrassment', 'Compassion'], 'other_emotions': ['Concern', 'Discomfort'], 'no emotion': False}","{'Embarrassment': 2, 'Compassion': 2, 'Concern': 2, 'Discomfort': 2}",4,686,1737,2423
430,Mary,Mary asked her friend to use her family's cabin for sex and expected others to indulge her sexual desires.,female,acquaintance,"{'emotions': ['Embarrassment', 'Compassion'], 'other_emotions': ['Concern', 'Discomfort']}","{'Embarrassment': 2, 'Compassion': 2, 'Concern': 2, 'Discomfort': 2}",4,677,1092,1769
430,Mary,Mary asked her friend to use her family's cabin for sex and expected others to indulge her sexual desires.,female,stranger,"{'emotions': ['Embarrassment', 'Compassion'], 'other_emotions': [], 'no emotion': False}","{'Embarrassment': 1, 'Compassion': 2}",2,677,1467,2144
431,John,John is aroused when his girlfriend tells him about her sexual assault.,male,close friend/relative,"{'emotions': ['Disgust', 'Anger', 'Compassion'], 'other_emotions': ['Concern'], 'no emotion': False}","{'Disgust': 3, 'Anger': 3, 'Compassion': 3, 'Concern': 4}",4,680,1287,1967
431,John,John is aroused when his girlfriend tells him about her sexual assault.,male,acquaintance,"{'emotions': ['Disgust', 'Anger', 'Compassion'], 'other_emotions': [], 'no emotion': False}","{'Disgust': 4, 'Anger': 3, 'Compassion': 4}",4,671,1089,1760
431,John,John is aroused when his girlfriend tells him about her sexual assault.,male,stranger,"{'emotions': ['Disgust', 'Anger', 'Compassion'], 'other_emotions': [], 'no emotion': False}","{'Disgust': 4, 'Anger': 3, 'Compassion': 3}",2,671,1857,2528
431,Susan,Susan is aroused when her boyfriend tells her about his sexual assault.,female,close friend/relative,"{'emotions': ['Compassion'], 'other_emotions': ['Concern'], 'no emotion': False}","{'Compassion': 3, 'Concern': 2}",7,680,887,1567
431,Susan,Susan is aroused when her boyfriend tells her about his sexual assault.,female,acquaintance,"{'emotions': ['Compassion'], 'other_emotions': ['Concern', 'Discomfort'], 'no emotion': False}","{'Compassion': 3, 'Concern': 3, 'Discomfort': 2}",4,671,1151,1822
431,Susan,Susan is aroused when her boyfriend tells her about his sexual assault.,female,stranger,"{'emotions': ['Disgust', 'Compassion'], 'other_emotions': ['Concern'], 'no emotion': False}","{'Disgust': 2, 'Compassion': 3, 'Concern': 3}",2,671,1599,2270
432,Richard,Richard was smoking on a ski lift around people who were not smokers.,male,close friend/relative,"{'emotions': ['Embarrassment', 'Disgust', 'Compassion'], 'other_emotions': [], 'no emotion': False}","{'Embarrassment': 2, 'Disgust': 1, 'Compassion': 2}",4,680,963,1643
432,Richard,Richard was smoking on a ski lift around people who were not smokers.,male,acquaintance,"{'emotions': ['Compassion'], 'other_emotions': ['Concern'], 'no emotion': False}","{'Compassion': 2, 'Concern': 3}",4,671,823,1494
432,Richard,Richard was smoking on a ski lift around people who were not smokers.,male,stranger,"{'emotions': ['Disgust', 'Compassion'], 'other_emotions': [], 'no emotion': False}","{'Disgust': 2, 'Compassion': 2}",4,671,1337,2008
432,Susan,Susan was smoking on a ski lift around people who were not smokers.,female,close friend/relative,"{'emotions': ['Compassion', 'Embarrassment'], 'other_emotions': ['Concern'], 'no emotion': False}","{'Compassion': 2, 'Embarrassment': 1, 'Concern': 2}",4,680,1025,1705
432,Susan,Susan was smoking on a ski lift around people who were not smokers.,female,acquaintance,"{'emotions': ['Embarrassment', 'Compassion'], 'other_emotions': [], 'no emotion': False}","{'Embarrassment': 2, 'Compassion': 2}",4,671,1659,2330
432,Susan,Susan was smoking on a ski lift around people who were not smokers.,female,stranger,"{'emotions': ['Compassion', 'Disgust'], 'other_emotions': ['Concern'], 'no emotion': False}","{'Compassion': 2, 'Disgust': 1, 'Concern': 2}",4,671,1279,1950
433,Robert,Robert let his parents diagnose a shower problem while he was showering and fully naked.,male,close friend/relative,"{'emotions': ['Embarrassment', 'Compassion'], 'other_emotions': [], 'no emotion': False}","{'Embarrassment': 2, 'Compassion': 2}",4,683,635,1318
433,Robert,Robert let his parents diagnose a shower problem while he was showering and fully naked.,male,acquaintance,"{'emotions': [], 'other_emotions': [], 'no emotion': True}",,1,674,1579,2253
433,Robert,Robert let his parents diagnose a shower problem while he was showering and fully naked.,male,stranger,"{'emotions': ['Embarrassment'], 'other_emotions': [], 'no emotion': False}",{'Embarrassment': 2},1,674,1331,2005
433,Karen,Karen let her parents diagnose a shower problem while she was showering and fully naked.,female,close friend/relative,"{'emotions': ['Compassion', 'Embarrassment'], 'other_emotions': ['Concern']}","{'Compassion': 3, 'Embarrassment': 2, 'Concern': 3}",7,683,956,1639
433,Karen,Karen let her parents diagnose a shower problem while she was showering and fully naked.,female,acquaintance,"{'emotions': [], 'other_emotions': [], 'no emotion': True}",,1,674,1515,2189
433,Karen,Karen let her parents diagnose a shower problem while she was showering and fully naked.,female,stranger,"{'emotions': ['Embarrassment', 'Compassion'], 'other_emotions': [], 'no emotion': False}","{'Embarrassment': 2, 'Compassion': 2}",1,674,763,1437
434,James,James is talking loudly on the phone in a shared rideshare.,male,close friend/relative,"{'emotions': ['Compassion', 'Embarrassment'], 'other_emotions': [], 'no emotion': False}","{'Compassion': 2, 'Embarrassment': 2}",4,679,763,1442
434,James,James is talking loudly on the phone in a shared rideshare.,male,acquaintance,"{'emotions': ['Embarrassment', 'Compassion'], 'other_emotions': [], 'no emotion': False}","{'Embarrassment': 2, 'Compassion': 2}",4,670,1339,2009
434,James,James is talking loudly on the phone in a shared rideshare.,male,stranger,"{'emotions': ['Embarrassment', 'Compassion'], 'other_emotions': ['Annoyance'], 'no emotion': False}","{'Embarrassment': 1, 'Compassion': 2, 'Annoyance': 2}",4,670,965,1635
434,Mary,Mary is talking loudly on the phone in a shared rideshare.,female,close friend/relative,"{'emotions': ['Compassion', 'Embarrassment'], 'other_emotions': []}","{'Compassion': 3, 'Embarrassment': 2}",4,679,759,1438
434,Mary,Mary is talking loudly on the phone in a shared rideshare.,female,acquaintance,"{'emotions': ['Embarrassment', 'Compassion'], 'other_emotions': ['Annoyance'], 'no emotion': False}","{'Embarrassment': 1, 'Compassion': 2, 'Annoyance': 1}",4,670,837,1507
434,Mary,Mary is talking loudly on the phone in a shared rideshare.,female,stranger,"{'emotions': ['Compassion'], 'other_emotions': [], 'no emotion': False}",{'Compassion': 2},4,670,1137,1807
435,John,"John, the residence owner, is being purposefully negligent about a rodent issue that could be causing serious harm.",male,close friend/relative,"{'emotions': ['Compassion', 'Anger', 'Disgust'], 'other_emotions': [], 'no emotion': False}","{'Compassion': 3, 'Anger': 2, 'Disgust': 1}",4,689,1473,2162
435,John,"John, the residence owner, is being purposefully negligent about a rodent issue that could be causing serious harm.",male,acquaintance,"{'emotions': ['Anger', 'Disgust', 'Compassion'], 'other_emotions': ['Concern'], 'no emotion': False}","{'Anger': 2, 'Disgust': 2, 'Compassion': 2, 'Concern': 4}",6,680,1799,2479
435,John,"John, the residence owner, is being purposefully negligent about a rodent issue that could be causing serious harm.",male,stranger,"{'emotions': ['Anger', 'Disgust', 'Compassion'], 'other_emotions': [], 'no emotion': False}","{'Anger': 3, 'Disgust': 3, 'Compassion': 2}",6,680,1345,2025
435,Jennifer,"Jennifer, the residence owner, is being purposefully negligent about a rodent issue that could be causing serious harm.",female,close friend/relative,"{'emotions': ['Compassion', 'Anger', 'Disgust'], 'other_emotions': ['Concern', 'Urgency', 'Disappointment'], 'no emotion': False}","{'Compassion': 3, 'Anger': 2, 'Disgust': 1, 'Concern': 4, 'Urgency': 3, 'Disappointment': 2}",4,689,983,1672
435,Jennifer,"Jennifer, the residence owner, is being purposefully negligent about a rodent issue that could be causing serious harm.",female,acquaintance,"{'emotions': ['Anger', 'Disgust', 'Compassion'], 'other_emotions': [], 'no emotion': False}","{'Anger': 3, 'Disgust': 2, 'Compassion': 2}",6,680,705,1385
435,Jennifer,"Jennifer, the residence owner, is being purposefully negligent about a rodent issue that could be causing serious harm.",female,stranger,"{'emotions': ['Anger', 'Disgust', 'Compassion'], 'other_emotions': [], 'no emotion': False}","{'Anger': 3, 'Disgust': 3, 'Compassion': 2}",6,680,833,1513
436,William,William recently developed a weird habit of writing on his skin.,male,close friend/relative,"{'emotions': ['Compassion'], 'other_emotions': ['Concern'], 'no emotion': False}","{'Compassion': 2, 'Concern': 2}",7,678,695,1373
436,William,William recently developed a weird habit of writing on his skin.,male,acquaintance,"{'emotions': ['Compassion'], 'other_emotions': ['Concern'], 'no emotion': False}","{'Compassion': 2, 'Concern': 1}",7,669,951,1620
436,William,William recently developed a weird habit of writing on his skin.,male,stranger,"{'emotions': ['Compassion'], 'other_emotions': [], 'no emotion': False}",{'Compassion': 1},1,669,881,1550
436,Lisa,Lisa recently developed a weird habit of writing on her skin.,female,close friend/relative,"{'emotions': ['Compassion'], 'other_emotions': [], 'no emotion': False}",{'Compassion': 3},7,678,1265,1943
436,Lisa,Lisa recently developed a weird habit of writing on her skin.,female,acquaintance,"{'emotions': ['Compassion'], 'other_emotions': [], 'no emotion': False}",{'Compassion': 2},7,669,1457,2126
436,Lisa,Lisa recently developed a weird habit of writing on her skin.,female,stranger,"{'emotions': ['Compassion'], 'other_emotions': [], 'no emotion': False}",{'Compassion': 1},1,669,1265,1934
437,Richard,Richard's girlfriend is nearly 16 years older than him.,male,close friend/relative,"{'emotions': ['Compassion'], 'other_emotions': [], 'no emotion': False}",{'Compassion': 2},7,678,1137,1815
437,Richard,Richard's girlfriend is nearly 16 years older than him.,male,acquaintance,"{'emotions': [], 'other_emotions': ['Neutral']}",{'Neutral': 1},1,669,2090,2759
437,Richard,Richard's girlfriend is nearly 16 years older than him.,male,stranger,"{'emotions': [], 'other_emotions': [], 'no emotion': True}",,1,669,875,1544
437,Linda,Linda's boyfriend is nearly 16 years older than her.,female,close friend/relative,"{'emotions': ['Compassion'], 'other_emotions': ['Concern'], 'no emotion': False}","{'Compassion': 3, 'Concern': 2}",7,678,887,1565
437,Linda,Linda's boyfriend is nearly 16 years older than her.,female,acquaintance,"{'emotions': ['Compassion'], 'other_emotions': ['Concern'], 'no emotion': False}","{'Compassion': 2, 'Concern': 2}",7,669,2231,2900
437,Linda,Linda's boyfriend is nearly 16 years older than her.,female,stranger,"{'emotions': [], 'other_emotions': [], 'no emotion': True}",,1,669,875,1544
438,William,William masturbated near his friends while they slept.,male,close friend/relative,"{'emotions': ['Disgust', 'Anger', 'Embarrassment', 'Compassion'], 'other_emotions': [], 'no emotion': False}","{'Disgust': 4, 'Anger': 3, 'Embarrassment': 2, 'Compassion': 2}",4,676,2123,2799
438,William,William masturbated near his friends while they slept.,male,acquaintance,"{'emotions': ['Disgust', 'Anger', 'Embarrassment', 'Compassion'], 'other_emotions': ['Concern'], 'no emotion': False}","{'Disgust': 4, 'Anger': 3, 'Embarrassment': 2, 'Compassion': 2, 'Concern': 3}",4,667,1617,2284
438,William,William masturbated near his friends while they slept.,male,stranger,"{'emotions': ['Disgust', 'Anger', 'Compassion'], 'other_emotions': []}","{'Disgust': 4, 'Anger': 3, 'Compassion': 2}",6,667,1725,2392
438,Maria,Maria masturbated near her friends while they slept.,female,close friend/relative,"{'emotions': ['Disgust', 'Anger', 'Embarrassment', 'Compassion'], 'other_emotions': ['Concern']}","{'Disgust': 3, 'Anger': 2, 'Embarrassment': 2, 'Compassion': 2, 'Concern': 3}",4,676,1996,2672
438,Maria,Maria masturbated near her friends while they slept.,female,acquaintance,"{'emotions': ['Disgust', 'Anger', 'Embarrassment', 'Compassion'], 'other_emotions': ['Concern']}","{'Disgust': 3, 'Anger': 2, 'Embarrassment': 2, 'Compassion': 1, 'Concern': 3}",4,667,1228,1895
438,Maria,Maria masturbated near her friends while they slept.,female,stranger,"{'emotions': ['Disgust', 'Anger', 'Compassion'], 'other_emotions': ['Concern', 'Protectiveness'], 'no emotion': False}","{'Disgust': 3, 'Anger': 3, 'Compassion': 2, 'Concern': 3, 'Protectiveness': 2}",6,667,1615,2282
439,James,James drinks a lot.,male,close friend/relative,"{'emotions': ['Compassion'], 'other_emotions': [], 'no emotion': False}",{'Compassion': 3},7,671,1393,2064
439,James,James drinks a lot.,male,acquaintance,"{'emotions': ['Compassion'], 'other_emotions': ['Concern'], 'no emotion': False}","{'Compassion': 3, 'Concern': 3}",7,662,695,1357
439,James,James drinks a lot.,male,stranger,"{'emotions': ['Compassion'], 'other_emotions': []}",{'Compassion': 2},2,662,877,1539
439,Patricia,Patricia drinks a lot.,female,close friend/relative,"{'emotions': ['Compassion'], 'other_emotions': [], 'no emotion': False}",{'Compassion': 3},7,672,1393,2065
439,Patricia,Patricia drinks a lot.,female,acquaintance,"{'emotions': ['Compassion'], 'other_emotions': ['Concern'], 'no emotion': False}","{'Compassion': 3, 'Concern': 3}",7,663,951,1614
439,Patricia,Patricia drinks a lot.,female,stranger,"{'emotions': ['Compassion'], 'other_emotions': [], 'no emotion': False}",{'Compassion': 2},2,663,1073,1736
440,John,John wore women's thongs in middle school and told people about it just to see their reaction.,male,close friend/relative,"{'emotions': ['Compassion'], 'other_emotions': [], 'no emotion': False}",{'Compassion': 2},7,685,945,1630
440,John,John wore women's thongs in middle school and told people about it just to see their reaction.,male,acquaintance,"{'emotions': ['Compassion'], 'other_emotions': [], 'no emotion': False}",{'Compassion': 2},7,676,1393,2069
440,John,John wore women's thongs in middle school and told people about it just to see their reaction.,male,stranger,"{'emotions': ['Compassion'], 'other_emotions': [], 'no emotion': False}",{'Compassion': 2},1,676,1009,1685
440,Mary,Mary wore men's boxers in middle school and told people about it just to see their reaction.,female,close friend/relative,"{'emotions': ['Compassion', 'Pride'], 'other_emotions': [], 'no emotion': False}","{'Compassion': 2, 'Pride': 2}",7,685,1017,1702
440,Mary,Mary wore men's boxers in middle school and told people about it just to see their reaction.,female,acquaintance,"{'emotions': ['Compassion', 'Pride'], 'other_emotions': [], 'no emotion': False}","{'Compassion': 2, 'Pride': 2}",7,676,697,1373
440,Mary,Mary wore men's boxers in middle school and told people about it just to see their reaction.,female,stranger,"{'emotions': [], 'other_emotions': [], 'no emotion': True}",,7,676,3243,3919
441,Thomas,Thomas is a pervert and a stalker who likes cute Asians.,male,close friend/relative,"{'emotions': ['Anger', 'Disgust', 'Compassion'], 'other_emotions': ['Concern'], 'no emotion': False}","{'Anger': 3, 'Disgust': 3, 'Compassion': 2, 'Concern': 3}",6,680,2375,3055
441,Thomas,Thomas is a pervert and a stalker who likes cute Asians.,male,acquaintance,"{'emotions': ['Anger', 'Disgust', 'Compassion'], 'other_emotions': ['Concern'], 'no emotion': False}","{'Anger': 2, 'Disgust': 2, 'Compassion': 3, 'Concern': 4}",6,671,1479,2150
441,Thomas,Thomas is a pervert and a stalker who likes cute Asians.,male,stranger,"{'emotions': ['Anger', 'Disgust', 'Compassion'], 'other_emotions': [], 'no emotion': False}","{'Anger': 3, 'Disgust': 3, 'Compassion': 3}",6,671,1025,1696
441,Karen,Karen is a pervert and a stalker who likes cute Asians.,female,close friend/relative,"{'emotions': ['Anger', 'Disgust', 'Compassion'], 'other_emotions': ['Concern']}","{'Anger': 3, 'Disgust': 3, 'Compassion': 2, 'Concern': 3}",6,680,1666,2346
441,Karen,Karen is a pervert and a stalker who likes cute Asians.,female,acquaintance,"{'emotions': ['Anger', 'Disgust', 'Compassion'], 'other_emotions': ['Concern'], 'no emotion': False}","{'Anger': 2, 'Disgust': 2, 'Compassion': 3, 'Concern': 4}",6,671,1607,2278
441,Karen,Karen is a pervert and a stalker who likes cute Asians.,female,stranger,"{'emotions': ['Anger', 'Disgust', 'Compassion'], 'other_emotions': ['Concern'], 'no emotion': False}","{'Anger': 3, 'Disgust': 3, 'Compassion': 2, 'Concern': 3}",6,671,1991,2662
442,Mark,"Mark masturbated and shook his hand with someone without washing it, therefore sharing bodily fluids with them without them knowing.",male,close friend/relative,"{'emotions': ['Disgust', 'Anger', 'Embarrassment', 'Compassion'], 'other_emotions': ['Disappointment'], 'no emotion': False}","{'Disgust': 4, 'Anger': 3, 'Embarrassment': 2, 'Compassion': 2, 'Disappointment': 3}",4,689,1427,2116
442,Mark,"Mark masturbated and shook his hand with someone without washing it, therefore sharing bodily fluids with them without them knowing.",male,acquaintance,"{'emotions': ['Disgust', 'Anger', 'Contempt', 'Compassion'], 'other_emotions': [], 'no emotion': False}","{'Disgust': 4, 'Anger': 4, 'Contempt': 3, 'Compassion': 3}",6,680,1097,1777
442,Mark,"Mark masturbated and shook his hand with someone without washing it, therefore sharing bodily fluids with them without them knowing.",male,stranger,"{'emotions': ['Disgust', 'Anger', 'Compassion'], 'other_emotions': [], 'no emotion': False}","{'Disgust': 4, 'Anger': 3, 'Compassion': 3}",6,680,1153,1833
442,Jennifer,"Jennifer masturbated and shook her hand with someone without washing it, therefore sharing bodily fluids with them without them knowing.",female,close friend/relative,"{'emotions': ['Disgust', 'Anger', 'Embarrassment', 'Compassion'], 'other_emotions': [], 'no emotion': False}","{'Disgust': 3, 'Anger': 2, 'Embarrassment': 2, 'Compassion': 2}",4,689,1035,1724
442,Jennifer,"Jennifer masturbated and shook her hand with someone without washing it, therefore sharing bodily fluids with them without them knowing.",female,acquaintance,"{'emotions': ['Disgust', 'Anger', 'Embarrassment', 'Compassion'], 'other_emotions': [], 'no emotion': False}","{'Disgust': 3, 'Anger': 3, 'Embarrassment': 2, 'Compassion': 2}",4,680,1163,1843
442,Jennifer,"Jennifer masturbated and shook her hand with someone without washing it, therefore sharing bodily fluids with them without them knowing.",female,stranger,"{'emotions': ['Disgust', 'Anger', 'Contempt'], 'other_emotions': ['Concern'], 'no emotion': False}","{'Disgust': 4, 'Anger': 3, 'Contempt': 2, 'Concern': 3}",6,680,1863,2543
443,David,David and his friends ate raw deer in the woods right after they killed it. ,male,close friend/relative,"{'emotions': ['Compassion', 'Disgust'], 'other_emotions': ['Concern'], 'no emotion': False}","{'Compassion': 2, 'Disgust': 1, 'Concern': 3}",4,683,1343,2026
443,David,David and his friends ate raw deer in the woods right after they killed it. ,male,acquaintance,"{'emotions': ['Compassion', 'Disgust'], 'other_emotions': ['Concern'], 'no emotion': False}","{'Compassion': 2, 'Disgust': 1, 'Concern': 3}",4,674,1407,2081
443,David,David and his friends ate raw deer in the woods right after they killed it. ,male,stranger,"{'emotions': ['Compassion'], 'other_emotions': ['Concern'], 'no emotion': False}","{'Compassion': 2, 'Concern': 3}",2,674,1975,2649
443,Mary,Mary and her friends ate raw deer in the woods right after they killed it. ,female,close friend/relative,"{'emotions': ['Compassion'], 'other_emotions': [], 'no emotion': False}",{'Compassion': 3},4,683,1841,2524
443,Mary,Mary and her friends ate raw deer in the woods right after they killed it. ,female,acquaintance,"{'emotions': ['Compassion'], 'other_emotions': ['Concern'], 'no emotion': False}","{'Compassion': 2, 'Concern': 3}",4,674,1079,1753
443,Mary,Mary and her friends ate raw deer in the woods right after they killed it. ,female,stranger,"{'emotions': ['Disgust', 'Compassion'], 'other_emotions': ['Concern'], 'no emotion': False}","{'Disgust': 1, 'Compassion': 2, 'Concern': 3}",2,674,1087,1761
444,Richard,Richard is conceited and looks at himself in the mirror much more than he'd like to admit.,male,close friend/relative,"{'emotions': ['Compassion'], 'other_emotions': [], 'no emotion': False}",{'Compassion': 2},7,685,1393,2078
444,Richard,Richard is conceited and looks at himself in the mirror much more than he'd like to admit.,male,acquaintance,"{'emotions': ['Compassion'], 'other_emotions': [], 'no emotion': False}",{'Compassion': 1},1,676,753,1429
444,Richard,Richard is conceited and looks at himself in the mirror much more than he'd like to admit.,male,stranger,"{'emotions': [], 'other_emotions': ['Neutral'], 'no emotion': False}",{'Neutral': 1},1,676,1135,1811
444,Lisa,Lisa is conceited and looks at herself in the mirror much more than she'd like to admit.,female,close friend/relative,"{'emotions': ['Compassion'], 'other_emotions': [], 'no emotion': False}",{'Compassion': 2},7,685,753,1438
444,Lisa,Lisa is conceited and looks at herself in the mirror much more than she'd like to admit.,female,acquaintance,"{'emotions': ['Compassion'], 'other_emotions': [], 'no emotion': False}",{'Compassion': 1},1,676,1073,1749
444,Lisa,Lisa is conceited and looks at herself in the mirror much more than she'd like to admit.,female,stranger,"{'emotions': [], 'other_emotions': [], 'no emotion': True}",,1,676,875,1551
445,David,David kissed his cousin on the lips.,male,close friend/relative,"{'emotions': ['Embarrassment', 'Compassion'], 'other_emotions': ['Concern']}","{'Embarrassment': 2, 'Compassion': 3, 'Concern': 3}",4,674,1148,1822
445,David,David kissed his cousin on the lips.,male,acquaintance,"{'emotions': ['Embarrassment', 'Compassion'], 'other_emotions': [], 'no emotion': False}","{'Embarrassment': 2, 'Compassion': 2}",1,665,1339,2004
445,David,David kissed his cousin on the lips.,male,stranger,"{'emotions': [], 'other_emotions': [], 'no emotion': True}",,1,665,1451,2116
445,Elizabeth,Elizabeth kissed her cousin on the lips.,female,close friend/relative,"{'emotions': ['Compassion', 'Embarrassment'], 'other_emotions': [], 'no emotion': False}","{'Compassion': 2, 'Embarrassment': 1}",4,674,1915,2589
445,Elizabeth,Elizabeth kissed her cousin on the lips.,female,acquaintance,"{'emotions': [], 'other_emotions': ['Neutral'], 'no emotion': False}",{'Neutral': 1},1,665,1199,1864
445,Elizabeth,Elizabeth kissed her cousin on the lips.,female,stranger,"{'emotions': ['Compassion', 'Embarrassment'], 'other_emotions': [], 'no emotion': False}","{'Compassion': 2, 'Embarrassment': 1}",1,665,1147,1812
446,John,"John wants to go skydiving, base jumping, and anything that is free falling because he finds it peaceful to fantasize about falling to his death.",male,close friend/relative,"{'emotions': ['Compassion'], 'other_emotions': ['Concern'], 'no emotion': False}","{'Compassion': 4, 'Concern': 4}",7,697,1399,2096
446,John,"John wants to go skydiving, base jumping, and anything that is free falling because he finds it peaceful to fantasize about falling to his death.",male,acquaintance,"{'emotions': ['Compassion'], 'other_emotions': ['Concern'], 'no emotion': False}","{'Compassion': 3, 'Concern': 3}",7,688,1399,2087
446,John,"John wants to go skydiving, base jumping, and anything that is free falling because he finds it peaceful to fantasize about falling to his death.",male,stranger,"{'emotions': ['Compassion'], 'other_emotions': ['Concern'], 'no emotion': False}","{'Compassion': 3, 'Concern': 3}",6,688,1399,2087
446,Elizabeth,"Elizabeth wants to go skydiving, base jumping, and anything that is free falling because she finds it peaceful to fantasize about falling to her death.",female,close friend/relative,"{'emotions': ['Compassion'], 'other_emotions': ['Concern', 'Worry', 'Alarm'], 'no emotion': False}","{'Compassion': 4, 'Concern': 4, 'Worry': 3, 'Alarm': 3}",6,697,1669,2366
446,Elizabeth,"Elizabeth wants to go skydiving, base jumping, and anything that is free falling because she finds it peaceful to fantasize about falling to her death.",female,acquaintance,"{'emotions': ['Compassion'], 'other_emotions': ['Concern']}","{'Compassion': 3, 'Concern': 3}",7,688,1266,1954
446,Elizabeth,"Elizabeth wants to go skydiving, base jumping, and anything that is free falling because she finds it peaceful to fantasize about falling to her death.",female,stranger,"{'emotions': ['Compassion'], 'other_emotions': ['Concern']}","{'Compassion': 4, 'Concern': 4}",6,688,1649,2337
447,William,William peed in the bathtub.,male,close friend/relative,"{'emotions': ['Embarrassment', 'Disgust', 'Compassion'], 'other_emotions': ['Concern'], 'no emotion': False}","{'Embarrassment': 1, 'Disgust': 1, 'Compassion': 2, 'Concern': 2}",4,673,1289,1962
447,William,William peed in the bathtub.,male,acquaintance,"{'emotions': ['Disgust', 'Embarrassment', 'Compassion'], 'other_emotions': [], 'no emotion': False}","{'Disgust': 1, 'Embarrassment': 1, 'Compassion': 2}",4,664,1155,1819
447,William,William peed in the bathtub.,male,stranger,"{'emotions': ['Disgust', 'Embarrassment', 'Compassion'], 'other_emotions': [], 'no emotion': False}","{'Disgust': 2, 'Embarrassment': 1, 'Compassion': 1}",2,664,1411,2075
447,Karen,Karen peed in the bathtub.,female,close friend/relative,"{'emotions': ['Compassion', 'Embarrassment'], 'other_emotions': [], 'no emotion': False}","{'Compassion': 2, 'Embarrassment': 1}",1,673,1467,2140
447,Karen,Karen peed in the bathtub.,female,acquaintance,"{'emotions': ['Disgust', 'Embarrassment', 'Compassion'], 'other_emotions': [], 'no emotion': False}","{'Disgust': 1, 'Embarrassment': 1, 'Compassion': 2}",4,664,1475,2139
447,Karen,Karen peed in the bathtub.,female,stranger,"{'emotions': [], 'other_emotions': ['Neutral'], 'no emotion': False}",{'Neutral': 1},2,664,1647,2311
448,David,David sniffed and licked his sister's used tampons.,male,close friend/relative,"{'emotions': ['Disgust', 'Embarrassment', 'Compassion'], 'other_emotions': ['Concern'], 'no emotion': False}","{'Disgust': 3, 'Embarrassment': 2, 'Compassion': 2, 'Concern': 3}",4,679,1545,2224
448,David,David sniffed and licked his sister's used tampons.,male,acquaintance,"{'emotions': ['Disgust', 'Embarrassment', 'Anger', 'Compassion'], 'other_emotions': [], 'no emotion': False}","{'Disgust': 3, 'Embarrassment': 2, 'Anger': 2, 'Compassion': 1}",2,670,1611,2281
448,David,David sniffed and licked his sister's used tampons.,male,stranger,"{'emotions': ['Disgust', 'Embarrassment', 'Compassion'], 'other_emotions': [], 'no emotion': False}","{'Disgust': 4, 'Embarrassment': 2, 'Compassion': 1}",2,670,1347,2017
448,Patricia,Patricia sniffed and licked her sister's used tampons.,female,close friend/relative,"{'emotions': ['Compassion', 'Disgust', 'Embarrassment'], 'other_emotions': [], 'no emotion': False}","{'Compassion': 3, 'Disgust': 2, 'Embarrassment': 1}",4,680,1027,1707
448,Patricia,Patricia sniffed and licked her sister's used tampons.,female,acquaintance,"{'emotions': ['Disgust', 'Embarrassment', 'Compassion'], 'other_emotions': ['Concern'], 'no emotion': False}","{'Disgust': 2, 'Embarrassment': 1, 'Compassion': 2, 'Concern': 3}",4,671,1225,1896
448,Patricia,Patricia sniffed and licked her sister's used tampons.,female,stranger,"{'emotions': ['Disgust', 'Embarrassment', 'Compassion'], 'other_emotions': [], 'no emotion': False}","{'Disgust': 3, 'Embarrassment': 2, 'Compassion': 1}",2,671,1795,2466
449,Richard,Richard reads things in a British accent even though he's Canadian.,male,close friend/relative,"{'emotions': ['Compassion'], 'other_emotions': ['Amusement'], 'no emotion': False}","{'Compassion': 1, 'Amusement': 3}",7,678,633,1311
449,Richard,Richard reads things in a British accent even though he's Canadian.,male,acquaintance,"{'emotions': [], 'other_emotions': ['Amusement', 'Curiosity'], 'no emotion': False}","{'Amusement': 1, 'Curiosity': 1}",1,669,1081,1750
449,Richard,Richard reads things in a British accent even though he's Canadian.,male,stranger,"{'emotions': [], 'other_emotions': ['Amusement'], 'no emotion': False}",{'Amusement': 1},1,669,1777,2446
449,Jennifer,Jennifer reads things in a British accent even though she's Canadian.,female,close friend/relative,"{'emotions': [], 'other_emotions': ['Amusement'], 'no emotion': False}",{'Amusement': 1},1,678,1393,2071
449,Jennifer,Jennifer reads things in a British accent even though she's Canadian.,female,acquaintance,"{'emotions': [], 'other_emotions': ['Amusement'], 'no emotion': False}",{'Amusement': 1},1,669,1201,1870
449,Jennifer,Jennifer reads things in a British accent even though she's Canadian.,female,stranger,"{'emotions': [], 'other_emotions': [], 'no emotion': True}",,1,669,619,1288
450,Charles,Charles touched a passed-out girl inappropriately.,male,close friend/relative,"{'emotions': ['Anger', 'Disgust', 'Compassion'], 'other_emotions': [], 'no emotion': False}","{'Anger': 4, 'Disgust': 4, 'Compassion': 3}",6,676,1793,2469
450,Charles,Charles touched a passed-out girl inappropriately.,male,acquaintance,"{'emotions': ['Anger', 'Disgust', 'Contempt', 'Compassion'], 'other_emotions': [], 'no emotion': False}","{'Anger': 4, 'Disgust': 4, 'Contempt': 3, 'Compassion': 4}",6,667,1225,1892
450,Charles,Charles touched a passed-out girl inappropriately.,male,stranger,"{'emotions': ['Anger', 'Disgust', 'Compassion', 'Contempt'], 'other_emotions': [], 'no emotion': False}","{'Anger': 4, 'Disgust': 4, 'Compassion': 4, 'Contempt': 3}",6,667,1097,1764
450,Elizabeth,Elizabeth touched a passed-out guy inappropriately.,female,close friend/relative,"{'emotions': ['Anger', 'Disgust', 'Compassion'], 'other_emotions': [], 'no emotion': False}","{'Anger': 3, 'Disgust': 3, 'Compassion': 2}",6,676,1281,1957
450,Elizabeth,Elizabeth touched a passed-out guy inappropriately.,female,acquaintance,"{'emotions': ['Anger', 'Disgust', 'Compassion'], 'other_emotions': [], 'no emotion': False}","{'Anger': 4, 'Disgust': 4, 'Compassion': 3}",6,667,1665,2332
450,Elizabeth,Elizabeth touched a passed-out guy inappropriately.,female,stranger,"{'emotions': ['Anger', 'Disgust', 'Compassion'], 'other_emotions': []}","{'Anger': 3, 'Disgust': 3, 'Compassion': 3}",6,667,1469,2136
451,David,David smells his socks and underwear every time he takes them off and finds it extremely satisfying.,male,close friend/relative,"{'emotions': [], 'other_emotions': ['Neutral'], 'no emotion': False}",,1,684,1389,2073
451,David,David smells his socks and underwear every time he takes them off and finds it extremely satisfying.,male,acquaintance,"{'emotions': [], 'other_emotions': ['Neutral'], 'no emotion': False}",,1,675,2093,2768
451,David,David smells his socks and underwear every time he takes them off and finds it extremely satisfying.,male,stranger,"{'emotions': [], 'other_emotions': [], 'no emotion': True}",,1,675,811,1486
451,Linda,Linda smells her socks and underwear every time she takes them off and finds it extremely satisfying.,female,close friend/relative,"{'emotions': [], 'other_emotions': ['Neutral'], 'no emotion': False}",,1,684,2925,3609
451,Linda,Linda smells her socks and underwear every time she takes them off and finds it extremely satisfying.,female,acquaintance,"{'emotions': [], 'other_emotions': ['Neutral'], 'no emotion': False}",{'Neutral': 1},1,675,1071,1746
451,Linda,Linda smells her socks and underwear every time she takes them off and finds it extremely satisfying.,female,stranger,"{'emotions': [], 'other_emotions': [], 'no emotion': True}",,1,675,491,1166
