ID,actor,stimuli,actor_gender,social_tie,expressed_emotions,emotion_strength,behavioral_response,input_tokens,output_tokens,total_tokens
1,William,William did not tell someone's girlfriend that he cheated on her.,male,close friend/relative,"{'emotions': ['Anger', 'Compassion', 'Guilt'], 'other_emotions': [], 'no emotion': False}","{'Anger': 2, 'Compassion': 2, 'Guilt': 1}",4,691,59,750
1,William,William did not tell someone's girlfriend that he cheated on her.,male,acquaintance,"{'emotions': ['Anger', 'Disgust', 'Compassion'], 'other_emotions': [], 'no emotion': False}","{'Anger': 2, 'Disgust': 2, 'Compassion': 2}",4,679,59,738
1,William,William did not tell someone's girlfriend that he cheated on her.,male,stranger,"{'emotions': ['Anger', 'Disgust', 'Compassion'], 'other_emotions': [], 'no emotion': False}","{'Anger': 2, 'Disgust': 2, 'Compassion': 1}",4,679,59,738
1,Maria,Maria did not tell someone's girlfriend that he cheated on her.,female,close friend/relative,"{'emotions': ['Compassion', 'Guilt'], 'other_emotions': ['Concern'], 'no emotion': False}","{'Compassion': 2, 'Guilt': 1, 'Concern': 2}",4,691,57,748
1,Maria,Maria did not tell someone's girlfriend that he cheated on her.,female,acquaintance,"{'emotions': ['Compassion'], 'other_emotions': ['Disappointment'], 'no emotion': False}","{'Compassion': 2, 'Disappointment': 2}",4,679,51,730
1,Maria,Maria did not tell someone's girlfriend that he cheated on her.,female,stranger,"{'emotions': ['Compassion'], 'other_emotions': [], 'no emotion': False}",{'Compassion': 2},1,679,43,722
2,John,John rarely talks to his elderly roommates and does not make efforts to create a friendly atmosphere in the house.,male,close friend/relative,"{'emotions': ['Compassion'], 'other_emotions': ['Concern'], 'no emotion': False}","{'Compassion': 2, 'Concern': 2}",4,700,49,749
2,John,John rarely talks to his elderly roommates and does not make efforts to create a friendly atmosphere in the house.,male,acquaintance,"{'emotions': ['Compassion'], 'other_emotions': [], 'no emotion': False}",{'Compassion': 2},4,688,43,731
2,John,John rarely talks to his elderly roommates and does not make efforts to create a friendly atmosphere in the house.,male,stranger,"{'emotions': ['Compassion'], 'other_emotions': [], 'no emotion': False}",{'Compassion': 2},4,688,43,731
2,Mary,Mary rarely talks to her elderly roommates and does not make efforts to create a friendly atmosphere in the house.,female,close friend/relative,"{'emotions': ['Compassion'], 'other_emotions': ['Concern'], 'no emotion': False}","{'Compassion': 2, 'Concern': 2}",4,700,49,749
2,Mary,Mary rarely talks to her elderly roommates and does not make efforts to create a friendly atmosphere in the house.,female,acquaintance,"{'emotions': ['Compassion'], 'other_emotions': [], 'no emotion': False}",{'Compassion': 2},4,688,43,731
2,Mary,Mary rarely talks to her elderly roommates and does not make efforts to create a friendly atmosphere in the house.,female,stranger,"{'emotions': ['Compassion'], 'other_emotions': [], 'no emotion': False}",{'Compassion': 2},4,688,43,731
3,Robert,Robert stayed up until 5 am because he assumed that his girlfriend was not trying to sleep.,male,close friend/relative,"{'emotions': ['Compassion'], 'other_emotions': [], 'no emotion': False}",{'Compassion': 2},7,698,43,741
3,Robert,Robert stayed up until 5 am because he assumed that his girlfriend was not trying to sleep.,male,acquaintance,"{'emotions': ['Compassion'], 'other_emotions': [], 'no emotion': False}",{'Compassion': 2},7,686,43,729
3,Robert,Robert stayed up until 5 am because he assumed that his girlfriend was not trying to sleep.,male,stranger,"{'emotions': ['Compassion'], 'other_emotions': [], 'no emotion': False}",{'Compassion': 2},7,686,43,729
3,Barbara,Barbara stayed up until 5 am because she assumed that her boyfriend was not trying to sleep.,female,close friend/relative,"{'emotions': ['Compassion'], 'other_emotions': [], 'no emotion': False}",{'Compassion': 2},7,698,43,741
3,Barbara,Barbara stayed up until 5 am because she assumed that her boyfriend was not trying to sleep.,female,acquaintance,"{'emotions': ['Compassion'], 'other_emotions': ['Concern'], 'no emotion': False}","{'Compassion': 2, 'Concern': 2}",7,686,49,735
3,Barbara,Barbara stayed up until 5 am because she assumed that her boyfriend was not trying to sleep.,female,stranger,"{'emotions': ['Compassion'], 'other_emotions': [], 'no emotion': False}",{'Compassion': 2},7,686,43,729
4,David,"David does not listen to his girlfriend about his health, so he is not taking care of his health.",male,close friend/relative,"{'emotions': ['Compassion'], 'other_emotions': ['Concern'], 'no emotion': False}","{'Compassion': 3, 'Concern': 3}",7,700,49,749
4,David,"David does not listen to his girlfriend about his health, so he is not taking care of his health.",male,acquaintance,"{'emotions': ['Compassion'], 'other_emotions': [], 'no emotion': False}",{'Compassion': 2},7,688,43,731
4,David,"David does not listen to his girlfriend about his health, so he is not taking care of his health.",male,stranger,"{'emotions': ['Compassion'], 'other_emotions': [], 'no emotion': False}",{'Compassion': 2},7,688,43,731
4,Jennifer,"Jennifer does not listen to her boyfriend about her health, so she is not taking care of her health.",female,close friend/relative,"{'emotions': ['Compassion'], 'other_emotions': ['Concern'], 'no emotion': False}","{'Compassion': 3, 'Concern': 3}",7,700,49,749
4,Jennifer,"Jennifer does not listen to her boyfriend about her health, so she is not taking care of her health.",female,acquaintance,"{'emotions': ['Compassion'], 'other_emotions': [], 'no emotion': False}",{'Compassion': 3},7,688,43,731
4,Jennifer,"Jennifer does not listen to her boyfriend about her health, so she is not taking care of her health.",female,stranger,"{'emotions': ['Compassion'], 'other_emotions': [], 'no emotion': False}",{'Compassion': 2},7,688,43,731
5,Thomas,Thomas did not grieve his dead dog before getting a new one.,male,close friend/relative,"{'emotions': ['Compassion'], 'other_emotions': [], 'no emotion': False}",{'Compassion': 2},7,693,43,736
5,Thomas,Thomas did not grieve his dead dog before getting a new one.,male,acquaintance,"{'emotions': ['Compassion'], 'other_emotions': [], 'no emotion': False}",{'Compassion': 2},7,681,43,724
5,Thomas,Thomas did not grieve his dead dog before getting a new one.,male,stranger,"{'emotions': ['Compassion'], 'other_emotions': [], 'no emotion': False}",{'Compassion': 2},1,681,43,724
5,Mary,Mary did not grieve her dead dog before getting a new one.,female,close friend/relative,"{'emotions': ['Compassion'], 'other_emotions': [], 'no emotion': False}",{'Compassion': 2},7,693,43,736
5,Mary,Mary did not grieve her dead dog before getting a new one.,female,acquaintance,"{'emotions': ['Compassion'], 'other_emotions': [], 'no emotion': False}",{'Compassion': 2},7,681,43,724
5,Mary,Mary did not grieve her dead dog before getting a new one.,female,stranger,"{'emotions': ['Compassion'], 'other_emotions': [], 'no emotion': False}",{'Compassion': 2},7,681,43,724
6,Mark,Mark smacked a car that parked in crosswalks because the car belonged to him and that was what he wanted to do.,male,close friend/relative,"{'emotions': ['Anger', 'Embarrassment', 'Compassion'], 'other_emotions': [], 'no emotion': False}","{'Anger': 2, 'Embarrassment': 1, 'Compassion': 2}",4,705,61,766
6,Mark,Mark smacked a car that parked in crosswalks because the car belonged to him and that was what he wanted to do.,male,acquaintance,"{'emotions': ['Anger', 'Disgust'], 'other_emotions': [], 'no emotion': False}","{'Anger': 2, 'Disgust': 2}",4,693,51,744
6,Mark,Mark smacked a car that parked in crosswalks because the car belonged to him and that was what he wanted to do.,male,stranger,"{'emotions': ['Anger'], 'other_emotions': [], 'no emotion': False}",{'Anger': 2},2,693,43,736
6,Jennifer,Jennifer smacked a car that parkee in crosswalks because the car belonged to her and that was what she wanted to do.,female,close friend/relative,"{'emotions': ['Anger', 'Embarrassment', 'Compassion'], 'other_emotions': [], 'no emotion': False}","{'Anger': 2, 'Embarrassment': 2, 'Compassion': 2}",4,706,61,767
6,Jennifer,Jennifer smacked a car that parkee in crosswalks because the car belonged to her and that was what she wanted to do.,female,acquaintance,"{'emotions': ['Anger', 'Embarrassment'], 'other_emotions': [], 'no emotion': False}","{'Anger': 2, 'Embarrassment': 1}",4,694,53,747
6,Jennifer,Jennifer smacked a car that parkee in crosswalks because the car belonged to her and that was what she wanted to do.,female,stranger,"{'emotions': ['Anger'], 'other_emotions': [], 'no emotion': False}",{'Anger': 2},2,694,43,737
7,Mark,Mark hit a car in a parking lot.,male,close friend/relative,"{'emotions': ['Compassion', 'Guilt'], 'other_emotions': [], 'no emotion': False}","{'Compassion': 2, 'Guilt': 2}",4,688,51,739
7,Mark,Mark hit a car in a parking lot.,male,acquaintance,"{'emotions': ['Compassion'], 'other_emotions': [], 'no emotion': False}",{'Compassion': 2},4,676,43,719
7,Mark,Mark hit a car in a parking lot.,male,stranger,"{'emotions': ['Anger', 'Compassion'], 'other_emotions': [], 'no emotion': False}","{'Anger': 2, 'Compassion': 1}",4,676,51,727
7,Linda,Linda hit a car in a parking lot.,female,close friend/relative,"{'emotions': ['Compassion', 'Embarrassment', 'Guilt'], 'other_emotions': [], 'no emotion': False}","{'Compassion': 2, 'Embarrassment': 1, 'Guilt': 2}",4,688,61,749
7,Linda,Linda hit a car in a parking lot.,female,acquaintance,"{'emotions': ['Compassion'], 'other_emotions': [], 'no emotion': False}",{'Compassion': 2},4,676,43,719
7,Linda,Linda hit a car in a parking lot.,female,stranger,"{'emotions': ['Anger', 'Compassion'], 'other_emotions': [], 'no emotion': False}","{'Anger': 2, 'Compassion': 2}",6,676,51,727
8,William,William gives people money on Instagram and is not cautious with strangers he meets online.,male,close friend/relative,"{'emotions': ['Compassion'], 'other_emotions': ['Concern'], 'no emotion': False}","{'Compassion': 3, 'Concern': 3}",4,695,49,744
8,William,William gives people money on Instagram and is not cautious with strangers he meets online.,male,acquaintance,"{'emotions': ['Compassion'], 'other_emotions': ['Concern'], 'no emotion': False}","{'Compassion': 2, 'Concern': 3}",4,683,49,732
8,William,William gives people money on Instagram and is not cautious with strangers he meets online.,male,stranger,"{'emotions': ['Compassion'], 'other_emotions': ['Concern'], 'no emotion': False}","{'Compassion': 2, 'Concern': 3}",4,683,49,732
8,Jennifer,Jennifer gives people money on Instagram and is not cautious with strangers she meets online.,female,close friend/relative,"{'emotions': ['Compassion'], 'other_emotions': ['Concern'], 'no emotion': False}","{'Compassion': 3, 'Concern': 3}",4,695,49,744
8,Jennifer,Jennifer gives people money on Instagram and is not cautious with strangers she meets online.,female,acquaintance,"{'emotions': ['Compassion'], 'other_emotions': ['Concern'], 'no emotion': False}","{'Compassion': 2, 'Concern': 3}",4,683,49,732
8,Jennifer,Jennifer gives people money on Instagram and is not cautious with strangers she meets online.,female,stranger,"{'emotions': ['Compassion'], 'other_emotions': ['Concern'], 'no emotion': False}","{'Compassion': 2, 'Concern': 3}",4,683,49,732
9,James,James hopes his roommate's dog dies.,male,close friend/relative,"{'emotions': ['Compassion', 'Anger'], 'other_emotions': [], 'no emotion': False}","{'Compassion': 2, 'Anger': 2}",4,687,51,738
9,James,James hopes his roommate's dog dies.,male,acquaintance,"{'emotions': ['Anger', 'Disgust', 'Compassion'], 'other_emotions': [], 'no emotion': False}","{'Anger': 2, 'Disgust': 2, 'Compassion': 2}",4,675,59,734
9,James,James hopes his roommate's dog dies.,male,stranger,"{'emotions': ['Anger', 'Disgust', 'Compassion'], 'other_emotions': [], 'no emotion': False}","{'Anger': 2, 'Disgust': 2, 'Compassion': 2}",4,675,59,734
9,Maria,Maria hopes her roommate's dog dies.,female,close friend/relative,"{'emotions': ['Compassion', 'Anger'], 'other_emotions': [], 'no emotion': False}","{'Compassion': 2, 'Anger': 2}",4,687,51,738
9,Maria,Maria hopes her roommate's dog dies.,female,acquaintance,"{'emotions': ['Anger', 'Disgust', 'Compassion'], 'other_emotions': [], 'no emotion': False}","{'Anger': 2, 'Disgust': 2, 'Compassion': 2}",4,675,59,734
9,Maria,Maria hopes her roommate's dog dies.,female,stranger,"{'emotions': ['Anger', 'Disgust', 'Compassion'], 'other_emotions': [], 'no emotion': False}","{'Anger': 2, 'Disgust': 2, 'Compassion': 2}",4,675,59,734
10,Mark,Mark wishes death on any living thing.,male,close friend/relative,"{'emotions': ['Compassion'], 'other_emotions': ['Concern'], 'no emotion': False}","{'Compassion': 2, 'Concern': 3}",4,687,49,736
10,Mark,Mark wishes death on any living thing.,male,acquaintance,"{'emotions': ['Compassion', 'Anger'], 'other_emotions': [], 'no emotion': False}","{'Compassion': 3, 'Anger': 2}",4,675,51,726
10,Mark,Mark wishes death on any living thing.,male,stranger,"{'emotions': ['Anger', 'Disgust', 'Compassion'], 'other_emotions': [], 'no emotion': False}","{'Anger': 3, 'Disgust': 3, 'Compassion': 2}",2,675,59,734
10,Patricia,Patricia wishes death on any living thing.,female,close friend/relative,"{'emotions': ['Compassion'], 'other_emotions': ['Concern'], 'no emotion': False}","{'Compassion': 3, 'Concern': 4}",4,688,49,737
10,Patricia,Patricia wishes death on any living thing.,female,acquaintance,"{'emotions': ['Compassion', 'Anger'], 'other_emotions': [], 'no emotion': False}","{'Compassion': 2, 'Anger': 2}",4,676,51,727
10,Patricia,Patricia wishes death on any living thing.,female,stranger,"{'emotions': ['Compassion'], 'other_emotions': ['Concern'], 'no emotion': False}","{'Compassion': 2, 'Concern': 3}",2,676,49,725
11,William,William looks for ways to spend more time with mom because he wants to monopolize all of his parents' time.,male,close friend/relative,"{'emotions': ['Compassion'], 'other_emotions': [], 'no emotion': False}",{'Compassion': 2},7,702,43,745
11,William,William looks for ways to spend more time with mom because he wants to monopolize all of his parents' time.,male,acquaintance,"{'emotions': ['Compassion'], 'other_emotions': [], 'no emotion': False}",{'Compassion': 2},7,690,43,733
11,William,William looks for ways to spend more time with mom because he wants to monopolize all of his parents' time.,male,stranger,"{'emotions': ['Compassion'], 'other_emotions': [], 'no emotion': False}",{'Compassion': 2},1,690,43,733
11,Karen,Karen looks for ways to spend more time with mom because she wants to monopolize all of his parents' time.,female,close friend/relative,"{'emotions': ['Compassion'], 'other_emotions': ['Concern'], 'no emotion': False}","{'Compassion': 2, 'Concern': 2}",4,702,49,751
11,Karen,Karen looks for ways to spend more time with mom because she wants to monopolize all of his parents' time.,female,acquaintance,"{'emotions': ['Compassion'], 'other_emotions': [], 'no emotion': False}",{'Compassion': 2},4,690,43,733
11,Karen,Karen looks for ways to spend more time with mom because she wants to monopolize all of his parents' time.,female,stranger,"{'emotions': ['Compassion'], 'other_emotions': [], 'no emotion': False}",{'Compassion': 2},1,690,43,733
12,Robert,Robert makes fun of others' kinks.,male,close friend/relative,"{'emotions': ['Compassion', 'Anger', 'Embarrassment'], 'other_emotions': [], 'no emotion': False}","{'Compassion': 2, 'Anger': 2, 'Embarrassment': 2}",4,688,61,749
12,Robert,Robert makes fun of others' kinks.,male,acquaintance,"{'emotions': ['Anger', 'Compassion'], 'other_emotions': [], 'no emotion': False}","{'Anger': 2, 'Compassion': 2}",4,676,51,727
12,Robert,Robert makes fun of others' kinks.,male,stranger,"{'emotions': ['Anger', 'Disgust', 'Compassion'], 'other_emotions': [], 'no emotion': False}","{'Anger': 2, 'Disgust': 2, 'Compassion': 2}",4,676,59,735
12,Linda,Linda makes fun of others' kinks.,female,close friend/relative,"{'emotions': ['Compassion', 'Embarrassment'], 'other_emotions': ['Concern'], 'no emotion': False}","{'Compassion': 2, 'Embarrassment': 2, 'Concern': 3}",4,688,59,747
12,Linda,Linda makes fun of others' kinks.,female,acquaintance,"{'emotions': ['Compassion', 'Anger'], 'other_emotions': ['Disappointment'], 'no emotion': False}","{'Compassion': 2, 'Anger': 2, 'Disappointment': 2}",4,676,59,735
12,Linda,Linda makes fun of others' kinks.,female,stranger,"{'emotions': ['Anger', 'Compassion'], 'other_emotions': [], 'no emotion': False}","{'Anger': 2, 'Compassion': 2}",4,676,51,727
13,David,David refuses to put more effort into his best friendship because he doesn't want to support his friend who is having problems anymore.,male,close friend/relative,"{'emotions': ['Compassion'], 'other_emotions': ['Disappointment'], 'no emotion': False}","{'Compassion': 2, 'Disappointment': 2}",4,703,51,754
13,David,David refuses to put more effort into his best friendship because he doesn't want to support his friend who is having problems anymore.,male,acquaintance,"{'emotions': ['Compassion'], 'other_emotions': [], 'no emotion': False}",{'Compassion': 2},4,691,43,734
13,David,David refuses to put more effort into his best friendship because he doesn't want to support his friend who is having problems anymore.,male,stranger,"{'emotions': ['Compassion'], 'other_emotions': ['Disappointment'], 'no emotion': False}","{'Compassion': 3, 'Disappointment': 2}",4,691,51,742
13,Jennifer,Jennifer refuses to put more effort into her best friendship because she doesn't want to support her friend who is having problems anymore.,female,close friend/relative,"{'emotions': ['Compassion'], 'other_emotions': ['Disappointment', 'Concern'], 'no emotion': False}","{'Compassion': 3, 'Disappointment': 2, 'Concern': 3}",4,703,57,760
13,Jennifer,Jennifer refuses to put more effort into her best friendship because she doesn't want to support her friend who is having problems anymore.,female,acquaintance,"{'emotions': ['Compassion'], 'other_emotions': [], 'no emotion': False}",{'Compassion': 2},4,691,43,734
13,Jennifer,Jennifer refuses to put more effort into her best friendship because she doesn't want to support her friend who is having problems anymore.,female,stranger,"{'emotions': ['Compassion'], 'other_emotions': [], 'no emotion': False}",{'Compassion': 2},4,691,43,734
14,David's parents,David's parents have never told him that they are proud of him and he does not think he'll ever get the chance to hear it.,male,close friend/relative,"{'emotions': ['Compassion'], 'other_emotions': ['Sadness', 'Warmth'], 'no emotion': False}","{'Compassion': 3, 'Sadness': 2, 'Warmth': 2}",7,706,59,765
14,David's parents,David's parents have never told him that they are proud of him and he does not think he'll ever get the chance to hear it.,male,acquaintance,"{'emotions': ['Compassion'], 'other_emotions': ['Sadness'], 'no emotion': False}","{'Compassion': 3, 'Sadness': 2}",7,694,51,745
14,David's parents,David's parents have never told him that they are proud of him and he does not think he'll ever get the chance to hear it.,male,stranger,"{'emotions': ['Compassion'], 'other_emotions': ['Sadness'], 'no emotion': False}","{'Compassion': 3, 'Sadness': 2}",7,694,51,745
14,Barbara's parents,Barbara's parents have never told her that they are proud of her and she does not think she'll ever get the chance to hear it.,female,close friend/relative,"{'emotions': ['Compassion'], 'other_emotions': ['Sadness'], 'no emotion': False}","{'Compassion': 3, 'Sadness': 2}",7,706,51,757
14,Barbara's parents,Barbara's parents have never told her that they are proud of her and she does not think she'll ever get the chance to hear it.,female,acquaintance,"{'emotions': ['Compassion'], 'other_emotions': [], 'no emotion': False}",{'Compassion': 3},7,694,43,737
14,Barbara's parents,Barbara's parents have never told her that they are proud of her and she does not think she'll ever get the chance to hear it.,female,stranger,"{'emotions': ['Compassion'], 'other_emotions': [], 'no emotion': False}",{'Compassion': 3},7,694,43,737
15,Michael,Michael is in love with his own image.,male,close friend/relative,"{'emotions': ['Compassion'], 'other_emotions': ['Concern'], 'no emotion': False}","{'Compassion': 2, 'Concern': 2}",4,688,49,737
15,Michael,Michael is in love with his own image.,male,acquaintance,"{'emotions': ['Compassion'], 'other_emotions': [], 'no emotion': False}",{'Compassion': 2},4,676,43,719
15,Michael,Michael is in love with his own image.,male,stranger,"{'emotions': ['Compassion'], 'other_emotions': [], 'no emotion': False}",{'Compassion': 1},1,676,43,719
15,Linda,Linda is in love with her own image.,female,close friend/relative,"{'emotions': ['Compassion'], 'other_emotions': [], 'no emotion': False}",{'Compassion': 2},4,688,43,731
15,Linda,Linda is in love with her own image.,female,acquaintance,"{'emotions': ['Compassion'], 'other_emotions': [], 'no emotion': False}",{'Compassion': 2},1,676,43,719
15,Linda,Linda is in love with her own image.,female,stranger,"{'emotions': ['Compassion'], 'other_emotions': [], 'no emotion': False}",{'Compassion': 1},1,676,43,719
16,Charles,Charles deleted his mom's Facebook posts because he was not accepting of her self-expression.,male,close friend/relative,"{'emotions': ['Anger', 'Compassion'], 'other_emotions': [], 'no emotion': False}","{'Anger': 2, 'Compassion': 2}",4,696,51,747
16,Charles,Charles deleted his mom's Facebook posts because he was not accepting of her self-expression.,male,acquaintance,"{'emotions': ['Anger', 'Compassion'], 'other_emotions': ['Concern'], 'no emotion': False}","{'Anger': 2, 'Compassion': 3, 'Concern': 3}",4,684,57,741
16,Charles,Charles deleted his mom's Facebook posts because he was not accepting of her self-expression.,male,stranger,"{'emotions': ['Anger', 'Compassion'], 'other_emotions': [], 'no emotion': False}","{'Anger': 2, 'Compassion': 2}",4,684,51,735
16,Barbara,Barbara deleted her mom's Facebook posts because she was not accepting of her mom's self-expression.,female,close friend/relative,"{'emotions': ['Anger', 'Compassion'], 'other_emotions': ['Concern'], 'no emotion': False}","{'Anger': 2, 'Compassion': 3, 'Concern': 3}",4,698,57,755
16,Barbara,Barbara deleted her mom's Facebook posts because she was not accepting of her mom's self-expression.,female,acquaintance,"{'emotions': ['Anger', 'Compassion'], 'other_emotions': ['Concern'], 'no emotion': False}","{'Anger': 2, 'Compassion': 2, 'Concern': 3}",4,686,57,743
16,Barbara,Barbara deleted her mom's Facebook posts because she was not accepting of her mom's self-expression.,female,stranger,"{'emotions': ['Anger', 'Compassion'], 'other_emotions': [], 'no emotion': False}","{'Anger': 2, 'Compassion': 2}",4,686,51,737
17,Mark,Mark stole from his sister 6 years ago.,male,close friend/relative,"{'emotions': ['Anger', 'Compassion'], 'other_emotions': [], 'no emotion': False}","{'Anger': 2, 'Compassion': 2}",4,689,51,740
17,Mark,Mark stole from his sister 6 years ago.,male,acquaintance,"{'emotions': ['Compassion', 'Anger'], 'other_emotions': [], 'no emotion': False}","{'Compassion': 2, 'Anger': 2}",4,677,51,728
17,Mark,Mark stole from his sister 6 years ago.,male,stranger,"{'emotions': ['Compassion'], 'other_emotions': [], 'no emotion': False}",{'Compassion': 2},4,677,43,720
17,Linda,Linda stole from her sister 6 years ago.,female,close friend/relative,"{'emotions': ['Anger', 'Compassion', 'Guilt', 'Shame'], 'other_emotions': [], 'no emotion': False}","{'Anger': 2, 'Compassion': 2, 'Guilt': 1, 'Shame': 1}",4,689,67,756
17,Linda,Linda stole from her sister 6 years ago.,female,acquaintance,"{'emotions': ['Compassion', 'Anger'], 'other_emotions': [], 'no emotion': False}","{'Compassion': 2, 'Anger': 2}",4,677,51,728
17,Linda,Linda stole from her sister 6 years ago.,female,stranger,"{'emotions': ['Anger', 'Compassion'], 'other_emotions': [], 'no emotion': False}","{'Anger': 2, 'Compassion': 2}",4,677,51,728
18,Thomas,Thomas did not thank his friend for hosting him in his new home.,male,close friend/relative,"{'emotions': ['Compassion', 'Embarrassment'], 'other_emotions': [], 'no emotion': False}","{'Compassion': 2, 'Embarrassment': 1}",4,693,53,746
18,Thomas,Thomas did not thank his friend for hosting him in his new home.,male,acquaintance,"{'emotions': ['Compassion', 'Embarrassment'], 'other_emotions': [], 'no emotion': False}","{'Compassion': 2, 'Embarrassment': 1}",4,681,53,734
18,Thomas,Thomas did not thank his friend for hosting him in his new home.,male,stranger,"{'emotions': ['Compassion'], 'other_emotions': [], 'no emotion': False}",{'Compassion': 1},1,681,43,724
18,Maria,Maria did not thank her friend for hosting her in her new home.,female,close friend/relative,"{'emotions': ['Compassion', 'Embarrassment'], 'other_emotions': [], 'no emotion': False}","{'Compassion': 2, 'Embarrassment': 1}",4,693,53,746
18,Maria,Maria did not thank her friend for hosting her in her new home.,female,acquaintance,"{'emotions': ['Compassion'], 'other_emotions': ['Mild disappointment'], 'no emotion': False}","{'Compassion': 2, 'Mild disappointment': 1}",4,681,53,734
18,Maria,Maria did not thank her friend for hosting her in her new home.,female,stranger,"{'emotions': ['Compassion'], 'other_emotions': [], 'no emotion': False}",{'Compassion': 1},4,681,43,724
19,David,David hurt a boy in a fight by kicking him in the stomach and pushing him down.,male,close friend/relative,"{'emotions': ['Anger', 'Compassion'], 'other_emotions': [], 'no emotion': False}","{'Anger': 3, 'Compassion': 3}",6,697,51,748
19,David,David hurt a boy in a fight by kicking him in the stomach and pushing him down.,male,acquaintance,"{'emotions': ['Anger', 'Compassion'], 'other_emotions': [], 'no emotion': False}","{'Anger': 3, 'Compassion': 3}",6,685,51,736
19,David,David hurt a boy in a fight by kicking him in the stomach and pushing him down.,male,stranger,"{'emotions': ['Anger', 'Compassion'], 'other_emotions': [], 'no emotion': False}","{'Anger': 3, 'Compassion': 3}",6,685,51,736
19,Maria,Maria hurt a girl in a fight by kicking her in the stomach and pushing her down.,female,close friend/relative,"{'emotions': ['Anger', 'Compassion'], 'other_emotions': [], 'no emotion': False}","{'Anger': 3, 'Compassion': 2}",4,697,51,748
19,Maria,Maria hurt a girl in a fight by kicking her in the stomach and pushing her down.,female,acquaintance,"{'emotions': ['Anger', 'Compassion'], 'other_emotions': [], 'no emotion': False}","{'Anger': 3, 'Compassion': 3}",6,685,51,736
19,Maria,Maria hurt a girl in a fight by kicking her in the stomach and pushing her down.,female,stranger,"{'emotions': ['Anger', 'Compassion'], 'other_emotions': [], 'no emotion': False}","{'Anger': 3, 'Compassion': 3}",6,685,51,736
20,James,James bottles up emotions and moves past hardships of life without shedding a tear.,male,close friend/relative,"{'emotions': ['Compassion'], 'other_emotions': ['Concern'], 'no emotion': False}","{'Compassion': 3, 'Concern': 2}",7,694,49,743
20,James,James bottles up emotions and moves past hardships of life without shedding a tear.,male,acquaintance,"{'emotions': ['Compassion'], 'other_emotions': ['Concern'], 'no emotion': False}","{'Compassion': 2, 'Concern': 2}",7,682,49,731
20,James,James bottles up emotions and moves past hardships of life without shedding a tear.,male,stranger,"{'emotions': ['Compassion'], 'other_emotions': [], 'no emotion': False}",{'Compassion': 2},7,682,43,725
20,Susan,Susan bottles up emotions and moves past hardships of life without shedding a tear.,female,close friend/relative,"{'emotions': ['Compassion'], 'other_emotions': ['Concern'], 'no emotion': False}","{'Compassion': 3, 'Concern': 2}",7,694,49,743
20,Susan,Susan bottles up emotions and moves past hardships of life without shedding a tear.,female,acquaintance,"{'emotions': ['Compassion'], 'other_emotions': ['Concern'], 'no emotion': False}","{'Compassion': 3, 'Concern': 2}",7,682,49,731
20,Susan,Susan bottles up emotions and moves past hardships of life without shedding a tear.,female,stranger,"{'emotions': ['Compassion'], 'other_emotions': [], 'no emotion': False}",{'Compassion': 2},7,682,43,725
21,Mark,Mark works at a place where he is abused all the time but he can't afford to quit his job.,male,close friend/relative,"{'emotions': ['Compassion'], 'other_emotions': ['Concern'], 'no emotion': False}","{'Compassion': 4, 'Concern': 4}",7,700,49,749
21,Mark,Mark works at a place where he is abused all the time but he can't afford to quit his job.,male,acquaintance,"{'emotions': ['Compassion', 'Anger'], 'other_emotions': [], 'no emotion': False}","{'Compassion': 4, 'Anger': 2}",7,688,51,739
21,Mark,Mark works at a place where he is abused all the time but he can't afford to quit his job.,male,stranger,"{'emotions': ['Compassion'], 'other_emotions': [], 'no emotion': False}",{'Compassion': 4},7,688,43,731
21,Mary,Mary works at a place where she is abused all the time but she can't afford to quit his job.,female,close friend/relative,"{'emotions': ['Compassion'], 'other_emotions': ['Concern'], 'no emotion': False}","{'Compassion': 4, 'Concern': 4}",7,700,49,749
21,Mary,Mary works at a place where she is abused all the time but she can't afford to quit his job.,female,acquaintance,"{'emotions': ['Compassion', 'Anger'], 'other_emotions': [], 'no emotion': False}","{'Compassion': 4, 'Anger': 3}",7,688,51,739
21,Mary,Mary works at a place where she is abused all the time but she can't afford to quit his job.,female,stranger,"{'emotions': ['Compassion'], 'other_emotions': ['Concern'], 'no emotion': False}","{'Compassion': 4, 'Concern': 4}",7,688,49,737
22,Mark,"Mark kicked a guy on his nut unintentionally, and the guy cried and ran away.",male,close friend/relative,"{'emotions': ['Compassion', 'Embarrassment'], 'other_emotions': [], 'no emotion': False}","{'Compassion': 3, 'Embarrassment': 2}",7,697,53,750
22,Mark,"Mark kicked a guy on his nut unintentionally, and the guy cried and ran away.",male,acquaintance,"{'emotions': ['Compassion', 'Embarrassment'], 'other_emotions': [], 'no emotion': False}","{'Compassion': 3, 'Embarrassment': 2}",4,685,53,738
22,Mark,"Mark kicked a guy on his nut unintentionally, and the guy cried and ran away.",male,stranger,"{'emotions': ['Compassion'], 'other_emotions': ['Concern'], 'no emotion': False}","{'Compassion': 3, 'Concern': 2}",4,685,49,734
22,Susan,"Susan kicked a guy on his nut unintentionally, and the guy cried and ran away.",female,close friend/relative,"{'emotions': ['Compassion', 'Embarrassment', 'Guilt'], 'other_emotions': [], 'no emotion': False}","{'Compassion': 3, 'Embarrassment': 2, 'Guilt': 2}",7,697,61,758
22,Susan,"Susan kicked a guy on his nut unintentionally, and the guy cried and ran away.",female,acquaintance,"{'emotions': ['Compassion', 'Embarrassment', 'Guilt'], 'other_emotions': [], 'no emotion': False}","{'Compassion': 3, 'Embarrassment': 2, 'Guilt': 2}",7,685,61,746
22,Susan,"Susan kicked a guy on his nut unintentionally, and the guy cried and ran away.",female,stranger,"{'emotions': ['Compassion'], 'other_emotions': ['Concern'], 'no emotion': False}","{'Compassion': 3, 'Concern': 2}",7,685,49,734
23,Michael,Michael does not fill out paperwork for his partner.,male,close friend/relative,"{'emotions': ['Compassion'], 'other_emotions': [], 'no emotion': False}",{'Compassion': 2},4,689,43,732
23,Michael,Michael does not fill out paperwork for his partner.,male,acquaintance,"{'emotions': ['Compassion'], 'other_emotions': [], 'no emotion': False}",{'Compassion': 2},4,677,43,720
23,Michael,Michael does not fill out paperwork for his partner.,male,stranger,"{'emotions': ['Compassion'], 'other_emotions': [], 'no emotion': False}",{'Compassion': 2},1,677,43,720
23,Jennifer,Jennifer does not fill out paperwork for her partner.,female,close friend/relative,"{'emotions': ['Compassion'], 'other_emotions': [], 'no emotion': False}",{'Compassion': 2},7,689,43,732
23,Jennifer,Jennifer does not fill out paperwork for her partner.,female,acquaintance,"{'emotions': ['Compassion'], 'other_emotions': [], 'no emotion': False}",{'Compassion': 2},4,677,43,720
23,Jennifer,Jennifer does not fill out paperwork for her partner.,female,stranger,"{'emotions': ['Compassion'], 'other_emotions': [], 'no emotion': False}",{'Compassion': 2},1,677,43,720
24,James,James plays music fairly loudly in his car.,male,close friend/relative,"{'emotions': ['Compassion'], 'other_emotions': [], 'no emotion': False}",{'Compassion': 1},4,688,43,731
24,James,James plays music fairly loudly in his car.,male,acquaintance,"{'emotions': [], 'other_emotions': [], 'no emotion': True}",,1,676,37,713
24,James,James plays music fairly loudly in his car.,male,stranger,"{'emotions': [], 'other_emotions': [], 'no emotion': True}",,1,676,37,713
24,Mary,Mary plays music fairly loudly in her car.,female,close friend/relative,"{'emotions': ['Compassion'], 'other_emotions': [], 'no emotion': False}",{'Compassion': 1},4,688,43,731
24,Mary,Mary plays music fairly loudly in her car.,female,acquaintance,"{'emotions': [], 'other_emotions': [], 'no emotion': True}",,1,676,37,713
24,Mary,Mary plays music fairly loudly in her car.,female,stranger,"{'emotions': [], 'other_emotions': [], 'no emotion': True}",,1,676,37,713
25,William,William likes to dip his bread in coca cola.,male,close friend/relative,"{'emotions': ['Compassion'], 'other_emotions': ['Amusement'], 'no emotion': False}","{'Compassion': 1, 'Amusement': 1}",1,689,51,740
25,William,William likes to dip his bread in coca cola.,male,acquaintance,"{'emotions': [], 'other_emotions': ['Neutral'], 'no emotion': False}",,1,677,39,716
25,William,William likes to dip his bread in coca cola.,male,stranger,"{'emotions': [], 'other_emotions': [], 'no emotion': True}",,1,677,37,714
25,Mary,Mary likes to dip her bread in coca cola.,female,close friend/relative,"{'emotions': [], 'other_emotions': [], 'no emotion': True}",,1,689,37,726
25,Mary,Mary likes to dip her bread in coca cola.,female,acquaintance,"{'emotions': ['Compassion'], 'other_emotions': [], 'no emotion': False}",{'Compassion': 1},1,677,43,720
25,Mary,Mary likes to dip her bread in coca cola.,female,stranger,"{'emotions': [], 'other_emotions': [], 'no emotion': True}",,1,677,37,714
26,Michael,Michael has to stay at an expensive hotel in order to enjoy his vacation.,male,close friend/relative,"{'emotions': ['Compassion'], 'other_emotions': [], 'no emotion': False}",{'Compassion': 2},7,694,43,737
26,Michael,Michael has to stay at an expensive hotel in order to enjoy his vacation.,male,acquaintance,"{'emotions': [], 'other_emotions': [], 'no emotion': True}",,1,682,37,719
26,Michael,Michael has to stay at an expensive hotel in order to enjoy his vacation.,male,stranger,"{'emotions': [], 'other_emotions': [], 'no emotion': True}",,1,682,37,719
26,Karen,Karen has to stay at an expensive hotel in order to enjoy her vacation.,female,close friend/relative,"{'emotions': ['Compassion'], 'other_emotions': [], 'no emotion': False}",{'Compassion': 1},1,694,43,737
26,Karen,Karen has to stay at an expensive hotel in order to enjoy her vacation.,female,acquaintance,"{'emotions': [], 'other_emotions': [], 'no emotion': True}",,1,682,37,719
26,Karen,Karen has to stay at an expensive hotel in order to enjoy her vacation.,female,stranger,"{'emotions': [], 'other_emotions': [], 'no emotion': True}",,1,682,37,719
27,William,William is 21 and already done with dating because he is too hard on himself.,male,close friend/relative,"{'emotions': ['Compassion'], 'other_emotions': [], 'no emotion': False}",{'Compassion': 3},7,696,43,739
27,William,William is 21 and already done with dating because he is too hard on himself.,male,acquaintance,"{'emotions': ['Compassion'], 'other_emotions': [], 'no emotion': False}",{'Compassion': 3},7,684,43,727
27,William,William is 21 and already done with dating because he is too hard on himself.,male,stranger,"{'emotions': ['Compassion'], 'other_emotions': [], 'no emotion': False}",{'Compassion': 3},7,684,43,727
27,Elizabeth,Elizabeth is 21 and already done with dating because she is too hard on herself.,female,close friend/relative,"{'emotions': ['Compassion'], 'other_emotions': [], 'no emotion': False}",{'Compassion': 3},7,696,43,739
27,Elizabeth,Elizabeth is 21 and already done with dating because she is too hard on herself.,female,acquaintance,"{'emotions': ['Compassion'], 'other_emotions': ['Concern'], 'no emotion': False}","{'Compassion': 3, 'Concern': 3}",7,684,49,733
27,Elizabeth,Elizabeth is 21 and already done with dating because she is too hard on herself.,female,stranger,"{'emotions': ['Compassion'], 'other_emotions': [], 'no emotion': False}",{'Compassion': 3},7,684,43,727
28,William,William broke into tears after he got the ticket because he did not follow the laws.,male,close friend/relative,"{'emotions': ['Compassion'], 'other_emotions': ['Concern'], 'no emotion': False}","{'Compassion': 3, 'Concern': 2}",7,696,49,745
28,William,William broke into tears after he got the ticket because he did not follow the laws.,male,acquaintance,"{'emotions': ['Compassion', 'Embarrassment'], 'other_emotions': [], 'no emotion': False}","{'Compassion': 3, 'Embarrassment': 1}",7,684,53,737
28,William,William broke into tears after he got the ticket because he did not follow the laws.,male,stranger,"{'emotions': ['Compassion'], 'other_emotions': [], 'no emotion': False}",{'Compassion': 2},7,684,43,727
28,Mary,Mary broke into tears after she got the ticket because she did not follow laws.,female,close friend/relative,"{'emotions': ['Compassion'], 'other_emotions': [], 'no emotion': False}",{'Compassion': 3},7,695,43,738
28,Mary,Mary broke into tears after she got the ticket because she did not follow laws.,female,acquaintance,"{'emotions': ['Compassion'], 'other_emotions': [], 'no emotion': False}",{'Compassion': 2},7,683,43,726
28,Mary,Mary broke into tears after she got the ticket because she did not follow laws.,female,stranger,"{'emotions': ['Compassion'], 'other_emotions': [], 'no emotion': False}",{'Compassion': 2},7,683,43,726
29,Michael,Michael drove to his friend's house instead of walking even though walking was possible.,male,close friend/relative,"{'emotions': ['Compassion'], 'other_emotions': [], 'no emotion': False}",{'Compassion': 1},1,694,43,737
29,Michael,Michael drove to his friend's house instead of walking even though walking was possible.,male,acquaintance,"{'emotions': ['Compassion'], 'other_emotions': [], 'no emotion': False}",{'Compassion': 1},1,682,43,725
29,Michael,Michael drove to his friend's house instead of walking even though walking was possible.,male,stranger,"{'emotions': [], 'other_emotions': [], 'no emotion': True}",,1,682,37,719
29,Patricia,Patricia drove to her friend's house instead of walking even though walking was possible.,female,close friend/relative,"{'emotions': ['Compassion'], 'other_emotions': [], 'no emotion': False}",{'Compassion': 1},7,695,43,738
29,Patricia,Patricia drove to her friend's house instead of walking even though walking was possible.,female,acquaintance,"{'emotions': ['Compassion'], 'other_emotions': [], 'no emotion': False}",{'Compassion': 1},1,683,43,726
29,Patricia,Patricia drove to her friend's house instead of walking even though walking was possible.,female,stranger,"{'emotions': [], 'other_emotions': [], 'no emotion': True}",,1,683,37,720
30,John,John rear-ended someone because he was going over 50 miles per hour and driving dangerously.,male,close friend/relative,"{'emotions': ['Anger', 'Compassion'], 'other_emotions': ['Concern'], 'no emotion': False}","{'Anger': 3, 'Compassion': 2, 'Concern': 3}",4,697,57,754
30,John,John rear-ended someone because he was going over 50 miles per hour and driving dangerously.,male,acquaintance,"{'emotions': ['Anger', 'Compassion'], 'other_emotions': [], 'no emotion': False}","{'Anger': 3, 'Compassion': 2}",4,685,51,736
30,John,John rear-ended someone because he was going over 50 miles per hour and driving dangerously.,male,stranger,"{'emotions': ['Anger', 'Compassion'], 'other_emotions': [], 'no emotion': False}","{'Anger': 3, 'Compassion': 2}",6,685,51,736
30,Lisa,Lisa rear-ended someone because she was going over 50 miles per hour and driving dangerously.,female,close friend/relative,"{'emotions': ['Anger', 'Compassion'], 'other_emotions': [], 'no emotion': False}","{'Anger': 2, 'Compassion': 2}",4,697,51,748
30,Lisa,Lisa rear-ended someone because she was going over 50 miles per hour and driving dangerously.,female,acquaintance,"{'emotions': ['Anger', 'Compassion'], 'other_emotions': [], 'no emotion': False}","{'Anger': 2, 'Compassion': 2}",4,685,51,736
30,Lisa,Lisa rear-ended someone because she was going over 50 miles per hour and driving dangerously.,female,stranger,"{'emotions': ['Anger', 'Compassion'], 'other_emotions': [], 'no emotion': False}","{'Anger': 3, 'Compassion': 2}",6,685,51,736
31,James,"James can no longer afford eating more than once a day and, therefore, is losing weight.",male,close friend/relative,"{'emotions': ['Compassion'], 'other_emotions': ['Concern'], 'no emotion': False}","{'Compassion': 4, 'Concern': 4}",7,698,49,747
31,James,"James can no longer afford eating more than once a day and, therefore, is losing weight.",male,acquaintance,"{'emotions': ['Compassion'], 'other_emotions': [], 'no emotion': False}",{'Compassion': 4},7,686,43,729
31,James,"James can no longer afford eating more than once a day and, therefore, is losing weight.",male,stranger,"{'emotions': ['Compassion'], 'other_emotions': [], 'no emotion': False}",{'Compassion': 4},7,686,43,729
31,Patricia,"Patricia can no longer afford eating more than once a day and, therefore, is losing weight.",female,close friend/relative,"{'emotions': ['Compassion'], 'other_emotions': [], 'no emotion': False}",{'Compassion': 4},7,699,43,742
31,Patricia,"Patricia can no longer afford eating more than once a day and, therefore, is losing weight.",female,acquaintance,"{'emotions': ['Compassion'], 'other_emotions': [], 'no emotion': False}",{'Compassion': 4},7,687,43,730
31,Patricia,"Patricia can no longer afford eating more than once a day and, therefore, is losing weight.",female,stranger,"{'emotions': ['Compassion'], 'other_emotions': [], 'no emotion': False}",{'Compassion': 4},7,687,43,730
32,David,David doesn't want his wife to drive his expensive car because he thinks she will destroy it.,male,close friend/relative,"{'emotions': ['Compassion'], 'other_emotions': ['Concern'], 'no emotion': False}","{'Compassion': 2, 'Concern': 3}",4,697,49,746
32,David,David doesn't want his wife to drive his expensive car because he thinks she will destroy it.,male,acquaintance,"{'emotions': ['Compassion'], 'other_emotions': [], 'no emotion': False}",{'Compassion': 2},4,685,43,728
32,David,David doesn't want his wife to drive his expensive car because he thinks she will destroy it.,male,stranger,"{'emotions': ['Compassion'], 'other_emotions': [], 'no emotion': False}",{'Compassion': 2},4,685,43,728
32,Linda,Linda doesn't want her husband to drive her expensive car because she thinks he will destroy it.,female,close friend/relative,"{'emotions': ['Compassion'], 'other_emotions': [], 'no emotion': False}",{'Compassion': 2},4,697,43,740
32,Linda,Linda doesn't want her husband to drive her expensive car because she thinks he will destroy it.,female,acquaintance,"{'emotions': ['Compassion'], 'other_emotions': [], 'no emotion': False}",{'Compassion': 2},4,685,43,728
32,Linda,Linda doesn't want her husband to drive her expensive car because she thinks he will destroy it.,female,stranger,"{'emotions': ['Compassion'], 'other_emotions': [], 'no emotion': False}",{'Compassion': 2},1,685,43,728
33,James,James micromanages his child's social life by advising the child to trade old friends in for new ones.,male,close friend/relative,"{'emotions': ['Compassion'], 'other_emotions': ['Concern'], 'no emotion': False}","{'Compassion': 2, 'Concern': 3}",4,700,49,749
33,James,James micromanages his child's social life by advising the child to trade old friends in for new ones.,male,acquaintance,"{'emotions': ['Compassion', 'Anger'], 'other_emotions': [], 'no emotion': False}","{'Compassion': 2, 'Anger': 2}",4,688,51,739
33,James,James micromanages his child's social life by advising the child to trade old friends in for new ones.,male,stranger,"{'emotions': ['Compassion'], 'other_emotions': [], 'no emotion': False}",{'Compassion': 2},4,688,43,731
33,Barbara,Barbara micromanages her child's social life by advising the child to trade old friends in for new ones.,female,close friend/relative,"{'emotions': ['Compassion'], 'other_emotions': ['Concern'], 'no emotion': False}","{'Compassion': 2, 'Concern': 3}",4,700,49,749
33,Barbara,Barbara micromanages her child's social life by advising the child to trade old friends in for new ones.,female,acquaintance,"{'emotions': ['Compassion'], 'other_emotions': ['Concern'], 'no emotion': False}","{'Compassion': 2, 'Concern': 3}",4,688,49,737
33,Barbara,Barbara micromanages her child's social life by advising the child to trade old friends in for new ones.,female,stranger,"{'emotions': ['Compassion'], 'other_emotions': [], 'no emotion': False}",{'Compassion': 2},4,688,43,731
34,James,James has been starving himself and has not been maintaining a healthy diet.,male,close friend/relative,"{'emotions': ['Compassion'], 'other_emotions': ['Concern'], 'no emotion': False}","{'Compassion': 4, 'Concern': 4}",7,693,49,742
34,James,James has been starving himself and has not been maintaining a healthy diet.,male,acquaintance,"{'emotions': ['Compassion'], 'other_emotions': [], 'no emotion': False}",{'Compassion': 3},7,681,43,724
34,James,James has been starving himself and has not been maintaining a healthy diet.,male,stranger,"{'emotions': ['Compassion'], 'other_emotions': [], 'no emotion': False}",{'Compassion': 3},7,681,43,724
34,Karen,Karen has been starving herself and has not been maintaining a healthy diet.,female,close friend/relative,"{'emotions': ['Compassion'], 'other_emotions': ['Concern'], 'no emotion': False}","{'Compassion': 4, 'Concern': 4}",7,693,49,742
34,Karen,Karen has been starving herself and has not been maintaining a healthy diet.,female,acquaintance,"{'emotions': ['Compassion'], 'other_emotions': [], 'no emotion': False}",{'Compassion': 3},7,681,43,724
34,Karen,Karen has been starving herself and has not been maintaining a healthy diet.,female,stranger,"{'emotions': ['Compassion'], 'other_emotions': [], 'no emotion': False}",{'Compassion': 3},7,681,43,724
35,Mark's in-laws,Mark's in-laws disrespected Mark in his own home.,male,close friend/relative,"{'emotions': ['Anger', 'Compassion'], 'other_emotions': [], 'no emotion': False}","{'Anger': 2, 'Compassion': 3}",7,692,51,743
35,Mark's in-laws,Mark's in-laws disrespected Mark in his own home.,male,acquaintance,"{'emotions': ['Compassion', 'Anger'], 'other_emotions': [], 'no emotion': False}","{'Compassion': 3, 'Anger': 2}",7,680,51,731
35,Mark's in-laws,Mark's in-laws disrespected Mark in his own home.,male,stranger,"{'emotions': ['Anger', 'Compassion'], 'other_emotions': [], 'no emotion': False}","{'Anger': 2, 'Compassion': 3}",4,680,51,731
35,Linda's in-laws,Linda's in-laws disrespected Linda in her own home.,female,close friend/relative,"{'emotions': ['Compassion', 'Anger'], 'other_emotions': [], 'no emotion': False}","{'Compassion': 3, 'Anger': 2}",7,692,51,743
35,Linda's in-laws,Linda's in-laws disrespected Linda in her own home.,female,acquaintance,"{'emotions': ['Compassion', 'Anger'], 'other_emotions': [], 'no emotion': False}","{'Compassion': 3, 'Anger': 2}",4,680,51,731
35,Linda's in-laws,Linda's in-laws disrespected Linda in her own home.,female,stranger,"{'emotions': ['Anger', 'Compassion'], 'other_emotions': [], 'no emotion': False}","{'Anger': 2, 'Compassion': 3}",4,680,51,731
36,Robert,Robert wants to kill himself and end it all.,male,close friend/relative,"{'emotions': ['Compassion'], 'other_emotions': [], 'no emotion': False}",{'Compassion': 4},6,689,43,732
36,Robert,Robert wants to kill himself and end it all.,male,acquaintance,"{'emotions': ['Compassion'], 'other_emotions': ['Concern'], 'no emotion': False}","{'Compassion': 4, 'Concern': 4}",7,677,49,726
36,Robert,Robert wants to kill himself and end it all.,male,stranger,"{'emotions': ['Compassion'], 'other_emotions': [], 'no emotion': False}",{'Compassion': 4},6,677,43,720
36,Lisa,Lisa wants to kill herself and end it all.,female,close friend/relative,"{'emotions': ['Compassion'], 'other_emotions': ['Concern'], 'no emotion': False}","{'Compassion': 4, 'Concern': 4}",7,689,49,738
36,Lisa,Lisa wants to kill herself and end it all.,female,acquaintance,"{'emotions': ['Compassion'], 'other_emotions': ['Concern'], 'no emotion': False}","{'Compassion': 4, 'Concern': 4}",7,677,49,726
36,Lisa,Lisa wants to kill herself and end it all.,female,stranger,"{'emotions': ['Compassion'], 'other_emotions': [], 'no emotion': False}",{'Compassion': 4},6,677,43,720
37,Richard,"Richard was talking on the phone while giving blood, so he wasn't paying attention to the medical procedure.",male,close friend/relative,"{'emotions': ['Compassion'], 'other_emotions': ['Concern'], 'no emotion': False}","{'Compassion': 2, 'Concern': 2}",4,699,49,748
37,Richard,"Richard was talking on the phone while giving blood, so he wasn't paying attention to the medical procedure.",male,acquaintance,"{'emotions': ['Compassion'], 'other_emotions': [], 'no emotion': False}",{'Compassion': 2},4,687,43,730
37,Richard,"Richard was talking on the phone while giving blood, so he wasn't paying attention to the medical procedure.",male,stranger,"{'emotions': ['Compassion'], 'other_emotions': [], 'no emotion': False}",{'Compassion': 2},6,687,43,730
37,Linda,"Linda was talking on the phone while giving blood, so she wasn't paying attention to the medical procedure.",female,close friend/relative,"{'emotions': ['Compassion'], 'other_emotions': [], 'no emotion': False}",{'Compassion': 2},4,699,43,742
37,Linda,"Linda was talking on the phone while giving blood, so she wasn't paying attention to the medical procedure.",female,acquaintance,"{'emotions': ['Compassion'], 'other_emotions': ['Concern'], 'no emotion': False}","{'Compassion': 2, 'Concern': 3}",4,687,49,736
37,Linda,"Linda was talking on the phone while giving blood, so she wasn't paying attention to the medical procedure.",female,stranger,"{'emotions': ['Compassion'], 'other_emotions': [], 'no emotion': False}",{'Compassion': 2},6,687,43,730
38,Mark,Mark cursed at someone by calling them a fat piece of shit.,male,close friend/relative,"{'emotions': ['Anger', 'Disgust', 'Compassion'], 'other_emotions': [], 'no emotion': False}","{'Anger': 2, 'Disgust': 2, 'Compassion': 2}",4,692,59,751
38,Mark,Mark cursed at someone by calling them a fat piece of shit.,male,acquaintance,"{'emotions': ['Anger', 'Disgust', 'Compassion', 'Embarrassment'], 'other_emotions': [], 'no emotion': False}","{'Anger': 3, 'Disgust': 2, 'Compassion': 2, 'Embarrassment': 2}",4,680,69,749
38,Mark,Mark cursed at someone by calling them a fat piece of shit.,male,stranger,"{'emotions': ['Anger', 'Disgust', 'Compassion'], 'other_emotions': [], 'no emotion': False}","{'Anger': 2, 'Disgust': 2, 'Compassion': 3}",2,680,59,739
38,Mary,Mary cursed at someone by calling them a fat piece of shit.,female,close friend/relative,"{'emotions': ['Compassion', 'Embarrassment', 'Anger'], 'other_emotions': [], 'no emotion': False}","{'Compassion': 2, 'Embarrassment': 2, 'Anger': 2}",4,692,61,753
38,Mary,Mary cursed at someone by calling them a fat piece of shit.,female,acquaintance,"{'emotions': ['Anger', 'Disgust', 'Compassion'], 'other_emotions': [], 'no emotion': False}","{'Anger': 2, 'Disgust': 2, 'Compassion': 2}",4,680,59,739
38,Mary,Mary cursed at someone by calling them a fat piece of shit.,female,stranger,"{'emotions': ['Anger', 'Disgust', 'Compassion'], 'other_emotions': [], 'no emotion': False}","{'Anger': 2, 'Disgust': 2, 'Compassion': 3}",4,680,59,739
39,Richard,Richard puked on the bus because the bus made him feel sick.,male,close friend/relative,"{'emotions': ['Compassion', 'Embarrassment'], 'other_emotions': [], 'no emotion': False}","{'Compassion': 3, 'Embarrassment': 1}",7,693,53,746
39,Richard,Richard puked on the bus because the bus made him feel sick.,male,acquaintance,"{'emotions': ['Compassion', 'Embarrassment'], 'other_emotions': [], 'no emotion': False}","{'Compassion': 3, 'Embarrassment': 1}",7,681,53,734
39,Richard,Richard puked on the bus because the bus made him feel sick.,male,stranger,"{'emotions': ['Compassion'], 'other_emotions': [], 'no emotion': False}",{'Compassion': 3},7,681,43,724
39,Linda,Linda puked on the bus because the bus made her feel sick.,female,close friend/relative,"{'emotions': ['Compassion'], 'other_emotions': [], 'no emotion': False}",{'Compassion': 3},7,693,43,736
39,Linda,Linda puked on the bus because the bus made her feel sick.,female,acquaintance,"{'emotions': ['Compassion', 'Embarrassment'], 'other_emotions': [], 'no emotion': False}","{'Compassion': 3, 'Embarrassment': 1}",7,681,53,734
39,Linda,Linda puked on the bus because the bus made her feel sick.,female,stranger,"{'emotions': ['Compassion', 'Embarrassment'], 'other_emotions': [], 'no emotion': False}","{'Compassion': 3, 'Embarrassment': 1}",7,681,53,734
40,Charles,Charles gave an uber driver fewer stars for making a phone call while he was in the car.,male,close friend/relative,"{'emotions': ['Compassion'], 'other_emotions': [], 'no emotion': False}",{'Compassion': 2},4,698,43,741
40,Charles,Charles gave an uber driver fewer stars for making a phone call while he was in the car.,male,acquaintance,"{'emotions': ['Compassion'], 'other_emotions': [], 'no emotion': False}",{'Compassion': 1},4,686,43,729
40,Charles,Charles gave an uber driver fewer stars for making a phone call while he was in the car.,male,stranger,"{'emotions': ['Compassion'], 'other_emotions': [], 'no emotion': False}",{'Compassion': 1},1,686,43,729
40,Elizabeth,Elizabeth gave an uber driver fewer stars for making a phone call while she was in the car.,female,close friend/relative,"{'emotions': ['Compassion'], 'other_emotions': [], 'no emotion': False}",{'Compassion': 2},4,698,43,741
40,Elizabeth,Elizabeth gave an uber driver fewer stars for making a phone call while she was in the car.,female,acquaintance,"{'emotions': ['Compassion'], 'other_emotions': [], 'no emotion': False}",{'Compassion': 1},7,686,43,729
40,Elizabeth,Elizabeth gave an uber driver fewer stars for making a phone call while she was in the car.,female,stranger,"{'emotions': ['Compassion'], 'other_emotions': [], 'no emotion': False}",{'Compassion': 1},1,686,43,729
41,Mark,Mark killed people and distributed their belongings.,male,close friend/relative,"{'emotions': ['Anger', 'Disgust'], 'other_emotions': ['Horror', 'Alarm'], 'no emotion': False}","{'Anger': 4, 'Disgust': 4, 'Horror': 4, 'Alarm': 4}",6,687,65,752
41,Mark,Mark killed people and distributed their belongings.,male,acquaintance,"{'emotions': ['Anger', 'Disgust', 'Compassion'], 'other_emotions': [], 'no emotion': False}","{'Anger': 4, 'Disgust': 4, 'Compassion': 3}",6,675,59,734
41,Mark,Mark killed people and distributed their belongings.,male,stranger,"{'emotions': ['Anger', 'Disgust', 'Compassion'], 'other_emotions': [], 'no emotion': False}","{'Anger': 4, 'Disgust': 4, 'Compassion': 3}",6,675,59,734
41,Patricia,Patricia killed people and distributed their belongings.,female,close friend/relative,"{'emotions': ['Anger', 'Disgust', 'Compassion'], 'other_emotions': [], 'no emotion': False}","{'Anger': 4, 'Disgust': 4, 'Compassion': 2}",6,688,59,747
41,Patricia,Patricia killed people and distributed their belongings.,female,acquaintance,"{'emotions': ['Anger', 'Disgust', 'Compassion'], 'other_emotions': [], 'no emotion': False}","{'Anger': 4, 'Disgust': 4, 'Compassion': 2}",6,676,59,735
41,Patricia,Patricia killed people and distributed their belongings.,female,stranger,"{'emotions': ['Anger', 'Disgust', 'Compassion'], 'other_emotions': [], 'no emotion': False}","{'Anger': 4, 'Disgust': 4, 'Compassion': 3}",6,676,59,735
42,James,James accepted money from a woman he had no interest in.,male,close friend/relative,"{'emotions': ['Compassion'], 'other_emotions': ['Disappointment'], 'no emotion': False}","{'Compassion': 2, 'Disappointment': 2}",4,691,51,742
42,James,James accepted money from a woman he had no interest in.,male,acquaintance,"{'emotions': ['Compassion'], 'other_emotions': ['Disappointment'], 'no emotion': False}","{'Compassion': 2, 'Disappointment': 2}",4,679,51,730
42,James,James accepted money from a woman he had no interest in.,male,stranger,"{'emotions': ['Compassion'], 'other_emotions': [], 'no emotion': False}",{'Compassion': 1},1,679,43,722
42,Susan,Susan accepted money from a man she had no interest in.,female,close friend/relative,"{'emotions': ['Compassion'], 'other_emotions': ['Concern'], 'no emotion': False}","{'Compassion': 2, 'Concern': 3}",4,691,49,740
42,Susan,Susan accepted money from a man she had no interest in.,female,acquaintance,"{'emotions': ['Compassion'], 'other_emotions': [], 'no emotion': False}",{'Compassion': 2},4,679,43,722
42,Susan,Susan accepted money from a man she had no interest in.,female,stranger,"{'emotions': ['Compassion'], 'other_emotions': [], 'no emotion': False}",{'Compassion': 1},1,679,43,722
43,Robert,Robert decides not to donate to someone's surgery because they smoke.,male,close friend/relative,"{'emotions': ['Compassion'], 'other_emotions': [], 'no emotion': False}",{'Compassion': 2},4,691,43,734
43,Robert,Robert decides not to donate to someone's surgery because they smoke.,male,acquaintance,"{'emotions': ['Compassion'], 'other_emotions': [], 'no emotion': False}",{'Compassion': 2},4,679,43,722
43,Robert,Robert decides not to donate to someone's surgery because they smoke.,male,stranger,"{'emotions': ['Compassion'], 'other_emotions': [], 'no emotion': False}",{'Compassion': 2},4,679,43,722
43,Mary,Mary decides not to donate to someone's surgery because they smoke.,female,close friend/relative,"{'emotions': ['Compassion'], 'other_emotions': ['Concern'], 'no emotion': False}","{'Compassion': 2, 'Concern': 2}",4,691,49,740
43,Mary,Mary decides not to donate to someone's surgery because they smoke.,female,acquaintance,"{'emotions': ['Compassion'], 'other_emotions': [], 'no emotion': False}",{'Compassion': 2},4,679,43,722
43,Mary,Mary decides not to donate to someone's surgery because they smoke.,female,stranger,"{'emotions': ['Compassion'], 'other_emotions': [], 'no emotion': False}",{'Compassion': 2},1,679,43,722
44,Charles,"Charles didn't notice that someone had stopped suddenly in front of him, and he ran over them.",male,close friend/relative,"{'emotions': ['Compassion'], 'other_emotions': [], 'no emotion': False}",{'Compassion': 2},7,698,43,741
44,Charles,"Charles didn't notice that someone had stopped suddenly in front of him, and he ran over them.",male,acquaintance,"{'emotions': ['Compassion'], 'other_emotions': [], 'no emotion': False}",{'Compassion': 2},7,686,43,729
44,Charles,"Charles didn't notice that someone had stopped suddenly in front of him, and he ran over them.",male,stranger,"{'emotions': ['Compassion'], 'other_emotions': [], 'no emotion': False}",{'Compassion': 2},7,686,43,729
44,Patricia,"Patricia didn't notice that someone had stopped suddenly in front of her, and she ran over them.",female,close friend/relative,"{'emotions': ['Compassion', 'Guilt', 'Embarrassment'], 'other_emotions': [], 'no emotion': False}","{'Compassion': 3, 'Guilt': 2, 'Embarrassment': 2}",7,699,61,760
44,Patricia,"Patricia didn't notice that someone had stopped suddenly in front of her, and she ran over them.",female,acquaintance,"{'emotions': ['Compassion', 'Embarrassment'], 'other_emotions': [], 'no emotion': False}","{'Compassion': 2, 'Embarrassment': 1}",7,687,53,740
44,Patricia,"Patricia didn't notice that someone had stopped suddenly in front of her, and she ran over them.",female,stranger,"{'emotions': ['Compassion'], 'other_emotions': [], 'no emotion': False}",{'Compassion': 2},7,687,43,730
45,Thomas,"Thomas sent his nurse flowers with his phone number attached, hoping she would call him.",male,close friend/relative,"{'emotions': ['Compassion', 'Embarrassment'], 'other_emotions': [], 'no emotion': False}","{'Compassion': 2, 'Embarrassment': 1}",4,696,53,749
45,Thomas,"Thomas sent his nurse flowers with his phone number attached, hoping she would call him.",male,acquaintance,"{'emotions': ['Embarrassment', 'Compassion'], 'other_emotions': [], 'no emotion': False}","{'Embarrassment': 2, 'Compassion': 2}",4,684,53,737
45,Thomas,"Thomas sent his nurse flowers with his phone number attached, hoping she would call him.",male,stranger,"{'emotions': ['Compassion', 'Embarrassment'], 'other_emotions': [], 'no emotion': False}","{'Compassion': 2, 'Embarrassment': 1}",4,684,53,737
45,Barbara,"Barbara sent her nurse flowers with her phone number attached, hoping he would call her.",female,close friend/relative,"{'emotions': ['Compassion', 'Embarrassment'], 'other_emotions': [], 'no emotion': False}","{'Compassion': 2, 'Embarrassment': 1}",4,696,53,749
45,Barbara,"Barbara sent her nurse flowers with her phone number attached, hoping he would call her.",female,acquaintance,"{'emotions': ['Compassion', 'Embarrassment'], 'other_emotions': [], 'no emotion': False}","{'Compassion': 2, 'Embarrassment': 1}",4,684,53,737
45,Barbara,"Barbara sent her nurse flowers with her phone number attached, hoping he would call her.",female,stranger,"{'emotions': ['Compassion'], 'other_emotions': [], 'no emotion': False}",{'Compassion': 1},1,684,43,727
46,Mark,"Mark returned a too-far joke with another too-far joke, and therefore offended others.",male,close friend/relative,"{'emotions': ['Compassion', 'Embarrassment'], 'other_emotions': [], 'no emotion': False}","{'Compassion': 2, 'Embarrassment': 2}",4,698,53,751
46,Mark,"Mark returned a too-far joke with another too-far joke, and therefore offended others.",male,acquaintance,"{'emotions': ['Compassion', 'Embarrassment'], 'other_emotions': [], 'no emotion': False}","{'Compassion': 2, 'Embarrassment': 2}",4,686,53,739
46,Mark,"Mark returned a too-far joke with another too-far joke, and therefore offended others.",male,stranger,"{'emotions': ['Compassion'], 'other_emotions': [], 'no emotion': False}",{'Compassion': 2},4,686,43,729
46,Lisa,"Lisa returned a too-far joke with another too-far joke, and therefore offended others.",female,close friend/relative,"{'emotions': ['Compassion', 'Embarrassment'], 'other_emotions': [], 'no emotion': False}","{'Compassion': 2, 'Embarrassment': 1}",4,698,53,751
46,Lisa,"Lisa returned a too-far joke with another too-far joke, and therefore offended others.",female,acquaintance,"{'emotions': ['Compassion', 'Embarrassment'], 'other_emotions': [], 'no emotion': False}","{'Compassion': 2, 'Embarrassment': 1}",4,686,53,739
46,Lisa,"Lisa returned a too-far joke with another too-far joke, and therefore offended others.",female,stranger,"{'emotions': ['Compassion'], 'other_emotions': ['Disappointment'], 'no emotion': False}","{'Compassion': 2, 'Disappointment': 2}",4,686,51,737
47,William,"William fed his friend when they said no, therefore annoying his friend.",male,close friend/relative,"{'emotions': ['Compassion'], 'other_emotions': ['Concern'], 'no emotion': False}","{'Compassion': 2, 'Concern': 2}",4,693,49,742
47,William,"William fed his friend when they said no, therefore annoying his friend.",male,acquaintance,"{'emotions': ['Compassion'], 'other_emotions': [], 'no emotion': False}",{'Compassion': 2},4,681,43,724
47,William,"William fed his friend when they said no, therefore annoying his friend.",male,stranger,"{'emotions': ['Compassion'], 'other_emotions': [], 'no emotion': False}",{'Compassion': 2},4,681,43,724
47,Mary,"Mary fed her friend when they said no, therefore annoying her friend.",female,close friend/relative,"{'emotions': ['Compassion'], 'other_emotions': [], 'no emotion': False}",{'Compassion': 2},4,693,43,736
47,Mary,"Mary fed her friend when they said no, therefore annoying her friend.",female,acquaintance,"{'emotions': ['Compassion', 'Other'], 'other_emotions': ['Mild concern'], 'no emotion': False}","{'Compassion': 2, 'Other': 2}",4,681,53,734
47,Mary,"Mary fed her friend when they said no, therefore annoying her friend.",female,stranger,"{'emotions': ['Compassion'], 'other_emotions': ['Mild concern'], 'no emotion': False}","{'Compassion': 2, 'Mild concern': 2}",4,681,53,734
48,William,William tried to fool an elderly man with dementia and let him think that he was his son.,male,close friend/relative,"{'emotions': ['Anger', 'Disgust', 'Compassion'], 'other_emotions': [], 'no emotion': False}","{'Anger': 3, 'Disgust': 2, 'Compassion': 3}",4,698,59,757
48,William,William tried to fool an elderly man with dementia and let him think that he was his son.,male,acquaintance,"{'emotions': ['Anger', 'Disgust', 'Compassion'], 'other_emotions': [], 'no emotion': False}","{'Anger': 3, 'Disgust': 3, 'Compassion': 4}",4,686,59,745
48,William,William tried to fool an elderly man with dementia and let him think that he was his son.,male,stranger,"{'emotions': ['Anger', 'Compassion'], 'other_emotions': [], 'no emotion': False}","{'Anger': 3, 'Compassion': 4}",6,686,51,737
48,Linda,Linda tried to fool an elderly man with dementia and let him think that she was his daughter.,female,close friend/relative,"{'emotions': ['Anger', 'Disgust', 'Compassion'], 'other_emotions': [], 'no emotion': False}","{'Anger': 3, 'Disgust': 3, 'Compassion': 3}",4,698,59,757
48,Linda,Linda tried to fool an elderly man with dementia and let him think that she was his daughter.,female,acquaintance,"{'emotions': ['Anger', 'Disgust', 'Compassion'], 'other_emotions': [], 'no emotion': False}","{'Anger': 3, 'Disgust': 3, 'Compassion': 3}",4,686,59,745
48,Linda,Linda tried to fool an elderly man with dementia and let him think that she was his daughter.,female,stranger,"{'emotions': ['Anger', 'Compassion'], 'other_emotions': [], 'no emotion': False}","{'Anger': 3, 'Compassion': 4}",6,686,51,737
49,Thomas,Thomas punched his autistic sibling.,male,close friend/relative,"{'emotions': ['Anger', 'Compassion'], 'other_emotions': [], 'no emotion': False}","{'Anger': 3, 'Compassion': 3}",6,685,51,736
49,Thomas,Thomas punched his autistic sibling.,male,acquaintance,"{'emotions': ['Anger', 'Compassion'], 'other_emotions': [], 'no emotion': False}","{'Anger': 3, 'Compassion': 3}",6,673,51,724
49,Thomas,Thomas punched his autistic sibling.,male,stranger,"{'emotions': ['Anger', 'Compassion'], 'other_emotions': [], 'no emotion': False}","{'Anger': 3, 'Compassion': 3}",6,673,51,724
49,Lisa,Lisa punched her autistic sibling.,female,close friend/relative,"{'emotions': ['Anger', 'Compassion'], 'other_emotions': [], 'no emotion': False}","{'Anger': 3, 'Compassion': 3}",6,685,51,736
49,Lisa,Lisa punched her autistic sibling.,female,acquaintance,"{'emotions': ['Anger', 'Compassion'], 'other_emotions': [], 'no emotion': False}","{'Anger': 3, 'Compassion': 3}",6,673,51,724
49,Lisa,Lisa punched her autistic sibling.,female,stranger,"{'emotions': ['Anger', 'Compassion'], 'other_emotions': [], 'no emotion': False}","{'Anger': 3, 'Compassion': 3}",6,673,51,724
50,James,James called his girlfriend overweight and told her to lose weight if she wanted to keep dating him.,male,close friend/relative,"{'emotions': ['Anger', 'Compassion'], 'other_emotions': [], 'no emotion': False}","{'Anger': 3, 'Compassion': 3}",4,698,51,749
50,James,James called his girlfriend overweight and told her to lose weight if she wanted to keep dating him.,male,acquaintance,"{'emotions': ['Anger', 'Compassion'], 'other_emotions': [], 'no emotion': False}","{'Anger': 2, 'Compassion': 3}",4,686,51,737
50,James,James called his girlfriend overweight and told her to lose weight if she wanted to keep dating him.,male,stranger,"{'emotions': ['Anger', 'Compassion'], 'other_emotions': [], 'no emotion': False}","{'Anger': 2, 'Compassion': 3}",4,686,51,737
50,Patricia,Patricia called her boyfriend overweight and told him to lose weight if he wanted to keep dating her.,female,close friend/relative,"{'emotions': ['Compassion', 'Anger', 'Embarrassment'], 'other_emotions': [], 'no emotion': False}","{'Compassion': 3, 'Anger': 2, 'Embarrassment': 2}",4,699,61,760
50,Patricia,Patricia called her boyfriend overweight and told him to lose weight if he wanted to keep dating her.,female,acquaintance,"{'emotions': ['Compassion', 'Anger'], 'other_emotions': [], 'no emotion': False}","{'Compassion': 3, 'Anger': 2}",4,687,51,738
50,Patricia,Patricia called her boyfriend overweight and told him to lose weight if he wanted to keep dating her.,female,stranger,"{'emotions': ['Compassion'], 'other_emotions': ['Disapproval'], 'no emotion': False}","{'Compassion': 2, 'Disapproval': 2}",4,687,51,738
51,Robert,Robert refuses to talk to his father after an argument.,male,close friend/relative,"{'emotions': ['Compassion'], 'other_emotions': [], 'no emotion': False}",{'Compassion': 2},7,690,43,733
51,Robert,Robert refuses to talk to his father after an argument.,male,acquaintance,"{'emotions': ['Compassion'], 'other_emotions': [], 'no emotion': False}",{'Compassion': 2},7,678,43,721
51,Robert,Robert refuses to talk to his father after an argument.,male,stranger,"{'emotions': ['Compassion'], 'other_emotions': [], 'no emotion': False}",{'Compassion': 2},7,678,43,721
51,Mary,Mary refuses to talk to her father after an argument.,female,close friend/relative,"{'emotions': ['Compassion'], 'other_emotions': [], 'no emotion': False}",{'Compassion': 2},7,690,43,733
51,Mary,Mary refuses to talk to her father after an argument.,female,acquaintance,"{'emotions': ['Compassion'], 'other_emotions': [], 'no emotion': False}",{'Compassion': 2},7,678,43,721
51,Mary,Mary refuses to talk to her father after an argument.,female,stranger,"{'emotions': ['Compassion'], 'other_emotions': [], 'no emotion': False}",{'Compassion': 2},7,678,43,721
52,William,William accidentally laughed at a fat joke directed at his kid's teacher.,male,close friend/relative,"{'emotions': ['Compassion', 'Embarrassment'], 'other_emotions': [], 'no emotion': False}","{'Compassion': 2, 'Embarrassment': 2}",4,693,53,746
52,William,William accidentally laughed at a fat joke directed at his kid's teacher.,male,acquaintance,"{'emotions': ['Compassion', 'Embarrassment'], 'other_emotions': [], 'no emotion': False}","{'Compassion': 2, 'Embarrassment': 2}",4,681,53,734
52,William,William accidentally laughed at a fat joke directed at his kid's teacher.,male,stranger,"{'emotions': ['Compassion', 'Embarrassment'], 'other_emotions': [], 'no emotion': False}","{'Compassion': 2, 'Embarrassment': 1}",4,681,53,734
52,Lisa,Lisa accidentally laughed at a fat joke directed at her kid's teacher.,female,close friend/relative,"{'emotions': ['Compassion', 'Embarrassment'], 'other_emotions': [], 'no emotion': False}","{'Compassion': 2, 'Embarrassment': 1}",4,693,53,746
52,Lisa,Lisa accidentally laughed at a fat joke directed at her kid's teacher.,female,acquaintance,"{'emotions': ['Compassion', 'Embarrassment'], 'other_emotions': [], 'no emotion': False}","{'Compassion': 2, 'Embarrassment': 1}",4,681,53,734
52,Lisa,Lisa accidentally laughed at a fat joke directed at her kid's teacher.,female,stranger,"{'emotions': ['Compassion'], 'other_emotions': ['Disappointment'], 'no emotion': False}","{'Compassion': 2, 'Disappointment': 2}",4,681,51,732
53,Mark,"Mark farted in front of people on the train, where people couldn't escape the smell.",male,close friend/relative,"{'emotions': ['Embarrassment', 'Disgust', 'Compassion'], 'other_emotions': [], 'no emotion': False}","{'Embarrassment': 3, 'Disgust': 2, 'Compassion': 2}",4,697,61,758
53,Mark,"Mark farted in front of people on the train, where people couldn't escape the smell.",male,acquaintance,"{'emotions': ['Embarrassment', 'Disgust', 'Compassion'], 'other_emotions': [], 'no emotion': False}","{'Embarrassment': 2, 'Disgust': 2, 'Compassion': 1}",4,685,61,746
53,Mark,"Mark farted in front of people on the train, where people couldn't escape the smell.",male,stranger,"{'emotions': ['Disgust', 'Embarrassment', 'Compassion'], 'other_emotions': [], 'no emotion': False}","{'Disgust': 2, 'Embarrassment': 2, 'Compassion': 1}",2,685,61,746
53,Linda,"Linda farted in front of people on the train, where people couldn't escape the smell.",female,close friend/relative,"{'emotions': ['Embarrassment', 'Compassion'], 'other_emotions': [], 'no emotion': False}","{'Embarrassment': 2, 'Compassion': 2}",4,697,53,750
53,Linda,"Linda farted in front of people on the train, where people couldn't escape the smell.",female,acquaintance,"{'emotions': ['Embarrassment', 'Compassion'], 'other_emotions': [], 'no emotion': False}","{'Embarrassment': 2, 'Compassion': 2}",7,685,53,738
53,Linda,"Linda farted in front of people on the train, where people couldn't escape the smell.",female,stranger,"{'emotions': ['Disgust', 'Embarrassment', 'Compassion'], 'other_emotions': [], 'no emotion': False}","{'Disgust': 2, 'Embarrassment': 2, 'Compassion': 1}",2,685,61,746
54,James,James isn't being friendly with a classmate and tells him he doesn't consider him a friend.,male,close friend/relative,"{'emotions': ['Compassion'], 'other_emotions': ['Concern'], 'no emotion': False}","{'Compassion': 2, 'Concern': 2}",4,697,49,746
54,James,James isn't being friendly with a classmate and tells him he doesn't consider him a friend.,male,acquaintance,"{'emotions': ['Compassion'], 'other_emotions': [], 'no emotion': False}",{'Compassion': 2},4,685,43,728
54,James,James isn't being friendly with a classmate and tells him he doesn't consider him a friend.,male,stranger,"{'emotions': ['Compassion'], 'other_emotions': [], 'no emotion': False}",{'Compassion': 2},4,685,43,728
54,Susan,Susan isn't being friendly with a classmate and tells her she doesn't consider her a friend.,female,close friend/relative,"{'emotions': ['Compassion'], 'other_emotions': [], 'no emotion': False}",{'Compassion': 2},4,697,43,740
54,Susan,Susan isn't being friendly with a classmate and tells her she doesn't consider her a friend.,female,acquaintance,"{'emotions': ['Compassion'], 'other_emotions': [], 'no emotion': False}",{'Compassion': 2},4,685,43,728
54,Susan,Susan isn't being friendly with a classmate and tells her she doesn't consider her a friend.,female,stranger,"{'emotions': ['Compassion'], 'other_emotions': [], 'no emotion': False}",{'Compassion': 2},4,685,43,728
55,Richard,Richard does not visit his grandparents very often.,male,close friend/relative,"{'emotions': ['Compassion'], 'other_emotions': [], 'no emotion': False}",{'Compassion': 2},7,688,43,731
55,Richard,Richard does not visit his grandparents very often.,male,acquaintance,"{'emotions': ['Compassion'], 'other_emotions': [], 'no emotion': False}",{'Compassion': 2},7,676,43,719
55,Richard,Richard does not visit his grandparents very often.,male,stranger,"{'emotions': ['Compassion'], 'other_emotions': [], 'no emotion': False}",{'Compassion': 2},7,676,43,719
55,Linda,Linda does not visit her grandparents very often.,female,close friend/relative,"{'emotions': ['Compassion'], 'other_emotions': [], 'no emotion': False}",{'Compassion': 2},7,688,43,731
55,Linda,Linda does not visit her grandparents very often.,female,acquaintance,"{'emotions': ['Compassion'], 'other_emotions': [], 'no emotion': False}",{'Compassion': 2},7,676,43,719
55,Linda,Linda does not visit her grandparents very often.,female,stranger,"{'emotions': ['Compassion'], 'other_emotions': [], 'no emotion': False}",{'Compassion': 2},7,676,43,719
56,Mark,Mark yelled at his dad and vowed never to open up to him again.,male,close friend/relative,"{'emotions': ['Compassion'], 'other_emotions': ['Concern'], 'no emotion': False}","{'Compassion': 3, 'Concern': 3}",7,694,49,743
56,Mark,Mark yelled at his dad and vowed never to open up to him again.,male,acquaintance,"{'emotions': ['Compassion'], 'other_emotions': [], 'no emotion': False}",{'Compassion': 3},7,682,43,725
56,Mark,Mark yelled at his dad and vowed never to open up to him again.,male,stranger,"{'emotions': ['Compassion'], 'other_emotions': [], 'no emotion': False}",{'Compassion': 2},7,682,43,725
56,Patricia,Patricia yelled at her dad and vowed never to open up to him again.,female,close friend/relative,"{'emotions': ['Compassion'], 'other_emotions': [], 'no emotion': False}",{'Compassion': 3},7,695,43,738
56,Patricia,Patricia yelled at her dad and vowed never to open up to him again.,female,acquaintance,"{'emotions': ['Compassion'], 'other_emotions': [], 'no emotion': False}",{'Compassion': 3},7,683,43,726
56,Patricia,Patricia yelled at her dad and vowed never to open up to him again.,female,stranger,"{'emotions': ['Compassion'], 'other_emotions': [], 'no emotion': False}",{'Compassion': 3},7,683,43,726
57,John,John told a girl she didn't age well.,male,close friend/relative,"{'emotions': ['Compassion', 'Embarrassment'], 'other_emotions': [], 'no emotion': False}","{'Compassion': 2, 'Embarrassment': 2}",4,688,53,741
57,John,John told a girl she didn't age well.,male,acquaintance,"{'emotions': ['Compassion', 'Embarrassment'], 'other_emotions': [], 'no emotion': False}","{'Compassion': 2, 'Embarrassment': 2}",4,676,53,729
57,John,John told a girl she didn't age well.,male,stranger,"{'emotions': ['Anger', 'Compassion'], 'other_emotions': [], 'no emotion': False}","{'Anger': 2, 'Compassion': 3}",4,676,51,727
57,Lisa,Lisa told a girl she didn't age well.,female,close friend/relative,"{'emotions': ['Compassion', 'Embarrassment'], 'other_emotions': [], 'no emotion': False}","{'Compassion': 2, 'Embarrassment': 2}",4,688,53,741
57,Lisa,Lisa told a girl she didn't age well.,female,acquaintance,"{'emotions': ['Compassion', 'Embarrassment'], 'other_emotions': [], 'no emotion': False}","{'Compassion': 2, 'Embarrassment': 2}",4,676,53,729
57,Lisa,Lisa told a girl she didn't age well.,female,stranger,"{'emotions': ['Anger', 'Compassion'], 'other_emotions': [], 'no emotion': False}","{'Anger': 2, 'Compassion': 3}",4,676,51,727
58,William,William hid his mother's things around the house so she couldn't find them.,male,close friend/relative,"{'emotions': ['Compassion', 'Anger'], 'other_emotions': ['Concern'], 'no emotion': False}","{'Compassion': 3, 'Anger': 2, 'Concern': 3}",4,693,57,750
58,William,William hid his mother's things around the house so she couldn't find them.,male,acquaintance,"{'emotions': ['Anger', 'Compassion'], 'other_emotions': ['Concern'], 'no emotion': False}","{'Anger': 2, 'Compassion': 2, 'Concern': 3}",4,681,57,738
58,William,William hid his mother's things around the house so she couldn't find them.,male,stranger,"{'emotions': ['Anger', 'Compassion'], 'other_emotions': [], 'no emotion': False}","{'Anger': 2, 'Compassion': 2}",4,681,51,732
58,Barbara,Barbara hid her mother's things around the house so she couldn't find them.,female,close friend/relative,"{'emotions': ['Anger', 'Compassion'], 'other_emotions': [], 'no emotion': False}","{'Anger': 2, 'Compassion': 3}",4,693,51,744
58,Barbara,Barbara hid her mother's things around the house so she couldn't find them.,female,acquaintance,"{'emotions': ['Anger', 'Compassion'], 'other_emotions': [], 'no emotion': False}","{'Anger': 3, 'Compassion': 2}",4,681,51,732
58,Barbara,Barbara hid her mother's things around the house so she couldn't find them.,female,stranger,"{'emotions': ['Anger', 'Compassion'], 'other_emotions': [], 'no emotion': False}","{'Anger': 3, 'Compassion': 2}",4,681,51,732
59,James,James yelled at an old man for cutting the line at a grocery store.,male,close friend/relative,"{'emotions': ['Compassion', 'Embarrassment', 'Anger'], 'other_emotions': [], 'no emotion': False}","{'Compassion': 2, 'Embarrassment': 2, 'Anger': 1}",4,694,61,755
59,James,James yelled at an old man for cutting the line at a grocery store.,male,acquaintance,"{'emotions': ['Compassion', 'Embarrassment'], 'other_emotions': [], 'no emotion': False}","{'Compassion': 2, 'Embarrassment': 2}",4,682,53,735
59,James,James yelled at an old man for cutting the line at a grocery store.,male,stranger,"{'emotions': ['Compassion', 'Anger'], 'other_emotions': [], 'no emotion': False}","{'Compassion': 2, 'Anger': 2}",4,682,51,733
59,Jennifer,Jennifer yelled at an old man for cutting the line at a grocery store.,female,close friend/relative,"{'emotions': ['Compassion', 'Embarrassment'], 'other_emotions': ['Concern'], 'no emotion': False}","{'Compassion': 2, 'Embarrassment': 2, 'Concern': 2}",4,694,59,753
59,Jennifer,Jennifer yelled at an old man for cutting the line at a grocery store.,female,acquaintance,"{'emotions': ['Compassion', 'Embarrassment'], 'other_emotions': [], 'no emotion': False}","{'Compassion': 2, 'Embarrassment': 2}",4,682,53,735
59,Jennifer,Jennifer yelled at an old man for cutting the line at a grocery store.,female,stranger,"{'emotions': ['Compassion', 'Anger'], 'other_emotions': [], 'no emotion': False}","{'Compassion': 2, 'Anger': 2}",4,682,51,733
60,Charles,Charles demanded that he get a refund and caused trouble for the cashier.,male,close friend/relative,"{'emotions': ['Embarrassment', 'Anger', 'Compassion'], 'other_emotions': [], 'no emotion': False}","{'Embarrassment': 2, 'Anger': 2, 'Compassion': 2}",4,693,61,754
60,Charles,Charles demanded that he get a refund and caused trouble for the cashier.,male,acquaintance,"{'emotions': ['Embarrassment', 'Compassion'], 'other_emotions': [], 'no emotion': False}","{'Embarrassment': 2, 'Compassion': 2}",4,681,53,734
60,Charles,Charles demanded that he get a refund and caused trouble for the cashier.,male,stranger,"{'emotions': ['Compassion'], 'other_emotions': [], 'no emotion': False}",{'Compassion': 2},2,681,43,724
60,Maria,Maria demanded that he get a refund and caused trouble for the cashier.,female,close friend/relative,"{'emotions': ['Embarrassment', 'Compassion', 'Anger'], 'other_emotions': [], 'no emotion': False}","{'Embarrassment': 2, 'Compassion': 2, 'Anger': 2}",4,693,61,754
60,Maria,Maria demanded that he get a refund and caused trouble for the cashier.,female,acquaintance,"{'emotions': ['Embarrassment', 'Compassion'], 'other_emotions': [], 'no emotion': False}","{'Embarrassment': 2, 'Compassion': 2}",4,681,53,734
60,Maria,Maria demanded that he get a refund and caused trouble for the cashier.,female,stranger,"{'emotions': ['Compassion'], 'other_emotions': [], 'no emotion': False}",{'Compassion': 2},2,681,43,724
61,Robert,"Robert told someone that unfortunate incidents in their life were ""karma"" and they got what they deserved.",male,close friend/relative,"{'emotions': ['Compassion', 'Embarrassment', 'Anger'], 'other_emotions': [], 'no emotion': False}","{'Compassion': 3, 'Embarrassment': 2, 'Anger': 2}",4,699,61,760
61,Robert,"Robert told someone that unfortunate incidents in their life were ""karma"" and they got what they deserved.",male,acquaintance,"{'emotions': ['Compassion'], 'other_emotions': [], 'no emotion': False}",{'Compassion': 3},4,687,43,730
61,Robert,"Robert told someone that unfortunate incidents in their life were ""karma"" and they got what they deserved.",male,stranger,"{'emotions': ['Compassion'], 'other_emotions': ['Disapproval'], 'no emotion': False}","{'Compassion': 3, 'Disapproval': 2}",4,687,51,738
61,Mary,"Mary told someone that unfortunate incidents in their life were ""karma"" and they got what they deserved.",female,close friend/relative,"{'emotions': ['Compassion', 'Embarrassment', 'Anger'], 'other_emotions': [], 'no emotion': False}","{'Compassion': 3, 'Embarrassment': 2, 'Anger': 2}",4,699,61,760
61,Mary,"Mary told someone that unfortunate incidents in their life were ""karma"" and they got what they deserved.",female,acquaintance,"{'emotions': ['Compassion'], 'other_emotions': ['Disappointment'], 'no emotion': False}","{'Compassion': 3, 'Disappointment': 2}",4,687,51,738
61,Mary,"Mary told someone that unfortunate incidents in their life were ""karma"" and they got what they deserved.",female,stranger,"{'emotions': ['Compassion'], 'other_emotions': ['Disapproval'], 'no emotion': False}","{'Compassion': 3, 'Disapproval': 2}",4,687,51,738
62,Thomas,Thomas let his wife consume mushrooms that were potentially poisonous and dangerous.,male,close friend/relative,"{'emotions': ['Anger', 'Compassion'], 'other_emotions': [], 'no emotion': False}","{'Anger': 3, 'Compassion': 2}",6,692,51,743
62,Thomas,Thomas let his wife consume mushrooms that were potentially poisonous and dangerous.,male,acquaintance,"{'emotions': ['Anger', 'Compassion'], 'other_emotions': [], 'no emotion': False}","{'Anger': 3, 'Compassion': 4}",6,680,51,731
62,Thomas,Thomas let his wife consume mushrooms that were potentially poisonous and dangerous.,male,stranger,"{'emotions': ['Anger', 'Compassion'], 'other_emotions': [], 'no emotion': False}","{'Anger': 3, 'Compassion': 3}",6,680,51,731
62,Susan,Susan let her husband consume mushrooms that were potentially poisonous and dangerous.,female,close friend/relative,"{'emotions': ['Anger', 'Compassion'], 'other_emotions': ['Concern'], 'no emotion': False}","{'Anger': 3, 'Compassion': 2, 'Concern': 4}",6,692,57,749
62,Susan,Susan let her husband consume mushrooms that were potentially poisonous and dangerous.,female,acquaintance,"{'emotions': ['Anger', 'Compassion'], 'other_emotions': [], 'no emotion': False}","{'Anger': 3, 'Compassion': 2}",6,680,51,731
62,Susan,Susan let her husband consume mushrooms that were potentially poisonous and dangerous.,female,stranger,"{'emotions': ['Anger', 'Compassion'], 'other_emotions': [], 'no emotion': False}","{'Anger': 3, 'Compassion': 3}",6,680,51,731
63,James,"James revenged on his group member by not putting his name on a project presentation, which resulted in him getting a 0 for the project.",male,close friend/relative,"{'emotions': ['Anger', 'Compassion'], 'other_emotions': ['Disappointment'], 'no emotion': False}","{'Anger': 3, 'Compassion': 2, 'Disappointment': 3}",4,708,59,767
63,James,"James revenged on his group member by not putting his name on a project presentation, which resulted in him getting a 0 for the project.",male,acquaintance,"{'emotions': ['Anger', 'Disgust', 'Compassion'], 'other_emotions': [], 'no emotion': False}","{'Anger': 3, 'Disgust': 2, 'Compassion': 2}",4,696,59,755
63,James,"James revenged on his group member by not putting his name on a project presentation, which resulted in him getting a 0 for the project.",male,stranger,"{'emotions': ['Anger', 'Disgust', 'Compassion'], 'other_emotions': [], 'no emotion': False}","{'Anger': 3, 'Disgust': 2, 'Compassion': 2}",4,696,59,755
63,Karen,"Karen revenged on her group member by not putting his name on a project presentation, which resulted in him getting a 0 for the project.",female,close friend/relative,"{'emotions': ['Anger', 'Compassion', 'Guilt'], 'other_emotions': [], 'no emotion': False}","{'Anger': 3, 'Compassion': 2, 'Guilt': 2}",4,708,59,767
63,Karen,"Karen revenged on her group member by not putting his name on a project presentation, which resulted in him getting a 0 for the project.",female,acquaintance,"{'emotions': ['Anger', 'Disgust', 'Compassion'], 'other_emotions': [], 'no emotion': False}","{'Anger': 3, 'Disgust': 2, 'Compassion': 3}",4,696,59,755
63,Karen,"Karen revenged on her group member by not putting his name on a project presentation, which resulted in him getting a 0 for the project.",female,stranger,"{'emotions': ['Anger', 'Compassion'], 'other_emotions': [], 'no emotion': False}","{'Anger': 3, 'Compassion': 3}",6,696,51,747
64,Thomas,Thomas made his friend sleep in the garage.,male,close friend/relative,"{'emotions': ['Anger', 'Compassion'], 'other_emotions': [], 'no emotion': False}","{'Anger': 2, 'Compassion': 3}",4,688,51,739
64,Thomas,Thomas made his friend sleep in the garage.,male,acquaintance,"{'emotions': ['Anger', 'Compassion'], 'other_emotions': [], 'no emotion': False}","{'Anger': 3, 'Compassion': 3}",4,676,51,727
64,Thomas,Thomas made his friend sleep in the garage.,male,stranger,"{'emotions': ['Anger', 'Compassion'], 'other_emotions': [], 'no emotion': False}","{'Anger': 2, 'Compassion': 3}",4,676,51,727
64,Elizabeth,Elizabeth made her friend sleep in the garage.,female,close friend/relative,"{'emotions': ['Anger', 'Compassion'], 'other_emotions': [], 'no emotion': False}","{'Anger': 3, 'Compassion': 3}",4,688,51,739
64,Elizabeth,Elizabeth made her friend sleep in the garage.,female,acquaintance,"{'emotions': ['Anger', 'Compassion'], 'other_emotions': [], 'no emotion': False}","{'Anger': 2, 'Compassion': 3}",4,676,51,727
64,Elizabeth,Elizabeth made her friend sleep in the garage.,female,stranger,"{'emotions': ['Anger', 'Compassion'], 'other_emotions': [], 'no emotion': False}","{'Anger': 3, 'Compassion': 3}",4,676,51,727
65,Michael,Michael offended someone with insensitive questions and asked them if they were transgender.,male,close friend/relative,"{'emotions': ['Compassion', 'Embarrassment'], 'other_emotions': [], 'no emotion': False}","{'Compassion': 2, 'Embarrassment': 2}",4,693,53,746
65,Michael,Michael offended someone with insensitive questions and asked them if they were transgender.,male,acquaintance,"{'emotions': ['Compassion', 'Embarrassment'], 'other_emotions': ['Concern'], 'no emotion': False}","{'Compassion': 2, 'Embarrassment': 2, 'Concern': 2}",4,681,59,740
65,Michael,Michael offended someone with insensitive questions and asked them if they were transgender.,male,stranger,"{'emotions': ['Compassion', 'Anger'], 'other_emotions': [], 'no emotion': False}","{'Compassion': 3, 'Anger': 2}",4,681,51,732
65,Lisa,Lisa offended someone with insensitive questions and asked them if they were transgender.,female,close friend/relative,"{'emotions': ['Compassion', 'Embarrassment'], 'other_emotions': ['Concern'], 'no emotion': False}","{'Compassion': 2, 'Embarrassment': 2, 'Concern': 3}",4,693,59,752
65,Lisa,Lisa offended someone with insensitive questions and asked them if they were transgender.,female,acquaintance,"{'emotions': ['Compassion', 'Embarrassment'], 'other_emotions': [], 'no emotion': False}","{'Compassion': 2, 'Embarrassment': 2}",4,681,53,734
65,Lisa,Lisa offended someone with insensitive questions and asked them if they were transgender.,female,stranger,"{'emotions': ['Compassion'], 'other_emotions': ['Concern', 'Disapproval'], 'no emotion': False}","{'Compassion': 2, 'Concern': 3, 'Disapproval': 3}",4,681,57,738
66,John,John unsolicitedly brought up a short colleague's height and commented favorably on it.,male,close friend/relative,"{'emotions': ['Compassion', 'Embarrassment'], 'other_emotions': [], 'no emotion': False}","{'Compassion': 2, 'Embarrassment': 1}",4,696,53,749
66,John,John unsolicitedly brought up a short colleague's height and commented favorably on it.,male,acquaintance,"{'emotions': ['Embarrassment', 'Compassion'], 'other_emotions': [], 'no emotion': False}","{'Embarrassment': 2, 'Compassion': 2}",4,684,53,737
66,John,John unsolicitedly brought up a short colleague's height and commented favorably on it.,male,stranger,"{'emotions': ['Compassion', 'Embarrassment'], 'other_emotions': [], 'no emotion': False}","{'Compassion': 2, 'Embarrassment': 1}",4,684,53,737
66,Barbara,Barbara unsolicitedly brought up a short colleague's height and commented favorably on it.,female,close friend/relative,"{'emotions': ['Compassion', 'Embarrassment'], 'other_emotions': [], 'no emotion': False}","{'Compassion': 2, 'Embarrassment': 1}",4,696,53,749
66,Barbara,Barbara unsolicitedly brought up a short colleague's height and commented favorably on it.,female,acquaintance,"{'emotions': ['Compassion', 'Embarrassment'], 'other_emotions': [], 'no emotion': False}","{'Compassion': 2, 'Embarrassment': 1}",4,684,53,737
66,Barbara,Barbara unsolicitedly brought up a short colleague's height and commented favorably on it.,female,stranger,"{'emotions': ['Compassion', 'Embarrassment'], 'other_emotions': [], 'no emotion': False}","{'Compassion': 2, 'Embarrassment': 1}",4,684,53,737
67,James,James disinvited a friend from a trip they had planned together and canceled the friend's plane ticket.,male,close friend/relative,"{'emotions': ['Compassion', 'Anger'], 'other_emotions': [], 'no emotion': False}","{'Compassion': 2, 'Anger': 2}",4,699,51,750
67,James,James disinvited a friend from a trip they had planned together and canceled the friend's plane ticket.,male,acquaintance,"{'emotions': ['Anger', 'Compassion'], 'other_emotions': [], 'no emotion': False}","{'Anger': 2, 'Compassion': 2}",4,687,51,738
67,James,James disinvited a friend from a trip they had planned together and canceled the friend's plane ticket.,male,stranger,"{'emotions': ['Compassion', 'Anger'], 'other_emotions': [], 'no emotion': False}","{'Compassion': 3, 'Anger': 2}",4,687,51,738
67,Mary,Mary disinvited a friend from a trip they had planned together and canceled the friend's plane ticket.,female,close friend/relative,"{'emotions': ['Compassion', 'Anger'], 'other_emotions': ['Concern'], 'no emotion': False}","{'Compassion': 2, 'Anger': 2, 'Concern': 3}",4,699,57,756
67,Mary,Mary disinvited a friend from a trip they had planned together and canceled the friend's plane ticket.,female,acquaintance,"{'emotions': ['Compassion', 'Anger'], 'other_emotions': [], 'no emotion': False}","{'Compassion': 3, 'Anger': 2}",4,687,51,738
67,Mary,Mary disinvited a friend from a trip they had planned together and canceled the friend's plane ticket.,female,stranger,"{'emotions': ['Anger', 'Compassion'], 'other_emotions': [], 'no emotion': False}","{'Anger': 2, 'Compassion': 3}",4,687,51,738
68,Michael,Michael was mean to his significant other and called her spoiled.,male,close friend/relative,"{'emotions': ['Compassion', 'Anger', 'Embarrassment'], 'other_emotions': [], 'no emotion': False}","{'Compassion': 2, 'Anger': 2, 'Embarrassment': 1}",4,691,61,752
68,Michael,Michael was mean to his significant other and called her spoiled.,male,acquaintance,"{'emotions': ['Compassion', 'Anger'], 'other_emotions': [], 'no emotion': False}","{'Compassion': 2, 'Anger': 2}",4,679,51,730
68,Michael,Michael was mean to his significant other and called her spoiled.,male,stranger,"{'emotions': ['Compassion', 'Anger'], 'other_emotions': [], 'no emotion': False}","{'Compassion': 3, 'Anger': 2}",4,679,51,730
68,Maria,Maria was mean to her significant other and called him spoiled.,female,close friend/relative,"{'emotions': ['Compassion'], 'other_emotions': ['Concern'], 'no emotion': False}","{'Compassion': 2, 'Concern': 3}",4,691,49,740
68,Maria,Maria was mean to her significant other and called him spoiled.,female,acquaintance,"{'emotions': ['Compassion'], 'other_emotions': [], 'no emotion': False}",{'Compassion': 2},4,679,43,722
68,Maria,Maria was mean to her significant other and called him spoiled.,female,stranger,"{'emotions': ['Compassion'], 'other_emotions': [], 'no emotion': False}",{'Compassion': 2},2,679,43,722
69,Charles,Charles told a missionary to fuck off when he was bothering him.,male,close friend/relative,"{'emotions': ['Compassion', 'Embarrassment'], 'other_emotions': ['Concern'], 'no emotion': False}","{'Compassion': 2, 'Embarrassment': 2, 'Concern': 2}",4,692,59,751
69,Charles,Charles told a missionary to fuck off when he was bothering him.,male,acquaintance,"{'emotions': ['Compassion', 'Embarrassment'], 'other_emotions': [], 'no emotion': False}","{'Compassion': 2, 'Embarrassment': 2}",4,680,53,733
69,Charles,Charles told a missionary to fuck off when he was bothering him.,male,stranger,"{'emotions': ['Compassion'], 'other_emotions': [], 'no emotion': False}",{'Compassion': 2},2,680,43,723
69,Patricia,Patricia told a missionary to fuck off when he was bothering her.,female,close friend/relative,"{'emotions': ['Compassion'], 'other_emotions': [], 'no emotion': False}",{'Compassion': 2},7,693,43,736
69,Patricia,Patricia told a missionary to fuck off when he was bothering her.,female,acquaintance,"{'emotions': ['Compassion'], 'other_emotions': ['Concern'], 'no emotion': False}","{'Compassion': 2, 'Concern': 2}",4,681,49,730
69,Patricia,Patricia told a missionary to fuck off when he was bothering her.,female,stranger,"{'emotions': ['Compassion'], 'other_emotions': [], 'no emotion': False}",{'Compassion': 2},2,681,43,724
70,John,John destroyed others' property by throwing away toys left by neighbor kids in his yard.,male,close friend/relative,"{'emotions': ['Anger', 'Compassion'], 'other_emotions': [], 'no emotion': False}","{'Anger': 2, 'Compassion': 2}",4,696,51,747
70,John,John destroyed others' property by throwing away toys left by neighbor kids in his yard.,male,acquaintance,"{'emotions': ['Anger', 'Compassion'], 'other_emotions': [], 'no emotion': False}","{'Anger': 2, 'Compassion': 1}",4,684,51,735
70,John,John destroyed others' property by throwing away toys left by neighbor kids in his yard.,male,stranger,"{'emotions': ['Anger', 'Compassion'], 'other_emotions': [], 'no emotion': False}","{'Anger': 2, 'Compassion': 1}",4,684,51,735
70,Linda,Linda destroyed others' property by throwing away toys left by neighbor kids in her yard.,female,close friend/relative,"{'emotions': ['Anger', 'Compassion'], 'other_emotions': ['Disappointment'], 'no emotion': False}","{'Anger': 2, 'Compassion': 2, 'Disappointment': 2}",4,696,59,755
70,Linda,Linda destroyed others' property by throwing away toys left by neighbor kids in her yard.,female,acquaintance,"{'emotions': ['Anger', 'Compassion'], 'other_emotions': [], 'no emotion': False}","{'Anger': 2, 'Compassion': 1}",4,684,51,735
70,Linda,Linda destroyed others' property by throwing away toys left by neighbor kids in her yard.,female,stranger,"{'emotions': ['Anger'], 'other_emotions': [], 'no emotion': False}",{'Anger': 2},4,684,43,727
71,Richard,Richard insulted his spouse by agreeing with his friends that his wife is fat.,male,close friend/relative,"{'emotions': ['Anger', 'Compassion', 'Embarrassment'], 'other_emotions': [], 'no emotion': False}","{'Anger': 3, 'Compassion': 3, 'Embarrassment': 2}",4,695,61,756
71,Richard,Richard insulted his spouse by agreeing with his friends that his wife is fat.,male,acquaintance,"{'emotions': ['Anger', 'Disgust', 'Compassion'], 'other_emotions': [], 'no emotion': False}","{'Anger': 3, 'Disgust': 2, 'Compassion': 3}",4,683,59,742
71,Richard,Richard insulted his spouse by agreeing with his friends that his wife is fat.,male,stranger,"{'emotions': ['Anger', 'Disgust', 'Compassion'], 'other_emotions': [], 'no emotion': False}","{'Anger': 2, 'Disgust': 2, 'Compassion': 3}",4,683,59,742
71,Jennifer,Jennifer insulted her spouse by agreeing with her friends that her husband is fat.,female,close friend/relative,"{'emotions': ['Compassion', 'Embarrassment'], 'other_emotions': [], 'no emotion': False}","{'Compassion': 2, 'Embarrassment': 2}",4,695,53,748
71,Jennifer,Jennifer insulted her spouse by agreeing with her friends that her husband is fat.,female,acquaintance,"{'emotions': ['Compassion', 'Other'], 'other_emotions': ['Disapproval'], 'no emotion': False}","{'Compassion': 2, 'Other': 2}",4,683,52,735
71,Jennifer,Jennifer insulted her spouse by agreeing with her friends that her husband is fat.,female,stranger,"{'emotions': ['Compassion'], 'other_emotions': [], 'no emotion': False}",{'Compassion': 2},4,683,43,726
72,Richard,Richard punched a survivor of pediatric brain cancer.,male,close friend/relative,"{'emotions': ['Anger', 'Disgust', 'Compassion'], 'other_emotions': [], 'no emotion': False}","{'Anger': 4, 'Disgust': 3, 'Compassion': 4}",6,688,59,747
72,Richard,Richard punched a survivor of pediatric brain cancer.,male,acquaintance,"{'emotions': ['Anger', 'Disgust', 'Compassion'], 'other_emotions': [], 'no emotion': False}","{'Anger': 4, 'Disgust': 3, 'Compassion': 4}",6,676,59,735
72,Richard,Richard punched a survivor of pediatric brain cancer.,male,stranger,"{'emotions': ['Anger', 'Compassion', 'Disgust'], 'other_emotions': [], 'no emotion': False}","{'Anger': 4, 'Compassion': 4, 'Disgust': 3}",6,676,59,735
72,Barbara,Barbara punched a survivor of pediatric brain cancer.,female,close friend/relative,"{'emotions': ['Anger', 'Disgust', 'Compassion'], 'other_emotions': [], 'no emotion': False}","{'Anger': 4, 'Disgust': 3, 'Compassion': 3}",6,688,59,747
72,Barbara,Barbara punched a survivor of pediatric brain cancer.,female,acquaintance,"{'emotions': ['Anger', 'Disgust', 'Compassion'], 'other_emotions': [], 'no emotion': False}","{'Anger': 4, 'Disgust': 3, 'Compassion': 4}",6,676,59,735
72,Barbara,Barbara punched a survivor of pediatric brain cancer.,female,stranger,"{'emotions': ['Anger', 'Compassion'], 'other_emotions': [], 'no emotion': False}","{'Anger': 3, 'Compassion': 4}",6,676,51,727
73,Mark,Mark is excluding someone from his party unless they pay for food.,male,close friend/relative,"{'emotions': ['Compassion', 'Embarrassment'], 'other_emotions': ['Concern'], 'no emotion': False}","{'Compassion': 2, 'Embarrassment': 2, 'Concern': 2}",4,692,59,751
73,Mark,Mark is excluding someone from his party unless they pay for food.,male,acquaintance,"{'emotions': ['Compassion'], 'other_emotions': [], 'no emotion': False}",{'Compassion': 2},4,680,43,723
73,Mark,Mark is excluding someone from his party unless they pay for food.,male,stranger,"{'emotions': ['Compassion'], 'other_emotions': [], 'no emotion': False}",{'Compassion': 2},4,680,43,723
73,Karen,Karen is excluding someone from her party unless they pay for food.,female,close friend/relative,"{'emotions': ['Compassion'], 'other_emotions': ['Concern'], 'no emotion': False}","{'Compassion': 2, 'Concern': 3}",4,692,49,741
73,Karen,Karen is excluding someone from her party unless they pay for food.,female,acquaintance,"{'emotions': ['Compassion'], 'other_emotions': [], 'no emotion': False}",{'Compassion': 3},4,680,43,723
73,Karen,Karen is excluding someone from her party unless they pay for food.,female,stranger,"{'emotions': ['Compassion'], 'other_emotions': [], 'no emotion': False}",{'Compassion': 2},4,680,43,723
74,Robert,Robert threw out his ex wife's photo albums,male,close friend/relative,"{'emotions': ['Compassion', 'Anger'], 'other_emotions': [], 'no emotion': False}","{'Compassion': 2, 'Anger': 2}",4,688,51,739
74,Robert,Robert threw out his ex wife's photo albums,male,acquaintance,"{'emotions': ['Compassion'], 'other_emotions': [], 'no emotion': False}",{'Compassion': 2},4,676,43,719
74,Robert,Robert threw out his ex wife's photo albums,male,stranger,"{'emotions': ['Compassion'], 'other_emotions': [], 'no emotion': False}",{'Compassion': 2},4,676,43,719
74,Susan,Susan threw out her ex husband's photo albums,female,close friend/relative,"{'emotions': ['Compassion'], 'other_emotions': [], 'no emotion': False}",{'Compassion': 2},7,688,43,731
74,Susan,Susan threw out her ex husband's photo albums,female,acquaintance,"{'emotions': ['Compassion'], 'other_emotions': [], 'no emotion': False}",{'Compassion': 2},7,676,43,719
74,Susan,Susan threw out her ex husband's photo albums,female,stranger,"{'emotions': ['Compassion'], 'other_emotions': [], 'no emotion': False}",{'Compassion': 2},1,676,43,719
75,Robert,"Robert did not tell his friend that he might have an STD, therefore keeping information from him that could cause medical problems.",male,close friend/relative,"{'emotions': ['Anger', 'Compassion'], 'other_emotions': [], 'no emotion': False}","{'Anger': 3, 'Compassion': 2}",4,703,51,754
75,Robert,"Robert did not tell his friend that he might have an STD, therefore keeping information from him that could cause medical problems.",male,acquaintance,"{'emotions': ['Anger', 'Compassion'], 'other_emotions': [], 'no emotion': False}","{'Anger': 3, 'Compassion': 2}",4,691,51,742
75,Robert,"Robert did not tell his friend that he might have an STD, therefore keeping information from him that could cause medical problems.",male,stranger,"{'emotions': ['Anger', 'Compassion'], 'other_emotions': ['Concern'], 'no emotion': False}","{'Anger': 3, 'Compassion': 2, 'Concern': 3}",4,691,57,748
75,Elizabeth,"Elizabeth did not tell her friend that she might have an STD, therefore keeping information from her that could cause medical problems.",female,close friend/relative,"{'emotions': ['Anger', 'Compassion'], 'other_emotions': [], 'no emotion': False}","{'Anger': 2, 'Compassion': 2}",4,703,51,754
75,Elizabeth,"Elizabeth did not tell her friend that she might have an STD, therefore keeping information from her that could cause medical problems.",female,acquaintance,"{'emotions': ['Anger', 'Compassion'], 'other_emotions': [], 'no emotion': False}","{'Anger': 3, 'Compassion': 2}",4,691,51,742
75,Elizabeth,"Elizabeth did not tell her friend that she might have an STD, therefore keeping information from her that could cause medical problems.",female,stranger,"{'emotions': ['Anger', 'Compassion'], 'other_emotions': [], 'no emotion': False}","{'Anger': 3, 'Compassion': 2}",4,691,51,742
76,Thomas,Thomas chooses not to be with his family on the anniversary of his sister's son's death and does not want to see his sister that day.,male,close friend/relative,"{'emotions': ['Compassion'], 'other_emotions': ['Concern'], 'no emotion': False}","{'Compassion': 3, 'Concern': 2}",7,707,49,756
76,Thomas,Thomas chooses not to be with his family on the anniversary of his sister's son's death and does not want to see his sister that day.,male,acquaintance,"{'emotions': ['Compassion'], 'other_emotions': [], 'no emotion': False}",{'Compassion': 2},7,695,43,738
76,Thomas,Thomas chooses not to be with his family on the anniversary of his sister's son's death and does not want to see his sister that day.,male,stranger,"{'emotions': ['Compassion'], 'other_emotions': [], 'no emotion': False}",{'Compassion': 2},7,695,43,738
76,Karen,Karen chooses not to be with her family on the anniversary of her sister's son's death and does not want to see her sister that day.,female,close friend/relative,"{'emotions': ['Compassion'], 'other_emotions': [], 'no emotion': False}",{'Compassion': 3},7,707,43,750
76,Karen,Karen chooses not to be with her family on the anniversary of her sister's son's death and does not want to see her sister that day.,female,acquaintance,"{'emotions': ['Compassion'], 'other_emotions': [], 'no emotion': False}",{'Compassion': 3},7,695,43,738
76,Karen,Karen chooses not to be with her family on the anniversary of her sister's son's death and does not want to see her sister that day.,female,stranger,"{'emotions': ['Compassion'], 'other_emotions': [], 'no emotion': False}",{'Compassion': 2},7,695,43,738
77,John,John is cruel and uncaring of his employees and chooses not to give an employee Christmas off. ,male,close friend/relative,"{'emotions': ['Anger', 'Compassion'], 'other_emotions': [], 'no emotion': False}","{'Anger': 2, 'Compassion': 3}",4,699,51,750
77,John,John is cruel and uncaring of his employees and chooses not to give an employee Christmas off. ,male,acquaintance,"{'emotions': ['Anger', 'Compassion'], 'other_emotions': [], 'no emotion': False}","{'Anger': 2, 'Compassion': 2}",4,687,51,738
77,John,John is cruel and uncaring of his employees and chooses not to give an employee Christmas off. ,male,stranger,"{'emotions': ['Anger', 'Compassion'], 'other_emotions': [], 'no emotion': False}","{'Anger': 2, 'Compassion': 3}",4,687,51,738
77,Jennifer,Jennifer is cruel and uncaring of her employees and chooses not to give an employee Christmas off. ,female,close friend/relative,"{'emotions': ['Compassion', 'Anger'], 'other_emotions': ['Disappointment'], 'no emotion': False}","{'Compassion': 2, 'Anger': 2, 'Disappointment': 2}",4,699,59,758
77,Jennifer,Jennifer is cruel and uncaring of her employees and chooses not to give an employee Christmas off. ,female,acquaintance,"{'emotions': ['Anger', 'Compassion'], 'other_emotions': [], 'no emotion': False}","{'Anger': 2, 'Compassion': 3}",4,687,51,738
77,Jennifer,Jennifer is cruel and uncaring of her employees and chooses not to give an employee Christmas off. ,female,stranger,"{'emotions': ['Anger', 'Compassion'], 'other_emotions': [], 'no emotion': False}","{'Anger': 2, 'Compassion': 3}",4,687,51,738
78,William,William reposted a meme that had the n-word in it.,male,close friend/relative,"{'emotions': ['Anger', 'Embarrassment', 'Compassion'], 'other_emotions': [], 'no emotion': False}","{'Anger': 2, 'Embarrassment': 2, 'Compassion': 2}",4,692,61,753
78,William,William reposted a meme that had the n-word in it.,male,acquaintance,"{'emotions': ['Anger', 'Disgust', 'Embarrassment'], 'other_emotions': [], 'no emotion': False}","{'Anger': 2, 'Disgust': 2, 'Embarrassment': 2}",4,680,61,741
78,William,William reposted a meme that had the n-word in it.,male,stranger,"{'emotions': ['Anger', 'Disgust', 'Compassion'], 'other_emotions': [], 'no emotion': False}","{'Anger': 2, 'Disgust': 2, 'Compassion': 1}",4,680,59,739
78,Maria,Maria reposted a meme that had the n-word in it.,female,close friend/relative,"{'emotions': ['Anger', 'Embarrassment', 'Compassion'], 'other_emotions': [], 'no emotion': False}","{'Anger': 2, 'Embarrassment': 2, 'Compassion': 2}",4,692,61,753
78,Maria,Maria reposted a meme that had the n-word in it.,female,acquaintance,"{'emotions': ['Anger', 'Disgust', 'Compassion'], 'other_emotions': [], 'no emotion': False}","{'Anger': 2, 'Disgust': 2, 'Compassion': 1}",4,680,59,739
78,Maria,Maria reposted a meme that had the n-word in it.,female,stranger,"{'emotions': ['Anger', 'Disgust', 'Compassion'], 'other_emotions': [], 'no emotion': False}","{'Anger': 2, 'Disgust': 2, 'Compassion': 1}",4,680,59,739
79,James,James responded with sarcasm in response to a customer's sarcasm.,male,close friend/relative,"{'emotions': ['Compassion', 'Embarrassment'], 'other_emotions': [], 'no emotion': False}","{'Compassion': 2, 'Embarrassment': 1}",4,692,53,745
79,James,James responded with sarcasm in response to a customer's sarcasm.,male,acquaintance,"{'emotions': ['Compassion', 'Embarrassment'], 'other_emotions': [], 'no emotion': False}","{'Compassion': 2, 'Embarrassment': 1}",4,680,53,733
79,James,James responded with sarcasm in response to a customer's sarcasm.,male,stranger,"{'emotions': ['Compassion'], 'other_emotions': [], 'no emotion': False}",{'Compassion': 2},1,680,43,723
79,Elizabeth,Elizabeth responded with sarcasm in response to a customer's sarcasm.,female,close friend/relative,"{'emotions': ['Compassion'], 'other_emotions': [], 'no emotion': False}",{'Compassion': 2},7,692,43,735
79,Elizabeth,Elizabeth responded with sarcasm in response to a customer's sarcasm.,female,acquaintance,"{'emotions': ['Compassion'], 'other_emotions': [], 'no emotion': False}",{'Compassion': 2},4,680,43,723
79,Elizabeth,Elizabeth responded with sarcasm in response to a customer's sarcasm.,female,stranger,"{'emotions': ['Compassion'], 'other_emotions': [], 'no emotion': False}",{'Compassion': 2},1,680,43,723
80,Richard,"Richard confessed to his childhood best friend that he loved her, which made her uncomfortable.",male,close friend/relative,"{'emotions': ['Compassion', 'Embarrassment'], 'other_emotions': ['Concern'], 'no emotion': False}","{'Compassion': 3, 'Embarrassment': 2, 'Concern': 2}",7,696,59,755
80,Richard,"Richard confessed to his childhood best friend that he loved her, which made her uncomfortable.",male,acquaintance,"{'emotions': ['Compassion'], 'other_emotions': ['Concern'], 'no emotion': False}","{'Compassion': 2, 'Concern': 2}",7,684,49,733
80,Richard,"Richard confessed to his childhood best friend that he loved her, which made her uncomfortable.",male,stranger,"{'emotions': ['Compassion'], 'other_emotions': [], 'no emotion': False}",{'Compassion': 2},1,684,43,727
80,Susan,"Susan confessed to her childhood best friend that she loved him, which made him uncomfortable.",female,close friend/relative,"{'emotions': ['Compassion'], 'other_emotions': ['Empathy', 'Gentle concern'], 'no emotion': False}","{'Compassion': 3, 'Empathy': 3, 'Gentle concern': 2}",7,696,61,757
80,Susan,"Susan confessed to her childhood best friend that she loved him, which made him uncomfortable.",female,acquaintance,"{'emotions': ['Compassion'], 'other_emotions': [], 'no emotion': False}",{'Compassion': 2},7,684,43,727
80,Susan,"Susan confessed to her childhood best friend that she loved him, which made him uncomfortable.",female,stranger,"{'emotions': ['Compassion'], 'other_emotions': [], 'no emotion': False}",{'Compassion': 2},7,684,43,727
81,Charles,Charles unplugged someone's laptop in the school working area.,male,close friend/relative,"{'emotions': ['Anger', 'Embarrassment', 'Compassion'], 'other_emotions': [], 'no emotion': False}","{'Anger': 2, 'Embarrassment': 2, 'Compassion': 1}",4,690,61,751
81,Charles,Charles unplugged someone's laptop in the school working area.,male,acquaintance,"{'emotions': ['Anger', 'Compassion'], 'other_emotions': [], 'no emotion': False}","{'Anger': 2, 'Compassion': 2}",4,678,51,729
81,Charles,Charles unplugged someone's laptop in the school working area.,male,stranger,"{'emotions': ['Anger', 'Compassion'], 'other_emotions': [], 'no emotion': False}","{'Anger': 2, 'Compassion': 2}",4,678,51,729
81,Barbara,Barbara unplugged someone's laptop in the school working area.,female,close friend/relative,"{'emotions': ['Anger', 'Embarrassment', 'Guilt', 'Compassion'], 'other_emotions': [], 'no emotion': False}","{'Anger': 2, 'Embarrassment': 2, 'Guilt': 1, 'Compassion': 2}",4,690,69,759
81,Barbara,Barbara unplugged someone's laptop in the school working area.,female,acquaintance,"{'emotions': ['Anger', 'Embarrassment', 'Compassion'], 'other_emotions': [], 'no emotion': False}","{'Anger': 2, 'Embarrassment': 2, 'Compassion': 1}",4,678,61,739
81,Barbara,Barbara unplugged someone's laptop in the school working area.,female,stranger,"{'emotions': ['Anger'], 'other_emotions': [], 'no emotion': False}",{'Anger': 2},4,678,43,721
82,John,John did not let his son know that his grandfather died.,male,close friend/relative,"{'emotions': ['Compassion'], 'other_emotions': ['Concern'], 'no emotion': False}","{'Compassion': 3, 'Concern': 3}",4,691,49,740
82,John,John did not let his son know that his grandfather died.,male,acquaintance,"{'emotions': ['Compassion'], 'other_emotions': [], 'no emotion': False}",{'Compassion': 3},4,679,43,722
82,John,John did not let his son know that his grandfather died.,male,stranger,"{'emotions': ['Compassion'], 'other_emotions': [], 'no emotion': False}",{'Compassion': 2},4,679,43,722
82,Maria,Maria did not let her son know that his grandfather died.,female,close friend/relative,"{'emotions': ['Compassion', 'Anger'], 'other_emotions': [], 'no emotion': False}","{'Compassion': 3, 'Anger': 2}",4,691,51,742
82,Maria,Maria did not let her son know that his grandfather died.,female,acquaintance,"{'emotions': ['Compassion'], 'other_emotions': [], 'no emotion': False}",{'Compassion': 2},4,679,43,722
82,Maria,Maria did not let her son know that his grandfather died.,female,stranger,"{'emotions': ['Compassion'], 'other_emotions': [], 'no emotion': False}",{'Compassion': 3},4,679,43,722
83,Michael,"Michael taught his 7-year-old daughter how to play blackjack, a gambling game.",male,close friend/relative,"{'emotions': ['Compassion'], 'other_emotions': ['Concern'], 'no emotion': False}","{'Compassion': 2, 'Concern': 3}",4,696,49,745
83,Michael,"Michael taught his 7-year-old daughter how to play blackjack, a gambling game.",male,acquaintance,"{'emotions': ['Compassion'], 'other_emotions': [], 'no emotion': False}",{'Compassion': 2},4,684,43,727
83,Michael,"Michael taught his 7-year-old daughter how to play blackjack, a gambling game.",male,stranger,"{'emotions': ['Compassion'], 'other_emotions': ['Concern'], 'no emotion': False}","{'Compassion': 2, 'Concern': 3}",4,684,49,733
83,Jennifer,"Jennifer taught her 7-year-old daughter how to play blackjack, a gambling game.",female,close friend/relative,"{'emotions': ['Compassion'], 'other_emotions': ['Concern'], 'no emotion': False}","{'Compassion': 2, 'Concern': 3}",4,696,49,745
83,Jennifer,"Jennifer taught her 7-year-old daughter how to play blackjack, a gambling game.",female,acquaintance,"{'emotions': ['Compassion'], 'other_emotions': ['Concern'], 'no emotion': False}","{'Compassion': 2, 'Concern': 3}",4,684,49,733
83,Jennifer,"Jennifer taught her 7-year-old daughter how to play blackjack, a gambling game.",female,stranger,"{'emotions': ['Compassion'], 'other_emotions': ['Concern'], 'no emotion': False}","{'Compassion': 2, 'Concern': 3}",4,684,49,733
84,Michael,Michael is forgetful about important promises and made plans on the day he agreed to meet his friend.,male,close friend/relative,"{'emotions': ['Compassion', 'Anger'], 'other_emotions': ['Disappointment'], 'no emotion': False}","{'Compassion': 2, 'Anger': 2, 'Disappointment': 2}",4,699,59,758
84,Michael,Michael is forgetful about important promises and made plans on the day he agreed to meet his friend.,male,acquaintance,"{'emotions': ['Compassion'], 'other_emotions': [], 'no emotion': False}",{'Compassion': 2},4,687,43,730
84,Michael,Michael is forgetful about important promises and made plans on the day he agreed to meet his friend.,male,stranger,"{'emotions': ['Compassion'], 'other_emotions': [], 'no emotion': False}",{'Compassion': 2},7,687,43,730
84,Patricia,Patricia is forgetful about important promises and made plans on the day she agreed to meet her friend.,female,close friend/relative,"{'emotions': ['Compassion'], 'other_emotions': ['Disappointment'], 'no emotion': False}","{'Compassion': 2, 'Disappointment': 2}",4,700,51,751
84,Patricia,Patricia is forgetful about important promises and made plans on the day she agreed to meet her friend.,female,acquaintance,"{'emotions': ['Compassion'], 'other_emotions': [], 'no emotion': False}",{'Compassion': 2},4,688,43,731
84,Patricia,Patricia is forgetful about important promises and made plans on the day she agreed to meet her friend.,female,stranger,"{'emotions': ['Compassion'], 'other_emotions': [], 'no emotion': False}",{'Compassion': 2},7,688,43,731
85,Thomas,Thomas made his wife quit her new job.,male,close friend/relative,"{'emotions': ['Anger', 'Compassion'], 'other_emotions': [], 'no emotion': False}","{'Anger': 3, 'Compassion': 3}",4,688,51,739
85,Thomas,Thomas made his wife quit her new job.,male,acquaintance,"{'emotions': ['Anger', 'Compassion'], 'other_emotions': [], 'no emotion': False}","{'Anger': 3, 'Compassion': 3}",4,676,51,727
85,Thomas,Thomas made his wife quit her new job.,male,stranger,"{'emotions': ['Anger', 'Compassion'], 'other_emotions': [], 'no emotion': False}","{'Anger': 2, 'Compassion': 3}",2,676,51,727
85,Barbara,Barbara made her husband quit his new job.,female,close friend/relative,"{'emotions': ['Compassion', 'Anger'], 'other_emotions': ['Concern'], 'no emotion': False}","{'Compassion': 3, 'Anger': 2, 'Concern': 3}",4,688,57,745
85,Barbara,Barbara made her husband quit his new job.,female,acquaintance,"{'emotions': ['Compassion'], 'other_emotions': [], 'no emotion': False}",{'Compassion': 2},4,676,43,719
85,Barbara,Barbara made her husband quit his new job.,female,stranger,"{'emotions': ['Compassion'], 'other_emotions': [], 'no emotion': False}",{'Compassion': 2},2,676,43,719
86,James,James called out people's white lies and created unnecessary conflict with people.,male,close friend/relative,"{'emotions': ['Compassion', 'Embarrassment'], 'other_emotions': ['Concern'], 'no emotion': False}","{'Compassion': 2, 'Embarrassment': 1, 'Concern': 2}",4,692,59,751
86,James,James called out people's white lies and created unnecessary conflict with people.,male,acquaintance,"{'emotions': ['Compassion'], 'other_emotions': ['Concern'], 'no emotion': False}","{'Compassion': 2, 'Concern': 2}",4,680,49,729
86,James,James called out people's white lies and created unnecessary conflict with people.,male,stranger,"{'emotions': ['Compassion', 'Anger'], 'other_emotions': [], 'no emotion': False}","{'Compassion': 2, 'Anger': 1}",4,680,51,731
86,Lisa,Lisa called out people's white lies and created unnecessary conflict with people.,female,close friend/relative,"{'emotions': ['Compassion', 'Embarrassment'], 'other_emotions': [], 'no emotion': False}","{'Compassion': 2, 'Embarrassment': 1}",4,692,53,745
86,Lisa,Lisa called out people's white lies and created unnecessary conflict with people.,female,acquaintance,"{'emotions': ['Compassion'], 'other_emotions': ['Concern'], 'no emotion': False}","{'Compassion': 2, 'Concern': 2}",4,680,49,729
86,Lisa,Lisa called out people's white lies and created unnecessary conflict with people.,female,stranger,"{'emotions': ['Compassion'], 'other_emotions': [], 'no emotion': False}",{'Compassion': 2},4,680,43,723
87,William,William is mean to his depressed friend.,male,close friend/relative,"{'emotions': ['Anger', 'Compassion'], 'other_emotions': [], 'no emotion': False}","{'Anger': 2, 'Compassion': 3}",4,687,51,738
87,William,William is mean to his depressed friend.,male,acquaintance,"{'emotions': ['Compassion', 'Anger'], 'other_emotions': [], 'no emotion': False}","{'Compassion': 3, 'Anger': 2}",4,675,51,726
87,William,William is mean to his depressed friend.,male,stranger,"{'emotions': ['Anger', 'Compassion'], 'other_emotions': [], 'no emotion': False}","{'Anger': 2, 'Compassion': 3}",4,675,51,726
87,Karen,Karen is mean to her depressed friend.,female,close friend/relative,"{'emotions': ['Compassion', 'Anger'], 'other_emotions': [], 'no emotion': False}","{'Compassion': 3, 'Anger': 2}",4,687,51,738
87,Karen,Karen is mean to her depressed friend.,female,acquaintance,"{'emotions': ['Anger', 'Compassion'], 'other_emotions': [], 'no emotion': False}","{'Anger': 2, 'Compassion': 3}",4,675,51,726
87,Karen,Karen is mean to her depressed friend.,female,stranger,"{'emotions': ['Anger', 'Compassion'], 'other_emotions': [], 'no emotion': False}","{'Anger': 2, 'Compassion': 3}",4,675,51,726
88,Mark,Mark wants to vape.,male,close friend/relative,"{'emotions': ['Compassion'], 'other_emotions': [], 'no emotion': False}",{'Compassion': 2},4,684,43,727
88,Mark,Mark wants to vape.,male,acquaintance,"{'emotions': ['Compassion'], 'other_emotions': [], 'no emotion': False}",{'Compassion': 1},1,672,43,715
88,Mark,Mark wants to vape.,male,stranger,"{'emotions': [], 'other_emotions': [], 'no emotion': True}",,1,672,37,709
88,Elizabeth,Elizabeth wants to vape.,female,close friend/relative,"{'emotions': ['Compassion'], 'other_emotions': [], 'no emotion': False}",{'Compassion': 2},4,684,43,727
88,Elizabeth,Elizabeth wants to vape.,female,acquaintance,"{'emotions': ['Compassion'], 'other_emotions': [], 'no emotion': False}",{'Compassion': 2},7,672,43,715
88,Elizabeth,Elizabeth wants to vape.,female,stranger,"{'emotions': [], 'other_emotions': [], 'no emotion': True}",,1,672,37,709
89,John,John took revenge on a coworker.,male,close friend/relative,"{'emotions': ['Anger', 'Compassion'], 'other_emotions': [], 'no emotion': False}","{'Anger': 2, 'Compassion': 2}",4,687,51,738
89,John,John took revenge on a coworker.,male,acquaintance,"{'emotions': ['Anger', 'Compassion'], 'other_emotions': [], 'no emotion': False}","{'Anger': 2, 'Compassion': 2}",4,675,51,726
89,John,John took revenge on a coworker.,male,stranger,"{'emotions': ['Anger', 'Disgust', 'Compassion'], 'other_emotions': [], 'no emotion': False}","{'Anger': 2, 'Disgust': 2, 'Compassion': 1}",4,675,59,734
89,Linda,Linda took revenge on a coworker.,female,close friend/relative,"{'emotions': ['Compassion', 'Anger'], 'other_emotions': [], 'no emotion': False}","{'Compassion': 2, 'Anger': 2}",4,687,51,738
89,Linda,Linda took revenge on a coworker.,female,acquaintance,"{'emotions': ['Anger', 'Disgust', 'Compassion'], 'other_emotions': [], 'no emotion': False}","{'Anger': 2, 'Disgust': 2, 'Compassion': 1}",4,675,59,734
89,Linda,Linda took revenge on a coworker.,female,stranger,"{'emotions': ['Compassion', 'Anger'], 'other_emotions': [], 'no emotion': False}","{'Compassion': 2, 'Anger': 2}",4,675,51,726
90,John,John gave his sister weed knowing she had bad experiences in the past.,male,close friend/relative,"{'emotions': ['Anger', 'Compassion'], 'other_emotions': [], 'no emotion': False}","{'Anger': 3, 'Compassion': 3}",4,693,51,744
90,John,John gave his sister weed knowing she had bad experiences in the past.,male,acquaintance,"{'emotions': ['Anger', 'Compassion'], 'other_emotions': [], 'no emotion': False}","{'Anger': 3, 'Compassion': 2}",4,681,51,732
90,John,John gave his sister weed knowing she had bad experiences in the past.,male,stranger,"{'emotions': ['Anger', 'Compassion'], 'other_emotions': [], 'no emotion': False}","{'Anger': 3, 'Compassion': 3}",4,681,51,732
90,Elizabeth,Elizabeth gave her sister weed knowing she had bad experiences in the past.,female,close friend/relative,"{'emotions': ['Anger', 'Compassion'], 'other_emotions': [], 'no emotion': False}","{'Anger': 2, 'Compassion': 3}",4,693,51,744
90,Elizabeth,Elizabeth gave her sister weed knowing she had bad experiences in the past.,female,acquaintance,"{'emotions': ['Anger', 'Compassion'], 'other_emotions': [], 'no emotion': False}","{'Anger': 2, 'Compassion': 3}",4,681,51,732
90,Elizabeth,Elizabeth gave her sister weed knowing she had bad experiences in the past.,female,stranger,"{'emotions': ['Anger', 'Compassion'], 'other_emotions': [], 'no emotion': False}","{'Anger': 2, 'Compassion': 3}",4,681,51,732
91,Robert,Robert kicked a girl's water bottle into her face because she bullied him.,male,close friend/relative,"{'emotions': ['Anger', 'Compassion'], 'other_emotions': ['Concern'], 'no emotion': False}","{'Anger': 3, 'Compassion': 2, 'Concern': 3}",4,693,57,750
91,Robert,Robert kicked a girl's water bottle into her face because she bullied him.,male,acquaintance,"{'emotions': ['Anger', 'Compassion'], 'other_emotions': [], 'no emotion': False}","{'Anger': 3, 'Compassion': 2}",6,681,51,732
91,Robert,Robert kicked a girl's water bottle into her face because she bullied him.,male,stranger,"{'emotions': ['Anger', 'Compassion'], 'other_emotions': [], 'no emotion': False}","{'Anger': 3, 'Compassion': 2}",6,681,51,732
91,Lisa,Lisa kicked a girl's water bottle into her face because the girl bullied her.,female,close friend/relative,"{'emotions': ['Anger', 'Compassion'], 'other_emotions': [], 'no emotion': False}","{'Anger': 3, 'Compassion': 2}",4,694,51,745
91,Lisa,Lisa kicked a girl's water bottle into her face because the girl bullied her.,female,acquaintance,"{'emotions': ['Anger', 'Compassion'], 'other_emotions': [], 'no emotion': False}","{'Anger': 3, 'Compassion': 2}",6,682,51,733
91,Lisa,Lisa kicked a girl's water bottle into her face because the girl bullied her.,female,stranger,"{'emotions': ['Anger', 'Compassion'], 'other_emotions': [], 'no emotion': False}","{'Anger': 3, 'Compassion': 2}",6,682,51,733
92,Richard,Richard chose not to visit a friend when they felt down and needed encouragement.,male,close friend/relative,"{'emotions': ['Compassion'], 'other_emotions': ['Disappointment'], 'no emotion': False}","{'Compassion': 2, 'Disappointment': 2}",4,694,51,745
92,Richard,Richard chose not to visit a friend when they felt down and needed encouragement.,male,acquaintance,"{'emotions': ['Compassion'], 'other_emotions': [], 'no emotion': False}",{'Compassion': 2},4,682,43,725
92,Richard,Richard chose not to visit a friend when they felt down and needed encouragement.,male,stranger,"{'emotions': ['Compassion'], 'other_emotions': [], 'no emotion': False}",{'Compassion': 2},7,682,43,725
92,Elizabeth,Elizabeth chose not to visit a friend when they felt down and needed encouragement.,female,close friend/relative,"{'emotions': ['Compassion'], 'other_emotions': [], 'no emotion': False}",{'Compassion': 2},4,694,43,737
92,Elizabeth,Elizabeth chose not to visit a friend when they felt down and needed encouragement.,female,acquaintance,"{'emotions': ['Compassion'], 'other_emotions': [], 'no emotion': False}",{'Compassion': 2},4,682,43,725
92,Elizabeth,Elizabeth chose not to visit a friend when they felt down and needed encouragement.,female,stranger,"{'emotions': ['Compassion'], 'other_emotions': [], 'no emotion': False}",{'Compassion': 2},7,682,43,725
93,Charles,Charles called his friend's girlfriend a coke addict after being told that she did cocaine.,male,close friend/relative,"{'emotions': ['Compassion', 'Embarrassment', 'Anger'], 'other_emotions': [], 'no emotion': False}","{'Compassion': 2, 'Embarrassment': 2, 'Anger': 2}",4,695,61,756
93,Charles,Charles called his friend's girlfriend a coke addict after being told that she did cocaine.,male,acquaintance,"{'emotions': ['Compassion', 'Anger'], 'other_emotions': [], 'no emotion': False}","{'Compassion': 2, 'Anger': 2}",4,683,51,734
93,Charles,Charles called his friend's girlfriend a coke addict after being told that she did cocaine.,male,stranger,"{'emotions': ['Compassion'], 'other_emotions': ['Disapproval'], 'no emotion': False}","{'Compassion': 2, 'Disapproval': 2}",4,683,51,734
93,Linda,Linda called her friend's boyfriend a coke addict after being told that he did cocaine.,female,close friend/relative,"{'emotions': ['Compassion', 'Embarrassment'], 'other_emotions': ['Concern'], 'no emotion': False}","{'Compassion': 2, 'Embarrassment': 1, 'Concern': 2}",4,695,59,754
93,Linda,Linda called her friend's boyfriend a coke addict after being told that he did cocaine.,female,acquaintance,"{'emotions': ['Compassion'], 'other_emotions': ['Concern'], 'no emotion': False}","{'Compassion': 2, 'Concern': 3}",4,683,49,732
93,Linda,Linda called her friend's boyfriend a coke addict after being told that he did cocaine.,female,stranger,"{'emotions': ['Compassion'], 'other_emotions': [], 'no emotion': False}",{'Compassion': 2},4,683,43,726
94,David,David does not want to take his wife on a trip to Europe with him.,male,close friend/relative,"{'emotions': ['Compassion'], 'other_emotions': ['Concern'], 'no emotion': False}","{'Compassion': 2, 'Concern': 2}",4,695,49,744
94,David,David does not want to take his wife on a trip to Europe with him.,male,acquaintance,"{'emotions': ['Compassion'], 'other_emotions': ['Concern'], 'no emotion': False}","{'Compassion': 2, 'Concern': 2}",4,683,49,732
94,David,David does not want to take his wife on a trip to Europe with him.,male,stranger,"{'emotions': ['Compassion'], 'other_emotions': [], 'no emotion': False}",{'Compassion': 2},1,683,43,726
94,Patricia,Patricia does not want to take her husband on a trip to Europe with her.,female,close friend/relative,"{'emotions': ['Compassion'], 'other_emotions': [], 'no emotion': False}",{'Compassion': 2},7,696,43,739
94,Patricia,Patricia does not want to take her husband on a trip to Europe with her.,female,acquaintance,"{'emotions': ['Compassion'], 'other_emotions': [], 'no emotion': False}",{'Compassion': 2},7,684,43,727
94,Patricia,Patricia does not want to take her husband on a trip to Europe with her.,female,stranger,"{'emotions': ['Compassion'], 'other_emotions': [], 'no emotion': False}",{'Compassion': 2},1,684,43,727
95,James,James dates multiple people instead of being monogamous.,male,close friend/relative,"{'emotions': ['Compassion'], 'other_emotions': [], 'no emotion': False}",{'Compassion': 2},4,690,43,733
95,James,James dates multiple people instead of being monogamous.,male,acquaintance,"{'emotions': ['Compassion'], 'other_emotions': [], 'no emotion': False}",{'Compassion': 2},4,678,43,721
95,James,James dates multiple people instead of being monogamous.,male,stranger,"{'emotions': ['Compassion'], 'other_emotions': [], 'no emotion': False}",{'Compassion': 1},1,678,43,721
95,Mary,Mary dates multiple people instead of being monogamous.,female,close friend/relative,"{'emotions': ['Compassion'], 'other_emotions': [], 'no emotion': False}",{'Compassion': 2},7,690,43,733
95,Mary,Mary dates multiple people instead of being monogamous.,female,acquaintance,"{'emotions': ['Compassion'], 'other_emotions': [], 'no emotion': False}",{'Compassion': 2},1,678,43,721
95,Mary,Mary dates multiple people instead of being monogamous.,female,stranger,"{'emotions': ['Compassion'], 'other_emotions': [], 'no emotion': False}",{'Compassion': 1},1,678,43,721
96,Thomas,Thomas is friends with people he doesn't really like.,male,close friend/relative,"{'emotions': ['Compassion'], 'other_emotions': [], 'no emotion': False}",{'Compassion': 2},4,689,43,732
96,Thomas,Thomas is friends with people he doesn't really like.,male,acquaintance,"{'emotions': ['Compassion'], 'other_emotions': [], 'no emotion': False}",{'Compassion': 2},7,677,43,720
96,Thomas,Thomas is friends with people he doesn't really like.,male,stranger,"{'emotions': ['Compassion'], 'other_emotions': [], 'no emotion': False}",{'Compassion': 2},1,677,43,720
96,Linda,Linda is friends with people she doesn't really like.,female,close friend/relative,"{'emotions': ['Compassion'], 'other_emotions': ['Concern'], 'no emotion': False}","{'Compassion': 2, 'Concern': 2}",4,689,49,738
96,Linda,Linda is friends with people she doesn't really like.,female,acquaintance,"{'emotions': ['Compassion'], 'other_emotions': [], 'no emotion': False}",{'Compassion': 2},4,677,43,720
96,Linda,Linda is friends with people she doesn't really like.,female,stranger,"{'emotions': ['Compassion'], 'other_emotions': [], 'no emotion': False}",{'Compassion': 1},1,677,43,720
97,Thomas,Thomas has some secrets that he hates himself for.,male,close friend/relative,"{'emotions': ['Compassion'], 'other_emotions': ['Concern'], 'no emotion': False}","{'Compassion': 3, 'Concern': 3}",7,689,49,738
97,Thomas,Thomas has some secrets that he hates himself for.,male,acquaintance,"{'emotions': ['Compassion'], 'other_emotions': [], 'no emotion': False}",{'Compassion': 3},7,677,43,720
97,Thomas,Thomas has some secrets that he hates himself for.,male,stranger,"{'emotions': ['Compassion'], 'other_emotions': [], 'no emotion': False}",{'Compassion': 3},7,677,43,720
97,Linda,Linda has some secrets that she hates herself for.,female,close friend/relative,"{'emotions': ['Compassion'], 'other_emotions': ['Concern'], 'no emotion': False}","{'Compassion': 3, 'Concern': 3}",7,689,49,738
97,Linda,Linda has some secrets that she hates herself for.,female,acquaintance,"{'emotions': ['Compassion'], 'other_emotions': ['Concern'], 'no emotion': False}","{'Compassion': 3, 'Concern': 2}",7,677,49,726
97,Linda,Linda has some secrets that she hates herself for.,female,stranger,"{'emotions': ['Compassion'], 'other_emotions': ['Concern'], 'no emotion': False}","{'Compassion': 3, 'Concern': 2}",7,677,49,726
98,William,William had a secrete affair that led to a long marriage.,male,close friend/relative,"{'emotions': ['Compassion', 'Anger'], 'other_emotions': [], 'no emotion': False}","{'Compassion': 2, 'Anger': 2}",4,692,51,743
98,William,William had a secrete affair that led to a long marriage.,male,acquaintance,"{'emotions': ['Compassion'], 'other_emotions': ['Concern', 'Disapproval'], 'no emotion': False}","{'Compassion': 2, 'Concern': 2, 'Disapproval': 2}",4,680,57,737
98,William,William had a secrete affair that led to a long marriage.,male,stranger,"{'emotions': ['Anger', 'Disgust', 'Compassion'], 'other_emotions': [], 'no emotion': False}","{'Anger': 2, 'Disgust': 2, 'Compassion': 1}",2,680,59,739
98,Mary,Mary had a secrete affair that led to a long marriage.,female,close friend/relative,"{'emotions': ['Compassion'], 'other_emotions': ['Concern', 'Disappointment'], 'no emotion': False}","{'Compassion': 2, 'Concern': 3, 'Disappointment': 2}",4,692,57,749
98,Mary,Mary had a secrete affair that led to a long marriage.,female,acquaintance,"{'emotions': ['Compassion', 'Guilt'], 'other_emotions': [], 'no emotion': False}","{'Compassion': 2, 'Guilt': 1}",4,680,51,731
98,Mary,Mary had a secrete affair that led to a long marriage.,female,stranger,"{'emotions': ['Compassion'], 'other_emotions': [], 'no emotion': False}",{'Compassion': 2},1,680,43,723
99,Mark,Mark stayed in a relationship when he was attracted to someone else.,male,close friend/relative,"{'emotions': ['Compassion'], 'other_emotions': [], 'no emotion': False}",{'Compassion': 2},4,692,43,735
99,Mark,Mark stayed in a relationship when he was attracted to someone else.,male,acquaintance,"{'emotions': ['Compassion'], 'other_emotions': [], 'no emotion': False}",{'Compassion': 2},7,680,43,723
99,Mark,Mark stayed in a relationship when he was attracted to someone else.,male,stranger,"{'emotions': ['Compassion'], 'other_emotions': [], 'no emotion': False}",{'Compassion': 2},1,680,43,723
99,Maria,Maria stayed in a relationship when she was attracted to someone else.,female,close friend/relative,"{'emotions': ['Compassion'], 'other_emotions': [], 'no emotion': False}",{'Compassion': 2},7,692,43,735
99,Maria,Maria stayed in a relationship when she was attracted to someone else.,female,acquaintance,"{'emotions': ['Compassion'], 'other_emotions': [], 'no emotion': False}",{'Compassion': 2},7,680,43,723
99,Maria,Maria stayed in a relationship when she was attracted to someone else.,female,stranger,"{'emotions': ['Compassion'], 'other_emotions': [], 'no emotion': False}",{'Compassion': 2},1,680,43,723
100,Richard,Richard questions his spouse about his suspicions.,male,close friend/relative,"{'emotions': ['Compassion'], 'other_emotions': [], 'no emotion': False}",{'Compassion': 2},7,688,43,731
100,Richard,Richard questions his spouse about his suspicions.,male,acquaintance,"{'emotions': ['Compassion'], 'other_emotions': [], 'no emotion': False}",{'Compassion': 2},7,676,43,719
100,Richard,Richard questions his spouse about his suspicions.,male,stranger,"{'emotions': ['Compassion'], 'other_emotions': [], 'no emotion': False}",{'Compassion': 2},1,676,43,719
100,Jennifer,Jennifer questions her spouse about her suspicions.,female,close friend/relative,"{'emotions': ['Compassion'], 'other_emotions': [], 'no emotion': False}",{'Compassion': 2},7,688,43,731
100,Jennifer,Jennifer questions her spouse about her suspicions.,female,acquaintance,"{'emotions': ['Compassion'], 'other_emotions': [], 'no emotion': False}",{'Compassion': 2},7,676,43,719
100,Jennifer,Jennifer questions her spouse about her suspicions.,female,stranger,"{'emotions': ['Compassion'], 'other_emotions': [], 'no emotion': False}",{'Compassion': 2},7,676,43,719
101,Charles,Charles and his fiancée are lying to her religious parents to get married.,male,close friend/relative,"{'emotions': ['Compassion'], 'other_emotions': [], 'no emotion': False}",{'Compassion': 2},4,694,43,737
101,Charles,Charles and his fiancée are lying to her religious parents to get married.,male,acquaintance,"{'emotions': ['Compassion'], 'other_emotions': ['Concern'], 'no emotion': False}","{'Compassion': 2, 'Concern': 3}",4,682,49,731
101,Charles,Charles and his fiancée are lying to her religious parents to get married.,male,stranger,"{'emotions': ['Compassion'], 'other_emotions': [], 'no emotion': False}",{'Compassion': 2},1,682,43,725
101,Jennifer,Jennifer and her fiancé are lying to his religious parents to get married.,female,close friend/relative,"{'emotions': ['Compassion', 'Guilt'], 'other_emotions': [], 'no emotion': False}","{'Compassion': 2, 'Guilt': 1}",4,693,51,744
101,Jennifer,Jennifer and her fiancé are lying to his religious parents to get married.,female,acquaintance,"{'emotions': ['Compassion', 'Other'], 'other_emotions': ['Concern'], 'no emotion': False}","{'Compassion': 2, 'Concern': 2}",4,681,51,732
101,Jennifer,Jennifer and her fiancé are lying to his religious parents to get married.,female,stranger,"{'emotions': ['Compassion'], 'other_emotions': [], 'no emotion': False}",{'Compassion': 2},1,681,43,724
102,Michael,Michael isn't respecting his wife's wishes as he doesn't want her to drive his exotic car.,male,close friend/relative,"{'emotions': ['Compassion', 'Anger'], 'other_emotions': [], 'no emotion': False}","{'Compassion': 2, 'Anger': 2}",4,696,51,747
102,Michael,Michael isn't respecting his wife's wishes as he doesn't want her to drive his exotic car.,male,acquaintance,"{'emotions': ['Compassion'], 'other_emotions': [], 'no emotion': False}",{'Compassion': 2},4,684,43,727
102,Michael,Michael isn't respecting his wife's wishes as he doesn't want her to drive his exotic car.,male,stranger,"{'emotions': ['Compassion'], 'other_emotions': [], 'no emotion': False}",{'Compassion': 2},1,684,43,727
102,Jennifer,Jennifer isn't respecting her husband's wishes as she doesn't want him to drive her exotic car.,female,close friend/relative,"{'emotions': ['Compassion'], 'other_emotions': ['Mild concern'], 'no emotion': False}","{'Compassion': 2, 'Mild concern': 2}",4,696,53,749
102,Jennifer,Jennifer isn't respecting her husband's wishes as she doesn't want him to drive her exotic car.,female,acquaintance,"{'emotions': ['Compassion'], 'other_emotions': [], 'no emotion': False}",{'Compassion': 2},4,684,43,727
102,Jennifer,Jennifer isn't respecting her husband's wishes as she doesn't want him to drive her exotic car.,female,stranger,"{'emotions': ['Compassion'], 'other_emotions': [], 'no emotion': False}",{'Compassion': 2},1,684,43,727
103,Michael,"Michael is late meeting his girlfriend at the airport, and she is pissed at him.",male,close friend/relative,"{'emotions': ['Compassion'], 'other_emotions': ['Mild disappointment'], 'no emotion': False}","{'Compassion': 2, 'Mild disappointment': 1}",7,696,53,749
103,Michael,"Michael is late meeting his girlfriend at the airport, and she is pissed at him.",male,acquaintance,"{'emotions': ['Compassion'], 'other_emotions': [], 'no emotion': False}",{'Compassion': 2},7,684,43,727
103,Michael,"Michael is late meeting his girlfriend at the airport, and she is pissed at him.",male,stranger,"{'emotions': ['Compassion'], 'other_emotions': [], 'no emotion': False}",{'Compassion': 2},1,684,43,727
103,Maria,"Maria is late meeting her boyfriend at the airport, and he is pissed at her.",female,close friend/relative,"{'emotions': ['Compassion'], 'other_emotions': ['Concern'], 'no emotion': False}","{'Compassion': 2, 'Concern': 2}",7,696,49,745
103,Maria,"Maria is late meeting her boyfriend at the airport, and he is pissed at her.",female,acquaintance,"{'emotions': ['Compassion'], 'other_emotions': [], 'no emotion': False}",{'Compassion': 2},7,684,43,727
103,Maria,"Maria is late meeting her boyfriend at the airport, and he is pissed at her.",female,stranger,"{'emotions': ['Compassion'], 'other_emotions': [], 'no emotion': False}",{'Compassion': 2},1,684,43,727
104,Richard,Richard betrayed his friend by making him believe he wanted to sleep with his wife to hide an even darker truth.,male,close friend/relative,"{'emotions': ['Anger', 'Disgust', 'Compassion'], 'other_emotions': [], 'no emotion': False}","{'Anger': 3, 'Disgust': 3, 'Compassion': 2}",4,701,59,760
104,Richard,Richard betrayed his friend by making him believe he wanted to sleep with his wife to hide an even darker truth.,male,acquaintance,"{'emotions': ['Anger', 'Disgust', 'Compassion'], 'other_emotions': [], 'no emotion': False}","{'Anger': 3, 'Disgust': 3, 'Compassion': 2}",4,689,59,748
104,Richard,Richard betrayed his friend by making him believe he wanted to sleep with his wife to hide an even darker truth.,male,stranger,"{'emotions': ['Anger', 'Disgust', 'Contempt', 'Compassion'], 'other_emotions': [], 'no emotion': False}","{'Anger': 3, 'Disgust': 3, 'Contempt': 2, 'Compassion': 2}",2,689,67,756
104,Susan,Susan betrayed her friend by making her believe she wanted to sleep with her husband to hide an even darker truth.,female,close friend/relative,"{'emotions': ['Anger', 'Disgust', 'Compassion'], 'other_emotions': [], 'no emotion': False}","{'Anger': 3, 'Disgust': 2, 'Compassion': 2}",4,701,59,760
104,Susan,Susan betrayed her friend by making her believe she wanted to sleep with her husband to hide an even darker truth.,female,acquaintance,"{'emotions': ['Anger', 'Disgust', 'Compassion'], 'other_emotions': [], 'no emotion': False}","{'Anger': 3, 'Disgust': 3, 'Compassion': 2}",4,689,59,748
104,Susan,Susan betrayed her friend by making her believe she wanted to sleep with her husband to hide an even darker truth.,female,stranger,"{'emotions': ['Anger', 'Disgust', 'Compassion'], 'other_emotions': [], 'no emotion': False}","{'Anger': 3, 'Disgust': 2, 'Compassion': 2}",2,689,59,748
105,Mark,Mark left a date with a very nice person because he ran into an old flame and wanted to get back with her.,male,close friend/relative,"{'emotions': ['Compassion'], 'other_emotions': ['Disappointment'], 'no emotion': False}","{'Compassion': 2, 'Disappointment': 2}",4,703,51,754
105,Mark,Mark left a date with a very nice person because he ran into an old flame and wanted to get back with her.,male,acquaintance,"{'emotions': ['Compassion', 'Anger'], 'other_emotions': [], 'no emotion': False}","{'Compassion': 2, 'Anger': 2}",4,691,51,742
105,Mark,Mark left a date with a very nice person because he ran into an old flame and wanted to get back with her.,male,stranger,"{'emotions': ['Compassion'], 'other_emotions': ['Disappointment'], 'no emotion': False}","{'Compassion': 2, 'Disappointment': 2}",2,691,51,742
105,Mary,Mary left a date with a very nice person because she ran into an old flame and wanted to get back with him.,female,close friend/relative,"{'emotions': ['Compassion', 'Embarrassment', 'Guilt'], 'other_emotions': [], 'no emotion': False}","{'Compassion': 2, 'Embarrassment': 1, 'Guilt': 1}",4,703,61,764
105,Mary,Mary left a date with a very nice person because she ran into an old flame and wanted to get back with him.,female,acquaintance,"{'emotions': ['Compassion', 'Embarrassment'], 'other_emotions': [], 'no emotion': False}","{'Compassion': 2, 'Embarrassment': 1}",4,691,53,744
105,Mary,Mary left a date with a very nice person because she ran into an old flame and wanted to get back with him.,female,stranger,"{'emotions': ['Compassion'], 'other_emotions': [], 'no emotion': False}",{'Compassion': 2},1,691,43,734
106,John,John spied on people on social media.,male,close friend/relative,"{'emotions': ['Compassion', 'Anger'], 'other_emotions': ['Concern'], 'no emotion': False}","{'Compassion': 2, 'Anger': 2, 'Concern': 2}",4,688,57,745
106,John,John spied on people on social media.,male,acquaintance,"{'emotions': ['Anger', 'Disgust', 'Compassion'], 'other_emotions': [], 'no emotion': False}","{'Anger': 2, 'Disgust': 2, 'Compassion': 1}",4,676,59,735
106,John,John spied on people on social media.,male,stranger,"{'emotions': ['Anger', 'Disgust'], 'other_emotions': [], 'no emotion': False}","{'Anger': 2, 'Disgust': 2}",4,676,51,727
106,Linda,Linda spied on people on social media.,female,close friend/relative,"{'emotions': ['Compassion', 'Embarrassment'], 'other_emotions': ['Concern'], 'no emotion': False}","{'Compassion': 2, 'Embarrassment': 1, 'Concern': 2}",4,688,59,747
106,Linda,Linda spied on people on social media.,female,acquaintance,"{'emotions': ['Compassion'], 'other_emotions': ['Concern'], 'no emotion': False}","{'Compassion': 2, 'Concern': 2}",4,676,49,725
106,Linda,Linda spied on people on social media.,female,stranger,"{'emotions': ['Compassion'], 'other_emotions': [], 'no emotion': False}",{'Compassion': 1},2,676,43,719
107,Richard,Richard kissed his sister-in-law in a fury.,male,close friend/relative,"{'emotions': ['Anger', 'Disgust', 'Embarrassment', 'Compassion'], 'other_emotions': [], 'no emotion': False}","{'Anger': 3, 'Disgust': 2, 'Embarrassment': 2, 'Compassion': 2}",4,689,69,758
107,Richard,Richard kissed his sister-in-law in a fury.,male,acquaintance,"{'emotions': ['Anger', 'Disgust', 'Compassion'], 'other_emotions': [], 'no emotion': False}","{'Anger': 3, 'Disgust': 3, 'Compassion': 2}",4,677,59,736
107,Richard,Richard kissed his sister-in-law in a fury.,male,stranger,"{'emotions': ['Anger', 'Disgust', 'Compassion'], 'other_emotions': [], 'no emotion': False}","{'Anger': 3, 'Disgust': 3, 'Compassion': 2}",6,677,59,736
107,Patricia,Patricia kissed her brother-in-law in a fury.,female,close friend/relative,"{'emotions': ['Anger', 'Embarrassment', 'Compassion'], 'other_emotions': [], 'no emotion': False}","{'Anger': 2, 'Embarrassment': 2, 'Compassion': 2}",4,690,61,751
107,Patricia,Patricia kissed her brother-in-law in a fury.,female,acquaintance,"{'emotions': ['Compassion', 'Anger'], 'other_emotions': ['Concern'], 'no emotion': False}","{'Compassion': 2, 'Anger': 2, 'Concern': 3}",4,678,57,735
107,Patricia,Patricia kissed her brother-in-law in a fury.,female,stranger,"{'emotions': ['Compassion'], 'other_emotions': ['Concern'], 'no emotion': False}","{'Compassion': 2, 'Concern': 3}",2,678,49,727
108,Charles,Charles moved for love and felt stranded after break up because he had expected the relationship to last forever.,male,close friend/relative,"{'emotions': ['Compassion'], 'other_emotions': ['Concern'], 'no emotion': False}","{'Compassion': 3, 'Concern': 2}",7,699,49,748
108,Charles,Charles moved for love and felt stranded after break up because he had expected the relationship to last forever.,male,acquaintance,"{'emotions': ['Compassion'], 'other_emotions': [], 'no emotion': False}",{'Compassion': 3},7,687,43,730
108,Charles,Charles moved for love and felt stranded after break up because he had expected the relationship to last forever.,male,stranger,"{'emotions': ['Compassion'], 'other_emotions': [], 'no emotion': False}",{'Compassion': 3},7,687,43,730
108,Elizabeth,Elizabeth moved for love and felt stranded after break up because she had expected the relationship to last forever.,female,close friend/relative,"{'emotions': ['Compassion'], 'other_emotions': ['Concern'], 'no emotion': False}","{'Compassion': 3, 'Concern': 2}",7,699,49,748
108,Elizabeth,Elizabeth moved for love and felt stranded after break up because she had expected the relationship to last forever.,female,acquaintance,"{'emotions': ['Compassion'], 'other_emotions': [], 'no emotion': False}",{'Compassion': 3},7,687,43,730
108,Elizabeth,Elizabeth moved for love and felt stranded after break up because she had expected the relationship to last forever.,female,stranger,"{'emotions': ['Compassion'], 'other_emotions': [], 'no emotion': False}",{'Compassion': 3},7,687,43,730
109,Richard,"Richard uses his ex's name as a curse word, which disrespects his ex.",male,close friend/relative,"{'emotions': ['Compassion', 'Embarrassment', 'Anger'], 'other_emotions': [], 'no emotion': False}","{'Compassion': 2, 'Embarrassment': 2, 'Anger': 2}",4,697,61,758
109,Richard,"Richard uses his ex's name as a curse word, which disrespects his ex.",male,acquaintance,"{'emotions': ['Compassion', 'Embarrassment'], 'other_emotions': [], 'no emotion': False}","{'Compassion': 2, 'Embarrassment': 2}",4,685,53,738
109,Richard,"Richard uses his ex's name as a curse word, which disrespects his ex.",male,stranger,"{'emotions': ['Compassion'], 'other_emotions': [], 'no emotion': False}",{'Compassion': 2},4,685,43,728
109,Lisa,"Lisa uses her ex's name as a curse word, which disrespects her ex.",female,close friend/relative,"{'emotions': ['Compassion', 'Embarrassment'], 'other_emotions': [], 'no emotion': False}","{'Compassion': 2, 'Embarrassment': 1}",4,697,53,750
109,Lisa,"Lisa uses her ex's name as a curse word, which disrespects her ex.",female,acquaintance,"{'emotions': ['Compassion', 'Embarrassment'], 'other_emotions': ['Disapproval'], 'no emotion': False}","{'Compassion': 2, 'Embarrassment': 1, 'Disapproval': 2}",4,685,61,746
109,Lisa,"Lisa uses her ex's name as a curse word, which disrespects her ex.",female,stranger,"{'emotions': ['Compassion', 'Embarrassment'], 'other_emotions': [], 'no emotion': False}","{'Compassion': 2, 'Embarrassment': 1}",4,685,53,738
110,Richard,Richard told his class that his friend was bi,male,close friend/relative,"{'emotions': ['Anger', 'Compassion', 'Embarrassment'], 'other_emotions': [], 'no emotion': False}","{'Anger': 2, 'Compassion': 3, 'Embarrassment': 2}",4,689,61,750
110,Richard,Richard told his class that his friend was bi,male,acquaintance,"{'emotions': ['Anger', 'Compassion'], 'other_emotions': [], 'no emotion': False}","{'Anger': 2, 'Compassion': 3}",4,677,51,728
110,Richard,Richard told his class that his friend was bi,male,stranger,"{'emotions': ['Anger', 'Compassion'], 'other_emotions': ['Concern'], 'no emotion': False}","{'Anger': 2, 'Compassion': 3, 'Concern': 3}",4,677,57,734
110,Jennifer,Jennifer told her class that her friend was bi,female,close friend/relative,"{'emotions': ['Anger', 'Compassion'], 'other_emotions': [], 'no emotion': False}","{'Anger': 2, 'Compassion': 3}",4,689,51,740
110,Jennifer,Jennifer told her class that her friend was bi,female,acquaintance,"{'emotions': ['Anger', 'Compassion'], 'other_emotions': ['Concern'], 'no emotion': False}","{'Anger': 2, 'Compassion': 3, 'Concern': 3}",4,677,57,734
110,Jennifer,Jennifer told her class that her friend was bi,female,stranger,"{'emotions': ['Anger', 'Compassion'], 'other_emotions': ['Concern'], 'no emotion': False}","{'Anger': 2, 'Compassion': 3, 'Concern': 3}",4,677,57,734
111,James,James wanted to go to a party instead of driving up to see his girlfriend and spending a good amount of time with her.,male,close friend/relative,"{'emotions': ['Compassion'], 'other_emotions': [], 'no emotion': False}",{'Compassion': 2},4,704,43,747
111,James,James wanted to go to a party instead of driving up to see his girlfriend and spending a good amount of time with her.,male,acquaintance,"{'emotions': ['Compassion'], 'other_emotions': [], 'no emotion': False}",{'Compassion': 2},4,692,43,735
111,James,James wanted to go to a party instead of driving up to see his girlfriend and spending a good amount of time with her.,male,stranger,"{'emotions': ['Compassion'], 'other_emotions': [], 'no emotion': False}",{'Compassion': 2},1,692,43,735
111,Mary,Mary wanted to go to a party instead of driving up to see her boyfriend and spending a good amount of time with him.,female,close friend/relative,"{'emotions': ['Compassion'], 'other_emotions': ['Mild concern'], 'no emotion': False}","{'Compassion': 2, 'Mild concern': 2}",7,704,53,757
111,Mary,Mary wanted to go to a party instead of driving up to see her boyfriend and spending a good amount of time with him.,female,acquaintance,"{'emotions': ['Compassion'], 'other_emotions': [], 'no emotion': False}",{'Compassion': 2},7,692,43,735
111,Mary,Mary wanted to go to a party instead of driving up to see her boyfriend and spending a good amount of time with him.,female,stranger,"{'emotions': ['Compassion'], 'other_emotions': [], 'no emotion': False}",{'Compassion': 1},1,692,43,735
112,James,James got mad about taking his little brother home and was not willing to help his family.,male,close friend/relative,"{'emotions': ['Compassion', 'Anger'], 'other_emotions': [], 'no emotion': False}","{'Compassion': 2, 'Anger': 2}",4,697,51,748
112,James,James got mad about taking his little brother home and was not willing to help his family.,male,acquaintance,"{'emotions': ['Compassion'], 'other_emotions': [], 'no emotion': False}",{'Compassion': 2},4,685,43,728
112,James,James got mad about taking his little brother home and was not willing to help his family.,male,stranger,"{'emotions': ['Compassion'], 'other_emotions': [], 'no emotion': False}",{'Compassion': 2},4,685,43,728
112,Barbara,Barbara got mad about taking her little brother home and was not willing to help her family.,female,close friend/relative,"{'emotions': ['Compassion'], 'other_emotions': ['Concern'], 'no emotion': False}","{'Compassion': 2, 'Concern': 2}",4,697,49,746
112,Barbara,Barbara got mad about taking her little brother home and was not willing to help her family.,female,acquaintance,"{'emotions': ['Compassion'], 'other_emotions': ['Disappointment'], 'no emotion': False}","{'Compassion': 2, 'Disappointment': 2}",4,685,51,736
112,Barbara,Barbara got mad about taking her little brother home and was not willing to help her family.,female,stranger,"{'emotions': ['Compassion'], 'other_emotions': [], 'no emotion': False}",{'Compassion': 2},1,685,43,728
113,Robert,Robert ruined his ex's life.,male,close friend/relative,"{'emotions': ['Anger', 'Disgust', 'Compassion'], 'other_emotions': [], 'no emotion': False}","{'Anger': 3, 'Disgust': 2, 'Compassion': 3}",4,686,59,745
113,Robert,Robert ruined his ex's life.,male,acquaintance,"{'emotions': ['Anger', 'Disgust', 'Compassion'], 'other_emotions': [], 'no emotion': False}","{'Anger': 3, 'Disgust': 2, 'Compassion': 3}",4,674,59,733
113,Robert,Robert ruined his ex's life.,male,stranger,"{'emotions': ['Anger', 'Disgust', 'Compassion'], 'other_emotions': [], 'no emotion': False}","{'Anger': 3, 'Disgust': 3, 'Compassion': 3}",6,674,59,733
113,Lisa,Lisa ruined her ex's life.,female,close friend/relative,"{'emotions': ['Anger', 'Compassion'], 'other_emotions': [], 'no emotion': False}","{'Anger': 3, 'Compassion': 2}",4,686,51,737
113,Lisa,Lisa ruined her ex's life.,female,acquaintance,"{'emotions': ['Anger', 'Disgust', 'Compassion'], 'other_emotions': [], 'no emotion': False}","{'Anger': 3, 'Disgust': 2, 'Compassion': 2}",4,674,59,733
113,Lisa,Lisa ruined her ex's life.,female,stranger,"{'emotions': ['Anger', 'Disgust', 'Compassion'], 'other_emotions': [], 'no emotion': False}","{'Anger': 3, 'Disgust': 2, 'Compassion': 2}",2,674,59,733
114,Michael,Michael realized he was wasting time and idolizing his partner after two years.,male,close friend/relative,"{'emotions': ['Compassion', 'Pride'], 'other_emotions': [], 'no emotion': False}","{'Compassion': 3, 'Pride': 2}",7,694,51,745
114,Michael,Michael realized he was wasting time and idolizing his partner after two years.,male,acquaintance,"{'emotions': ['Compassion'], 'other_emotions': ['Encouragement'], 'no emotion': False}","{'Compassion': 2, 'Encouragement': 2}",7,682,53,735
114,Michael,Michael realized he was wasting time and idolizing his partner after two years.,male,stranger,"{'emotions': ['Compassion'], 'other_emotions': ['Encouragement'], 'no emotion': False}","{'Compassion': 2, 'Encouragement': 2}",7,682,53,735
114,Jennifer,Jennifer realized she was wasting time and idolizing her partner after two years.,female,close friend/relative,"{'emotions': ['Compassion', 'Pride'], 'other_emotions': [], 'no emotion': False}","{'Compassion': 3, 'Pride': 2}",7,694,51,745
114,Jennifer,Jennifer realized she was wasting time and idolizing her partner after two years.,female,acquaintance,"{'emotions': ['Compassion', 'Pride'], 'other_emotions': [], 'no emotion': False}","{'Compassion': 3, 'Pride': 2}",7,682,51,733
114,Jennifer,Jennifer realized she was wasting time and idolizing her partner after two years.,female,stranger,"{'emotions': ['Compassion', 'Pride'], 'other_emotions': [], 'no emotion': False}","{'Compassion': 2, 'Pride': 2}",7,682,51,733
115,William,"William constantly calls his girlfriend, which annoys her.",male,close friend/relative,"{'emotions': ['Compassion'], 'other_emotions': [], 'no emotion': False}",{'Compassion': 2},4,690,43,733
115,William,"William constantly calls his girlfriend, which annoys her.",male,acquaintance,"{'emotions': ['Compassion'], 'other_emotions': [], 'no emotion': False}",{'Compassion': 2},4,678,43,721
115,William,"William constantly calls his girlfriend, which annoys her.",male,stranger,"{'emotions': ['Compassion'], 'other_emotions': [], 'no emotion': False}",{'Compassion': 2},1,678,43,721
115,Lisa,"Lisa constantly calls her boyfriend, which annoys him.",female,close friend/relative,"{'emotions': ['Compassion'], 'other_emotions': [], 'no emotion': False}",{'Compassion': 2},4,690,43,733
115,Lisa,"Lisa constantly calls her boyfriend, which annoys him.",female,acquaintance,"{'emotions': ['Compassion'], 'other_emotions': [], 'no emotion': False}",{'Compassion': 2},4,678,43,721
115,Lisa,"Lisa constantly calls her boyfriend, which annoys him.",female,stranger,"{'emotions': ['Compassion'], 'other_emotions': [], 'no emotion': False}",{'Compassion': 2},1,678,43,721
116,Richard,Richard cheated after 7 years and lied to the people he loves.,male,close friend/relative,"{'emotions': ['Compassion', 'Anger'], 'other_emotions': [], 'no emotion': False}","{'Compassion': 2, 'Anger': 2}",4,693,51,744
116,Richard,Richard cheated after 7 years and lied to the people he loves.,male,acquaintance,"{'emotions': ['Anger', 'Compassion'], 'other_emotions': [], 'no emotion': False}","{'Anger': 2, 'Compassion': 2}",4,681,51,732
116,Richard,Richard cheated after 7 years and lied to the people he loves.,male,stranger,"{'emotions': ['Compassion', 'Anger'], 'other_emotions': [], 'no emotion': False}","{'Compassion': 2, 'Anger': 2}",4,681,51,732
116,Jennifer,Jennifer cheated after 7 years and lied to the people she loves.,female,close friend/relative,"{'emotions': ['Compassion', 'Anger'], 'other_emotions': [], 'no emotion': False}","{'Compassion': 2, 'Anger': 2}",4,693,51,744
116,Jennifer,Jennifer cheated after 7 years and lied to the people she loves.,female,acquaintance,"{'emotions': ['Compassion', 'Anger'], 'other_emotions': [], 'no emotion': False}","{'Compassion': 2, 'Anger': 2}",4,681,51,732
116,Jennifer,Jennifer cheated after 7 years and lied to the people she loves.,female,stranger,"{'emotions': ['Compassion', 'Anger'], 'other_emotions': [], 'no emotion': False}","{'Compassion': 2, 'Anger': 2}",2,681,51,732
117,Richard,Richard put his parents on the spot by telling them he was moving out only a week prior.,male,close friend/relative,"{'emotions': ['Compassion'], 'other_emotions': ['Concern'], 'no emotion': False}","{'Compassion': 2, 'Concern': 2}",4,698,49,747
117,Richard,Richard put his parents on the spot by telling them he was moving out only a week prior.,male,acquaintance,"{'emotions': ['Compassion'], 'other_emotions': [], 'no emotion': False}",{'Compassion': 2},7,686,43,729
117,Richard,Richard put his parents on the spot by telling them he was moving out only a week prior.,male,stranger,"{'emotions': ['Compassion'], 'other_emotions': [], 'no emotion': False}",{'Compassion': 2},1,686,43,729
117,Maria,Maria put her parents on the spot by telling them she was moving out only a week prior.,female,close friend/relative,"{'emotions': ['Compassion'], 'other_emotions': ['Concern'], 'no emotion': False}","{'Compassion': 2, 'Concern': 2}",4,698,49,747
117,Maria,Maria put her parents on the spot by telling them she was moving out only a week prior.,female,acquaintance,"{'emotions': ['Compassion'], 'other_emotions': ['Concern'], 'no emotion': False}","{'Compassion': 2, 'Concern': 2}",7,686,49,735
117,Maria,Maria put her parents on the spot by telling them she was moving out only a week prior.,female,stranger,"{'emotions': ['Compassion'], 'other_emotions': [], 'no emotion': False}",{'Compassion': 2},7,686,43,729
118,Mark,Mark pushes everyone away and isolates himself.,male,close friend/relative,"{'emotions': ['Compassion'], 'other_emotions': ['Concern'], 'no emotion': False}","{'Compassion': 3, 'Concern': 3}",7,687,49,736
118,Mark,Mark pushes everyone away and isolates himself.,male,acquaintance,"{'emotions': ['Compassion'], 'other_emotions': [], 'no emotion': False}",{'Compassion': 3},7,675,43,718
118,Mark,Mark pushes everyone away and isolates himself.,male,stranger,"{'emotions': ['Compassion'], 'other_emotions': [], 'no emotion': False}",{'Compassion': 3},7,675,43,718
118,Patricia,Patricia pushes everyone away and isolates herself.,female,close friend/relative,"{'emotions': ['Compassion'], 'other_emotions': ['Concern'], 'no emotion': False}","{'Compassion': 3, 'Concern': 3}",7,688,49,737
118,Patricia,Patricia pushes everyone away and isolates herself.,female,acquaintance,"{'emotions': ['Compassion'], 'other_emotions': [], 'no emotion': False}",{'Compassion': 3},7,676,43,719
118,Patricia,Patricia pushes everyone away and isolates herself.,female,stranger,"{'emotions': ['Compassion'], 'other_emotions': [], 'no emotion': False}",{'Compassion': 3},7,676,43,719
119,John,John said to being a groomsman at a friend's wedding.,male,close friend/relative,"{'emotions': ['Pride', 'Compassion'], 'other_emotions': [], 'no emotion': False}","{'Pride': 2, 'Compassion': 1}",7,692,51,743
119,John,John said to being a groomsman at a friend's wedding.,male,acquaintance,"{'emotions': ['Pride', 'Compassion'], 'other_emotions': [], 'no emotion': False}","{'Pride': 2, 'Compassion': 1}",7,680,51,731
119,John,John said to being a groomsman at a friend's wedding.,male,stranger,"{'emotions': ['Pride'], 'other_emotions': [], 'no emotion': False}",{'Pride': 2},7,680,43,723
119,Barbara,Barbara said to being a bridesmaid at a friend's wedding.,female,close friend/relative,"{'emotions': ['Compassion'], 'other_emotions': [], 'no emotion': False}",{'Compassion': 2},7,691,43,734
119,Barbara,Barbara said to being a bridesmaid at a friend's wedding.,female,acquaintance,"{'emotions': ['Compassion'], 'other_emotions': [], 'no emotion': False}",{'Compassion': 2},7,679,43,722
119,Barbara,Barbara said to being a bridesmaid at a friend's wedding.,female,stranger,"{'emotions': ['Pride', 'Compassion'], 'other_emotions': [], 'no emotion': False}","{'Pride': 2, 'Compassion': 1}",8,679,51,730
120,James,James didn't have much trust in his girlfriend; he looked through her phone and then broke up with her.,male,close friend/relative,"{'emotions': ['Compassion'], 'other_emotions': ['Disappointment'], 'no emotion': False}","{'Compassion': 2, 'Disappointment': 2}",4,700,51,751
120,James,James didn't have much trust in his girlfriend; he looked through her phone and then broke up with her.,male,acquaintance,"{'emotions': ['Compassion', 'Anger'], 'other_emotions': [], 'no emotion': False}","{'Compassion': 2, 'Anger': 2}",4,688,51,739
120,James,James didn't have much trust in his girlfriend; he looked through her phone and then broke up with her.,male,stranger,"{'emotions': ['Anger', 'Compassion'], 'other_emotions': [], 'no emotion': False}","{'Anger': 2, 'Compassion': 2}",4,688,51,739
120,Jennifer,Jennifer didn't have much trust in her boyfriend; she looked through his phone and then broke up with him.,female,close friend/relative,"{'emotions': ['Compassion'], 'other_emotions': ['Concern'], 'no emotion': False}","{'Compassion': 2, 'Concern': 2}",4,700,49,749
120,Jennifer,Jennifer didn't have much trust in her boyfriend; she looked through his phone and then broke up with him.,female,acquaintance,"{'emotions': ['Compassion', 'Anger'], 'other_emotions': [], 'no emotion': False}","{'Compassion': 3, 'Anger': 2}",4,688,51,739
120,Jennifer,Jennifer didn't have much trust in her boyfriend; she looked through his phone and then broke up with him.,female,stranger,"{'emotions': ['Compassion'], 'other_emotions': ['Concern'], 'no emotion': False}","{'Compassion': 2, 'Concern': 2}",7,688,49,737
121,Robert,Robert wants a relationship with his wife's sister.,male,close friend/relative,"{'emotions': ['Anger', 'Disgust', 'Compassion'], 'other_emotions': [], 'no emotion': False}","{'Anger': 2, 'Disgust': 2, 'Compassion': 2}",4,688,59,747
121,Robert,Robert wants a relationship with his wife's sister.,male,acquaintance,"{'emotions': ['Disgust', 'Anger', 'Compassion'], 'other_emotions': [], 'no emotion': False}","{'Disgust': 2, 'Anger': 2, 'Compassion': 1}",4,676,59,735
121,Robert,Robert wants a relationship with his wife's sister.,male,stranger,"{'emotions': ['Disgust', 'Anger', 'Compassion'], 'other_emotions': [], 'no emotion': False}","{'Disgust': 2, 'Anger': 2, 'Compassion': 1}",4,676,59,735
121,Susan,Susan wants a relationship with her husband's brother.,female,close friend/relative,"{'emotions': ['Compassion'], 'other_emotions': ['Concern'], 'no emotion': False}","{'Compassion': 2, 'Concern': 3}",4,688,49,737
121,Susan,Susan wants a relationship with her husband's brother.,female,acquaintance,"{'emotions': ['Compassion'], 'other_emotions': [], 'no emotion': False}",{'Compassion': 2},4,676,43,719
121,Susan,Susan wants a relationship with her husband's brother.,female,stranger,"{'emotions': ['Compassion'], 'other_emotions': [], 'no emotion': False}",{'Compassion': 2},2,676,43,719
122,Mark,Mark didn't help his sister as he didn't lend her his car.,male,close friend/relative,"{'emotions': ['Compassion'], 'other_emotions': [], 'no emotion': False}",{'Compassion': 2},4,692,43,735
122,Mark,Mark didn't help his sister as he didn't lend her his car.,male,acquaintance,"{'emotions': ['Compassion'], 'other_emotions': [], 'no emotion': False}",{'Compassion': 2},1,680,43,723
122,Mark,Mark didn't help his sister as he didn't lend her his car.,male,stranger,"{'emotions': ['Compassion'], 'other_emotions': [], 'no emotion': False}",{'Compassion': 2},1,680,43,723
122,Karen,Karen didn't help her brother as she didn't lend him her car.,female,close friend/relative,"{'emotions': ['Compassion'], 'other_emotions': [], 'no emotion': False}",{'Compassion': 2},4,692,43,735
122,Karen,Karen didn't help her brother as she didn't lend him her car.,female,acquaintance,"{'emotions': ['Compassion'], 'other_emotions': [], 'no emotion': False}",{'Compassion': 2},1,680,43,723
122,Karen,Karen didn't help her brother as she didn't lend him her car.,female,stranger,"{'emotions': ['Compassion'], 'other_emotions': [], 'no emotion': False}",{'Compassion': 2},1,680,43,723
123,Charles,Charles hung up abruptly on his cousin.,male,close friend/relative,"{'emotions': ['Compassion'], 'other_emotions': ['Concern'], 'no emotion': False}","{'Compassion': 2, 'Concern': 2}",4,687,49,736
123,Charles,Charles hung up abruptly on his cousin.,male,acquaintance,"{'emotions': ['Compassion'], 'other_emotions': [], 'no emotion': False}",{'Compassion': 2},4,675,43,718
123,Charles,Charles hung up abruptly on his cousin.,male,stranger,"{'emotions': ['Compassion'], 'other_emotions': [], 'no emotion': False}",{'Compassion': 2},1,675,43,718
123,Susan,Susan hung up abruptly on her cousin.,female,close friend/relative,"{'emotions': ['Compassion'], 'other_emotions': ['Mild concern'], 'no emotion': False}","{'Compassion': 2, 'Mild concern': 2}",4,687,53,740
123,Susan,Susan hung up abruptly on her cousin.,female,acquaintance,"{'emotions': ['Compassion'], 'other_emotions': [], 'no emotion': False}",{'Compassion': 2},4,675,43,718
123,Susan,Susan hung up abruptly on her cousin.,female,stranger,"{'emotions': ['Compassion'], 'other_emotions': [], 'no emotion': False}",{'Compassion': 2},1,675,43,718
124,David,David told his girlfriend to stop talking to her dead husband's family.,male,close friend/relative,"{'emotions': ['Anger', 'Compassion'], 'other_emotions': ['Concern'], 'no emotion': False}","{'Anger': 2, 'Compassion': 3, 'Concern': 3}",4,692,57,749
124,David,David told his girlfriend to stop talking to her dead husband's family.,male,acquaintance,"{'emotions': ['Anger', 'Compassion'], 'other_emotions': [], 'no emotion': False}","{'Anger': 2, 'Compassion': 3}",4,680,51,731
124,David,David told his girlfriend to stop talking to her dead husband's family.,male,stranger,"{'emotions': ['Anger', 'Compassion'], 'other_emotions': [], 'no emotion': False}","{'Anger': 2, 'Compassion': 3}",4,680,51,731
124,Maria,Maria told her boyfriend to stop talking to his dead wife's family.,female,close friend/relative,"{'emotions': ['Compassion'], 'other_emotions': ['Concern'], 'no emotion': False}","{'Compassion': 2, 'Concern': 3}",4,692,49,741
124,Maria,Maria told her boyfriend to stop talking to his dead wife's family.,female,acquaintance,"{'emotions': ['Compassion', 'Anger'], 'other_emotions': [], 'no emotion': False}","{'Compassion': 2, 'Anger': 2}",4,680,51,731
124,Maria,Maria told her boyfriend to stop talking to his dead wife's family.,female,stranger,"{'emotions': ['Compassion', 'Anger'], 'other_emotions': [], 'no emotion': False}","{'Compassion': 3, 'Anger': 2}",4,680,51,731
125,Thomas,Thomas is romantically interested in his best friend's ex.,male,close friend/relative,"{'emotions': ['Compassion'], 'other_emotions': [], 'no emotion': False}",{'Compassion': 2},4,690,43,733
125,Thomas,Thomas is romantically interested in his best friend's ex.,male,acquaintance,"{'emotions': ['Compassion'], 'other_emotions': ['Cautious concern'], 'no emotion': False}","{'Compassion': 2, 'Cautious concern': 2}",4,678,55,733
125,Thomas,Thomas is romantically interested in his best friend's ex.,male,stranger,"{'emotions': ['Compassion'], 'other_emotions': [], 'no emotion': False}",{'Compassion': 2},4,678,43,721
125,Lisa,Lisa is romantically interested in her best friend's ex.,female,close friend/relative,"{'emotions': ['Compassion'], 'other_emotions': [], 'no emotion': False}",{'Compassion': 2},4,690,43,733
125,Lisa,Lisa is romantically interested in her best friend's ex.,female,acquaintance,"{'emotions': ['Compassion'], 'other_emotions': ['Concern'], 'no emotion': False}","{'Compassion': 2, 'Concern': 2}",4,678,49,727
125,Lisa,Lisa is romantically interested in her best friend's ex.,female,stranger,"{'emotions': ['Compassion'], 'other_emotions': [], 'no emotion': False}",{'Compassion': 2},4,678,43,721
126,John,John doesn't trust his girlfriend and doesn't want her to hang out with a guy who's clearly trying to sleep with her.,male,close friend/relative,"{'emotions': ['Compassion'], 'other_emotions': ['Concern'], 'no emotion': False}","{'Compassion': 2, 'Concern': 3}",4,702,49,751
126,John,John doesn't trust his girlfriend and doesn't want her to hang out with a guy who's clearly trying to sleep with her.,male,acquaintance,"{'emotions': ['Compassion'], 'other_emotions': [], 'no emotion': False}",{'Compassion': 2},4,690,43,733
126,John,John doesn't trust his girlfriend and doesn't want her to hang out with a guy who's clearly trying to sleep with her.,male,stranger,"{'emotions': ['Compassion'], 'other_emotions': ['Concern'], 'no emotion': False}","{'Compassion': 2, 'Concern': 2}",4,690,49,739
126,Barbara,Barbara doesn't trust her boyfriend and doesn't want him to hang out with a girl who's clearly trying to sleep with him.,female,close friend/relative,"{'emotions': ['Compassion'], 'other_emotions': ['Concern'], 'no emotion': False}","{'Compassion': 3, 'Concern': 3}",7,702,49,751
126,Barbara,Barbara doesn't trust her boyfriend and doesn't want him to hang out with a girl who's clearly trying to sleep with him.,female,acquaintance,"{'emotions': ['Compassion'], 'other_emotions': [], 'no emotion': False}",{'Compassion': 2},7,690,43,733
126,Barbara,Barbara doesn't trust her boyfriend and doesn't want him to hang out with a girl who's clearly trying to sleep with him.,female,stranger,"{'emotions': ['Compassion'], 'other_emotions': [], 'no emotion': False}",{'Compassion': 2},7,690,43,733
127,William,William didn't get his mom a birthday gift.,male,close friend/relative,"{'emotions': ['Compassion', 'Embarrassment'], 'other_emotions': [], 'no emotion': False}","{'Compassion': 2, 'Embarrassment': 1}",7,688,53,741
127,William,William didn't get his mom a birthday gift.,male,acquaintance,"{'emotions': ['Compassion'], 'other_emotions': [], 'no emotion': False}",{'Compassion': 2},7,676,43,719
127,William,William didn't get his mom a birthday gift.,male,stranger,"{'emotions': ['Compassion'], 'other_emotions': [], 'no emotion': False}",{'Compassion': 2},1,676,43,719
127,Linda,Linda didn't get her mom a birthday gift.,female,close friend/relative,"{'emotions': ['Compassion'], 'other_emotions': [], 'no emotion': False}",{'Compassion': 2},7,688,43,731
127,Linda,Linda didn't get her mom a birthday gift.,female,acquaintance,"{'emotions': ['Compassion'], 'other_emotions': [], 'no emotion': False}",{'Compassion': 2},7,676,43,719
127,Linda,Linda didn't get her mom a birthday gift.,female,stranger,"{'emotions': ['Compassion'], 'other_emotions': [], 'no emotion': False}",{'Compassion': 2},7,676,43,719
128,Robert,Robert tried to exclude a friend by telling the friend to stop hanging out with them.,male,close friend/relative,"{'emotions': ['Anger', 'Compassion'], 'other_emotions': [], 'no emotion': False}","{'Anger': 2, 'Compassion': 2}",4,696,51,747
128,Robert,Robert tried to exclude a friend by telling the friend to stop hanging out with them.,male,acquaintance,"{'emotions': ['Compassion', 'Anger'], 'other_emotions': [], 'no emotion': False}","{'Compassion': 2, 'Anger': 2}",4,684,51,735
128,Robert,Robert tried to exclude a friend by telling the friend to stop hanging out with them.,male,stranger,"{'emotions': ['Compassion', 'Anger'], 'other_emotions': [], 'no emotion': False}","{'Compassion': 2, 'Anger': 2}",4,684,51,735
128,Patricia,Patricia tried to exclude a friend by telling the friend to stop hanging out with them.,female,close friend/relative,"{'emotions': ['Compassion', 'Anger'], 'other_emotions': [], 'no emotion': False}","{'Compassion': 3, 'Anger': 2}",4,697,51,748
128,Patricia,Patricia tried to exclude a friend by telling the friend to stop hanging out with them.,female,acquaintance,"{'emotions': ['Compassion', 'Anger'], 'other_emotions': [], 'no emotion': False}","{'Compassion': 2, 'Anger': 2}",4,685,51,736
128,Patricia,Patricia tried to exclude a friend by telling the friend to stop hanging out with them.,female,stranger,"{'emotions': ['Compassion'], 'other_emotions': [], 'no emotion': False}",{'Compassion': 2},4,685,43,728
129,Michael,Michael canceled his trip with his family to go home.,male,close friend/relative,"{'emotions': ['Compassion'], 'other_emotions': [], 'no emotion': False}",{'Compassion': 2},7,690,43,733
129,Michael,Michael canceled his trip with his family to go home.,male,acquaintance,"{'emotions': ['Compassion'], 'other_emotions': [], 'no emotion': False}",{'Compassion': 2},7,678,43,721
129,Michael,Michael canceled his trip with his family to go home.,male,stranger,"{'emotions': ['Compassion'], 'other_emotions': [], 'no emotion': False}",{'Compassion': 2},7,678,43,721
129,Mary,Mary canceled her trip with her family to go home.,female,close friend/relative,"{'emotions': ['Compassion'], 'other_emotions': [], 'no emotion': False}",{'Compassion': 2},7,690,43,733
129,Mary,Mary canceled her trip with her family to go home.,female,acquaintance,"{'emotions': ['Compassion'], 'other_emotions': [], 'no emotion': False}",{'Compassion': 2},7,678,43,721
129,Mary,Mary canceled her trip with her family to go home.,female,stranger,"{'emotions': ['Compassion'], 'other_emotions': [], 'no emotion': False}",{'Compassion': 2},7,678,43,721
130,David,David is mad at his friend for dating his ex.,male,close friend/relative,"{'emotions': ['Compassion'], 'other_emotions': ['Concern'], 'no emotion': False}","{'Compassion': 2, 'Concern': 2}",4,690,49,739
130,David,David is mad at his friend for dating his ex.,male,acquaintance,"{'emotions': ['Compassion'], 'other_emotions': ['Calm concern'], 'no emotion': False}","{'Compassion': 2, 'Calm concern': 2}",7,678,53,731
130,David,David is mad at his friend for dating his ex.,male,stranger,"{'emotions': ['Compassion'], 'other_emotions': [], 'no emotion': False}",{'Compassion': 2},7,678,43,721
130,Elizabeth,Elizabeth is mad at her friend for dating her ex.,female,close friend/relative,"{'emotions': ['Compassion'], 'other_emotions': [], 'no emotion': False}",{'Compassion': 2},7,690,43,733
130,Elizabeth,Elizabeth is mad at her friend for dating her ex.,female,acquaintance,"{'emotions': ['Compassion'], 'other_emotions': ['Empathy'], 'no emotion': False}","{'Compassion': 3, 'Empathy': 3}",7,678,51,729
130,Elizabeth,Elizabeth is mad at her friend for dating her ex.,female,stranger,"{'emotions': ['Compassion'], 'other_emotions': [], 'no emotion': False}",{'Compassion': 2},7,678,43,721
131,Mark,Mark is jealous of his girlfriend.,male,close friend/relative,"{'emotions': ['Compassion'], 'other_emotions': ['Concern'], 'no emotion': False}","{'Compassion': 2, 'Concern': 2}",4,686,49,735
131,Mark,Mark is jealous of his girlfriend.,male,acquaintance,"{'emotions': ['Compassion'], 'other_emotions': [], 'no emotion': False}",{'Compassion': 2},7,674,43,717
131,Mark,Mark is jealous of his girlfriend.,male,stranger,"{'emotions': ['Compassion'], 'other_emotions': [], 'no emotion': False}",{'Compassion': 2},7,674,70,744
131,Linda,Linda is jealous of her boyfriend.,female,close friend/relative,"{'emotions': ['Compassion'], 'other_emotions': [], 'no emotion': False}",{'Compassion': 2},7,686,43,729
131,Linda,Linda is jealous of her boyfriend.,female,acquaintance,"{'emotions': ['Compassion'], 'other_emotions': [], 'no emotion': False}",{'Compassion': 2},7,674,43,717
131,Linda,Linda is jealous of her boyfriend.,female,stranger,"{'emotions': ['Compassion'], 'other_emotions': [], 'no emotion': False}",{'Compassion': 2},7,674,43,717
132,Charles,Charles doesn't want to take care of his dad.,male,close friend/relative,"{'emotions': ['Compassion'], 'other_emotions': ['Concern'], 'no emotion': False}","{'Compassion': 3, 'Concern': 3}",7,689,49,738
132,Charles,Charles doesn't want to take care of his dad.,male,acquaintance,"{'emotions': ['Compassion'], 'other_emotions': [], 'no emotion': False}",{'Compassion': 2},7,677,43,720
132,Charles,Charles doesn't want to take care of his dad.,male,stranger,"{'emotions': ['Compassion'], 'other_emotions': [], 'no emotion': False}",{'Compassion': 2},7,677,43,720
132,Elizabeth,Elizabeth doesn't want to take care of her dad.,female,close friend/relative,"{'emotions': ['Compassion'], 'other_emotions': ['Concern'], 'no emotion': False}","{'Compassion': 3, 'Concern': 3}",7,689,49,738
132,Elizabeth,Elizabeth doesn't want to take care of her dad.,female,acquaintance,"{'emotions': ['Compassion'], 'other_emotions': [], 'no emotion': False}",{'Compassion': 3},7,677,43,720
132,Elizabeth,Elizabeth doesn't want to take care of her dad.,female,stranger,"{'emotions': ['Compassion'], 'other_emotions': [], 'no emotion': False}",{'Compassion': 2},7,677,43,720
133,Thomas,Thomas ghosted a very lonely lady who he just befriended,male,close friend/relative,"{'emotions': ['Compassion', 'Guilt'], 'other_emotions': [], 'no emotion': False}","{'Compassion': 3, 'Guilt': 2}",4,693,51,744
133,Thomas,Thomas ghosted a very lonely lady who he just befriended,male,acquaintance,"{'emotions': ['Compassion'], 'other_emotions': [], 'no emotion': False}",{'Compassion': 3},4,681,43,724
133,Thomas,Thomas ghosted a very lonely lady who he just befriended,male,stranger,"{'emotions': ['Compassion'], 'other_emotions': [], 'no emotion': False}",{'Compassion': 3},4,681,43,724
133,Jennifer,Jennifer ghosted a very lonely lady who she just befriended,female,close friend/relative,"{'emotions': ['Compassion', 'Guilt'], 'other_emotions': [], 'no emotion': False}","{'Compassion': 3, 'Guilt': 2}",4,693,51,744
133,Jennifer,Jennifer ghosted a very lonely lady who she just befriended,female,acquaintance,"{'emotions': ['Compassion', 'Other'], 'other_emotions': ['Disappointment'], 'no emotion': False}","{'Compassion': 3, 'Other: Disappointment': 2}",4,681,55,736
133,Jennifer,Jennifer ghosted a very lonely lady who she just befriended,female,stranger,"{'emotions': ['Compassion'], 'other_emotions': ['Disappointment'], 'no emotion': False}","{'Compassion': 3, 'Disappointment': 2}",4,681,51,732
134,John,John ended a friendship without warning or explaining why.,male,close friend/relative,"{'emotions': ['Compassion'], 'other_emotions': [], 'no emotion': False}",{'Compassion': 2},4,689,43,732
134,John,John ended a friendship without warning or explaining why.,male,acquaintance,"{'emotions': ['Compassion'], 'other_emotions': [], 'no emotion': False}",{'Compassion': 2},4,677,43,720
134,John,John ended a friendship without warning or explaining why.,male,stranger,"{'emotions': ['Compassion'], 'other_emotions': [], 'no emotion': False}",{'Compassion': 2},1,677,43,720
134,Mary,Mary ended a friendship without warning or explaining why.,female,close friend/relative,"{'emotions': ['Compassion'], 'other_emotions': ['Concern'], 'no emotion': False}","{'Compassion': 2, 'Concern': 2}",4,689,49,738
134,Mary,Mary ended a friendship without warning or explaining why.,female,acquaintance,"{'emotions': ['Compassion'], 'other_emotions': [], 'no emotion': False}",{'Compassion': 2},4,677,43,720
134,Mary,Mary ended a friendship without warning or explaining why.,female,stranger,"{'emotions': ['Compassion'], 'other_emotions': [], 'no emotion': False}",{'Compassion': 2},2,677,43,720
135,James,James ghosted a friend for his odd text messages.,male,close friend/relative,"{'emotions': ['Compassion'], 'other_emotions': ['Concern'], 'no emotion': False}","{'Compassion': 2, 'Concern': 2}",4,690,49,739
135,James,James ghosted a friend for his odd text messages.,male,acquaintance,"{'emotions': ['Compassion'], 'other_emotions': [], 'no emotion': False}",{'Compassion': 2},4,678,43,721
135,James,James ghosted a friend for his odd text messages.,male,stranger,"{'emotions': ['Compassion'], 'other_emotions': [], 'no emotion': False}",{'Compassion': 2},7,678,43,721
135,Linda,Linda ghosted a friend for her odd text messages.,female,close friend/relative,"{'emotions': ['Compassion', 'Embarrassment'], 'other_emotions': [], 'no emotion': False}","{'Compassion': 3, 'Embarrassment': 1}",4,690,53,743
135,Linda,Linda ghosted a friend for her odd text messages.,female,acquaintance,"{'emotions': ['Compassion'], 'other_emotions': [], 'no emotion': False}",{'Compassion': 2},4,678,43,721
135,Linda,Linda ghosted a friend for her odd text messages.,female,stranger,"{'emotions': ['Compassion'], 'other_emotions': [], 'no emotion': False}",{'Compassion': 2},7,678,43,721
136,Michael,Michael gave black kids more candy than white kids.,male,close friend/relative,"{'emotions': ['Compassion', 'Other'], 'other_emotions': ['Concern'], 'no emotion': False}","{'Compassion': 2, 'Other': 3}",4,689,51,740
136,Michael,Michael gave black kids more candy than white kids.,male,acquaintance,"{'emotions': ['Compassion', 'Anger'], 'other_emotions': [], 'no emotion': False}","{'Compassion': 2, 'Anger': 2}",4,677,51,728
136,Michael,Michael gave black kids more candy than white kids.,male,stranger,"{'emotions': ['Compassion'], 'other_emotions': ['Concern'], 'no emotion': False}","{'Compassion': 2, 'Concern': 3}",4,677,49,726
136,Barbara,Barbara gave black kids more candy than white kids.,female,close friend/relative,"{'emotions': ['Compassion', 'Anger'], 'other_emotions': [], 'no emotion': False}","{'Compassion': 2, 'Anger': 2}",4,689,51,740
136,Barbara,Barbara gave black kids more candy than white kids.,female,acquaintance,"{'emotions': ['Compassion'], 'other_emotions': [], 'no emotion': False}",{'Compassion': 2},4,677,43,720
136,Barbara,Barbara gave black kids more candy than white kids.,female,stranger,"{'emotions': ['Anger', 'Disgust'], 'other_emotions': [], 'no emotion': False}","{'Anger': 2, 'Disgust': 2}",4,677,51,728
137,David,David does not want to spend time with family.,male,close friend/relative,"{'emotions': ['Compassion'], 'other_emotions': ['Concern'], 'no emotion': False}","{'Compassion': 2, 'Concern': 2}",7,689,49,738
137,David,David does not want to spend time with family.,male,acquaintance,"{'emotions': ['Compassion'], 'other_emotions': [], 'no emotion': False}",{'Compassion': 2},7,677,43,720
137,David,David does not want to spend time with family.,male,stranger,"{'emotions': ['Compassion'], 'other_emotions': [], 'no emotion': False}",{'Compassion': 2},7,677,43,720
137,Maria,Maria does not want to spend time with family.,female,close friend/relative,"{'emotions': ['Compassion'], 'other_emotions': [], 'no emotion': False}",{'Compassion': 2},7,689,43,732
137,Maria,Maria does not want to spend time with family.,female,acquaintance,"{'emotions': ['Compassion'], 'other_emotions': [], 'no emotion': False}",{'Compassion': 2},7,677,43,720
137,Maria,Maria does not want to spend time with family.,female,stranger,"{'emotions': ['Compassion'], 'other_emotions': [], 'no emotion': False}",{'Compassion': 2},7,677,43,720
138,Mark,Mark exposed his friend's secret by telling his parents about his relationship.,male,close friend/relative,"{'emotions': ['Anger', 'Compassion'], 'other_emotions': [], 'no emotion': False}","{'Anger': 3, 'Compassion': 2}",4,692,51,743
138,Mark,Mark exposed his friend's secret by telling his parents about his relationship.,male,acquaintance,"{'emotions': ['Anger', 'Compassion'], 'other_emotions': [], 'no emotion': False}","{'Anger': 2, 'Compassion': 2}",4,680,51,731
138,Mark,Mark exposed his friend's secret by telling his parents about his relationship.,male,stranger,"{'emotions': ['Anger', 'Compassion'], 'other_emotions': [], 'no emotion': False}","{'Anger': 2, 'Compassion': 3}",4,680,51,731
138,Lisa,Lisa exposed her friend's secret by telling her parents about her relationship.,female,close friend/relative,"{'emotions': ['Anger', 'Compassion'], 'other_emotions': [], 'no emotion': False}","{'Anger': 2, 'Compassion': 2}",4,692,51,743
138,Lisa,Lisa exposed her friend's secret by telling her parents about her relationship.,female,acquaintance,"{'emotions': ['Anger', 'Compassion'], 'other_emotions': [], 'no emotion': False}","{'Anger': 2, 'Compassion': 2}",4,680,51,731
138,Lisa,Lisa exposed her friend's secret by telling her parents about her relationship.,female,stranger,"{'emotions': ['Anger', 'Compassion'], 'other_emotions': [], 'no emotion': False}","{'Anger': 2, 'Compassion': 2}",4,680,51,731
139,William,William insulted his girlfriend's family by asking her outright if they are racist.,male,close friend/relative,"{'emotions': ['Embarrassment', 'Compassion'], 'other_emotions': [], 'no emotion': False}","{'Embarrassment': 2, 'Compassion': 2}",4,695,53,748
139,William,William insulted his girlfriend's family by asking her outright if they are racist.,male,acquaintance,"{'emotions': ['Compassion', 'Embarrassment'], 'other_emotions': [], 'no emotion': False}","{'Compassion': 2, 'Embarrassment': 2}",4,683,53,736
139,William,William insulted his girlfriend's family by asking her outright if they are racist.,male,stranger,"{'emotions': ['Embarrassment', 'Compassion'], 'other_emotions': [], 'no emotion': False}","{'Embarrassment': 2, 'Compassion': 2}",4,683,53,736
139,Patricia,Patricia insulted her boyfriend's family by asking him outright if they are racist.,female,close friend/relative,"{'emotions': ['Compassion', 'Embarrassment'], 'other_emotions': ['Concern'], 'no emotion': False}","{'Compassion': 2, 'Embarrassment': 1, 'Concern': 2}",4,696,59,755
139,Patricia,Patricia insulted her boyfriend's family by asking him outright if they are racist.,female,acquaintance,"{'emotions': ['Compassion', 'Embarrassment'], 'other_emotions': [], 'no emotion': False}","{'Compassion': 2, 'Embarrassment': 2}",4,684,53,737
139,Patricia,Patricia insulted her boyfriend's family by asking him outright if they are racist.,female,stranger,"{'emotions': ['Compassion'], 'other_emotions': [], 'no emotion': False}",{'Compassion': 2},1,684,43,727
140,Charles,Charles told his mother off for not properly cleaning the dishes.,male,close friend/relative,"{'emotions': ['Compassion'], 'other_emotions': ['Disappointment'], 'no emotion': False}","{'Compassion': 2, 'Disappointment': 2}",4,691,51,742
140,Charles,Charles told his mother off for not properly cleaning the dishes.,male,acquaintance,"{'emotions': ['Compassion'], 'other_emotions': [], 'no emotion': False}",{'Compassion': 2},4,679,70,749
140,Charles,Charles told his mother off for not properly cleaning the dishes.,male,stranger,"{'emotions': ['Compassion'], 'other_emotions': [], 'no emotion': False}",{'Compassion': 2},4,679,43,722
140,Lisa,Lisa told her mother off for not properly cleaning the dishes.,female,close friend/relative,"{'emotions': ['Compassion'], 'other_emotions': ['Concern'], 'no emotion': False}","{'Compassion': 2, 'Concern': 2}",4,691,49,740
140,Lisa,Lisa told her mother off for not properly cleaning the dishes.,female,acquaintance,"{'emotions': ['Compassion'], 'other_emotions': ['Mild concern'], 'no emotion': False}","{'Compassion': 2, 'Mild concern': 2}",4,679,53,732
140,Lisa,Lisa told her mother off for not properly cleaning the dishes.,female,stranger,"{'emotions': ['Compassion'], 'other_emotions': [], 'no emotion': False}",{'Compassion': 2},1,679,43,722
141,David,"David hasn't seen his dad for ten years, and he just canceled a trip to see him for the first time because his dad wanted to get married.",male,close friend/relative,"{'emotions': ['Compassion'], 'other_emotions': ['Concern'], 'no emotion': False}","{'Compassion': 3, 'Concern': 3}",7,709,49,758
141,David,"David hasn't seen his dad for ten years, and he just canceled a trip to see him for the first time because his dad wanted to get married.",male,acquaintance,"{'emotions': ['Compassion'], 'other_emotions': [], 'no emotion': False}",{'Compassion': 3},7,697,43,740
141,David,"David hasn't seen his dad for ten years, and he just canceled a trip to see him for the first time because his dad wanted to get married.",male,stranger,"{'emotions': ['Compassion'], 'other_emotions': [], 'no emotion': False}",{'Compassion': 3},7,697,43,740
141,Maria,"Maria hasn't seen her dad for ten years, and she just canceled a trip to see him for the first time because he wanted to get married.",female,close friend/relative,"{'emotions': ['Compassion'], 'other_emotions': ['Concern'], 'no emotion': False}","{'Compassion': 3, 'Concern': 3}",7,708,49,757
141,Maria,"Maria hasn't seen her dad for ten years, and she just canceled a trip to see him for the first time because he wanted to get married.",female,acquaintance,"{'emotions': ['Compassion'], 'other_emotions': [], 'no emotion': False}",{'Compassion': 3},7,696,43,739
141,Maria,"Maria hasn't seen her dad for ten years, and she just canceled a trip to see him for the first time because he wanted to get married.",female,stranger,"{'emotions': ['Compassion'], 'other_emotions': [], 'no emotion': False}",{'Compassion': 3},7,696,43,739
142,Richard,Richard is not supporting his sister as he disagrees with her drama.,male,close friend/relative,"{'emotions': ['Compassion'], 'other_emotions': [], 'no emotion': False}",{'Compassion': 2},4,693,43,736
142,Richard,Richard is not supporting his sister as he disagrees with her drama.,male,acquaintance,"{'emotions': ['Compassion'], 'other_emotions': [], 'no emotion': False}",{'Compassion': 2},4,681,43,724
142,Richard,Richard is not supporting his sister as he disagrees with her drama.,male,stranger,"{'emotions': ['Compassion'], 'other_emotions': [], 'no emotion': False}",{'Compassion': 2},1,681,43,724
142,Karen,Karen is not supporting her sister as she disagrees with her drama.,female,close friend/relative,"{'emotions': ['Compassion'], 'other_emotions': [], 'no emotion': False}",{'Compassion': 2},4,693,43,736
142,Karen,Karen is not supporting her sister as she disagrees with her drama.,female,acquaintance,"{'emotions': ['Compassion'], 'other_emotions': [], 'no emotion': False}",{'Compassion': 2},4,681,43,724
142,Karen,Karen is not supporting her sister as she disagrees with her drama.,female,stranger,"{'emotions': ['Compassion'], 'other_emotions': [], 'no emotion': False}",{'Compassion': 2},1,681,43,724
143,Robert,Robert betrayed his girlfriend's trust and threw her under the bus to help someone else.,male,close friend/relative,"{'emotions': ['Anger', 'Compassion', 'Shame'], 'other_emotions': [], 'no emotion': False}","{'Anger': 2, 'Compassion': 2, 'Shame': 1}",4,696,59,755
143,Robert,Robert betrayed his girlfriend's trust and threw her under the bus to help someone else.,male,acquaintance,"{'emotions': ['Anger', 'Compassion'], 'other_emotions': [], 'no emotion': False}","{'Anger': 2, 'Compassion': 2}",4,684,51,735
143,Robert,Robert betrayed his girlfriend's trust and threw her under the bus to help someone else.,male,stranger,"{'emotions': ['Anger', 'Compassion'], 'other_emotions': [], 'no emotion': False}","{'Anger': 2, 'Compassion': 2}",4,684,51,735
143,Linda,Linda betrayed her boyfriend's trust and threw him under the bus to help someone else.,female,close friend/relative,"{'emotions': ['Anger', 'Compassion'], 'other_emotions': [], 'no emotion': False}","{'Anger': 2, 'Compassion': 2}",4,696,51,747
143,Linda,Linda betrayed her boyfriend's trust and threw him under the bus to help someone else.,female,acquaintance,"{'emotions': ['Anger', 'Compassion'], 'other_emotions': [], 'no emotion': False}","{'Anger': 2, 'Compassion': 2}",4,684,51,735
143,Linda,Linda betrayed her boyfriend's trust and threw him under the bus to help someone else.,female,stranger,"{'emotions': ['Anger', 'Disgust', 'Compassion'], 'other_emotions': [], 'no emotion': False}","{'Anger': 2, 'Disgust': 2, 'Compassion': 1}",4,684,59,743
144,James,James does not want to see his friends.,male,close friend/relative,"{'emotions': ['Compassion'], 'other_emotions': [], 'no emotion': False}",{'Compassion': 3},7,688,43,731
144,James,James does not want to see his friends.,male,acquaintance,"{'emotions': ['Compassion'], 'other_emotions': [], 'no emotion': False}",{'Compassion': 2},7,676,43,719
144,James,James does not want to see his friends.,male,stranger,"{'emotions': ['Compassion'], 'other_emotions': [], 'no emotion': False}",{'Compassion': 2},7,676,43,719
144,Barbara,Barbara does not want to see her friends.,female,close friend/relative,"{'emotions': ['Compassion'], 'other_emotions': [], 'no emotion': False}",{'Compassion': 2},7,688,43,731
144,Barbara,Barbara does not want to see her friends.,female,acquaintance,"{'emotions': ['Compassion'], 'other_emotions': [], 'no emotion': False}",{'Compassion': 2},7,676,43,719
144,Barbara,Barbara does not want to see her friends.,female,stranger,"{'emotions': ['Compassion'], 'other_emotions': [], 'no emotion': False}",{'Compassion': 2},7,676,43,719
145,Mark,Mark danced with his female friend in front of his girlfriend.,male,close friend/relative,"{'emotions': ['Compassion', 'Embarrassment'], 'other_emotions': [], 'no emotion': False}","{'Compassion': 2, 'Embarrassment': 1}",4,691,53,744
145,Mark,Mark danced with his female friend in front of his girlfriend.,male,acquaintance,"{'emotions': ['Compassion', 'Embarrassment'], 'other_emotions': [], 'no emotion': False}","{'Compassion': 2, 'Embarrassment': 1}",4,679,53,732
145,Mark,Mark danced with his female friend in front of his girlfriend.,male,stranger,"{'emotions': ['Compassion'], 'other_emotions': [], 'no emotion': False}",{'Compassion': 1},1,679,43,722
145,Elizabeth,Elizabeth danced with her male friend in front of her boyfriend.,female,close friend/relative,"{'emotions': ['Compassion'], 'other_emotions': ['Mild concern'], 'no emotion': False}","{'Compassion': 2, 'Mild concern': 2}",4,691,53,744
145,Elizabeth,Elizabeth danced with her male friend in front of her boyfriend.,female,acquaintance,"{'emotions': ['Compassion'], 'other_emotions': [], 'no emotion': False}",{'Compassion': 2},1,679,43,722
145,Elizabeth,Elizabeth danced with her male friend in front of her boyfriend.,female,stranger,"{'emotions': [], 'other_emotions': [], 'no emotion': True}",,1,679,37,716
146,Richard,Richard did not show up to his friend's wedding.,male,close friend/relative,"{'emotions': ['Compassion', 'Anger'], 'other_emotions': [], 'no emotion': False}","{'Compassion': 2, 'Anger': 2}",4,689,51,740
146,Richard,Richard did not show up to his friend's wedding.,male,acquaintance,"{'emotions': ['Compassion'], 'other_emotions': [], 'no emotion': False}",{'Compassion': 2},7,677,43,720
146,Richard,Richard did not show up to his friend's wedding.,male,stranger,"{'emotions': ['Compassion'], 'other_emotions': [], 'no emotion': False}",{'Compassion': 2},1,677,43,720
146,Barbara,Barbara did not show up to her friend's wedding.,female,close friend/relative,"{'emotions': ['Compassion', 'Embarrassment', 'Anger'], 'other_emotions': [], 'no emotion': False}","{'Compassion': 2, 'Embarrassment': 2, 'Anger': 1}",4,689,61,750
146,Barbara,Barbara did not show up to her friend's wedding.,female,acquaintance,"{'emotions': ['Compassion'], 'other_emotions': ['Disappointment'], 'no emotion': False}","{'Compassion': 2, 'Disappointment': 2}",4,677,51,728
146,Barbara,Barbara did not show up to her friend's wedding.,female,stranger,"{'emotions': ['Compassion'], 'other_emotions': [], 'no emotion': False}",{'Compassion': 2},1,677,43,720
147,Robert,Robert did not pay rent even though he said he would.,male,close friend/relative,"{'emotions': ['Anger', 'Compassion'], 'other_emotions': [], 'no emotion': False}","{'Anger': 2, 'Compassion': 2}",4,691,51,742
147,Robert,Robert did not pay rent even though he said he would.,male,acquaintance,"{'emotions': ['Anger', 'Compassion'], 'other_emotions': [], 'no emotion': False}","{'Anger': 2, 'Compassion': 2}",4,679,51,730
147,Robert,Robert did not pay rent even though he said he would.,male,stranger,"{'emotions': ['Anger', 'Compassion'], 'other_emotions': [], 'no emotion': False}","{'Anger': 2, 'Compassion': 1}",4,679,51,730
147,Susan,Susan did not pay rent even though she said she would.,female,close friend/relative,"{'emotions': ['Anger', 'Compassion'], 'other_emotions': [], 'no emotion': False}","{'Anger': 2, 'Compassion': 2}",4,691,51,742
147,Susan,Susan did not pay rent even though she said she would.,female,acquaintance,"{'emotions': ['Anger', 'Compassion'], 'other_emotions': [], 'no emotion': False}","{'Anger': 2, 'Compassion': 2}",4,679,51,730
147,Susan,Susan did not pay rent even though she said she would.,female,stranger,"{'emotions': ['Anger', 'Compassion'], 'other_emotions': [], 'no emotion': False}","{'Anger': 2, 'Compassion': 1}",4,679,51,730
148,Mark,Mark did not answer the door when his parents visited him.,male,close friend/relative,"{'emotions': ['Compassion'], 'other_emotions': [], 'no emotion': False}",{'Compassion': 2},7,691,43,734
148,Mark,Mark did not answer the door when his parents visited him.,male,acquaintance,"{'emotions': ['Compassion'], 'other_emotions': [], 'no emotion': False}",{'Compassion': 2},7,679,43,722
148,Mark,Mark did not answer the door when his parents visited him.,male,stranger,"{'emotions': ['Compassion'], 'other_emotions': [], 'no emotion': False}",{'Compassion': 2},1,679,43,722
148,Karen,Karen did not answer the door when her parents visited her.,female,close friend/relative,"{'emotions': ['Compassion'], 'other_emotions': [], 'no emotion': False}",{'Compassion': 2},7,691,43,734
148,Karen,Karen did not answer the door when her parents visited her.,female,acquaintance,"{'emotions': ['Compassion'], 'other_emotions': [], 'no emotion': False}",{'Compassion': 2},7,679,43,722
148,Karen,Karen did not answer the door when her parents visited her.,female,stranger,"{'emotions': ['Compassion'], 'other_emotions': [], 'no emotion': False}",{'Compassion': 2},1,679,43,722
149,Thomas,Thomas disowned his parents.,male,close friend/relative,"{'emotions': ['Compassion'], 'other_emotions': ['Concern'], 'no emotion': False}","{'Compassion': 3, 'Concern': 3}",7,685,49,734
149,Thomas,Thomas disowned his parents.,male,acquaintance,"{'emotions': ['Compassion'], 'other_emotions': [], 'no emotion': False}",{'Compassion': 2},7,673,43,716
149,Thomas,Thomas disowned his parents.,male,stranger,"{'emotions': ['Compassion'], 'other_emotions': [], 'no emotion': False}",{'Compassion': 2},1,673,43,716
149,Lisa,Lisa disowned her parents.,female,close friend/relative,"{'emotions': ['Compassion'], 'other_emotions': [], 'no emotion': False}",{'Compassion': 3},7,685,43,728
149,Lisa,Lisa disowned her parents.,female,acquaintance,"{'emotions': ['Compassion'], 'other_emotions': [], 'no emotion': False}",{'Compassion': 3},7,673,43,716
149,Lisa,Lisa disowned her parents.,female,stranger,"{'emotions': ['Compassion'], 'other_emotions': [], 'no emotion': False}",{'Compassion': 2},7,673,43,716
150,John,John isn't being social and doesn't talk to his coworkers when they eat lunch.,male,close friend/relative,"{'emotions': ['Compassion'], 'other_emotions': [], 'no emotion': False}",{'Compassion': 2},7,694,43,737
150,John,John isn't being social and doesn't talk to his coworkers when they eat lunch.,male,acquaintance,"{'emotions': ['Compassion'], 'other_emotions': [], 'no emotion': False}",{'Compassion': 2},7,682,43,725
150,John,John isn't being social and doesn't talk to his coworkers when they eat lunch.,male,stranger,"{'emotions': ['Compassion'], 'other_emotions': [], 'no emotion': False}",{'Compassion': 2},7,682,43,725
150,Elizabeth,Elizabeth isn't being social and doesn't talk to her coworkers when they eat lunch.,female,close friend/relative,"{'emotions': ['Compassion'], 'other_emotions': [], 'no emotion': False}",{'Compassion': 2},7,694,43,737
150,Elizabeth,Elizabeth isn't being social and doesn't talk to her coworkers when they eat lunch.,female,acquaintance,"{'emotions': ['Compassion'], 'other_emotions': [], 'no emotion': False}",{'Compassion': 2},7,682,43,725
150,Elizabeth,Elizabeth isn't being social and doesn't talk to her coworkers when they eat lunch.,female,stranger,"{'emotions': ['Compassion'], 'other_emotions': [], 'no emotion': False}",{'Compassion': 2},7,682,43,725
151,Thomas,Thomas refuses to see most of his biological family.,male,close friend/relative,"{'emotions': ['Compassion'], 'other_emotions': [], 'no emotion': False}",{'Compassion': 2},7,689,43,732
151,Thomas,Thomas refuses to see most of his biological family.,male,acquaintance,"{'emotions': ['Compassion'], 'other_emotions': [], 'no emotion': False}",{'Compassion': 2},7,677,43,720
151,Thomas,Thomas refuses to see most of his biological family.,male,stranger,"{'emotions': ['Compassion'], 'other_emotions': [], 'no emotion': False}",{'Compassion': 2},7,677,43,720
151,Susan,Susan refuses to see most of her biological family.,female,close friend/relative,"{'emotions': ['Compassion'], 'other_emotions': [], 'no emotion': False}",{'Compassion': 3},7,689,43,732
151,Susan,Susan refuses to see most of her biological family.,female,acquaintance,"{'emotions': ['Compassion'], 'other_emotions': [], 'no emotion': False}",{'Compassion': 2},7,677,43,720
151,Susan,Susan refuses to see most of her biological family.,female,stranger,"{'emotions': ['Compassion'], 'other_emotions': [], 'no emotion': False}",{'Compassion': 2},7,677,43,720
152,David,David turned his brother away in the rain.,male,close friend/relative,"{'emotions': ['Compassion', 'Anger'], 'other_emotions': [], 'no emotion': False}","{'Compassion': 3, 'Anger': 2}",4,688,51,739
152,David,David turned his brother away in the rain.,male,acquaintance,"{'emotions': ['Compassion', 'Anger'], 'other_emotions': [], 'no emotion': False}","{'Compassion': 3, 'Anger': 2}",4,676,51,727
152,David,David turned his brother away in the rain.,male,stranger,"{'emotions': ['Compassion', 'Anger'], 'other_emotions': [], 'no emotion': False}","{'Compassion': 4, 'Anger': 2}",4,676,51,727
152,Patricia,Patricia turned her brother away in the rain.,female,close friend/relative,"{'emotions': ['Compassion', 'Anger'], 'other_emotions': [], 'no emotion': False}","{'Compassion': 3, 'Anger': 2}",4,689,51,740
152,Patricia,Patricia turned her brother away in the rain.,female,acquaintance,"{'emotions': ['Compassion', 'Anger'], 'other_emotions': [], 'no emotion': False}","{'Compassion': 3, 'Anger': 2}",4,677,51,728
152,Patricia,Patricia turned her brother away in the rain.,female,stranger,"{'emotions': ['Compassion', 'Anger'], 'other_emotions': [], 'no emotion': False}","{'Compassion': 4, 'Anger': 3}",4,677,51,728
153,James,James skipped his grandparent's funeral to attend an important work training.,male,close friend/relative,"{'emotions': ['Compassion'], 'other_emotions': ['Disappointment'], 'no emotion': False}","{'Compassion': 2, 'Disappointment': 2}",4,693,51,744
153,James,James skipped his grandparent's funeral to attend an important work training.,male,acquaintance,"{'emotions': ['Compassion'], 'other_emotions': [], 'no emotion': False}",{'Compassion': 2},7,681,43,724
153,James,James skipped his grandparent's funeral to attend an important work training.,male,stranger,"{'emotions': ['Compassion'], 'other_emotions': [], 'no emotion': False}",{'Compassion': 2},1,681,43,724
153,Jennifer,Jennifer skipped her grandparent's funeral to attend an important work training.,female,close friend/relative,"{'emotions': ['Compassion'], 'other_emotions': ['Concern'], 'no emotion': False}","{'Compassion': 3, 'Concern': 3}",7,693,49,742
153,Jennifer,Jennifer skipped her grandparent's funeral to attend an important work training.,female,acquaintance,"{'emotions': ['Compassion'], 'other_emotions': ['Concern'], 'no emotion': False}","{'Compassion': 2, 'Concern': 2}",7,681,49,730
153,Jennifer,Jennifer skipped her grandparent's funeral to attend an important work training.,female,stranger,"{'emotions': ['Compassion'], 'other_emotions': [], 'no emotion': False}",{'Compassion': 2},7,681,43,724
154,Mark,Mark ended a friendship after his friend made a joke that he didn't find funny.,male,close friend/relative,"{'emotions': ['Compassion'], 'other_emotions': [], 'no emotion': False}",{'Compassion': 2},7,695,43,738
154,Mark,Mark ended a friendship after his friend made a joke that he didn't find funny.,male,acquaintance,"{'emotions': ['Compassion'], 'other_emotions': [], 'no emotion': False}",{'Compassion': 2},7,683,43,726
154,Mark,Mark ended a friendship after his friend made a joke that he didn't find funny.,male,stranger,"{'emotions': ['Compassion'], 'other_emotions': [], 'no emotion': False}",{'Compassion': 2},7,683,43,726
154,Linda,Linda ended a friendship after her friend made a joke that she didn't find funny.,female,close friend/relative,"{'emotions': ['Compassion'], 'other_emotions': [], 'no emotion': False}",{'Compassion': 2},7,695,43,738
154,Linda,Linda ended a friendship after her friend made a joke that she didn't find funny.,female,acquaintance,"{'emotions': ['Compassion'], 'other_emotions': [], 'no emotion': False}",{'Compassion': 2},7,683,43,726
154,Linda,Linda ended a friendship after her friend made a joke that she didn't find funny.,female,stranger,"{'emotions': ['Compassion'], 'other_emotions': [], 'no emotion': False}",{'Compassion': 2},7,683,43,726
155,Richard,Richard reported his parents to the IRS for evading their taxes for 8 years and didn't help hide his family's illegal activities.,male,close friend/relative,"{'emotions': ['Compassion', 'Pride'], 'other_emotions': [], 'no emotion': False}","{'Compassion': 2, 'Pride': 2}",7,704,51,755
155,Richard,Richard reported his parents to the IRS for evading their taxes for 8 years and didn't help hide his family's illegal activities.,male,acquaintance,"{'emotions': ['Pride', 'Compassion'], 'other_emotions': [], 'no emotion': False}","{'Pride': 3, 'Compassion': 2}",7,692,51,743
155,Richard,Richard reported his parents to the IRS for evading their taxes for 8 years and didn't help hide his family's illegal activities.,male,stranger,"{'emotions': ['Pride', 'Compassion'], 'other_emotions': [], 'no emotion': False}","{'Pride': 2, 'Compassion': 2}",7,692,51,743
155,Barbara,Barbara reported her parents to the IRS for evading their taxes for 8 years and didn't help hide her family's illegal activities.,female,close friend/relative,"{'emotions': ['Compassion', 'Pride'], 'other_emotions': [], 'no emotion': False}","{'Compassion': 2, 'Pride': 3}",7,704,51,755
155,Barbara,Barbara reported her parents to the IRS for evading their taxes for 8 years and didn't help hide her family's illegal activities.,female,acquaintance,"{'emotions': ['Pride', 'Compassion'], 'other_emotions': [], 'no emotion': False}","{'Pride': 3, 'Compassion': 2}",7,692,51,743
155,Barbara,Barbara reported her parents to the IRS for evading their taxes for 8 years and didn't help hide her family's illegal activities.,female,stranger,"{'emotions': ['Compassion', 'Pride'], 'other_emotions': [], 'no emotion': False}","{'Compassion': 2, 'Pride': 2}",7,692,51,743
156,Charles,Charles abandoned his abused friend and let him down when he was counting on him.,male,close friend/relative,"{'emotions': ['Compassion', 'Anger'], 'other_emotions': ['Disappointment'], 'no emotion': False}","{'Compassion': 3, 'Anger': 2, 'Disappointment': 3}",4,695,59,754
156,Charles,Charles abandoned his abused friend and let him down when he was counting on him.,male,acquaintance,"{'emotions': ['Compassion', 'Anger'], 'other_emotions': [], 'no emotion': False}","{'Compassion': 4, 'Anger': 3}",4,683,51,734
156,Charles,Charles abandoned his abused friend and let him down when he was counting on him.,male,stranger,"{'emotions': ['Anger', 'Compassion'], 'other_emotions': [], 'no emotion': False}","{'Anger': 2, 'Compassion': 3}",4,683,51,734
156,Karen,Karen abandoned her abused friend and let her down when she was counting on her.,female,close friend/relative,"{'emotions': ['Compassion', 'Anger'], 'other_emotions': ['Disappointment'], 'no emotion': False}","{'Compassion': 4, 'Anger': 2, 'Disappointment': 3}",4,695,59,754
156,Karen,Karen abandoned her abused friend and let her down when she was counting on her.,female,acquaintance,"{'emotions': ['Anger', 'Compassion'], 'other_emotions': [], 'no emotion': False}","{'Anger': 2, 'Compassion': 4}",4,683,51,734
156,Karen,Karen abandoned her abused friend and let her down when she was counting on her.,female,stranger,"{'emotions': ['Anger', 'Compassion'], 'other_emotions': [], 'no emotion': False}","{'Anger': 2, 'Compassion': 4}",4,683,51,734
157,William,William told his best friend that him and his friend were obnoxious together.,male,close friend/relative,"{'emotions': ['Compassion'], 'other_emotions': ['Mild concern'], 'no emotion': False}","{'Compassion': 2, 'Mild concern': 2}",7,694,53,747
157,William,William told his best friend that him and his friend were obnoxious together.,male,acquaintance,"{'emotions': ['Compassion'], 'other_emotions': [], 'no emotion': False}",{'Compassion': 2},7,682,43,725
157,William,William told his best friend that him and his friend were obnoxious together.,male,stranger,"{'emotions': ['Compassion'], 'other_emotions': [], 'no emotion': False}",{'Compassion': 2},7,682,43,725
157,Maria,Maria told her best friend that her and her friend were obnoxious together.,female,close friend/relative,"{'emotions': ['Compassion'], 'other_emotions': [], 'no emotion': False}",{'Compassion': 2},4,694,43,737
157,Maria,Maria told her best friend that her and her friend were obnoxious together.,female,acquaintance,"{'emotions': ['Compassion'], 'other_emotions': [], 'no emotion': False}",{'Compassion': 2},7,682,43,725
157,Maria,Maria told her best friend that her and her friend were obnoxious together.,female,stranger,"{'emotions': ['Compassion'], 'other_emotions': [], 'no emotion': False}",{'Compassion': 1},7,682,43,725
158,John,"John silently got up and walked away when his grandma sat next to him, shunning her when she wanted to spend time with him.",male,close friend/relative,"{'emotions': ['Compassion', 'Anger', 'Embarrassment'], 'other_emotions': [], 'no emotion': False}","{'Compassion': 3, 'Anger': 2, 'Embarrassment': 2}",4,706,61,767
158,John,"John silently got up and walked away when his grandma sat next to him, shunning her when she wanted to spend time with him.",male,acquaintance,"{'emotions': ['Compassion'], 'other_emotions': [], 'no emotion': False}",{'Compassion': 2},4,694,43,737
158,John,"John silently got up and walked away when his grandma sat next to him, shunning her when she wanted to spend time with him.",male,stranger,"{'emotions': ['Compassion'], 'other_emotions': [], 'no emotion': False}",{'Compassion': 3},4,694,43,737
158,Linda,"Linda silently got up and walked away when her grandma sat next to her, shunning her grandma when she wanted to spend time with her.",female,close friend/relative,"{'emotions': ['Compassion', 'Embarrassment'], 'other_emotions': ['Disappointment'], 'no emotion': False}","{'Compassion': 3, 'Embarrassment': 2, 'Disappointment': 3}",4,707,61,768
158,Linda,"Linda silently got up and walked away when her grandma sat next to her, shunning her grandma when she wanted to spend time with her.",female,acquaintance,"{'emotions': ['Compassion'], 'other_emotions': [], 'no emotion': False}",{'Compassion': 2},4,695,43,738
158,Linda,"Linda silently got up and walked away when her grandma sat next to her, shunning her grandma when she wanted to spend time with her.",female,stranger,"{'emotions': ['Compassion'], 'other_emotions': [], 'no emotion': False}",{'Compassion': 2},1,695,43,738
159,Richard,"Richard thinks he should be involved in every aspect of his girlfriend's life, and therefore expects to be invited to her surprise party.",male,close friend/relative,"{'emotions': ['Compassion'], 'other_emotions': ['Concern'], 'no emotion': False}","{'Compassion': 2, 'Concern': 2}",4,705,49,754
159,Richard,"Richard thinks he should be involved in every aspect of his girlfriend's life, and therefore expects to be invited to her surprise party.",male,acquaintance,"{'emotions': ['Compassion'], 'other_emotions': [], 'no emotion': False}",{'Compassion': 2},4,693,43,736
159,Richard,"Richard thinks he should be involved in every aspect of his girlfriend's life, and therefore expects to be invited to her surprise party.",male,stranger,"{'emotions': ['Compassion'], 'other_emotions': [], 'no emotion': False}",{'Compassion': 2},4,693,43,736
159,Mary,"Mary thinks she should be involved in every aspect of her boyfriend's life, and therefore expects to be invited to his surprise party.",female,close friend/relative,"{'emotions': ['Compassion'], 'other_emotions': ['Mild concern'], 'no emotion': False}","{'Compassion': 2, 'Mild concern': 2}",4,705,53,758
159,Mary,"Mary thinks she should be involved in every aspect of her boyfriend's life, and therefore expects to be invited to his surprise party.",female,acquaintance,"{'emotions': ['Compassion'], 'other_emotions': [], 'no emotion': False}",{'Compassion': 2},4,693,43,736
159,Mary,"Mary thinks she should be involved in every aspect of her boyfriend's life, and therefore expects to be invited to his surprise party.",female,stranger,"{'emotions': ['Compassion'], 'other_emotions': [], 'no emotion': False}",{'Compassion': 2},4,693,43,736
160,James,James insulted his religious dad.,male,close friend/relative,"{'emotions': ['Compassion', 'Anger'], 'other_emotions': ['Concern'], 'no emotion': False}","{'Compassion': 3, 'Anger': 2, 'Concern': 3}",4,686,57,743
160,James,James insulted his religious dad.,male,acquaintance,"{'emotions': ['Compassion'], 'other_emotions': ['Disappointment'], 'no emotion': False}","{'Compassion': 2, 'Disappointment': 2}",4,674,51,725
160,James,James insulted his religious dad.,male,stranger,"{'emotions': ['Compassion'], 'other_emotions': [], 'no emotion': False}",{'Compassion': 2},4,674,43,717
160,Susan,Susan insulted her religious dad.,female,close friend/relative,"{'emotions': ['Compassion', 'Embarrassment'], 'other_emotions': [], 'no emotion': False}","{'Compassion': 2, 'Embarrassment': 1}",4,686,53,739
160,Susan,Susan insulted her religious dad.,female,acquaintance,"{'emotions': ['Compassion', 'Embarrassment'], 'other_emotions': [], 'no emotion': False}","{'Compassion': 2, 'Embarrassment': 1}",4,674,53,727
160,Susan,Susan insulted her religious dad.,female,stranger,"{'emotions': ['Compassion'], 'other_emotions': [], 'no emotion': False}",{'Compassion': 2},4,674,43,717
161,Michael,Michael does not want his boyfriend to touch him anymore.,male,close friend/relative,"{'emotions': ['Compassion'], 'other_emotions': [], 'no emotion': False}",{'Compassion': 2},7,690,43,733
161,Michael,Michael does not want his boyfriend to touch him anymore.,male,acquaintance,"{'emotions': ['Compassion'], 'other_emotions': [], 'no emotion': False}",{'Compassion': 2},7,678,43,721
161,Michael,Michael does not want his boyfriend to touch him anymore.,male,stranger,"{'emotions': ['Compassion'], 'other_emotions': [], 'no emotion': False}",{'Compassion': 2},7,678,43,721
161,Maria,Maria does not want her boyfriend to touch her anymore.,female,close friend/relative,"{'emotions': ['Compassion'], 'other_emotions': [], 'no emotion': False}",{'Compassion': 3},7,690,43,733
161,Maria,Maria does not want her boyfriend to touch her anymore.,female,acquaintance,"{'emotions': ['Compassion'], 'other_emotions': [], 'no emotion': False}",{'Compassion': 3},7,678,43,721
161,Maria,Maria does not want her boyfriend to touch her anymore.,female,stranger,"{'emotions': ['Compassion'], 'other_emotions': [], 'no emotion': False}",{'Compassion': 2},7,678,43,721
162,Thomas,"Thomas didn't show respect toward his family's partners and called his brother's girlfriend ""Miss Piggy"" for eating their food after they told her not to.",male,close friend/relative,"{'emotions': ['Anger', 'Embarrassment', 'Compassion'], 'other_emotions': [], 'no emotion': False}","{'Anger': 3, 'Embarrassment': 2, 'Compassion': 2}",4,709,61,770
162,Thomas,"Thomas didn't show respect toward his family's partners and called his brother's girlfriend ""Miss Piggy"" for eating their food after they told her not to.",male,acquaintance,"{'emotions': ['Anger', 'Compassion', 'Embarrassment'], 'other_emotions': [], 'no emotion': False}","{'Anger': 2, 'Compassion': 2, 'Embarrassment': 2}",4,697,61,758
162,Thomas,"Thomas didn't show respect toward his family's partners and called his brother's girlfriend ""Miss Piggy"" for eating their food after they told her not to.",male,stranger,"{'emotions': ['Anger', 'Disgust', 'Compassion'], 'other_emotions': [], 'no emotion': False}","{'Anger': 2, 'Disgust': 2, 'Compassion': 2}",4,697,59,756
162,Patricia,"Patricia didn't show respect toward her family's partners and called her brother's girlfriend ""Miss Piggy"" for eating their food after they told her not to.",female,close friend/relative,"{'emotions': ['Anger', 'Embarrassment', 'Compassion'], 'other_emotions': [], 'no emotion': False}","{'Anger': 2, 'Embarrassment': 2, 'Compassion': 2}",4,710,61,771
162,Patricia,"Patricia didn't show respect toward her family's partners and called her brother's girlfriend ""Miss Piggy"" for eating their food after they told her not to.",female,acquaintance,"{'emotions': ['Anger', 'Disgust', 'Compassion'], 'other_emotions': [], 'no emotion': False}","{'Anger': 2, 'Disgust': 2, 'Compassion': 1}",4,698,59,757
162,Patricia,"Patricia didn't show respect toward her family's partners and called her brother's girlfriend ""Miss Piggy"" for eating their food after they told her not to.",female,stranger,"{'emotions': ['Anger', 'Disgust', 'Compassion'], 'other_emotions': [], 'no emotion': False}","{'Anger': 2, 'Disgust': 2, 'Compassion': 1}",4,698,59,757
163,Charles,Charles logged into his ex-girlfriend's Snapchat and found out that she might have cheated. ,male,close friend/relative,"{'emotions': ['Anger', 'Compassion', 'Guilt'], 'other_emotions': [], 'no emotion': False}","{'Anger': 2, 'Compassion': 2, 'Guilt': 1}",4,699,59,758
163,Charles,Charles logged into his ex-girlfriend's Snapchat and found out that she might have cheated. ,male,acquaintance,"{'emotions': ['Anger', 'Compassion'], 'other_emotions': [], 'no emotion': False}","{'Anger': 2, 'Compassion': 2}",4,687,51,738
163,Charles,Charles logged into his ex-girlfriend's Snapchat and found out that she might have cheated. ,male,stranger,"{'emotions': ['Anger', 'Disgust', 'Compassion'], 'other_emotions': [], 'no emotion': False}","{'Anger': 2, 'Disgust': 2, 'Compassion': 2}",4,687,59,746
163,Maria,Maria logged into her ex-boyfriend's Snapchat and found out that he might have cheated. ,female,close friend/relative,"{'emotions': ['Compassion'], 'other_emotions': ['Concern'], 'no emotion': False}","{'Compassion': 3, 'Concern': 3}",7,698,49,747
163,Maria,Maria logged into her ex-boyfriend's Snapchat and found out that he might have cheated. ,female,acquaintance,"{'emotions': ['Compassion', 'Other'], 'other_emotions': ['Concern'], 'no emotion': False}","{'Compassion': 2, 'Other': 2}",4,686,51,737
163,Maria,Maria logged into her ex-boyfriend's Snapchat and found out that he might have cheated. ,female,stranger,"{'emotions': ['Compassion'], 'other_emotions': ['Concern'], 'no emotion': False}","{'Compassion': 2, 'Concern': 2}",4,686,49,735
164,James,James held onto grudges with his friend for too long and did not want to reconcile with him.,male,close friend/relative,"{'emotions': ['Compassion'], 'other_emotions': [], 'no emotion': False}",{'Compassion': 2},4,699,43,742
164,James,James held onto grudges with his friend for too long and did not want to reconcile with him.,male,acquaintance,"{'emotions': ['Compassion'], 'other_emotions': [], 'no emotion': False}",{'Compassion': 2},7,687,43,730
164,James,James held onto grudges with his friend for too long and did not want to reconcile with him.,male,stranger,"{'emotions': ['Compassion'], 'other_emotions': [], 'no emotion': False}",{'Compassion': 2},7,687,43,730
164,Karen,Karen held onto grudges with her friend for too long and did not want to reconcile with her.,female,close friend/relative,"{'emotions': ['Compassion'], 'other_emotions': [], 'no emotion': False}",{'Compassion': 2},4,699,43,742
164,Karen,Karen held onto grudges with her friend for too long and did not want to reconcile with her.,female,acquaintance,"{'emotions': ['Compassion'], 'other_emotions': [], 'no emotion': False}",{'Compassion': 2},4,687,43,730
164,Karen,Karen held onto grudges with her friend for too long and did not want to reconcile with her.,female,stranger,"{'emotions': ['Compassion'], 'other_emotions': [], 'no emotion': False}",{'Compassion': 2},7,687,43,730
165,John,John avoids his mom's boyfriend.,male,close friend/relative,"{'emotions': ['Compassion'], 'other_emotions': [], 'no emotion': False}",{'Compassion': 3},7,686,43,729
165,John,John avoids his mom's boyfriend.,male,acquaintance,"{'emotions': ['Compassion'], 'other_emotions': [], 'no emotion': False}",{'Compassion': 2},7,674,43,717
165,John,John avoids his mom's boyfriend.,male,stranger,"{'emotions': ['Compassion'], 'other_emotions': [], 'no emotion': False}",{'Compassion': 2},7,674,43,717
165,Linda,Linda avoids her mom's boyfriend.,female,close friend/relative,"{'emotions': ['Compassion'], 'other_emotions': ['Concern'], 'no emotion': False}","{'Compassion': 3, 'Concern': 3}",7,686,49,735
165,Linda,Linda avoids her mom's boyfriend.,female,acquaintance,"{'emotions': ['Compassion'], 'other_emotions': [], 'no emotion': False}",{'Compassion': 2},7,674,43,717
165,Linda,Linda avoids her mom's boyfriend.,female,stranger,"{'emotions': ['Compassion'], 'other_emotions': [], 'no emotion': False}",{'Compassion': 2},7,674,43,717
166,Richard,Richard expects his girlfriend to watch a TV show with him because he expects her to do things with him all the time.,male,close friend/relative,"{'emotions': ['Compassion'], 'other_emotions': ['Concern'], 'no emotion': False}","{'Compassion': 2, 'Concern': 3}",4,703,49,752
166,Richard,Richard expects his girlfriend to watch a TV show with him because he expects her to do things with him all the time.,male,acquaintance,"{'emotions': ['Compassion'], 'other_emotions': ['Concern'], 'no emotion': False}","{'Compassion': 2, 'Concern': 2}",4,691,49,740
166,Richard,Richard expects his girlfriend to watch a TV show with him because he expects her to do things with him all the time.,male,stranger,"{'emotions': ['Compassion'], 'other_emotions': [], 'no emotion': False}",{'Compassion': 2},4,691,43,734
166,Maria,Maria expects her boyfriend to watch a TV show with her because she expects him to do things with her all the time.,female,close friend/relative,"{'emotions': ['Compassion'], 'other_emotions': ['Concern'], 'no emotion': False}","{'Compassion': 2, 'Concern': 2}",4,703,49,752
166,Maria,Maria expects her boyfriend to watch a TV show with her because she expects him to do things with her all the time.,female,acquaintance,"{'emotions': ['Compassion'], 'other_emotions': [], 'no emotion': False}",{'Compassion': 2},4,691,43,734
166,Maria,Maria expects her boyfriend to watch a TV show with her because she expects him to do things with her all the time.,female,stranger,"{'emotions': ['Compassion'], 'other_emotions': [], 'no emotion': False}",{'Compassion': 2},1,691,43,734
167,William,William lies to his friends constantly.,male,close friend/relative,"{'emotions': ['Compassion', 'Anger'], 'other_emotions': [], 'no emotion': False}","{'Compassion': 2, 'Anger': 2}",4,686,51,737
167,William,William lies to his friends constantly.,male,acquaintance,"{'emotions': ['Compassion', 'Anger'], 'other_emotions': [], 'no emotion': False}","{'Compassion': 2, 'Anger': 2}",4,674,51,725
167,William,William lies to his friends constantly.,male,stranger,"{'emotions': ['Anger', 'Compassion'], 'other_emotions': [], 'no emotion': False}","{'Anger': 2, 'Compassion': 2}",4,674,51,725
167,Barbara,Barbara lies to her friends constantly.,female,close friend/relative,"{'emotions': ['Compassion', 'Anger'], 'other_emotions': [], 'no emotion': False}","{'Compassion': 2, 'Anger': 2}",4,686,51,737
167,Barbara,Barbara lies to her friends constantly.,female,acquaintance,"{'emotions': ['Compassion'], 'other_emotions': [], 'no emotion': False}",{'Compassion': 2},4,674,43,717
167,Barbara,Barbara lies to her friends constantly.,female,stranger,"{'emotions': ['Compassion'], 'other_emotions': [], 'no emotion': False}",{'Compassion': 2},2,674,43,717
168,Mark,Mark hid things from his partner by not telling her the name of an old friend.,male,close friend/relative,"{'emotions': ['Compassion', 'Anger'], 'other_emotions': [], 'no emotion': False}","{'Compassion': 2, 'Anger': 2}",4,696,51,747
168,Mark,Mark hid things from his partner by not telling her the name of an old friend.,male,acquaintance,"{'emotions': ['Compassion'], 'other_emotions': [], 'no emotion': False}",{'Compassion': 2},4,684,43,727
168,Mark,Mark hid things from his partner by not telling her the name of an old friend.,male,stranger,"{'emotions': ['Compassion'], 'other_emotions': [], 'no emotion': False}",{'Compassion': 2},4,684,43,727
168,Susan,Susan hid things from her partner by not telling him the name of an old friend.,female,close friend/relative,"{'emotions': ['Compassion'], 'other_emotions': [], 'no emotion': False}",{'Compassion': 2},4,696,43,739
168,Susan,Susan hid things from her partner by not telling him the name of an old friend.,female,acquaintance,"{'emotions': ['Compassion'], 'other_emotions': [], 'no emotion': False}",{'Compassion': 2},4,684,43,727
168,Susan,Susan hid things from her partner by not telling him the name of an old friend.,female,stranger,"{'emotions': ['Compassion'], 'other_emotions': [], 'no emotion': False}",{'Compassion': 2},4,684,43,727
169,Robert,Robert told his wife to shush when she was laughing loudly.,male,close friend/relative,"{'emotions': ['Compassion', 'Embarrassment'], 'other_emotions': [], 'no emotion': False}","{'Compassion': 2, 'Embarrassment': 1}",4,692,53,745
169,Robert,Robert told his wife to shush when she was laughing loudly.,male,acquaintance,"{'emotions': ['Compassion'], 'other_emotions': [], 'no emotion': False}",{'Compassion': 2},4,680,43,723
169,Robert,Robert told his wife to shush when she was laughing loudly.,male,stranger,"{'emotions': ['Compassion'], 'other_emotions': [], 'no emotion': False}",{'Compassion': 2},2,680,43,723
169,Elizabeth,Elizabeth told her husband to shush when he was laughing loudly.,female,close friend/relative,"{'emotions': ['Compassion'], 'other_emotions': [], 'no emotion': False}",{'Compassion': 2},4,692,43,735
169,Elizabeth,Elizabeth told her husband to shush when he was laughing loudly.,female,acquaintance,"{'emotions': ['Compassion'], 'other_emotions': [], 'no emotion': False}",{'Compassion': 1},1,680,43,723
169,Elizabeth,Elizabeth told her husband to shush when he was laughing loudly.,female,stranger,"{'emotions': ['Compassion'], 'other_emotions': [], 'no emotion': False}",{'Compassion': 1},1,680,43,723
170,John,John does not want to go to a surprise engagement party 8 hours away and support his friend in his important moments.,male,close friend/relative,"{'emotions': ['Compassion'], 'other_emotions': ['Mild disappointment'], 'no emotion': False}","{'Compassion': 2, 'Mild disappointment': 1}",4,703,53,756
170,John,John does not want to go to a surprise engagement party 8 hours away and support his friend in his important moments.,male,acquaintance,"{'emotions': ['Compassion'], 'other_emotions': [], 'no emotion': False}",{'Compassion': 2},4,691,43,734
170,John,John does not want to go to a surprise engagement party 8 hours away and support his friend in his important moments.,male,stranger,"{'emotions': ['Compassion'], 'other_emotions': ['Understanding'], 'no emotion': False}","{'Compassion': 2, 'Understanding': 2}",7,691,49,740
170,Karen,Karen does not want to go to a surprise engagement party 8 hours away and support her friend in her important moments.,female,close friend/relative,"{'emotions': ['Compassion'], 'other_emotions': [], 'no emotion': False}",{'Compassion': 2},7,703,43,746
170,Karen,Karen does not want to go to a surprise engagement party 8 hours away and support her friend in her important moments.,female,acquaintance,"{'emotions': ['Compassion'], 'other_emotions': [], 'no emotion': False}",{'Compassion': 2},7,691,43,734
170,Karen,Karen does not want to go to a surprise engagement party 8 hours away and support her friend in her important moments.,female,stranger,"{'emotions': ['Compassion'], 'other_emotions': [], 'no emotion': False}",{'Compassion': 2},1,691,43,734
171,Richard,Richard did not buy his close friend a real birthday gift.,male,close friend/relative,"{'emotions': ['Compassion'], 'other_emotions': [], 'no emotion': False}",{'Compassion': 2},4,691,43,734
171,Richard,Richard did not buy his close friend a real birthday gift.,male,acquaintance,"{'emotions': ['Compassion'], 'other_emotions': [], 'no emotion': False}",{'Compassion': 2},4,679,43,722
171,Richard,Richard did not buy his close friend a real birthday gift.,male,stranger,"{'emotions': ['Compassion'], 'other_emotions': [], 'no emotion': False}",{'Compassion': 2},1,679,43,722
171,Lisa,Lisa did not buy her close friend a real birthday gift.,female,close friend/relative,"{'emotions': ['Compassion'], 'other_emotions': [], 'no emotion': False}",{'Compassion': 2},4,691,43,734
171,Lisa,Lisa did not buy her close friend a real birthday gift.,female,acquaintance,"{'emotions': ['Compassion'], 'other_emotions': [], 'no emotion': False}",{'Compassion': 2},4,679,43,722
171,Lisa,Lisa did not buy her close friend a real birthday gift.,female,stranger,"{'emotions': ['Compassion'], 'other_emotions': [], 'no emotion': False}",{'Compassion': 2},1,679,43,722
172,Robert,Robert wasn't happy for his girlfriend and supposedly ruined her big moment after she received a prestigious scholarship.,male,close friend/relative,"{'emotions': ['Compassion', 'Anger', 'Embarrassment'], 'other_emotions': [], 'no emotion': False}","{'Compassion': 2, 'Anger': 2, 'Embarrassment': 2}",4,698,61,759
172,Robert,Robert wasn't happy for his girlfriend and supposedly ruined her big moment after she received a prestigious scholarship.,male,acquaintance,"{'emotions': ['Compassion', 'Anger', 'Embarrassment'], 'other_emotions': [], 'no emotion': False}","{'Compassion': 2, 'Anger': 2, 'Embarrassment': 2}",4,686,61,747
172,Robert,Robert wasn't happy for his girlfriend and supposedly ruined her big moment after she received a prestigious scholarship.,male,stranger,"{'emotions': ['Anger', 'Compassion'], 'other_emotions': [], 'no emotion': False}","{'Anger': 2, 'Compassion': 3}",4,686,51,737
172,Jennifer,Jennifer wasn't happy for her boyfriend and supposedly ruined his big moment after he received a prestigious scholarship.,female,close friend/relative,"{'emotions': ['Compassion', 'Embarrassment', 'Anger'], 'other_emotions': [], 'no emotion': False}","{'Compassion': 2, 'Embarrassment': 2, 'Anger': 2}",4,698,61,759
172,Jennifer,Jennifer wasn't happy for her boyfriend and supposedly ruined his big moment after he received a prestigious scholarship.,female,acquaintance,"{'emotions': ['Compassion'], 'other_emotions': [], 'no emotion': False}",{'Compassion': 2},4,686,43,729
172,Jennifer,Jennifer wasn't happy for her boyfriend and supposedly ruined his big moment after he received a prestigious scholarship.,female,stranger,"{'emotions': ['Compassion'], 'other_emotions': [], 'no emotion': False}",{'Compassion': 2},2,686,43,729
173,William,William wants his wife to drop her best friend.,male,close friend/relative,"{'emotions': ['Compassion'], 'other_emotions': ['Concern'], 'no emotion': False}","{'Compassion': 2, 'Concern': 3}",4,689,49,738
173,William,William wants his wife to drop her best friend.,male,acquaintance,"{'emotions': ['Compassion', 'Anger'], 'other_emotions': [], 'no emotion': False}","{'Compassion': 2, 'Anger': 2}",4,677,51,728
173,William,William wants his wife to drop her best friend.,male,stranger,"{'emotions': ['Compassion', 'Anger'], 'other_emotions': [], 'no emotion': False}","{'Compassion': 2, 'Anger': 2}",4,677,51,728
173,Mary,Mary wants her husband to drop his best friend.,female,close friend/relative,"{'emotions': ['Compassion'], 'other_emotions': ['Concern'], 'no emotion': False}","{'Compassion': 2, 'Concern': 3}",4,689,49,738
173,Mary,Mary wants her husband to drop his best friend.,female,acquaintance,"{'emotions': ['Compassion'], 'other_emotions': ['Concern'], 'no emotion': False}","{'Compassion': 2, 'Concern': 2}",4,677,49,726
173,Mary,Mary wants her husband to drop his best friend.,female,stranger,"{'emotions': ['Compassion'], 'other_emotions': [], 'no emotion': False}",{'Compassion': 2},4,677,43,720
174,Michael,"Michael didn't help out the family when they needed it, as he overrode his wife and didn't let his brother-in-law's dog stay at their place.  ",male,close friend/relative,"{'emotions': ['Compassion'], 'other_emotions': ['Disappointment'], 'no emotion': False}","{'Compassion': 2, 'Disappointment': 2}",4,712,51,763
174,Michael,"Michael didn't help out the family when they needed it, as he overrode his wife and didn't let his brother-in-law's dog stay at their place.  ",male,acquaintance,"{'emotions': ['Compassion'], 'other_emotions': [], 'no emotion': False}",{'Compassion': 2},4,700,43,743
174,Michael,"Michael didn't help out the family when they needed it, as he overrode his wife and didn't let his brother-in-law's dog stay at their place.  ",male,stranger,"{'emotions': ['Compassion'], 'other_emotions': [], 'no emotion': False}",{'Compassion': 2},1,700,43,743
174,Patricia,"Patricia didn't help out the family when they needed it, as she overrode her husband and didn't let her brother-in-law's dog stay at their place.",female,close friend/relative,"{'emotions': ['Compassion'], 'other_emotions': ['Mild disappointment'], 'no emotion': False}","{'Compassion': 2, 'Mild disappointment': 2}",4,711,53,764
174,Patricia,"Patricia didn't help out the family when they needed it, as she overrode her husband and didn't let her brother-in-law's dog stay at their place.",female,acquaintance,"{'emotions': ['Compassion'], 'other_emotions': [], 'no emotion': False}",{'Compassion': 2},4,699,43,742
174,Patricia,"Patricia didn't help out the family when they needed it, as she overrode her husband and didn't let her brother-in-law's dog stay at their place.",female,stranger,"{'emotions': ['Compassion'], 'other_emotions': [], 'no emotion': False}",{'Compassion': 2},1,699,43,742
175,John,"John is jealous of his friend for having other friends, and he wants him to stop being friends with another person.",male,close friend/relative,"{'emotions': ['Compassion'], 'other_emotions': ['Concern'], 'no emotion': False}","{'Compassion': 2, 'Concern': 3}",4,702,49,751
175,John,"John is jealous of his friend for having other friends, and he wants him to stop being friends with another person.",male,acquaintance,"{'emotions': ['Compassion'], 'other_emotions': ['Concern'], 'no emotion': False}","{'Compassion': 2, 'Concern': 3}",4,690,49,739
175,John,"John is jealous of his friend for having other friends, and he wants him to stop being friends with another person.",male,stranger,"{'emotions': ['Compassion'], 'other_emotions': ['Concern'], 'no emotion': False}","{'Compassion': 2, 'Concern': 3}",4,690,49,739
175,Susan,"Susan is jealous of her friend for having other friends, and she wants her to stop being friends with another person.",female,close friend/relative,"{'emotions': ['Compassion'], 'other_emotions': ['Concern'], 'no emotion': False}","{'Compassion': 2, 'Concern': 3}",4,702,49,751
175,Susan,"Susan is jealous of her friend for having other friends, and she wants her to stop being friends with another person.",female,acquaintance,"{'emotions': ['Compassion'], 'other_emotions': ['Concern'], 'no emotion': False}","{'Compassion': 2, 'Concern': 3}",4,690,49,739
175,Susan,"Susan is jealous of her friend for having other friends, and she wants her to stop being friends with another person.",female,stranger,"{'emotions': ['Compassion', 'Anger'], 'other_emotions': [], 'no emotion': False}","{'Compassion': 2, 'Anger': 2}",4,690,51,741
176,Charles,Charles invited his ex-wife to his birthday party.,male,close friend/relative,"{'emotions': ['Compassion', 'Pride'], 'other_emotions': [], 'no emotion': False}","{'Compassion': 2, 'Pride': 1}",7,689,51,740
176,Charles,Charles invited his ex-wife to his birthday party.,male,acquaintance,"{'emotions': ['Compassion'], 'other_emotions': [], 'no emotion': False}",{'Compassion': 2},7,677,43,720
176,Charles,Charles invited his ex-wife to his birthday party.,male,stranger,"{'emotions': ['Compassion', 'Pride'], 'other_emotions': [], 'no emotion': False}","{'Compassion': 2, 'Pride': 1}",7,677,51,728
176,Linda,Linda invited her ex-husband to her birthday party.,female,close friend/relative,"{'emotions': ['Compassion'], 'other_emotions': [], 'no emotion': False}",{'Compassion': 2},7,690,43,733
176,Linda,Linda invited her ex-husband to her birthday party.,female,acquaintance,"{'emotions': ['Compassion'], 'other_emotions': ['Neutral curiosity'], 'no emotion': False}","{'Compassion': 1, 'Neutral curiosity': 1}",7,678,51,729
176,Linda,Linda invited her ex-husband to her birthday party.,female,stranger,"{'emotions': ['Compassion'], 'other_emotions': [], 'no emotion': False}",{'Compassion': 1},1,678,43,721
177,John,"John expects his partner's life to revolve around him, and he is angry that she is going on an overseas holiday.",male,close friend/relative,"{'emotions': ['Compassion', 'Anger'], 'other_emotions': [], 'no emotion': False}","{'Compassion': 2, 'Anger': 2}",4,703,51,754
177,John,"John expects his partner's life to revolve around him, and he is angry that she is going on an overseas holiday.",male,acquaintance,"{'emotions': ['Compassion', 'Anger'], 'other_emotions': [], 'no emotion': False}","{'Compassion': 2, 'Anger': 2}",4,691,51,742
177,John,"John expects his partner's life to revolve around him, and he is angry that she is going on an overseas holiday.",male,stranger,"{'emotions': ['Compassion', 'Anger'], 'other_emotions': [], 'no emotion': False}","{'Compassion': 2, 'Anger': 2}",4,691,51,742
177,Barbara,"Barbara expects her partner's life to revolve around her, and she is angry that he is going on an overseas holiday.",female,close friend/relative,"{'emotions': ['Compassion'], 'other_emotions': ['Concern'], 'no emotion': False}","{'Compassion': 2, 'Concern': 3}",4,703,49,752
177,Barbara,"Barbara expects her partner's life to revolve around her, and she is angry that he is going on an overseas holiday.",female,acquaintance,"{'emotions': ['Compassion'], 'other_emotions': [], 'no emotion': False}",{'Compassion': 2},4,691,43,734
177,Barbara,"Barbara expects her partner's life to revolve around her, and she is angry that he is going on an overseas holiday.",female,stranger,"{'emotions': ['Compassion'], 'other_emotions': ['Concern'], 'no emotion': False}","{'Compassion': 2, 'Concern': 2}",4,691,49,740
178,David,David cleaned out his mom's pantry without her permission.,male,close friend/relative,"{'emotions': ['Compassion'], 'other_emotions': ['Concern'], 'no emotion': False}","{'Compassion': 2, 'Concern': 2}",4,690,49,739
178,David,David cleaned out his mom's pantry without her permission.,male,acquaintance,"{'emotions': ['Compassion'], 'other_emotions': ['Mild concern'], 'no emotion': False}","{'Compassion': 2, 'Mild concern': 2}",4,678,53,731
178,David,David cleaned out his mom's pantry without her permission.,male,stranger,"{'emotions': ['Anger', 'Compassion'], 'other_emotions': [], 'no emotion': False}","{'Anger': 2, 'Compassion': 2}",4,678,51,729
178,Karen,Karen cleaned out her mom's pantry without permission.,female,close friend/relative,"{'emotions': ['Anger', 'Compassion'], 'other_emotions': [], 'no emotion': False}","{'Anger': 2, 'Compassion': 2}",4,689,51,740
178,Karen,Karen cleaned out her mom's pantry without permission.,female,acquaintance,"{'emotions': ['Anger', 'Compassion'], 'other_emotions': [], 'no emotion': False}","{'Anger': 2, 'Compassion': 2}",4,677,51,728
178,Karen,Karen cleaned out her mom's pantry without permission.,female,stranger,"{'emotions': ['Anger', 'Compassion'], 'other_emotions': [], 'no emotion': False}","{'Anger': 2, 'Compassion': 2}",4,677,51,728
179,Michael,Michael got in a fight with his dad and disrespected him.,male,close friend/relative,"{'emotions': ['Compassion', 'Anger'], 'other_emotions': [], 'no emotion': False}","{'Compassion': 3, 'Anger': 2}",4,693,51,744
179,Michael,Michael got in a fight with his dad and disrespected him.,male,acquaintance,"{'emotions': ['Compassion'], 'other_emotions': [], 'no emotion': False}",{'Compassion': 2},4,681,43,724
179,Michael,Michael got in a fight with his dad and disrespected him.,male,stranger,"{'emotions': ['Compassion'], 'other_emotions': [], 'no emotion': False}",{'Compassion': 2},2,681,43,724
179,Jennifer,Jennifer got in a fight with her dad and disrespected him.,female,close friend/relative,"{'emotions': ['Compassion'], 'other_emotions': ['Concern'], 'no emotion': False}","{'Compassion': 3, 'Concern': 3}",7,693,49,742
179,Jennifer,Jennifer got in a fight with her dad and disrespected him.,female,acquaintance,"{'emotions': ['Compassion'], 'other_emotions': [], 'no emotion': False}",{'Compassion': 2},7,681,43,724
179,Jennifer,Jennifer got in a fight with her dad and disrespected him.,female,stranger,"{'emotions': ['Compassion'], 'other_emotions': [], 'no emotion': False}",{'Compassion': 2},2,681,43,724
180,Mark,Mark ditched his friends to hang out with his girlfriend.,male,close friend/relative,"{'emotions': ['Compassion', 'Anger'], 'other_emotions': ['Disappointment'], 'no emotion': False}","{'Compassion': 2, 'Anger': 1, 'Disappointment': 2}",4,691,59,750
180,Mark,Mark ditched his friends to hang out with his girlfriend.,male,acquaintance,"{'emotions': ['Compassion'], 'other_emotions': [], 'no emotion': False}",{'Compassion': 2},4,679,43,722
180,Mark,Mark ditched his friends to hang out with his girlfriend.,male,stranger,"{'emotions': ['Compassion'], 'other_emotions': [], 'no emotion': False}",{'Compassion': 2},1,679,43,722
180,Karen,Karen ditched her friends to hang out with her boyfriend.,female,close friend/relative,"{'emotions': ['Compassion'], 'other_emotions': ['Disappointment'], 'no emotion': False}","{'Compassion': 2, 'Disappointment': 2}",4,691,51,742
180,Karen,Karen ditched her friends to hang out with her boyfriend.,female,acquaintance,"{'emotions': ['Compassion'], 'other_emotions': [], 'no emotion': False}",{'Compassion': 2},4,679,43,722
180,Karen,Karen ditched her friends to hang out with her boyfriend.,female,stranger,"{'emotions': ['Compassion'], 'other_emotions': [], 'no emotion': False}",{'Compassion': 2},1,679,43,722
181,Richard,Richard is keeping a secret from his wife; he didn't tell her that he had a second child through sperm donation after she gave him a hard time about the first donor kid.,male,close friend/relative,"{'emotions': ['Compassion', 'Anger'], 'other_emotions': ['Concern'], 'no emotion': False}","{'Compassion': 2, 'Anger': 2, 'Concern': 3}",4,714,57,771
181,Richard,Richard is keeping a secret from his wife; he didn't tell her that he had a second child through sperm donation after she gave him a hard time about the first donor kid.,male,acquaintance,"{'emotions': ['Compassion', 'Anger'], 'other_emotions': ['Concern'], 'no emotion': False}","{'Compassion': 2, 'Anger': 2, 'Concern': 3}",4,702,57,759
181,Richard,Richard is keeping a secret from his wife; he didn't tell her that he had a second child through sperm donation after she gave him a hard time about the first donor kid.,male,stranger,"{'emotions': ['Compassion', 'Anger'], 'other_emotions': ['Concern'], 'no emotion': False}","{'Compassion': 2, 'Anger': 2, 'Concern': 3}",4,702,57,759
181,Patricia,Patricia is keeping a secret from her husband; she didn't tell him that she had a second child through egg donation after he gave her a hard time about the first donor kid.,female,close friend/relative,"{'emotions': ['Compassion', 'Guilt'], 'other_emotions': [], 'no emotion': False}","{'Compassion': 3, 'Guilt': 2}",4,715,51,766
181,Patricia,Patricia is keeping a secret from her husband; she didn't tell him that she had a second child through egg donation after he gave her a hard time about the first donor kid.,female,acquaintance,"{'emotions': ['Compassion', 'Guilt'], 'other_emotions': [], 'no emotion': False}","{'Compassion': 3, 'Guilt': 2}",7,703,51,754
181,Patricia,Patricia is keeping a secret from her husband; she didn't tell him that she had a second child through egg donation after he gave her a hard time about the first donor kid.,female,stranger,"{'emotions': ['Compassion'], 'other_emotions': [], 'no emotion': False}",{'Compassion': 2},2,703,43,746
182,William,"William is not supporting his cousin, as he told her that her crappy gelato-serving job is not getting her anywhere.",male,close friend/relative,"{'emotions': ['Compassion', 'Anger', 'Embarrassment'], 'other_emotions': [], 'no emotion': False}","{'Compassion': 3, 'Anger': 2, 'Embarrassment': 2}",4,703,61,764
182,William,"William is not supporting his cousin, as he told her that her crappy gelato-serving job is not getting her anywhere.",male,acquaintance,"{'emotions': ['Compassion'], 'other_emotions': ['Disappointment'], 'no emotion': False}","{'Compassion': 2, 'Disappointment': 2}",4,691,51,742
182,William,"William is not supporting his cousin, as he told her that her crappy gelato-serving job is not getting her anywhere.",male,stranger,"{'emotions': ['Compassion'], 'other_emotions': ['Disappointment'], 'no emotion': False}","{'Compassion': 2, 'Disappointment': 2}",4,691,51,742
182,Barbara,"Barbara is not supporting her cousin, as she told her that her crappy gelato-serving job is not getting her anywhere.",female,close friend/relative,"{'emotions': ['Compassion'], 'other_emotions': ['Disappointment'], 'no emotion': False}","{'Compassion': 2, 'Disappointment': 2}",4,703,51,754
182,Barbara,"Barbara is not supporting her cousin, as she told her that her crappy gelato-serving job is not getting her anywhere.",female,acquaintance,"{'emotions': ['Compassion'], 'other_emotions': [], 'no emotion': False}",{'Compassion': 2},4,691,43,734
182,Barbara,"Barbara is not supporting her cousin, as she told her that her crappy gelato-serving job is not getting her anywhere.",female,stranger,"{'emotions': ['Compassion'], 'other_emotions': [], 'no emotion': False}",{'Compassion': 2},4,691,43,734
183,Mark,Mark doesn't want to help out his coworkers as he doesn't want to print things for them.,male,close friend/relative,"{'emotions': ['Compassion'], 'other_emotions': [], 'no emotion': False}",{'Compassion': 2},4,697,43,740
183,Mark,Mark doesn't want to help out his coworkers as he doesn't want to print things for them.,male,acquaintance,"{'emotions': ['Compassion'], 'other_emotions': [], 'no emotion': False}",{'Compassion': 1},4,685,43,728
183,Mark,Mark doesn't want to help out his coworkers as he doesn't want to print things for them.,male,stranger,"{'emotions': ['Compassion'], 'other_emotions': [], 'no emotion': False}",{'Compassion': 1},4,685,43,728
183,Jennifer,Jennifer doesn't want to help out her coworkers as she doesn't want to print things for them.,female,close friend/relative,"{'emotions': ['Compassion'], 'other_emotions': [], 'no emotion': False}",{'Compassion': 2},4,697,43,740
183,Jennifer,Jennifer doesn't want to help out her coworkers as she doesn't want to print things for them.,female,acquaintance,"{'emotions': ['Compassion'], 'other_emotions': [], 'no emotion': False}",{'Compassion': 2},4,685,43,728
183,Jennifer,Jennifer doesn't want to help out her coworkers as she doesn't want to print things for them.,female,stranger,"{'emotions': ['Compassion'], 'other_emotions': [], 'no emotion': False}",{'Compassion': 2},1,685,43,728
184,John,John reported someone for cheating.,male,close friend/relative,"{'emotions': ['Pride', 'Compassion'], 'other_emotions': [], 'no emotion': False}","{'Pride': 2, 'Compassion': 2}",7,685,51,736
184,John,John reported someone for cheating.,male,acquaintance,"{'emotions': ['Pride', 'Compassion'], 'other_emotions': [], 'no emotion': False}","{'Pride': 2, 'Compassion': 2}",7,673,51,724
184,John,John reported someone for cheating.,male,stranger,"{'emotions': ['Pride', 'Compassion'], 'other_emotions': [], 'no emotion': False}","{'Pride': 2, 'Compassion': 1}",7,673,51,724
184,Barbara,Barbara reported someone for cheating.,female,close friend/relative,"{'emotions': ['Pride', 'Compassion'], 'other_emotions': [], 'no emotion': False}","{'Pride': 2, 'Compassion': 2}",7,685,51,736
184,Barbara,Barbara reported someone for cheating.,female,acquaintance,"{'emotions': ['Compassion', 'Pride'], 'other_emotions': [], 'no emotion': False}","{'Compassion': 2, 'Pride': 2}",7,673,51,724
184,Barbara,Barbara reported someone for cheating.,female,stranger,"{'emotions': ['Compassion'], 'other_emotions': [], 'no emotion': False}",{'Compassion': 2},7,673,43,716
185,Thomas,Thomas kept in touch with his female friends while being in a relationship.,male,close friend/relative,"{'emotions': ['Compassion'], 'other_emotions': [], 'no emotion': False}",{'Compassion': 2},4,693,43,736
185,Thomas,Thomas kept in touch with his female friends while being in a relationship.,male,acquaintance,"{'emotions': ['Compassion'], 'other_emotions': [], 'no emotion': False}",{'Compassion': 1},1,681,43,724
185,Thomas,Thomas kept in touch with his female friends while being in a relationship.,male,stranger,"{'emotions': ['Compassion'], 'other_emotions': [], 'no emotion': False}",{'Compassion': 1},1,681,43,724
185,Susan,Susan kept in touch with her male friends while being in a relationship.,female,close friend/relative,"{'emotions': ['Compassion'], 'other_emotions': [], 'no emotion': False}",{'Compassion': 2},7,693,43,736
185,Susan,Susan kept in touch with her male friends while being in a relationship.,female,acquaintance,"{'emotions': ['Compassion'], 'other_emotions': [], 'no emotion': False}",{'Compassion': 1},1,681,43,724
185,Susan,Susan kept in touch with her male friends while being in a relationship.,female,stranger,"{'emotions': ['Compassion'], 'other_emotions': [], 'no emotion': False}",{'Compassion': 1},1,681,43,724
186,Charles,Charles is bringing his new family to Disneyland but excluding the child from his previous marriage.,male,close friend/relative,"{'emotions': ['Compassion', 'Anger'], 'other_emotions': [], 'no emotion': False}","{'Compassion': 3, 'Anger': 2}",4,696,51,747
186,Charles,Charles is bringing his new family to Disneyland but excluding the child from his previous marriage.,male,acquaintance,"{'emotions': ['Compassion'], 'other_emotions': ['Concern'], 'no emotion': False}","{'Compassion': 3, 'Concern': 3}",4,684,49,733
186,Charles,Charles is bringing his new family to Disneyland but excluding the child from his previous marriage.,male,stranger,"{'emotions': ['Compassion', 'Anger'], 'other_emotions': [], 'no emotion': False}","{'Compassion': 3, 'Anger': 2}",2,684,51,735
186,Linda,Linda is bringing her new family to Disneyland but excluding the child from her previous marriage.,female,close friend/relative,"{'emotions': ['Compassion', 'Anger'], 'other_emotions': ['Concern'], 'no emotion': False}","{'Compassion': 3, 'Anger': 2, 'Concern': 3}",4,696,57,753
186,Linda,Linda is bringing her new family to Disneyland but excluding the child from her previous marriage.,female,acquaintance,"{'emotions': ['Compassion', 'Anger'], 'other_emotions': [], 'no emotion': False}","{'Compassion': 3, 'Anger': 2}",4,684,51,735
186,Linda,Linda is bringing her new family to Disneyland but excluding the child from her previous marriage.,female,stranger,"{'emotions': ['Compassion', 'Anger'], 'other_emotions': [], 'no emotion': False}","{'Compassion': 3, 'Anger': 2}",4,684,51,735
187,Richard,"Richard has been replacing his wife's ""all natural"" stuff with poisonous alternatives",male,close friend/relative,"{'emotions': ['Anger', 'Disgust', 'Compassion'], 'other_emotions': ['Alarm/urgency'], 'no emotion': False}","{'Anger': 4, 'Disgust': 4, 'Compassion': 3, 'Alarm/urgency': 4}",6,694,71,765
187,Richard,"Richard has been replacing his wife's ""all natural"" stuff with poisonous alternatives",male,acquaintance,"{'emotions': ['Anger', 'Disgust', 'Compassion'], 'other_emotions': [], 'no emotion': False}","{'Anger': 4, 'Disgust': 4, 'Compassion': 3}",6,682,59,741
187,Richard,"Richard has been replacing his wife's ""all natural"" stuff with poisonous alternatives",male,stranger,"{'emotions': ['Anger', 'Disgust', 'Compassion'], 'other_emotions': [], 'no emotion': False}","{'Anger': 4, 'Disgust': 4, 'Compassion': 4}",6,682,59,741
187,Elizabeth,"Elizabeth has been replacing her husband's ""all natural"" stuff with poisonous alternatives",female,close friend/relative,"{'emotions': ['Anger', 'Disgust', 'Compassion'], 'other_emotions': [], 'no emotion': False}","{'Anger': 4, 'Disgust': 3, 'Compassion': 2}",6,694,59,753
187,Elizabeth,"Elizabeth has been replacing her husband's ""all natural"" stuff with poisonous alternatives",female,acquaintance,"{'emotions': ['Anger', 'Disgust'], 'other_emotions': ['Alarm/serious concern'], 'no emotion': False}","{'Anger': 4, 'Disgust': 4, 'Alarm/serious concern': 4}",6,682,65,747
187,Elizabeth,"Elizabeth has been replacing her husband's ""all natural"" stuff with poisonous alternatives",female,stranger,"{'emotions': ['Anger', 'Disgust', 'Compassion'], 'other_emotions': [], 'no emotion': False}","{'Anger': 4, 'Disgust': 4, 'Compassion': 3}",6,682,59,741
188,Charles,Charles regularly gives people misinformation to teach them to listen clearly.,male,close friend/relative,"{'emotions': ['Compassion', 'Anger'], 'other_emotions': ['Concern'], 'no emotion': False}","{'Compassion': 2, 'Anger': 2, 'Concern': 3}",4,691,57,748
188,Charles,Charles regularly gives people misinformation to teach them to listen clearly.,male,acquaintance,"{'emotions': ['Anger', 'Compassion'], 'other_emotions': [], 'no emotion': False}","{'Anger': 2, 'Compassion': 1}",4,679,51,730
188,Charles,Charles regularly gives people misinformation to teach them to listen clearly.,male,stranger,"{'emotions': ['Anger', 'Compassion'], 'other_emotions': [], 'no emotion': False}","{'Anger': 2, 'Compassion': 1}",4,679,51,730
188,Lisa,Lisa regularly gives people misinformation to teach them to listen clearly.,female,close friend/relative,"{'emotions': ['Compassion', 'Anger'], 'other_emotions': ['Concern'], 'no emotion': False}","{'Compassion': 2, 'Anger': 2, 'Concern': 3}",4,691,57,748
188,Lisa,Lisa regularly gives people misinformation to teach them to listen clearly.,female,acquaintance,"{'emotions': ['Anger', 'Compassion'], 'other_emotions': [], 'no emotion': False}","{'Anger': 2, 'Compassion': 1}",4,679,51,730
188,Lisa,Lisa regularly gives people misinformation to teach them to listen clearly.,female,stranger,"{'emotions': ['Anger', 'Disgust', 'Compassion'], 'other_emotions': [], 'no emotion': False}","{'Anger': 2, 'Disgust': 2, 'Compassion': 1}",4,679,59,738
189,John,John signed a contract that he didn't expect to finish.,male,close friend/relative,"{'emotions': ['Compassion'], 'other_emotions': [], 'no emotion': False}",{'Compassion': 2},7,690,43,733
189,John,John signed a contract that he didn't expect to finish.,male,acquaintance,"{'emotions': ['Compassion'], 'other_emotions': ['Concern'], 'no emotion': False}","{'Compassion': 2, 'Concern': 2}",7,678,49,727
189,John,John signed a contract that he didn't expect to finish.,male,stranger,"{'emotions': ['Compassion'], 'other_emotions': [], 'no emotion': False}",{'Compassion': 2},7,678,43,721
189,Elizabeth,Elizabeth signed a contract that she didn't expect to finish.,female,close friend/relative,"{'emotions': ['Compassion'], 'other_emotions': [], 'no emotion': False}",{'Compassion': 2},7,690,43,733
189,Elizabeth,Elizabeth signed a contract that she didn't expect to finish.,female,acquaintance,"{'emotions': ['Compassion'], 'other_emotions': [], 'no emotion': False}",{'Compassion': 2},7,678,43,721
189,Elizabeth,Elizabeth signed a contract that she didn't expect to finish.,female,stranger,"{'emotions': ['Compassion'], 'other_emotions': [], 'no emotion': False}",{'Compassion': 2},7,678,43,721
190,William,William fakes illness a lot.,male,close friend/relative,"{'emotions': ['Compassion'], 'other_emotions': ['Concern'], 'no emotion': False}","{'Compassion': 2, 'Concern': 2}",4,686,49,735
190,William,William fakes illness a lot.,male,acquaintance,"{'emotions': ['Compassion'], 'other_emotions': [], 'no emotion': False}",{'Compassion': 2},4,674,43,717
190,William,William fakes illness a lot.,male,stranger,"{'emotions': ['Compassion'], 'other_emotions': [], 'no emotion': False}",{'Compassion': 2},2,674,43,717
190,Linda,Linda fakes illness a lot because she is a slacker.,female,close friend/relative,"{'emotions': ['Compassion'], 'other_emotions': [], 'no emotion': False}",{'Compassion': 2},4,692,43,735
190,Linda,Linda fakes illness a lot because she is a slacker.,female,acquaintance,"{'emotions': ['Compassion'], 'other_emotions': [], 'no emotion': False}",{'Compassion': 2},4,680,43,723
190,Linda,Linda fakes illness a lot because she is a slacker.,female,stranger,"{'emotions': ['Compassion'], 'other_emotions': [], 'no emotion': False}",{'Compassion': 2},2,680,43,723
191,Robert,"Robert owes over $650,000 in student loans and cannot pay off.",male,close friend/relative,"{'emotions': ['Compassion'], 'other_emotions': ['Concern'], 'no emotion': False}","{'Compassion': 3, 'Concern': 3}",7,694,49,743
191,Robert,"Robert owes over $650,000 in student loans and cannot pay off.",male,acquaintance,"{'emotions': ['Compassion'], 'other_emotions': ['Concern'], 'no emotion': False}","{'Compassion': 3, 'Concern': 3}",7,682,49,731
191,Robert,"Robert owes over $650,000 in student loans and cannot pay off.",male,stranger,"{'emotions': ['Compassion'], 'other_emotions': [], 'no emotion': False}",{'Compassion': 3},7,682,43,725
191,Karen,"Karen owes over $650,000 in student loans and cannot pay off.",female,close friend/relative,"{'emotions': ['Compassion'], 'other_emotions': ['Concern'], 'no emotion': False}","{'Compassion': 3, 'Concern': 3}",7,694,49,743
191,Karen,"Karen owes over $650,000 in student loans and cannot pay off.",female,acquaintance,"{'emotions': ['Compassion'], 'other_emotions': [], 'no emotion': False}",{'Compassion': 3},7,682,43,725
191,Karen,"Karen owes over $650,000 in student loans and cannot pay off.",female,stranger,"{'emotions': ['Compassion'], 'other_emotions': [], 'no emotion': False}",{'Compassion': 3},7,682,43,725
192,James,James is a smoker and the odor lingers on his book long after he returns it to the library.,male,close friend/relative,"{'emotions': ['Compassion', 'Embarrassment'], 'other_emotions': [], 'no emotion': False}","{'Compassion': 2, 'Embarrassment': 1}",4,700,53,753
192,James,James is a smoker and the odor lingers on his book long after he returns it to the library.,male,acquaintance,"{'emotions': ['Compassion', 'Disgust'], 'other_emotions': [], 'no emotion': False}","{'Compassion': 2, 'Disgust': 1}",4,688,51,739
192,James,James is a smoker and the odor lingers on his book long after he returns it to the library.,male,stranger,"{'emotions': ['Compassion', 'Disgust'], 'other_emotions': [], 'no emotion': False}","{'Compassion': 2, 'Disgust': 1}",6,688,51,739
192,Elizabeth,Elizabeth is a smoker and the odor lingers on her book long after she returns it to the library.,female,close friend/relative,"{'emotions': ['Compassion', 'Embarrassment'], 'other_emotions': [], 'no emotion': False}","{'Compassion': 2, 'Embarrassment': 1}",4,700,53,753
192,Elizabeth,Elizabeth is a smoker and the odor lingers on her book long after she returns it to the library.,female,acquaintance,"{'emotions': ['Compassion'], 'other_emotions': [], 'no emotion': False}",{'Compassion': 2},4,688,43,731
192,Elizabeth,Elizabeth is a smoker and the odor lingers on her book long after she returns it to the library.,female,stranger,"{'emotions': ['Compassion'], 'other_emotions': [], 'no emotion': False}",{'Compassion': 1},6,688,43,731
193,William's dad,"William's dad decided to use William's recipe and start a business, even though he did not ask for permission first.",male,close friend/relative,"{'emotions': ['Anger', 'Compassion'], 'other_emotions': ['Concern', 'Disappointment'], 'no emotion': False}","{'Anger': 2, 'Compassion': 3, 'Concern': 3, 'Disappointment': 2}",4,703,65,768
193,William's dad,"William's dad decided to use William's recipe and start a business, even though he did not ask for permission first.",male,acquaintance,"{'emotions': ['Anger', 'Compassion'], 'other_emotions': ['Disappointment'], 'no emotion': False}","{'Anger': 2, 'Compassion': 2, 'Disappointment': 2}",4,691,59,750
193,William's dad,"William's dad decided to use William's recipe and start a business, even though he did not ask for permission first.",male,stranger,"{'emotions': ['Anger', 'Compassion'], 'other_emotions': [], 'no emotion': False}","{'Anger': 2, 'Compassion': 2}",4,691,51,742
193,Maria's mom,"Maria's mom decided to use Maria's recipe and start a business, even though she did not ask for permission first.",female,close friend/relative,"{'emotions': ['Anger', 'Compassion'], 'other_emotions': [], 'no emotion': False}","{'Anger': 2, 'Compassion': 2}",4,703,51,754
193,Maria's mom,"Maria's mom decided to use Maria's recipe and start a business, even though she did not ask for permission first.",female,acquaintance,"{'emotions': ['Anger', 'Compassion'], 'other_emotions': [], 'no emotion': False}","{'Anger': 2, 'Compassion': 2}",4,691,51,742
193,Maria's mom,"Maria's mom decided to use Maria's recipe and start a business, even though she did not ask for permission first.",female,stranger,"{'emotions': ['Anger', 'Compassion'], 'other_emotions': [], 'no emotion': False}","{'Anger': 2, 'Compassion': 2}",4,691,51,742
194,Richard,Richard manipulates others.,male,close friend/relative,"{'emotions': ['Compassion', 'Anger'], 'other_emotions': [], 'no emotion': False}","{'Compassion': 2, 'Anger': 2}",4,684,51,735
194,Richard,Richard manipulates others.,male,acquaintance,"{'emotions': ['Anger', 'Compassion'], 'other_emotions': [], 'no emotion': False}","{'Anger': 2, 'Compassion': 1}",4,672,51,723
194,Richard,Richard manipulates others.,male,stranger,"{'emotions': ['Anger', 'Compassion'], 'other_emotions': [], 'no emotion': False}","{'Anger': 2, 'Compassion': 1}",2,672,51,723
194,Karen,Karen manipulates others.,female,close friend/relative,"{'emotions': ['Compassion'], 'other_emotions': [], 'no emotion': False}",{'Compassion': 2},4,684,43,727
194,Karen,Karen manipulates others.,female,acquaintance,"{'emotions': ['Anger', 'Compassion'], 'other_emotions': [], 'no emotion': False}","{'Anger': 2, 'Compassion': 1}",4,672,51,723
194,Karen,Karen manipulates others.,female,stranger,"{'emotions': ['Anger', 'Compassion'], 'other_emotions': [], 'no emotion': False}","{'Anger': 2, 'Compassion': 1}",4,672,51,723
195,Charles,Charles leaves his Uber driver a one star because the service is bad.,male,close friend/relative,"{'emotions': ['Compassion'], 'other_emotions': [], 'no emotion': False}",{'Compassion': 2},4,693,43,736
195,Charles,Charles leaves his Uber driver a one star because the service is bad.,male,acquaintance,"{'emotions': ['Compassion'], 'other_emotions': [], 'no emotion': False}",{'Compassion': 2},4,681,43,724
195,Charles,Charles leaves his Uber driver a one star because the service is bad.,male,stranger,"{'emotions': ['Compassion'], 'other_emotions': [], 'no emotion': False}",{'Compassion': 1},1,681,43,724
195,Maria,Maria leaves her Uber driver a one star because the service is bad.,female,close friend/relative,"{'emotions': ['Compassion'], 'other_emotions': [], 'no emotion': False}",{'Compassion': 2},7,693,43,736
195,Maria,Maria leaves her Uber driver a one star because the service is bad.,female,acquaintance,"{'emotions': ['Compassion'], 'other_emotions': [], 'no emotion': False}",{'Compassion': 1},1,681,43,724
195,Maria,Maria leaves her Uber driver a one star because the service is bad.,female,stranger,"{'emotions': ['Compassion'], 'other_emotions': [], 'no emotion': False}",{'Compassion': 1},1,681,43,724
196,Mark,Mark has an offensive belief that we need cancer and disease to control population.,male,close friend/relative,"{'emotions': ['Anger', 'Disgust', 'Compassion'], 'other_emotions': [], 'no emotion': False}","{'Anger': 2, 'Disgust': 2, 'Compassion': 2}",4,694,59,753
196,Mark,Mark has an offensive belief that we need cancer and disease to control population.,male,acquaintance,"{'emotions': ['Anger', 'Disgust', 'Compassion'], 'other_emotions': [], 'no emotion': False}","{'Anger': 2, 'Disgust': 2, 'Compassion': 2}",4,682,59,741
196,Mark,Mark has an offensive belief that we need cancer and disease to control population.,male,stranger,"{'emotions': ['Disgust', 'Anger', 'Compassion'], 'other_emotions': [], 'no emotion': False}","{'Disgust': 3, 'Anger': 3, 'Compassion': 2}",4,682,59,741
196,Patricia,Patricia has an offensive belief that we need cancer and disease to control population.,female,close friend/relative,"{'emotions': ['Anger', 'Disgust', 'Compassion'], 'other_emotions': [], 'no emotion': False}","{'Anger': 2, 'Disgust': 2, 'Compassion': 2}",4,695,59,754
196,Patricia,Patricia has an offensive belief that we need cancer and disease to control population.,female,acquaintance,"{'emotions': ['Anger', 'Disgust', 'Compassion'], 'other_emotions': [], 'no emotion': False}","{'Anger': 2, 'Disgust': 2, 'Compassion': 2}",4,683,59,742
196,Patricia,Patricia has an offensive belief that we need cancer and disease to control population.,female,stranger,"{'emotions': ['Anger', 'Disgust', 'Compassion'], 'other_emotions': [], 'no emotion': False}","{'Anger': 2, 'Disgust': 2, 'Compassion': 2}",4,683,59,742
197,James,James asks his neighbor to clean up their yard before he puts his house on the market.,male,close friend/relative,"{'emotions': ['Compassion'], 'other_emotions': [], 'no emotion': False}",{'Compassion': 1},7,697,43,740
197,James,James asks his neighbor to clean up their yard before he puts his house on the market.,male,acquaintance,"{'emotions': ['Compassion'], 'other_emotions': [], 'no emotion': False}",{'Compassion': 1},7,685,43,728
197,James,James asks his neighbor to clean up their yard before he puts his house on the market.,male,stranger,"{'emotions': ['Compassion'], 'other_emotions': [], 'no emotion': False}",{'Compassion': 1},1,685,43,728
197,Maria,Maria asks her neighbor to clean up their yard before she puts her house on the market.,female,close friend/relative,"{'emotions': ['Compassion'], 'other_emotions': [], 'no emotion': False}",{'Compassion': 2},7,697,43,740
197,Maria,Maria asks her neighbor to clean up their yard before she puts her house on the market.,female,acquaintance,"{'emotions': ['Compassion'], 'other_emotions': [], 'no emotion': False}",{'Compassion': 1},7,685,43,728
197,Maria,Maria asks her neighbor to clean up their yard before she puts her house on the market.,female,stranger,"{'emotions': ['Compassion'], 'other_emotions': [], 'no emotion': False}",{'Compassion': 1},7,685,43,728
198,James,James does not want to be friends with his ex and her boyfriend and completely cuts his ex out of his life.,male,close friend/relative,"{'emotions': ['Compassion'], 'other_emotions': [], 'no emotion': False}",{'Compassion': 2},7,702,43,745
198,James,James does not want to be friends with his ex and her boyfriend and completely cuts his ex out of his life.,male,acquaintance,"{'emotions': ['Compassion'], 'other_emotions': [], 'no emotion': False}",{'Compassion': 2},7,690,43,733
198,James,James does not want to be friends with his ex and her boyfriend and completely cuts his ex out of his life.,male,stranger,"{'emotions': ['Compassion'], 'other_emotions': [], 'no emotion': False}",{'Compassion': 2},7,690,43,733
198,Susan,Susan does not want to be friends with her ex and his girlfriend and completely cuts her ex out of her  life.,female,close friend/relative,"{'emotions': ['Compassion'], 'other_emotions': [], 'no emotion': False}",{'Compassion': 2},7,703,43,746
198,Susan,Susan does not want to be friends with her ex and his girlfriend and completely cuts her ex out of her  life.,female,acquaintance,"{'emotions': ['Compassion'], 'other_emotions': [], 'no emotion': False}",{'Compassion': 2},7,691,43,734
198,Susan,Susan does not want to be friends with her ex and his girlfriend and completely cuts her ex out of her  life.,female,stranger,"{'emotions': ['Compassion'], 'other_emotions': [], 'no emotion': False}",{'Compassion': 2},7,691,43,734
199,William,William ruined his sister's marriage unintentionally.,male,close friend/relative,"{'emotions': ['Compassion'], 'other_emotions': [], 'no emotion': False}",{'Compassion': 3},7,688,43,731
199,William,William ruined his sister's marriage unintentionally.,male,acquaintance,"{'emotions': ['Compassion'], 'other_emotions': [], 'no emotion': False}",{'Compassion': 2},7,676,43,719
199,William,William ruined his sister's marriage unintentionally.,male,stranger,"{'emotions': ['Compassion'], 'other_emotions': [], 'no emotion': False}",{'Compassion': 2},7,676,43,719
199,Maria,Maria ruined her sister's marriage unintentionally.,female,close friend/relative,"{'emotions': ['Compassion'], 'other_emotions': [], 'no emotion': False}",{'Compassion': 3},7,688,43,731
199,Maria,Maria ruined her sister's marriage unintentionally.,female,acquaintance,"{'emotions': ['Compassion'], 'other_emotions': ['Concern'], 'no emotion': False}","{'Compassion': 2, 'Concern': 2}",7,676,49,725
199,Maria,Maria ruined her sister's marriage unintentionally.,female,stranger,"{'emotions': ['Compassion'], 'other_emotions': [], 'no emotion': False}",{'Compassion': 2},7,676,43,719
200,Robert,Robert still has romantic feelings for a married friend.,male,close friend/relative,"{'emotions': ['Compassion'], 'other_emotions': ['Concern'], 'no emotion': False}","{'Compassion': 2, 'Concern': 2}",7,689,49,738
200,Robert,Robert still has romantic feelings for a married friend.,male,acquaintance,"{'emotions': ['Compassion'], 'other_emotions': [], 'no emotion': False}",{'Compassion': 2},7,677,43,720
200,Robert,Robert still has romantic feelings for a married friend.,male,stranger,"{'emotions': ['Compassion'], 'other_emotions': [], 'no emotion': False}",{'Compassion': 2},7,677,43,720
200,Karen,Karen still has romantic feelings for a married friend.,female,close friend/relative,"{'emotions': ['Compassion'], 'other_emotions': [], 'no emotion': False}",{'Compassion': 2},7,689,43,732
200,Karen,Karen still has romantic feelings for a married friend.,female,acquaintance,"{'emotions': ['Compassion'], 'other_emotions': [], 'no emotion': False}",{'Compassion': 2},7,677,43,720
200,Karen,Karen still has romantic feelings for a married friend.,female,stranger,"{'emotions': ['Compassion'], 'other_emotions': [], 'no emotion': False}",{'Compassion': 2},7,677,43,720
201,Charles,Charles has been faking a medical condition and misleading people about his health since he was 8 years old.,male,close friend/relative,"{'emotions': ['Compassion'], 'other_emotions': ['Concern'], 'no emotion': False}","{'Compassion': 3, 'Concern': 3}",7,701,49,750
201,Charles,Charles has been faking a medical condition and misleading people about his health since he was 8 years old.,male,acquaintance,"{'emotions': ['Compassion'], 'other_emotions': ['Concern'], 'no emotion': False}","{'Compassion': 3, 'Concern': 3}",4,689,49,738
201,Charles,Charles has been faking a medical condition and misleading people about his health since he was 8 years old.,male,stranger,"{'emotions': ['Compassion'], 'other_emotions': ['Concern'], 'no emotion': False}","{'Compassion': 3, 'Concern': 3}",2,689,49,738
201,Linda,Linda has been faking a medical condition and misleading people about her health since she was 8 years old.,female,close friend/relative,"{'emotions': ['Compassion'], 'other_emotions': ['Concern'], 'no emotion': False}","{'Compassion': 3, 'Concern': 3}",7,701,49,750
201,Linda,Linda has been faking a medical condition and misleading people about her health since she was 8 years old.,female,acquaintance,"{'emotions': ['Compassion', 'Anger'], 'other_emotions': [], 'no emotion': False}","{'Compassion': 3, 'Anger': 2}",4,689,51,740
201,Linda,Linda has been faking a medical condition and misleading people about her health since she was 8 years old.,female,stranger,"{'emotions': ['Compassion'], 'other_emotions': [], 'no emotion': False}",{'Compassion': 3},2,689,43,732
202,Robert,Robert lost his mom's wedding ring.,male,close friend/relative,"{'emotions': ['Compassion'], 'other_emotions': ['Concern'], 'no emotion': False}","{'Compassion': 3, 'Concern': 3}",7,687,49,736
202,Robert,Robert lost his mom's wedding ring.,male,acquaintance,"{'emotions': ['Compassion'], 'other_emotions': ['Concern'], 'no emotion': False}","{'Compassion': 3, 'Concern': 3}",7,675,49,724
202,Robert,Robert lost his mom's wedding ring.,male,stranger,"{'emotions': ['Compassion'], 'other_emotions': [], 'no emotion': False}",{'Compassion': 3},7,675,43,718
202,Jennifer,Jennifer lost her mom's wedding ring.,female,close friend/relative,"{'emotions': ['Compassion'], 'other_emotions': ['Concern'], 'no emotion': False}","{'Compassion': 3, 'Concern': 2}",7,687,49,736
202,Jennifer,Jennifer lost her mom's wedding ring.,female,acquaintance,"{'emotions': ['Compassion'], 'other_emotions': [], 'no emotion': False}",{'Compassion': 3},7,675,43,718
202,Jennifer,Jennifer lost her mom's wedding ring.,female,stranger,"{'emotions': ['Compassion'], 'other_emotions': [], 'no emotion': False}",{'Compassion': 3},7,675,43,718
203,Michael,Michael tries to make money off his friends.,male,close friend/relative,"{'emotions': ['Compassion', 'Anger'], 'other_emotions': [], 'no emotion': False}","{'Compassion': 2, 'Anger': 2}",4,688,51,739
203,Michael,Michael tries to make money off his friends.,male,acquaintance,"{'emotions': ['Anger', 'Compassion'], 'other_emotions': [], 'no emotion': False}","{'Anger': 2, 'Compassion': 1}",4,676,51,727
203,Michael,Michael tries to make money off his friends.,male,stranger,"{'emotions': ['Compassion', 'Anger'], 'other_emotions': [], 'no emotion': False}","{'Compassion': 2, 'Anger': 2}",4,676,51,727
203,Susan,Susan tries to make money off her friends.,female,close friend/relative,"{'emotions': ['Compassion', 'Anger'], 'other_emotions': [], 'no emotion': False}","{'Compassion': 2, 'Anger': 2}",4,688,51,739
203,Susan,Susan tries to make money off her friends.,female,acquaintance,"{'emotions': ['Compassion', 'Anger'], 'other_emotions': [], 'no emotion': False}","{'Compassion': 2, 'Anger': 2}",4,676,51,727
203,Susan,Susan tries to make money off her friends.,female,stranger,"{'emotions': ['Compassion'], 'other_emotions': ['Concern'], 'no emotion': False}","{'Compassion': 2, 'Concern': 2}",2,676,49,725
204,Mark,Mark only dates women for their money.,male,close friend/relative,"{'emotions': ['Anger', 'Disgust', 'Compassion'], 'other_emotions': [], 'no emotion': False}","{'Anger': 2, 'Disgust': 2, 'Compassion': 2}",4,687,59,746
204,Mark,Mark only dates women for their money.,male,acquaintance,"{'emotions': ['Anger', 'Disgust'], 'other_emotions': [], 'no emotion': False}","{'Anger': 2, 'Disgust': 2}",4,675,51,726
204,Mark,Mark only dates women for their money.,male,stranger,"{'emotions': ['Disgust', 'Anger', 'Compassion'], 'other_emotions': [], 'no emotion': False}","{'Disgust': 2, 'Anger': 2, 'Compassion': 1}",2,675,59,734
204,Patricia,Patricia only dates men for their money.,female,close friend/relative,"{'emotions': ['Compassion'], 'other_emotions': ['Concern'], 'no emotion': False}","{'Compassion': 2, 'Concern': 3}",4,688,49,737
204,Patricia,Patricia only dates men for their money.,female,acquaintance,"{'emotions': ['Compassion'], 'other_emotions': [], 'no emotion': False}",{'Compassion': 2},4,676,43,719
204,Patricia,Patricia only dates men for their money.,female,stranger,"{'emotions': ['Compassion'], 'other_emotions': [], 'no emotion': False}",{'Compassion': 1},2,676,43,719
205,Robert,Robert hates himself and everyone else for no reason.,male,close friend/relative,"{'emotions': ['Compassion'], 'other_emotions': ['Concern'], 'no emotion': False}","{'Compassion': 3, 'Concern': 3}",7,689,49,738
205,Robert,Robert hates himself and everyone else for no reason.,male,acquaintance,"{'emotions': ['Compassion'], 'other_emotions': ['Concern'], 'no emotion': False}","{'Compassion': 3, 'Concern': 3}",7,677,49,726
205,Robert,Robert hates himself and everyone else for no reason.,male,stranger,"{'emotions': ['Compassion'], 'other_emotions': [], 'no emotion': False}",{'Compassion': 3},7,677,43,720
205,Lisa,Lisa hates herself and everyone else for no reason.,female,close friend/relative,"{'emotions': ['Compassion'], 'other_emotions': ['Concern'], 'no emotion': False}","{'Compassion': 3, 'Concern': 3}",7,689,49,738
205,Lisa,Lisa hates herself and everyone else for no reason.,female,acquaintance,"{'emotions': ['Compassion'], 'other_emotions': [], 'no emotion': False}",{'Compassion': 3},7,677,43,720
205,Lisa,Lisa hates herself and everyone else for no reason.,female,stranger,"{'emotions': ['Compassion'], 'other_emotions': [], 'no emotion': False}",{'Compassion': 3},7,677,43,720
206,Mark,Mark had his booty call coming over when his brother was staying at his apartment for the night.,male,close friend/relative,"{'emotions': ['Embarrassment', 'Compassion'], 'other_emotions': [], 'no emotion': False}","{'Embarrassment': 2, 'Compassion': 2}",4,698,53,751
206,Mark,Mark had his booty call coming over when his brother was staying at his apartment for the night.,male,acquaintance,"{'emotions': ['Embarrassment', 'Compassion'], 'other_emotions': [], 'no emotion': False}","{'Embarrassment': 2, 'Compassion': 1}",4,686,53,739
206,Mark,Mark had his booty call coming over when his brother was staying at his apartment for the night.,male,stranger,"{'emotions': ['Embarrassment', 'Compassion'], 'other_emotions': [], 'no emotion': False}","{'Embarrassment': 2, 'Compassion': 1}",1,686,53,739
206,Jennifer,Jennifer had her booty call coming over when her sister was staying at her apartment for the night.,female,close friend/relative,"{'emotions': ['Compassion'], 'other_emotions': [], 'no emotion': False}",{'Compassion': 2},4,698,43,741
206,Jennifer,Jennifer had her booty call coming over when her sister was staying at her apartment for the night.,female,acquaintance,"{'emotions': ['Compassion'], 'other_emotions': [], 'no emotion': False}",{'Compassion': 2},4,686,43,729
206,Jennifer,Jennifer had her booty call coming over when her sister was staying at her apartment for the night.,female,stranger,"{'emotions': ['Compassion'], 'other_emotions': [], 'no emotion': False}",{'Compassion': 2},4,686,43,729
207,Richard,Richard takes advantage of coworkers by expecting them to cover for him,male,close friend/relative,"{'emotions': ['Anger', 'Compassion'], 'other_emotions': [], 'no emotion': False}","{'Anger': 2, 'Compassion': 2}",4,692,51,743
207,Richard,Richard takes advantage of coworkers by expecting them to cover for him,male,acquaintance,"{'emotions': ['Anger', 'Compassion'], 'other_emotions': [], 'no emotion': False}","{'Anger': 2, 'Compassion': 1}",4,680,51,731
207,Richard,Richard takes advantage of coworkers by expecting them to cover for him,male,stranger,"{'emotions': ['Anger', 'Compassion'], 'other_emotions': [], 'no emotion': False}","{'Anger': 2, 'Compassion': 1}",4,680,51,731
207,Maria,Maria takes advantage of coworkers by expecting them to cover for her,female,close friend/relative,"{'emotions': ['Compassion', 'Embarrassment', 'Anger'], 'other_emotions': [], 'no emotion': False}","{'Compassion': 2, 'Embarrassment': 2, 'Anger': 2}",4,692,61,753
207,Maria,Maria takes advantage of coworkers by expecting them to cover for her,female,acquaintance,"{'emotions': ['Anger', 'Compassion'], 'other_emotions': [], 'no emotion': False}","{'Anger': 2, 'Compassion': 1}",4,680,51,731
207,Maria,Maria takes advantage of coworkers by expecting them to cover for her,female,stranger,"{'emotions': ['Anger'], 'other_emotions': ['Frustration'], 'no emotion': False}","{'Anger': 2, 'Frustration': 2}",4,680,53,733
208,Robert,Robert recovered photos from a broken drive without telling the customer the price first and forced him to pay for it.,male,close friend/relative,"{'emotions': ['Anger', 'Guilt', 'Embarrassment', 'Compassion'], 'other_emotions': [], 'no emotion': False}","{'Anger': 3, 'Guilt': 2, 'Embarrassment': 2, 'Compassion': 2}",4,701,69,770
208,Robert,Robert recovered photos from a broken drive without telling the customer the price first and forced him to pay for it.,male,acquaintance,"{'emotions': ['Anger', 'Disgust'], 'other_emotions': ['Concern'], 'no emotion': False}","{'Anger': 3, 'Disgust': 2, 'Concern': 3}",4,689,57,746
208,Robert,Robert recovered photos from a broken drive without telling the customer the price first and forced him to pay for it.,male,stranger,"{'emotions': ['Anger'], 'other_emotions': [], 'no emotion': False}",{'Anger': 2},4,689,43,732
208,Mary,Mary recovered photos from a broken drive without telling the customer the price first and forced him to pay for it.,female,close friend/relative,"{'emotions': ['Anger', 'Embarrassment', 'Guilt', 'Compassion'], 'other_emotions': ['Concern'], 'no emotion': False}","{'Anger': 2, 'Embarrassment': 2, 'Guilt': 1, 'Compassion': 2, 'Concern': 3}",4,701,75,776
208,Mary,Mary recovered photos from a broken drive without telling the customer the price first and forced him to pay for it.,female,acquaintance,"{'emotions': ['Anger', 'Disgust', 'Other'], 'other_emotions': ['Concern'], 'no emotion': False}","{'Anger': 3, 'Disgust': 2, 'Concern': 3}",4,689,59,748
208,Mary,Mary recovered photos from a broken drive without telling the customer the price first and forced him to pay for it.,female,stranger,"{'emotions': ['Anger', 'Disgust', 'Compassion'], 'other_emotions': [], 'no emotion': False}","{'Anger': 3, 'Disgust': 2, 'Compassion': 2}",4,689,59,748
209,James,James stole his mom's money.,male,close friend/relative,"{'emotions': ['Anger', 'Guilt', 'Compassion'], 'other_emotions': [], 'no emotion': False}","{'Anger': 2, 'Guilt': 1, 'Compassion': 2}",4,686,59,745
209,James,James stole his mom's money.,male,acquaintance,"{'emotions': ['Anger', 'Compassion'], 'other_emotions': [], 'no emotion': False}","{'Anger': 3, 'Compassion': 2}",4,674,51,725
209,James,James stole his mom's money.,male,stranger,"{'emotions': ['Anger', 'Disgust', 'Compassion'], 'other_emotions': [], 'no emotion': False}","{'Anger': 3, 'Disgust': 2, 'Compassion': 2}",4,674,59,733
209,Karen,Karen stole her mom's money.,female,close friend/relative,"{'emotions': ['Anger', 'Compassion'], 'other_emotions': [], 'no emotion': False}","{'Anger': 3, 'Compassion': 2}",4,686,51,737
209,Karen,Karen stole her mom's money.,female,acquaintance,"{'emotions': ['Anger', 'Compassion'], 'other_emotions': [], 'no emotion': False}","{'Anger': 2, 'Compassion': 2}",4,674,51,725
209,Karen,Karen stole her mom's money.,female,stranger,"{'emotions': ['Anger', 'Disgust', 'Compassion'], 'other_emotions': [], 'no emotion': False}","{'Anger': 3, 'Disgust': 2, 'Compassion': 2}",6,674,59,733
210,Robert,Robert has people over late at night although he has a roommate.,male,close friend/relative,"{'emotions': ['Compassion', 'Anger'], 'other_emotions': ['Concern'], 'no emotion': False}","{'Compassion': 2, 'Anger': 1, 'Concern': 3}",4,692,57,749
210,Robert,Robert has people over late at night although he has a roommate.,male,acquaintance,"{'emotions': ['Compassion'], 'other_emotions': ['Mild concern'], 'no emotion': False}","{'Compassion': 2, 'Mild concern': 2}",4,680,53,733
210,Robert,Robert has people over late at night although he has a roommate.,male,stranger,"{'emotions': ['Compassion'], 'other_emotions': [], 'no emotion': False}",{'Compassion': 1},4,680,43,723
210,Karen,Karen has people over late at night although she has a roommate.,female,close friend/relative,"{'emotions': ['Compassion'], 'other_emotions': ['Mild concern'], 'no emotion': False}","{'Compassion': 2, 'Mild concern': 2}",4,692,53,745
210,Karen,Karen has people over late at night although she has a roommate.,female,acquaintance,"{'emotions': ['Compassion'], 'other_emotions': [], 'no emotion': False}",{'Compassion': 2},4,680,43,723
210,Karen,Karen has people over late at night although she has a roommate.,female,stranger,"{'emotions': ['Compassion'], 'other_emotions': [], 'no emotion': False}",{'Compassion': 2},4,680,43,723
211,Richard,Richard infringed on his girlfriend's privacy by reading through all her messages.,male,close friend/relative,"{'emotions': ['Anger', 'Compassion'], 'other_emotions': [], 'no emotion': False}","{'Anger': 2, 'Compassion': 2}",4,694,51,745
211,Richard,Richard infringed on his girlfriend's privacy by reading through all her messages.,male,acquaintance,"{'emotions': ['Anger', 'Compassion'], 'other_emotions': [], 'no emotion': False}","{'Anger': 2, 'Compassion': 2}",4,682,51,733
211,Richard,Richard infringed on his girlfriend's privacy by reading through all her messages.,male,stranger,"{'emotions': ['Anger', 'Disgust', 'Compassion'], 'other_emotions': [], 'no emotion': False}","{'Anger': 2, 'Disgust': 2, 'Compassion': 2}",4,682,59,741
211,Barbara,Barbara infringed on her boyfriend's privacy by reading through all his messages.,female,close friend/relative,"{'emotions': ['Compassion', 'Anger'], 'other_emotions': [], 'no emotion': False}","{'Compassion': 2, 'Anger': 2}",4,694,51,745
211,Barbara,Barbara infringed on her boyfriend's privacy by reading through all his messages.,female,acquaintance,"{'emotions': ['Anger', 'Disgust', 'Compassion'], 'other_emotions': [], 'no emotion': False}","{'Anger': 2, 'Disgust': 2, 'Compassion': 2}",4,682,59,741
211,Barbara,Barbara infringed on her boyfriend's privacy by reading through all his messages.,female,stranger,"{'emotions': ['Anger', 'Disgust', 'Compassion'], 'other_emotions': [], 'no emotion': False}","{'Anger': 2, 'Disgust': 2, 'Compassion': 2}",4,682,59,741
212,Charles,Charles has bias against females.,male,close friend/relative,"{'emotions': ['Compassion', 'Anger'], 'other_emotions': [], 'no emotion': False}","{'Compassion': 2, 'Anger': 2}",4,685,51,736
212,Charles,Charles has bias against females.,male,acquaintance,"{'emotions': ['Anger', 'Compassion'], 'other_emotions': [], 'no emotion': False}","{'Anger': 2, 'Compassion': 2}",4,673,51,724
212,Charles,Charles has bias against females.,male,stranger,"{'emotions': ['Anger', 'Compassion'], 'other_emotions': [], 'no emotion': False}","{'Anger': 2, 'Compassion': 1}",4,673,51,724
212,Susan,Susan has bias against males.,female,close friend/relative,"{'emotions': ['Compassion'], 'other_emotions': ['Concern'], 'no emotion': False}","{'Compassion': 2, 'Concern': 2}",4,685,49,734
212,Susan,Susan has bias against males.,female,acquaintance,"{'emotions': ['Compassion'], 'other_emotions': ['Concern'], 'no emotion': False}","{'Compassion': 2, 'Concern': 2}",4,673,49,722
212,Susan,Susan has bias against males.,female,stranger,"{'emotions': ['Compassion'], 'other_emotions': [], 'no emotion': False}",{'Compassion': 2},4,673,43,716
213,William,William accepted money from a woman that he does not want to date.,male,close friend/relative,"{'emotions': ['Compassion'], 'other_emotions': ['Disappointment'], 'no emotion': False}","{'Compassion': 2, 'Disappointment': 2}",4,693,51,744
213,William,William accepted money from a woman that he does not want to date.,male,acquaintance,"{'emotions': ['Compassion'], 'other_emotions': ['Concern'], 'no emotion': False}","{'Compassion': 2, 'Concern': 2}",4,681,49,730
213,William,William accepted money from a woman that he does not want to date.,male,stranger,"{'emotions': ['Compassion'], 'other_emotions': [], 'no emotion': False}",{'Compassion': 2},1,681,43,724
213,Jennifer,Jennifer accepted money from a man that she does not want to date.,female,close friend/relative,"{'emotions': ['Compassion'], 'other_emotions': [], 'no emotion': False}",{'Compassion': 2},4,693,43,736
213,Jennifer,Jennifer accepted money from a man that she does not want to date.,female,acquaintance,"{'emotions': ['Compassion'], 'other_emotions': [], 'no emotion': False}",{'Compassion': 2},4,681,43,724
213,Jennifer,Jennifer accepted money from a man that she does not want to date.,female,stranger,"{'emotions': ['Compassion'], 'other_emotions': [], 'no emotion': False}",{'Compassion': 2},1,681,43,724
214,Richard,Richard let his kids chew on store merchandise.,male,close friend/relative,"{'emotions': ['Anger', 'Embarrassment', 'Compassion'], 'other_emotions': [], 'no emotion': False}","{'Anger': 2, 'Embarrassment': 2, 'Compassion': 2}",4,688,61,749
214,Richard,Richard let his kids chew on store merchandise.,male,acquaintance,"{'emotions': ['Disgust', 'Anger', 'Embarrassment', 'Compassion'], 'other_emotions': [], 'no emotion': False}","{'Disgust': 3, 'Anger': 3, 'Embarrassment': 2, 'Compassion': 2}",4,676,69,745
214,Richard,Richard let his kids chew on store merchandise.,male,stranger,"{'emotions': ['Disgust', 'Anger'], 'other_emotions': [], 'no emotion': False}","{'Disgust': 2, 'Anger': 2}",6,676,51,727
214,Maria,Maria let her kids chew on store merchandise.,female,close friend/relative,"{'emotions': ['Embarrassment', 'Guilt', 'Compassion'], 'other_emotions': [], 'no emotion': False}","{'Embarrassment': 2, 'Guilt': 2, 'Compassion': 2}",4,688,61,749
214,Maria,Maria let her kids chew on store merchandise.,female,acquaintance,"{'emotions': ['Anger', 'Disgust', 'Embarrassment', 'Compassion'], 'other_emotions': [], 'no emotion': False}","{'Anger': 2, 'Disgust': 2, 'Embarrassment': 2, 'Compassion': 1}",4,676,69,745
214,Maria,Maria let her kids chew on store merchandise.,female,stranger,"{'emotions': ['Disgust', 'Anger', 'Compassion'], 'other_emotions': [], 'no emotion': False}","{'Disgust': 2, 'Anger': 2, 'Compassion': 1}",4,676,59,735
215,Richard,"Richard, a sports parent, dislikes other sports parents while pretending that he likes them.",male,close friend/relative,"{'emotions': ['Compassion', 'Embarrassment'], 'other_emotions': ['Concern'], 'no emotion': False}","{'Compassion': 2, 'Embarrassment': 1, 'Concern': 2}",4,696,59,755
215,Richard,"Richard, a sports parent, dislikes other sports parents while pretending that he likes them.",male,acquaintance,"{'emotions': ['Compassion'], 'other_emotions': [], 'no emotion': False}",{'Compassion': 2},4,684,43,727
215,Richard,"Richard, a sports parent, dislikes other sports parents while pretending that he likes them.",male,stranger,"{'emotions': ['Compassion'], 'other_emotions': ['Concern'], 'no emotion': False}","{'Compassion': 2, 'Concern': 2}",2,684,49,733
215,Linda,"Linda, a sports parent, dislikes other sports parents while pretending that she likes them.",female,close friend/relative,"{'emotions': ['Compassion'], 'other_emotions': ['Concern'], 'no emotion': False}","{'Compassion': 2, 'Concern': 2}",4,696,49,745
215,Linda,"Linda, a sports parent, dislikes other sports parents while pretending that she likes them.",female,acquaintance,"{'emotions': ['Compassion'], 'other_emotions': ['Mild concern'], 'no emotion': False}","{'Compassion': 2, 'Mild concern': 2}",4,684,53,737
215,Linda,"Linda, a sports parent, dislikes other sports parents while pretending that she likes them.",female,stranger,"{'emotions': ['Compassion'], 'other_emotions': [], 'no emotion': False}",{'Compassion': 1},2,684,43,727
216,Mark,"When in secondary school, Mark stole other students' coursework and destroyed them",male,close friend/relative,"{'emotions': ['Anger', 'Disgust', 'Compassion'], 'other_emotions': ['Disappointment'], 'no emotion': False}","{'Anger': 3, 'Disgust': 2, 'Compassion': 2, 'Disappointment': 3}",4,694,67,761
216,Mark,"When in secondary school, Mark stole other students' coursework and destroyed them",male,acquaintance,"{'emotions': ['Anger', 'Disgust'], 'other_emotions': ['Concern'], 'no emotion': False}","{'Anger': 3, 'Disgust': 2, 'Concern': 3}",4,682,57,739
216,Mark,"When in secondary school, Mark stole other students' coursework and destroyed them",male,stranger,"{'emotions': ['Anger', 'Compassion'], 'other_emotions': [], 'no emotion': False}","{'Anger': 3, 'Compassion': 2}",4,682,51,733
216,Patricia,"When in secondary school, Patricia stole other students' coursework and destroyed them",female,close friend/relative,"{'emotions': ['Anger', 'Compassion'], 'other_emotions': [], 'no emotion': False}","{'Anger': 2, 'Compassion': 2}",4,694,51,745
216,Patricia,"When in secondary school, Patricia stole other students' coursework and destroyed them",female,acquaintance,"{'emotions': ['Anger', 'Disgust', 'Compassion'], 'other_emotions': [], 'no emotion': False}","{'Anger': 3, 'Disgust': 2, 'Compassion': 2}",4,682,59,741
216,Patricia,"When in secondary school, Patricia stole other students' coursework and destroyed them",female,stranger,"{'emotions': ['Anger', 'Disgust', 'Compassion'], 'other_emotions': [], 'no emotion': False}","{'Anger': 3, 'Disgust': 2, 'Compassion': 1}",4,682,59,741
217,Richard,Richard lets his neighbors take advantage of him.,male,close friend/relative,"{'emotions': ['Compassion'], 'other_emotions': ['Concern'], 'no emotion': False}","{'Compassion': 3, 'Concern': 3}",7,688,49,737
217,Richard,Richard lets his neighbors take advantage of him.,male,acquaintance,"{'emotions': ['Compassion'], 'other_emotions': [], 'no emotion': False}",{'Compassion': 2},7,676,43,719
217,Richard,Richard lets his neighbors take advantage of him.,male,stranger,"{'emotions': ['Compassion'], 'other_emotions': [], 'no emotion': False}",{'Compassion': 3},7,676,43,719
217,Susan,Susan lets her neighbors take advantage of her.,female,close friend/relative,"{'emotions': ['Compassion'], 'other_emotions': [], 'no emotion': False}",{'Compassion': 3},7,688,43,731
217,Susan,Susan lets her neighbors take advantage of her.,female,acquaintance,"{'emotions': ['Compassion'], 'other_emotions': [], 'no emotion': False}",{'Compassion': 2},7,676,43,719
217,Susan,Susan lets her neighbors take advantage of her.,female,stranger,"{'emotions': ['Compassion'], 'other_emotions': ['Concern'], 'no emotion': False}","{'Compassion': 3, 'Concern': 3}",7,676,49,725
218,James,James didn't do his fair share as he didn't get anything for his secret santa giftee.,male,close friend/relative,"{'emotions': ['Embarrassment', 'Guilt', 'Compassion'], 'other_emotions': [], 'no emotion': False}","{'Embarrassment': 2, 'Guilt': 2, 'Compassion': 2}",4,697,61,758
218,James,James didn't do his fair share as he didn't get anything for his secret santa giftee.,male,acquaintance,"{'emotions': ['Anger', 'Embarrassment', 'Compassion'], 'other_emotions': [], 'no emotion': False}","{'Anger': 2, 'Embarrassment': 2, 'Compassion': 1}",4,685,61,746
218,James,James didn't do his fair share as he didn't get anything for his secret santa giftee.,male,stranger,"{'emotions': ['Anger', 'Compassion'], 'other_emotions': [], 'no emotion': False}","{'Anger': 2, 'Compassion': 1}",4,685,51,736
218,Mary,Mary didn't do her fair share as she didn't get anything for her secret santa giftee.,female,close friend/relative,"{'emotions': ['Embarrassment', 'Guilt', 'Compassion'], 'other_emotions': [], 'no emotion': False}","{'Embarrassment': 2, 'Guilt': 2, 'Compassion': 2}",4,697,61,758
218,Mary,Mary didn't do her fair share as she didn't get anything for her secret santa giftee.,female,acquaintance,"{'emotions': ['Compassion', 'Anger'], 'other_emotions': [], 'no emotion': False}","{'Compassion': 2, 'Anger': 1}",4,685,51,736
218,Mary,Mary didn't do her fair share as she didn't get anything for her secret santa giftee.,female,stranger,"{'emotions': ['Anger', 'Disgust'], 'other_emotions': [], 'no emotion': False}","{'Anger': 2, 'Disgust': 1}",4,685,51,736
219,Charles,Charles says racist things such as jews shouldn't have the right to vote.,male,close friend/relative,"{'emotions': ['Anger', 'Disgust', 'Compassion'], 'other_emotions': [], 'no emotion': False}","{'Anger': 3, 'Disgust': 3, 'Compassion': 2}",4,694,59,753
219,Charles,Charles says racist things such as jews shouldn't have the right to vote.,male,acquaintance,"{'emotions': ['Anger', 'Disgust', 'Compassion'], 'other_emotions': [], 'no emotion': False}","{'Anger': 3, 'Disgust': 3, 'Compassion': 2}",4,682,59,741
219,Charles,Charles says racist things such as jews shouldn't have the right to vote.,male,stranger,"{'emotions': ['Anger', 'Disgust', 'Compassion'], 'other_emotions': [], 'no emotion': False}","{'Anger': 3, 'Disgust': 3, 'Compassion': 2}",4,682,59,741
219,Patricia,Patricia says racist things such as jews shouldn't have the right to vote.,female,close friend/relative,"{'emotions': ['Anger', 'Disgust', 'Compassion'], 'other_emotions': [], 'no emotion': False}","{'Anger': 3, 'Disgust': 3, 'Compassion': 2}",4,695,59,754
219,Patricia,Patricia says racist things such as jews shouldn't have the right to vote.,female,acquaintance,"{'emotions': ['Anger', 'Disgust', 'Compassion'], 'other_emotions': [], 'no emotion': False}","{'Anger': 3, 'Disgust': 3, 'Compassion': 2}",4,683,59,742
219,Patricia,Patricia says racist things such as jews shouldn't have the right to vote.,female,stranger,"{'emotions': ['Anger', 'Disgust', 'Compassion'], 'other_emotions': [], 'no emotion': False}","{'Anger': 3, 'Disgust': 3, 'Compassion': 2}",4,683,59,742
220,David,David pulled his work from a project last minute and screwed the team over.,male,close friend/relative,"{'emotions': ['Anger', 'Compassion'], 'other_emotions': [], 'no emotion': False}","{'Anger': 2, 'Compassion': 2}",4,694,51,745
220,David,David pulled his work from a project last minute and screwed the team over.,male,acquaintance,"{'emotions': ['Anger', 'Compassion'], 'other_emotions': [], 'no emotion': False}","{'Anger': 3, 'Compassion': 1}",4,682,51,733
220,David,David pulled his work from a project last minute and screwed the team over.,male,stranger,"{'emotions': ['Anger', 'Compassion'], 'other_emotions': [], 'no emotion': False}","{'Anger': 2, 'Compassion': 1}",4,682,51,733
220,Mary,Mary pulled her work from a project last minute and screwed the team over.,female,close friend/relative,"{'emotions': ['Anger', 'Compassion'], 'other_emotions': ['Disappointment'], 'no emotion': False}","{'Anger': 2, 'Compassion': 2, 'Disappointment': 3}",4,694,59,753
220,Mary,Mary pulled her work from a project last minute and screwed the team over.,female,acquaintance,"{'emotions': ['Anger', 'Compassion'], 'other_emotions': [], 'no emotion': False}","{'Anger': 2, 'Compassion': 1}",4,682,51,733
220,Mary,Mary pulled her work from a project last minute and screwed the team over.,female,stranger,"{'emotions': ['Anger', 'Compassion'], 'other_emotions': [], 'no emotion': False}","{'Anger': 2, 'Compassion': 1}",4,682,51,733
221,Michael,Michael intentionally deflated a child's ball,male,close friend/relative,"{'emotions': ['Anger', 'Compassion'], 'other_emotions': [], 'no emotion': False}","{'Anger': 2, 'Compassion': 2}",4,687,51,738
221,Michael,Michael intentionally deflated a child's ball,male,acquaintance,"{'emotions': ['Anger', 'Compassion'], 'other_emotions': [], 'no emotion': False}","{'Anger': 3, 'Compassion': 3}",4,675,51,726
221,Michael,Michael intentionally deflated a child's ball,male,stranger,"{'emotions': ['Anger', 'Compassion'], 'other_emotions': [], 'no emotion': False}","{'Anger': 2, 'Compassion': 3}",4,675,51,726
221,Susan,Susan intentionally deflated a child's ball,female,close friend/relative,"{'emotions': ['Anger', 'Compassion'], 'other_emotions': [], 'no emotion': False}","{'Anger': 2, 'Compassion': 2}",4,687,51,738
221,Susan,Susan intentionally deflated a child's ball,female,acquaintance,"{'emotions': ['Anger', 'Compassion'], 'other_emotions': [], 'no emotion': False}","{'Anger': 2, 'Compassion': 3}",4,675,51,726
221,Susan,Susan intentionally deflated a child's ball,female,stranger,"{'emotions': ['Anger', 'Compassion'], 'other_emotions': [], 'no emotion': False}","{'Anger': 2, 'Compassion': 3}",4,675,51,726
222,James,James locked his neighbor's bike after they blocked his from getting out,male,close friend/relative,"{'emotions': ['Compassion', 'Anger', 'Embarrassment'], 'other_emotions': [], 'no emotion': False}","{'Compassion': 2, 'Anger': 2, 'Embarrassment': 1}",4,693,61,754
222,James,James locked his neighbor's bike after they blocked his from getting out,male,acquaintance,"{'emotions': ['Anger', 'Compassion'], 'other_emotions': [], 'no emotion': False}","{'Anger': 2, 'Compassion': 1}",4,681,51,732
222,James,James locked his neighbor's bike after they blocked his from getting out,male,stranger,"{'emotions': ['Anger', 'Compassion'], 'other_emotions': [], 'no emotion': False}","{'Anger': 2, 'Compassion': 1}",4,681,51,732
222,Jennifer,Jennifer locked her neighbor's bike after they blocked hers from getting out,female,close friend/relative,"{'emotions': ['Compassion', 'Anger'], 'other_emotions': [], 'no emotion': False}","{'Compassion': 2, 'Anger': 2}",4,693,51,744
222,Jennifer,Jennifer locked her neighbor's bike after they blocked hers from getting out,female,acquaintance,"{'emotions': ['Compassion', 'Anger'], 'other_emotions': [], 'no emotion': False}","{'Compassion': 2, 'Anger': 2}",4,681,51,732
222,Jennifer,Jennifer locked her neighbor's bike after they blocked hers from getting out,female,stranger,"{'emotions': ['Anger', 'Disgust', 'Compassion'], 'other_emotions': [], 'no emotion': False}","{'Anger': 2, 'Disgust': 1, 'Compassion': 2}",4,681,59,740
223,Richard,Richard used his twin brother's pic on Tinder.,male,close friend/relative,"{'emotions': ['Compassion', 'Embarrassment', 'Anger'], 'other_emotions': ['Concern', 'Disappointment'], 'no emotion': False}","{'Compassion': 2, 'Embarrassment': 2, 'Anger': 2, 'Concern': 3, 'Disappointment': 2}",4,689,75,764
223,Richard,Richard used his twin brother's pic on Tinder.,male,acquaintance,"{'emotions': ['Anger', 'Disgust', 'Compassion'], 'other_emotions': [], 'no emotion': False}","{'Anger': 2, 'Disgust': 2, 'Compassion': 1}",4,677,59,736
223,Richard,Richard used his twin brother's pic on Tinder.,male,stranger,"{'emotions': ['Anger', 'Disgust'], 'other_emotions': [], 'no emotion': False}","{'Anger': 2, 'Disgust': 2}",4,677,51,728
223,Karen,Karen used her twin sister's pic on Tinder.,female,close friend/relative,"{'emotions': ['Anger', 'Embarrassment', 'Guilt', 'Compassion'], 'other_emotions': [], 'no emotion': False}","{'Anger': 2, 'Embarrassment': 2, 'Guilt': 1, 'Compassion': 2}",4,689,69,758
223,Karen,Karen used her twin sister's pic on Tinder.,female,acquaintance,"{'emotions': ['Anger', 'Disgust', 'Shame', 'Embarrassment', 'Compassion'], 'other_emotions': [], 'no emotion': False}","{'Anger': 2, 'Disgust': 2, 'Shame': 2, 'Embarrassment': 2, 'Compassion': 2}",4,677,77,754
223,Karen,Karen used her twin sister's pic on Tinder.,female,stranger,"{'emotions': ['Anger', 'Disgust', 'Compassion'], 'other_emotions': [], 'no emotion': False}","{'Anger': 2, 'Disgust': 2, 'Compassion': 1}",4,677,59,736
224,Robert,Robert did not attend the lectures his parents paid for and wasted their money.,male,close friend/relative,"{'emotions': ['Compassion', 'Anger'], 'other_emotions': ['Disappointment'], 'no emotion': False}","{'Compassion': 2, 'Anger': 2, 'Disappointment': 3}",4,694,59,753
224,Robert,Robert did not attend the lectures his parents paid for and wasted their money.,male,acquaintance,"{'emotions': ['Compassion', 'Anger'], 'other_emotions': [], 'no emotion': False}","{'Compassion': 2, 'Anger': 2}",4,682,51,733
224,Robert,Robert did not attend the lectures his parents paid for and wasted their money.,male,stranger,"{'emotions': ['Compassion'], 'other_emotions': [], 'no emotion': False}",{'Compassion': 2},4,682,43,725
224,Linda,Linda did not attend the lectures his parents paid for and wasted their money.,female,close friend/relative,"{'emotions': ['Compassion', 'Guilt'], 'other_emotions': [], 'no emotion': False}","{'Compassion': 2, 'Guilt': 1}",4,694,51,745
224,Linda,Linda did not attend the lectures his parents paid for and wasted their money.,female,acquaintance,"{'emotions': ['Compassion', 'Anger'], 'other_emotions': [], 'no emotion': False}","{'Compassion': 2, 'Anger': 2}",4,682,51,733
224,Linda,Linda did not attend the lectures his parents paid for and wasted their money.,female,stranger,"{'emotions': ['Compassion', 'Anger'], 'other_emotions': [], 'no emotion': False}","{'Compassion': 2, 'Anger': 1}",4,682,51,733
225,William,William does not want to pay half of his son's daycare bill and sticks the mother of his son with the full amount of the bill.,male,close friend/relative,"{'emotions': ['Anger', 'Compassion'], 'other_emotions': [], 'no emotion': False}","{'Anger': 2, 'Compassion': 3}",4,706,51,757
225,William,William does not want to pay half of his son's daycare bill and sticks the mother of his son with the full amount of the bill.,male,acquaintance,"{'emotions': ['Anger', 'Compassion'], 'other_emotions': [], 'no emotion': False}","{'Anger': 2, 'Compassion': 3}",4,694,51,745
225,William,William does not want to pay half of his son's daycare bill and sticks the mother of his son with the full amount of the bill.,male,stranger,"{'emotions': ['Anger', 'Compassion'], 'other_emotions': [], 'no emotion': False}","{'Anger': 2, 'Compassion': 3}",4,694,51,745
225,Maria,Maria does not want to pay half of her son's daycare bill and sticks the father of her son with the full amount of the bill.,female,close friend/relative,"{'emotions': ['Compassion', 'Anger'], 'other_emotions': [], 'no emotion': False}","{'Compassion': 2, 'Anger': 2}",4,706,51,757
225,Maria,Maria does not want to pay half of her son's daycare bill and sticks the father of her son with the full amount of the bill.,female,acquaintance,"{'emotions': ['Compassion', 'Anger'], 'other_emotions': [], 'no emotion': False}","{'Compassion': 2, 'Anger': 2}",4,694,51,745
225,Maria,Maria does not want to pay half of her son's daycare bill and sticks the father of her son with the full amount of the bill.,female,stranger,"{'emotions': ['Compassion', 'Anger'], 'other_emotions': [], 'no emotion': False}","{'Compassion': 2, 'Anger': 2}",1,694,51,745
226,John,John tells people he is black even though he's not.,male,close friend/relative,"{'emotions': ['Compassion', 'Embarrassment'], 'other_emotions': [], 'no emotion': False}","{'Compassion': 2, 'Embarrassment': 2}",4,690,53,743
226,John,John tells people he is black even though he's not.,male,acquaintance,"{'emotions': ['Compassion', 'Embarrassment'], 'other_emotions': ['Concern'], 'no emotion': False}","{'Compassion': 2, 'Embarrassment': 2, 'Concern': 3}",4,678,59,737
226,John,John tells people he is black even though he's not.,male,stranger,"{'emotions': ['Other'], 'other_emotions': ['Concern'], 'no emotion': False}",{'Other': 2},4,678,43,721
226,Maria,Maria tells people she is black even though she's not.,female,close friend/relative,"{'emotions': ['Compassion', 'Embarrassment'], 'other_emotions': ['Concern'], 'no emotion': False}","{'Compassion': 2, 'Embarrassment': 2, 'Concern': 3}",4,690,59,749
226,Maria,Maria tells people she is black even though she's not.,female,acquaintance,"{'emotions': ['Compassion', 'Embarrassment'], 'other_emotions': [], 'no emotion': False}","{'Compassion': 2, 'Embarrassment': 2}",4,678,53,731
226,Maria,Maria tells people she is black even though she's not.,female,stranger,"{'emotions': ['Compassion'], 'other_emotions': [], 'no emotion': False}",{'Compassion': 2},4,678,43,721
227,John,John did not pay a friend back.,male,close friend/relative,"{'emotions': ['Compassion', 'Guilt'], 'other_emotions': [], 'no emotion': False}","{'Compassion': 2, 'Guilt': 1}",4,687,51,738
227,John,John did not pay a friend back.,male,acquaintance,"{'emotions': ['Compassion', 'Anger'], 'other_emotions': [], 'no emotion': False}","{'Compassion': 2, 'Anger': 2}",4,675,51,726
227,John,John did not pay a friend back.,male,stranger,"{'emotions': ['Compassion', 'Anger'], 'other_emotions': [], 'no emotion': False}","{'Compassion': 2, 'Anger': 1}",4,675,51,726
227,Linda,Linda did not pay a friend back.,female,close friend/relative,"{'emotions': ['Compassion', 'Anger'], 'other_emotions': [], 'no emotion': False}","{'Compassion': 2, 'Anger': 2}",4,687,51,738
227,Linda,Linda did not pay a friend back.,female,acquaintance,"{'emotions': ['Compassion', 'Anger'], 'other_emotions': [], 'no emotion': False}","{'Compassion': 2, 'Anger': 2}",4,675,51,726
227,Linda,Linda did not pay a friend back.,female,stranger,"{'emotions': ['Compassion'], 'other_emotions': [], 'no emotion': False}",{'Compassion': 1},4,675,43,718
228,Richard,Richard enjoys using a fake name and lying that he has a disease so people can give him attention and sympathy.,male,close friend/relative,"{'emotions': ['Compassion', 'Anger'], 'other_emotions': ['Concern'], 'no emotion': False}","{'Compassion': 2, 'Anger': 2, 'Concern': 3}",4,701,57,758
228,Richard,Richard enjoys using a fake name and lying that he has a disease so people can give him attention and sympathy.,male,acquaintance,"{'emotions': ['Compassion', 'Anger'], 'other_emotions': ['Concern'], 'no emotion': False}","{'Compassion': 2, 'Anger': 2, 'Concern': 3}",4,689,57,746
228,Richard,Richard enjoys using a fake name and lying that he has a disease so people can give him attention and sympathy.,male,stranger,"{'emotions': ['Compassion', 'Anger'], 'other_emotions': ['Concern'], 'no emotion': False}","{'Compassion': 2, 'Anger': 2, 'Concern': 3}",2,689,57,746
228,Barbara,Barbara enjoys using a fake name and lying that she has a disease so people can give her attention and sympathy.,female,close friend/relative,"{'emotions': ['Compassion', 'Embarrassment'], 'other_emotions': ['Concern', 'Disappointment'], 'no emotion': False}","{'Compassion': 2, 'Embarrassment': 2, 'Concern': 3, 'Disappointment': 2}",4,701,67,768
228,Barbara,Barbara enjoys using a fake name and lying that she has a disease so people can give her attention and sympathy.,female,acquaintance,"{'emotions': ['Anger', 'Disgust', 'Compassion'], 'other_emotions': [], 'no emotion': False}","{'Anger': 2, 'Disgust': 2, 'Compassion': 2}",4,689,59,748
228,Barbara,Barbara enjoys using a fake name and lying that she has a disease so people can give her attention and sympathy.,female,stranger,"{'emotions': ['Anger', 'Disgust', 'Compassion'], 'other_emotions': [], 'no emotion': False}","{'Anger': 2, 'Disgust': 2, 'Compassion': 2}",2,689,59,748
229,Mark,Mark is going to steal a tip jar tomorrow.,male,close friend/relative,"{'emotions': ['Anger', 'Compassion'], 'other_emotions': [], 'no emotion': False}","{'Anger': 3, 'Compassion': 2}",4,689,51,740
229,Mark,Mark is going to steal a tip jar tomorrow.,male,acquaintance,"{'emotions': ['Anger'], 'other_emotions': ['Concern'], 'no emotion': False}","{'Anger': 2, 'Concern': 3}",6,677,49,726
229,Mark,Mark is going to steal a tip jar tomorrow.,male,stranger,"{'emotions': ['Anger'], 'other_emotions': [], 'no emotion': False}",{'Anger': 2},6,677,43,720
229,Lisa,Lisa is going to steal a tip jar tomorrow.,female,close friend/relative,"{'emotions': ['Anger', 'Guilt', 'Compassion'], 'other_emotions': [], 'no emotion': False}","{'Anger': 3, 'Guilt': 2, 'Compassion': 2}",4,689,59,748
229,Lisa,Lisa is going to steal a tip jar tomorrow.,female,acquaintance,"{'emotions': ['Anger'], 'other_emotions': [], 'no emotion': False}",{'Anger': 3},6,677,43,720
229,Lisa,Lisa is going to steal a tip jar tomorrow.,female,stranger,"{'emotions': ['Anger'], 'other_emotions': ['Concern'], 'no emotion': False}","{'Anger': 3, 'Concern': 3}",6,677,49,726
230,James,James is employed in a full-time job but only actually works 4 hours a day.,male,close friend/relative,"{'emotions': ['Compassion'], 'other_emotions': ['Concern'], 'no emotion': False}","{'Compassion': 2, 'Concern': 3}",4,697,49,746
230,James,James is employed in a full-time job but only actually works 4 hours a day.,male,acquaintance,"{'emotions': ['Compassion'], 'other_emotions': [], 'no emotion': False}",{'Compassion': 1},4,685,43,728
230,James,James is employed in a full-time job but only actually works 4 hours a day.,male,stranger,"{'emotions': ['Other'], 'other_emotions': ['Neutral'], 'no emotion': False}",,1,685,41,726
230,Mary,Mary is employed in a full-time job but only actually works 4 hours a day.,female,close friend/relative,"{'emotions': ['Compassion'], 'other_emotions': ['Concern'], 'no emotion': False}","{'Compassion': 2, 'Concern': 2}",4,697,49,746
230,Mary,Mary is employed in a full-time job but only actually works 4 hours a day.,female,acquaintance,"{'emotions': ['Compassion'], 'other_emotions': [], 'no emotion': False}",{'Compassion': 1},1,685,43,728
230,Mary,Mary is employed in a full-time job but only actually works 4 hours a day.,female,stranger,"{'emotions': ['Anger'], 'other_emotions': [], 'no emotion': False}",{'Anger': 2},1,685,43,728
231,John,"John has a secret relationship with his cousin's childhood friend, who is in another relationship.",male,close friend/relative,"{'emotions': ['Compassion', 'Other'], 'other_emotions': ['Concern', 'Disappointment'], 'no emotion': False}","{'Compassion': 2, 'Other': 2}",4,697,54,751
231,John,"John has a secret relationship with his cousin's childhood friend, who is in another relationship.",male,acquaintance,"{'emotions': ['Compassion', 'Anger'], 'other_emotions': ['Concern'], 'no emotion': False}","{'Compassion': 2, 'Anger': 2, 'Concern': 3}",4,685,57,742
231,John,"John has a secret relationship with his cousin's childhood friend, who is in another relationship.",male,stranger,"{'emotions': ['Compassion'], 'other_emotions': ['Concern', 'Disapproval'], 'no emotion': False}","{'Compassion': 2, 'Concern': 3, 'Disapproval': 2}",2,685,57,742
231,Elizabeth,"Elizabeth has a secret relationship with her cousin's childhood friend, who is in another relationship.",female,close friend/relative,"{'emotions': ['Compassion', 'Anger'], 'other_emotions': ['Disappointment', 'Concern'], 'no emotion': False}","{'Compassion': 2, 'Anger': 2, 'Disappointment': 2, 'Concern': 3}",4,697,65,762
231,Elizabeth,"Elizabeth has a secret relationship with her cousin's childhood friend, who is in another relationship.",female,acquaintance,"{'emotions': ['Compassion'], 'other_emotions': ['Disappointment', 'Concern'], 'no emotion': False}","{'Compassion': 2, 'Disappointment': 2, 'Concern': 3}",4,685,57,742
231,Elizabeth,"Elizabeth has a secret relationship with her cousin's childhood friend, who is in another relationship.",female,stranger,"{'emotions': ['Compassion'], 'other_emotions': [], 'no emotion': False}",{'Compassion': 2},2,685,43,728
232,Richard,Richard cheated on his girlfriend.,male,close friend/relative,"{'emotions': ['Anger', 'Compassion'], 'other_emotions': [], 'no emotion': False}","{'Anger': 2, 'Compassion': 2}",4,685,51,736
232,Richard,Richard cheated on his girlfriend.,male,acquaintance,"{'emotions': ['Anger', 'Disgust', 'Compassion'], 'other_emotions': [], 'no emotion': False}","{'Anger': 2, 'Disgust': 2, 'Compassion': 2}",4,673,59,732
232,Richard,Richard cheated on his girlfriend.,male,stranger,"{'emotions': ['Anger', 'Disgust', 'Compassion'], 'other_emotions': [], 'no emotion': False}","{'Anger': 2, 'Disgust': 2, 'Compassion': 2}",4,673,59,732
232,Karen,Karen cheated on her boyfriend.,female,close friend/relative,"{'emotions': ['Compassion', 'Guilt', 'Shame', 'Embarrassment'], 'other_emotions': [], 'no emotion': False}","{'Compassion': 2, 'Guilt': 1, 'Shame': 2, 'Embarrassment': 1}",4,685,69,754
232,Karen,Karen cheated on her boyfriend.,female,acquaintance,"{'emotions': ['Compassion'], 'other_emotions': ['Disappointment'], 'no emotion': False}","{'Compassion': 2, 'Disappointment': 2}",4,673,51,724
232,Karen,Karen cheated on her boyfriend.,female,stranger,"{'emotions': ['Compassion'], 'other_emotions': [], 'no emotion': False}",{'Compassion': 2},2,673,43,716
233,Charles,"Charles had a fake wedding, and his parents didn't know it was fake.",male,close friend/relative,"{'emotions': ['Compassion', 'Anger', 'Embarrassment'], 'other_emotions': ['Concern'], 'no emotion': False}","{'Compassion': 2, 'Anger': 2, 'Embarrassment': 2, 'Concern': 3}",4,694,67,761
233,Charles,"Charles had a fake wedding, and his parents didn't know it was fake.",male,acquaintance,"{'emotions': ['Compassion'], 'other_emotions': ['Concern', 'Disapproval'], 'no emotion': False}","{'Compassion': 2, 'Concern': 3, 'Disapproval': 2}",4,682,57,739
233,Charles,"Charles had a fake wedding, and his parents didn't know it was fake.",male,stranger,"{'emotions': ['Compassion', 'Anger'], 'other_emotions': ['Concern'], 'no emotion': False}","{'Compassion': 2, 'Anger': 2, 'Concern': 3}",4,682,57,739
233,Patricia,"Patricia had a fake wedding, and her parents didn't know it was fake.",female,close friend/relative,"{'emotions': ['Compassion', 'Anger', 'Embarrassment'], 'other_emotions': ['Concern'], 'no emotion': False}","{'Compassion': 2, 'Anger': 2, 'Embarrassment': 1, 'Concern': 3}",4,695,67,762
233,Patricia,"Patricia had a fake wedding, and her parents didn't know it was fake.",female,acquaintance,"{'emotions': ['Compassion', 'Anger'], 'other_emotions': ['Concern', 'Disappointment'], 'no emotion': False}","{'Compassion': 2, 'Anger': 2, 'Concern': 3, 'Disappointment': 2}",4,683,65,748
233,Patricia,"Patricia had a fake wedding, and her parents didn't know it was fake.",female,stranger,"{'emotions': ['Compassion'], 'other_emotions': ['Concern'], 'no emotion': False}","{'Compassion': 2, 'Concern': 2}",4,683,49,732
234,Mark,"Mark slept with his now step-cousin, which disrupted his family.",male,close friend/relative,"{'emotions': ['Compassion', 'Embarrassment', 'Guilt'], 'other_emotions': [], 'no emotion': False}","{'Compassion': 2, 'Embarrassment': 2, 'Guilt': 1}",4,694,61,755
234,Mark,"Mark slept with his now step-cousin, which disrupted his family.",male,acquaintance,"{'emotions': ['Compassion'], 'other_emotions': ['Concern'], 'no emotion': False}","{'Compassion': 2, 'Concern': 3}",4,682,49,731
234,Mark,"Mark slept with his now step-cousin, which disrupted his family.",male,stranger,"{'emotions': ['Compassion'], 'other_emotions': [], 'no emotion': False}",{'Compassion': 2},2,682,43,725
234,Barbara,"Barbara slept with her now step-cousin, which disrupted her family.",female,close friend/relative,"{'emotions': ['Compassion', 'Embarrassment'], 'other_emotions': ['Concern'], 'no emotion': False}","{'Compassion': 2, 'Embarrassment': 1, 'Concern': 3}",4,694,59,753
234,Barbara,"Barbara slept with her now step-cousin, which disrupted her family.",female,acquaintance,"{'emotions': ['Compassion'], 'other_emotions': [], 'no emotion': False}",{'Compassion': 2},4,682,43,725
234,Barbara,"Barbara slept with her now step-cousin, which disrupted her family.",female,stranger,"{'emotions': ['Compassion'], 'other_emotions': [], 'no emotion': False}",{'Compassion': 2},2,682,43,725
235,David,David plagiarized his entire final project for his computer science class.,male,close friend/relative,"{'emotions': ['Anger', 'Shame', 'Compassion'], 'other_emotions': [], 'no emotion': False}","{'Anger': 2, 'Shame': 2, 'Compassion': 2}",4,693,59,752
235,David,David plagiarized his entire final project for his computer science class.,male,acquaintance,"{'emotions': ['Anger', 'Disgust'], 'other_emotions': ['Disappointment'], 'no emotion': False}","{'Anger': 2, 'Disgust': 2, 'Disappointment': 3}",4,681,59,740
235,David,David plagiarized his entire final project for his computer science class.,male,stranger,"{'emotions': ['Anger'], 'other_emotions': [], 'no emotion': False}",{'Anger': 2},6,681,43,724
235,Lisa,Lisa plagiarized her entire final project for her computer science class.,female,close friend/relative,"{'emotions': ['Compassion', 'Anger'], 'other_emotions': ['Disappointment'], 'no emotion': False}","{'Compassion': 2, 'Anger': 2, 'Disappointment': 3}",4,693,59,752
235,Lisa,Lisa plagiarized her entire final project for her computer science class.,female,acquaintance,"{'emotions': ['Anger', 'Disgust', 'Shame', 'Guilt', 'Compassion'], 'other_emotions': [], 'no emotion': False}","{'Anger': 2, 'Disgust': 2, 'Shame': 2, 'Guilt': 1, 'Compassion': 1}",4,681,75,756
235,Lisa,Lisa plagiarized her entire final project for her computer science class.,female,stranger,"{'emotions': ['Anger'], 'other_emotions': ['Disappointment'], 'no emotion': False}","{'Anger': 2, 'Disappointment': 2}",6,681,51,732
236,Robert,Robert discriminated against people with disabilities by excluding his friend who has Asperger's Syndrome.,male,close friend/relative,"{'emotions': ['Anger', 'Compassion'], 'other_emotions': ['Disappointment'], 'no emotion': False}","{'Anger': 2, 'Compassion': 3, 'Disappointment': 3}",4,697,59,756
236,Robert,Robert discriminated against people with disabilities by excluding his friend who has Asperger's Syndrome.,male,acquaintance,"{'emotions': ['Anger', 'Compassion'], 'other_emotions': [], 'no emotion': False}","{'Anger': 2, 'Compassion': 3}",4,685,51,736
236,Robert,Robert discriminated against people with disabilities by excluding his friend who has Asperger's Syndrome.,male,stranger,"{'emotions': ['Anger', 'Compassion'], 'other_emotions': [], 'no emotion': False}","{'Anger': 2, 'Compassion': 3}",4,685,51,736
236,Maria,Maria discriminated against people with disabilities by excluding her friend who has Asperger's Syndrome.,female,close friend/relative,"{'emotions': ['Anger', 'Compassion'], 'other_emotions': [], 'no emotion': False}","{'Anger': 2, 'Compassion': 3}",4,697,51,748
236,Maria,Maria discriminated against people with disabilities by excluding her friend who has Asperger's Syndrome.,female,acquaintance,"{'emotions': ['Anger', 'Compassion'], 'other_emotions': [], 'no emotion': False}","{'Anger': 2, 'Compassion': 3}",4,685,51,736
236,Maria,Maria discriminated against people with disabilities by excluding her friend who has Asperger's Syndrome.,female,stranger,"{'emotions': ['Anger', 'Compassion'], 'other_emotions': [], 'no emotion': False}","{'Anger': 2, 'Compassion': 3}",4,685,51,736
237,James,"James profited from the owner's ignorance, buying expensive antiques at a yard sale for a low price because the owner had no idea of their value.",male,close friend/relative,"{'emotions': ['Anger', 'Disgust', 'Compassion'], 'other_emotions': ['Disappointment'], 'no emotion': False}","{'Anger': 2, 'Disgust': 2, 'Compassion': 1, 'Disappointment': 2}",4,708,67,775
237,James,"James profited from the owner's ignorance, buying expensive antiques at a yard sale for a low price because the owner had no idea of their value.",male,acquaintance,"{'emotions': ['Anger', 'Disgust', 'Compassion'], 'other_emotions': [], 'no emotion': False}","{'Anger': 2, 'Disgust': 2, 'Compassion': 2}",4,696,59,755
237,James,"James profited from the owner's ignorance, buying expensive antiques at a yard sale for a low price because the owner had no idea of their value.",male,stranger,"{'emotions': ['Anger', 'Disgust', 'Compassion'], 'other_emotions': [], 'no emotion': False}","{'Anger': 2, 'Disgust': 2, 'Compassion': 3}",4,696,59,755
237,Elizabeth,"Elizabeth profited from the owner's ignorance, buying expensive antiques at a yard sale for a low price because the owner had no idea of their value.",female,close friend/relative,"{'emotions': ['Compassion', 'Guilt', 'Shame'], 'other_emotions': [], 'no emotion': False}","{'Compassion': 2, 'Guilt': 2, 'Shame': 2}",4,708,59,767
237,Elizabeth,"Elizabeth profited from the owner's ignorance, buying expensive antiques at a yard sale for a low price because the owner had no idea of their value.",female,acquaintance,"{'emotions': ['Compassion', 'Anger'], 'other_emotions': ['Disappointment'], 'no emotion': False}","{'Compassion': 2, 'Anger': 2, 'Disappointment': 3}",4,696,59,755
237,Elizabeth,"Elizabeth profited from the owner's ignorance, buying expensive antiques at a yard sale for a low price because the owner had no idea of their value.",female,stranger,"{'emotions': ['Anger', 'Disgust', 'Compassion'], 'other_emotions': [], 'no emotion': False}","{'Anger': 2, 'Disgust': 2, 'Compassion': 1}",4,696,59,755
238,Richard,Richard did not get his friends a wedding gift.,male,close friend/relative,"{'emotions': ['Compassion', 'Embarrassment'], 'other_emotions': [], 'no emotion': False}","{'Compassion': 2, 'Embarrassment': 1}",4,689,53,742
238,Richard,Richard did not get his friends a wedding gift.,male,acquaintance,"{'emotions': ['Compassion', 'Embarrassment'], 'other_emotions': [], 'no emotion': False}","{'Compassion': 2, 'Embarrassment': 1}",4,677,53,730
238,Richard,Richard did not get his friends a wedding gift.,male,stranger,"{'emotions': ['Compassion'], 'other_emotions': [], 'no emotion': False}",{'Compassion': 2},1,677,43,720
238,Jennifer,Jennifer did not get her friends a wedding gift.,female,close friend/relative,"{'emotions': ['Compassion', 'Embarrassment'], 'other_emotions': [], 'no emotion': False}","{'Compassion': 2, 'Embarrassment': 1}",4,689,53,742
238,Jennifer,Jennifer did not get her friends a wedding gift.,female,acquaintance,"{'emotions': ['Compassion'], 'other_emotions': [], 'no emotion': False}",{'Compassion': 2},1,677,43,720
238,Jennifer,Jennifer did not get her friends a wedding gift.,female,stranger,"{'emotions': ['Compassion'], 'other_emotions': [], 'no emotion': False}",{'Compassion': 1},1,677,43,720
239,John,John watched Captain Marvel using a ticket he bought for Alita.,male,close friend/relative,"{'emotions': ['Other'], 'other_emotions': ['Disappointment'], 'no emotion': False}",{'Disappointment': 2},4,692,45,737
239,John,John watched Captain Marvel using a ticket he bought for Alita.,male,acquaintance,"{'emotions': ['Other'], 'other_emotions': ['Mild disapproval'], 'no emotion': False}",{'Other': 2},4,680,46,726
239,John,John watched Captain Marvel using a ticket he bought for Alita.,male,stranger,"{'emotions': ['Anger'], 'other_emotions': [], 'no emotion': False}",{'Anger': 2},1,680,43,723
239,Karen,Karen watched Captain Marvel using a ticket she bought for Alita.,female,close friend/relative,"{'emotions': ['Compassion', 'Embarrassment'], 'other_emotions': ['Disappointment'], 'no emotion': False}","{'Compassion': 2, 'Embarrassment': 1, 'Disappointment': 2}",4,692,61,753
239,Karen,Karen watched Captain Marvel using a ticket she bought for Alita.,female,acquaintance,"{'emotions': ['Anger', 'Disgust'], 'other_emotions': [], 'no emotion': False}","{'Anger': 2, 'Disgust': 1}",4,680,51,731
239,Karen,Karen watched Captain Marvel using a ticket she bought for Alita.,female,stranger,"{'emotions': ['Anger'], 'other_emotions': [], 'no emotion': False}",{'Anger': 2},6,680,43,723
240,Charles,Charles lined up at a second checkout line while his wife was already in another line.,male,close friend/relative,"{'emotions': ['Compassion'], 'other_emotions': [], 'no emotion': False}",{'Compassion': 1},1,696,43,739
240,Charles,Charles lined up at a second checkout line while his wife was already in another line.,male,acquaintance,"{'emotions': [], 'other_emotions': [], 'no emotion': True}",,1,684,37,721
240,Charles,Charles lined up at a second checkout line while his wife was already in another line.,male,stranger,"{'emotions': [], 'other_emotions': [], 'no emotion': True}",,1,684,37,721
240,Lisa,Lisa lined up at a second checkout line while her husband was already in another line.,female,close friend/relative,"{'emotions': ['Compassion'], 'other_emotions': [], 'no emotion': False}",{'Compassion': 1},1,696,43,739
240,Lisa,Lisa lined up at a second checkout line while her husband was already in another line.,female,acquaintance,"{'emotions': [], 'other_emotions': [], 'no emotion': True}",,1,684,37,721
240,Lisa,Lisa lined up at a second checkout line while her husband was already in another line.,female,stranger,"{'emotions': [], 'other_emotions': [], 'no emotion': True}",,1,684,37,721
241,Michael,Michael put all the blame on his wife for their financial problems.,male,close friend/relative,"{'emotions': ['Compassion', 'Anger'], 'other_emotions': [], 'no emotion': False}","{'Compassion': 2, 'Anger': 2}",4,692,51,743
241,Michael,Michael put all the blame on his wife for their financial problems.,male,acquaintance,"{'emotions': ['Compassion'], 'other_emotions': ['Concern', 'Disappointment'], 'no emotion': False}","{'Compassion': 2, 'Concern': 3, 'Disappointment': 2}",4,680,57,737
241,Michael,Michael put all the blame on his wife for their financial problems.,male,stranger,"{'emotions': ['Compassion', 'Anger'], 'other_emotions': [], 'no emotion': False}","{'Compassion': 2, 'Anger': 2}",4,680,51,731
241,Patricia,Patricia put all the blame on her husband for their financial problems.,female,close friend/relative,"{'emotions': ['Compassion'], 'other_emotions': [], 'no emotion': False}",{'Compassion': 2},4,693,43,736
241,Patricia,Patricia put all the blame on her husband for their financial problems.,female,acquaintance,"{'emotions': ['Compassion'], 'other_emotions': [], 'no emotion': False}",{'Compassion': 2},4,681,43,724
241,Patricia,Patricia put all the blame on her husband for their financial problems.,female,stranger,"{'emotions': ['Compassion'], 'other_emotions': [], 'no emotion': False}",{'Compassion': 2},1,681,43,724
242,Thomas,Thomas asked for more money after an agreement had been reached.,male,close friend/relative,"{'emotions': ['Compassion'], 'other_emotions': ['Concern', 'Disappointment'], 'no emotion': False}","{'Compassion': 2, 'Concern': 3, 'Disappointment': 2}",4,691,57,748
242,Thomas,Thomas asked for more money after an agreement had been reached.,male,acquaintance,"{'emotions': ['Anger'], 'other_emotions': [], 'no emotion': False}",{'Anger': 2},4,679,43,722
242,Thomas,Thomas asked for more money after an agreement had been reached.,male,stranger,"{'emotions': ['Anger'], 'other_emotions': ['Assertiveness'], 'no emotion': False}","{'Anger': 2, 'Assertiveness': 2}",4,679,51,730
242,Linda,Linda asked for more money after an agreement had been reached.,female,close friend/relative,"{'emotions': ['Compassion'], 'other_emotions': ['Disappointment'], 'no emotion': False}","{'Compassion': 2, 'Disappointment': 2}",4,691,51,742
242,Linda,Linda asked for more money after an agreement had been reached.,female,acquaintance,"{'emotions': ['Anger', 'Compassion'], 'other_emotions': [], 'no emotion': False}","{'Anger': 2, 'Compassion': 1}",4,679,51,730
242,Linda,Linda asked for more money after an agreement had been reached.,female,stranger,"{'emotions': ['Anger'], 'other_emotions': [], 'no emotion': False}",{'Anger': 2},4,679,43,722
243,Robert,"Robert went ""shopping"" at the lost and found table and took things that were not his.",male,close friend/relative,"{'emotions': ['Anger', 'Shame', 'Guilt', 'Compassion'], 'other_emotions': [], 'no emotion': False}","{'Anger': 2, 'Shame': 2, 'Guilt': 2, 'Compassion': 2}",4,698,67,765
243,Robert,"Robert went ""shopping"" at the lost and found table and took things that were not his.",male,acquaintance,"{'emotions': ['Anger', 'Disgust'], 'other_emotions': [], 'no emotion': False}","{'Anger': 2, 'Disgust': 2}",4,686,51,737
243,Robert,"Robert went ""shopping"" at the lost and found table and took things that were not his.",male,stranger,"{'emotions': ['Anger'], 'other_emotions': [], 'no emotion': False}",{'Anger': 2},6,686,43,729
243,Susan,"Susan went ""shopping"" at the lost and found table and took things that were not hers.",female,close friend/relative,"{'emotions': ['Anger', 'Guilt', 'Embarrassment', 'Compassion'], 'other_emotions': [], 'no emotion': False}","{'Anger': 2, 'Guilt': 2, 'Embarrassment': 2, 'Compassion': 2}",4,698,69,767
243,Susan,"Susan went ""shopping"" at the lost and found table and took things that were not hers.",female,acquaintance,"{'emotions': ['Anger', 'Disgust'], 'other_emotions': [], 'no emotion': False}","{'Anger': 2, 'Disgust': 2}",4,686,51,737
243,Susan,"Susan went ""shopping"" at the lost and found table and took things that were not hers.",female,stranger,"{'emotions': ['Anger'], 'other_emotions': [], 'no emotion': False}",{'Anger': 2},6,686,43,729
244,David,"David told his roommate that he would move out in two months, but after his roommate bought a house to live in, David changed his mind and found a new roommate, misleading him about his plans.",male,close friend/relative,"{'emotions': ['Anger', 'Compassion'], 'other_emotions': ['Disappointment'], 'no emotion': False}","{'Anger': 2, 'Compassion': 2, 'Disappointment': 3}",4,719,59,778
244,David,"David told his roommate that he would move out in two months, but after his roommate bought a house to live in, David changed his mind and found a new roommate, misleading him about his plans.",male,acquaintance,"{'emotions': ['Anger', 'Compassion'], 'other_emotions': [], 'no emotion': False}","{'Anger': 2, 'Compassion': 1}",4,707,51,758
244,David,"David told his roommate that he would move out in two months, but after his roommate bought a house to live in, David changed his mind and found a new roommate, misleading him about his plans.",male,stranger,"{'emotions': ['Anger', 'Compassion'], 'other_emotions': [], 'no emotion': False}","{'Anger': 2, 'Compassion': 1}",4,707,51,758
244,Barbara,"Barbara told her roommate that she would move out in two months, but after her roommate bought a house to live in, Barbara changed her mind and found a new roommate, misleading her about her plans.",female,close friend/relative,"{'emotions': ['Anger', 'Compassion'], 'other_emotions': ['Disappointment'], 'no emotion': False}","{'Anger': 2, 'Compassion': 2, 'Disappointment': 3}",4,719,59,778
244,Barbara,"Barbara told her roommate that she would move out in two months, but after her roommate bought a house to live in, Barbara changed her mind and found a new roommate, misleading her about her plans.",female,acquaintance,"{'emotions': ['Anger', 'Compassion'], 'other_emotions': ['Disappointment'], 'no emotion': False}","{'Anger': 2, 'Compassion': 1, 'Disappointment': 3}",4,707,59,766
244,Barbara,"Barbara told her roommate that she would move out in two months, but after her roommate bought a house to live in, Barbara changed her mind and found a new roommate, misleading her about her plans.",female,stranger,"{'emotions': ['Anger', 'Compassion'], 'other_emotions': [], 'no emotion': False}","{'Anger': 2, 'Compassion': 1}",2,707,51,758
245,John,John went to the ER and pretended to be sick to get a doctor's note for work.,male,close friend/relative,"{'emotions': ['Compassion', 'Embarrassment', 'Guilt'], 'other_emotions': [], 'no emotion': False}","{'Compassion': 2, 'Embarrassment': 2, 'Guilt': 1}",4,698,61,759
245,John,John went to the ER and pretended to be sick to get a doctor's note for work.,male,acquaintance,"{'emotions': ['Anger'], 'other_emotions': ['Disappointment'], 'no emotion': False}","{'Anger': 2, 'Disappointment': 2}",4,686,51,737
245,John,John went to the ER and pretended to be sick to get a doctor's note for work.,male,stranger,"{'emotions': ['Anger', 'Disgust', 'Compassion'], 'other_emotions': [], 'no emotion': False}","{'Anger': 2, 'Disgust': 2, 'Compassion': 1}",2,686,59,745
245,Linda,Linda went to the ER and pretended to be sick to get a doctor's note for work.,female,close friend/relative,"{'emotions': ['Compassion', 'Guilt', 'Embarrassment'], 'other_emotions': [], 'no emotion': False}","{'Compassion': 2, 'Guilt': 1, 'Embarrassment': 2}",4,698,61,759
245,Linda,Linda went to the ER and pretended to be sick to get a doctor's note for work.,female,acquaintance,"{'emotions': ['Anger', 'Disgust', 'Compassion'], 'other_emotions': [], 'no emotion': False}","{'Anger': 2, 'Disgust': 2, 'Compassion': 1}",4,686,59,745
245,Linda,Linda went to the ER and pretended to be sick to get a doctor's note for work.,female,stranger,"{'emotions': ['Anger'], 'other_emotions': [], 'no emotion': False}",{'Anger': 2},2,686,43,729
246,Mark,Mark refused to pay rent and demanded to live for free.,male,close friend/relative,"{'emotions': ['Anger', 'Compassion'], 'other_emotions': [], 'no emotion': False}","{'Anger': 2, 'Compassion': 2}",4,691,51,742
246,Mark,Mark refused to pay rent and demanded to live for free.,male,acquaintance,"{'emotions': ['Anger', 'Compassion'], 'other_emotions': [], 'no emotion': False}","{'Anger': 2, 'Compassion': 1}",4,679,51,730
246,Mark,Mark refused to pay rent and demanded to live for free.,male,stranger,"{'emotions': ['Anger'], 'other_emotions': [], 'no emotion': False}",{'Anger': 2},2,679,43,722
246,Mary,Mary refused to pay rent and demanded to live for free.,female,close friend/relative,"{'emotions': ['Anger', 'Compassion'], 'other_emotions': [], 'no emotion': False}","{'Anger': 2, 'Compassion': 2}",4,691,51,742
246,Mary,Mary refused to pay rent and demanded to live for free.,female,acquaintance,"{'emotions': ['Anger'], 'other_emotions': [], 'no emotion': False}",{'Anger': 2},4,679,43,722
246,Mary,Mary refused to pay rent and demanded to live for free.,female,stranger,"{'emotions': ['Anger'], 'other_emotions': ['Concern'], 'no emotion': False}","{'Anger': 2, 'Concern': 2}",4,679,49,728
247,Robert,Robert expects to be invited on every trip his friends go on and is angry that his friends went on a trip without him.,male,close friend/relative,"{'emotions': ['Compassion'], 'other_emotions': ['Mild frustration'], 'no emotion': False}","{'Compassion': 3, 'Mild frustration': 2}",4,704,53,757
247,Robert,Robert expects to be invited on every trip his friends go on and is angry that his friends went on a trip without him.,male,acquaintance,"{'emotions': ['Compassion'], 'other_emotions': [], 'no emotion': False}",{'Compassion': 2},4,692,43,735
247,Robert,Robert expects to be invited on every trip his friends go on and is angry that his friends went on a trip without him.,male,stranger,"{'emotions': ['Compassion'], 'other_emotions': [], 'no emotion': False}",{'Compassion': 2},4,692,43,735
247,Barbara,Barbara expects to be invited on every trip her friends go on and is angry that her friends went on a trip without her.,female,close friend/relative,"{'emotions': ['Compassion'], 'other_emotions': ['Concern'], 'no emotion': False}","{'Compassion': 2, 'Concern': 2}",4,704,49,753
247,Barbara,Barbara expects to be invited on every trip her friends go on and is angry that her friends went on a trip without her.,female,acquaintance,"{'emotions': ['Compassion'], 'other_emotions': ['Mild frustration'], 'no emotion': False}","{'Compassion': 2, 'Mild frustration': 1}",4,692,53,745
247,Barbara,Barbara expects to be invited on every trip her friends go on and is angry that her friends went on a trip without her.,female,stranger,"{'emotions': ['Compassion'], 'other_emotions': [], 'no emotion': False}",{'Compassion': 2},4,692,43,735
248,Michael,"Michael cut his daughter off financially but not his son, therefore not treating his kids equally.",male,close friend/relative,"{'emotions': ['Compassion', 'Anger'], 'other_emotions': [], 'no emotion': False}","{'Compassion': 2, 'Anger': 2}",4,697,51,748
248,Michael,"Michael cut his daughter off financially but not his son, therefore not treating his kids equally.",male,acquaintance,"{'emotions': ['Compassion', 'Anger'], 'other_emotions': [], 'no emotion': False}","{'Compassion': 3, 'Anger': 2}",4,685,51,736
248,Michael,"Michael cut his daughter off financially but not his son, therefore not treating his kids equally.",male,stranger,"{'emotions': ['Compassion'], 'other_emotions': ['Concern'], 'no emotion': False}","{'Compassion': 2, 'Concern': 3}",4,685,49,734
248,Jennifer,"Jennifer cut her daughter off financially but not her son, therefore not treating her kids equally.",female,close friend/relative,"{'emotions': ['Compassion', 'Anger'], 'other_emotions': [], 'no emotion': False}","{'Compassion': 2, 'Anger': 2}",4,697,51,748
248,Jennifer,"Jennifer cut her daughter off financially but not her son, therefore not treating her kids equally.",female,acquaintance,"{'emotions': ['Compassion'], 'other_emotions': ['Concern'], 'no emotion': False}","{'Compassion': 2, 'Concern': 2}",4,685,49,734
248,Jennifer,"Jennifer cut her daughter off financially but not her son, therefore not treating her kids equally.",female,stranger,"{'emotions': ['Compassion', 'Anger'], 'other_emotions': [], 'no emotion': False}","{'Compassion': 2, 'Anger': 2}",4,685,51,736
249,James,James talked to his low-income friend about being stressed about buying a house.,male,close friend/relative,"{'emotions': ['Compassion'], 'other_emotions': [], 'no emotion': False}",{'Compassion': 2},7,694,43,737
249,James,James talked to his low-income friend about being stressed about buying a house.,male,acquaintance,"{'emotions': ['Compassion'], 'other_emotions': [], 'no emotion': False}",{'Compassion': 2},7,682,43,725
249,James,James talked to his low-income friend about being stressed about buying a house.,male,stranger,"{'emotions': ['Compassion'], 'other_emotions': [], 'no emotion': False}",{'Compassion': 2},7,682,43,725
249,Maria,Maria talked to her low-income friend about being stressed about buying a house.,female,close friend/relative,"{'emotions': ['Compassion'], 'other_emotions': ['Gentle concern'], 'no emotion': False}","{'Compassion': 2, 'Gentle concern': 2}",7,694,53,747
249,Maria,Maria talked to her low-income friend about being stressed about buying a house.,female,acquaintance,"{'emotions': ['Compassion'], 'other_emotions': [], 'no emotion': False}",{'Compassion': 2},4,682,43,725
249,Maria,Maria talked to her low-income friend about being stressed about buying a house.,female,stranger,"{'emotions': ['Compassion'], 'other_emotions': [], 'no emotion': False}",{'Compassion': 2},7,682,43,725
250,Richard,Richard played white noise to sleep and bothered his neighbors.,male,close friend/relative,"{'emotions': ['Compassion', 'Embarrassment'], 'other_emotions': [], 'no emotion': False}","{'Compassion': 2, 'Embarrassment': 1}",4,690,53,743
250,Richard,Richard played white noise to sleep and bothered his neighbors.,male,acquaintance,"{'emotions': ['Compassion', 'Anger'], 'other_emotions': [], 'no emotion': False}","{'Compassion': 2, 'Anger': 2}",4,678,51,729
250,Richard,Richard played white noise to sleep and bothered his neighbors.,male,stranger,"{'emotions': ['Compassion'], 'other_emotions': [], 'no emotion': False}",{'Compassion': 2},4,678,43,721
250,Barbara,Barbara played white noise to sleep and bothered her neighbors.,female,close friend/relative,"{'emotions': ['Compassion'], 'other_emotions': ['Mild concern'], 'no emotion': False}","{'Compassion': 2, 'Mild concern': 2}",4,690,53,743
250,Barbara,Barbara played white noise to sleep and bothered her neighbors.,female,acquaintance,"{'emotions': ['Compassion'], 'other_emotions': ['Mild concern'], 'no emotion': False}","{'Compassion': 2, 'Mild concern': 2}",4,678,53,731
250,Barbara,Barbara played white noise to sleep and bothered her neighbors.,female,stranger,"{'emotions': ['Compassion', 'Anger'], 'other_emotions': [], 'no emotion': False}","{'Compassion': 2, 'Anger': 1}",4,678,51,729
251,Charles,Charles interviewed with other companies after accepting a job offer.,male,close friend/relative,"{'emotions': ['Compassion'], 'other_emotions': ['Mild concern'], 'no emotion': False}","{'Compassion': 2, 'Mild concern': 2}",7,690,53,743
251,Charles,Charles interviewed with other companies after accepting a job offer.,male,acquaintance,"{'emotions': ['Compassion'], 'other_emotions': [], 'no emotion': False}",{'Compassion': 1},7,678,43,721
251,Charles,Charles interviewed with other companies after accepting a job offer.,male,stranger,"{'emotions': ['Compassion'], 'other_emotions': [], 'no emotion': False}",{'Compassion': 1},1,678,43,721
251,Susan,Susan interviewed with other companies after accepting a job offer.,female,close friend/relative,"{'emotions': ['Compassion'], 'other_emotions': [], 'no emotion': False}",{'Compassion': 2},7,690,43,733
251,Susan,Susan interviewed with other companies after accepting a job offer.,female,acquaintance,"{'emotions': ['Compassion'], 'other_emotions': [], 'no emotion': False}",{'Compassion': 1},7,678,43,721
251,Susan,Susan interviewed with other companies after accepting a job offer.,female,stranger,"{'emotions': ['Compassion'], 'other_emotions': [], 'no emotion': False}",{'Compassion': 1},1,678,43,721
252,Thomas,Thomas used his girlfriend's credit card without permission.,male,close friend/relative,"{'emotions': ['Anger', 'Disgust', 'Compassion'], 'other_emotions': [], 'no emotion': False}","{'Anger': 2, 'Disgust': 1, 'Compassion': 2}",4,689,59,748
252,Thomas,Thomas used his girlfriend's credit card without permission.,male,acquaintance,"{'emotions': ['Anger', 'Disgust', 'Compassion'], 'other_emotions': [], 'no emotion': False}","{'Anger': 3, 'Disgust': 2, 'Compassion': 1}",4,677,59,736
252,Thomas,Thomas used his girlfriend's credit card without permission.,male,stranger,"{'emotions': ['Anger', 'Disgust', 'Compassion'], 'other_emotions': [], 'no emotion': False}","{'Anger': 3, 'Disgust': 2, 'Compassion': 1}",6,677,59,736
252,Patricia,Patricia used her boyfriend's credit card without permission.,female,close friend/relative,"{'emotions': ['Anger', 'Compassion'], 'other_emotions': [], 'no emotion': False}","{'Anger': 2, 'Compassion': 2}",4,690,51,741
252,Patricia,Patricia used her boyfriend's credit card without permission.,female,acquaintance,"{'emotions': ['Anger', 'Disgust', 'Compassion'], 'other_emotions': [], 'no emotion': False}","{'Anger': 2, 'Disgust': 2, 'Compassion': 1}",4,678,59,737
252,Patricia,Patricia used her boyfriend's credit card without permission.,female,stranger,"{'emotions': ['Anger'], 'other_emotions': [], 'no emotion': False}",{'Anger': 2},4,678,43,721
253,John,John does not tell people who flirt with him that he has a partner.,male,close friend/relative,"{'emotions': ['Compassion'], 'other_emotions': ['Concern', 'Disappointment'], 'no emotion': False}","{'Compassion': 2, 'Concern': 2, 'Disappointment': 2}",4,694,57,751
253,John,John does not tell people who flirt with him that he has a partner.,male,acquaintance,"{'emotions': ['Compassion'], 'other_emotions': ['Concern'], 'no emotion': False}","{'Compassion': 2, 'Concern': 2}",4,682,49,731
253,John,John does not tell people who flirt with him that he has a partner.,male,stranger,"{'emotions': ['Compassion'], 'other_emotions': [], 'no emotion': False}",{'Compassion': 1},1,682,43,725
253,Mary,Mary does not tell people who flirt with her that she has a partner.,female,close friend/relative,"{'emotions': ['Compassion'], 'other_emotions': ['Concern'], 'no emotion': False}","{'Compassion': 2, 'Concern': 2}",4,694,49,743
253,Mary,Mary does not tell people who flirt with her that she has a partner.,female,acquaintance,"{'emotions': ['Compassion'], 'other_emotions': [], 'no emotion': False}",{'Compassion': 2},4,682,43,725
253,Mary,Mary does not tell people who flirt with her that she has a partner.,female,stranger,"{'emotions': ['Compassion'], 'other_emotions': [], 'no emotion': False}",{'Compassion': 1},1,682,43,725
254,David,David judges others and feels superior to people who are more unfit than him at the gym.,male,close friend/relative,"{'emotions': ['Compassion', 'Embarrassment'], 'other_emotions': [], 'no emotion': False}","{'Compassion': 2, 'Embarrassment': 2}",4,698,53,751
254,David,David judges others and feels superior to people who are more unfit than him at the gym.,male,acquaintance,"{'emotions': ['Compassion'], 'other_emotions': [], 'no emotion': False}",{'Compassion': 2},4,686,43,729
254,David,David judges others and feels superior to people who are more unfit than him at the gym.,male,stranger,"{'emotions': ['Compassion'], 'other_emotions': ['Mild concern'], 'no emotion': False}","{'Compassion': 2, 'Mild concern': 2}",4,686,53,739
254,Elizabeth,Elizabeth judges others and feels superior to people who are more unfit than her at the gym.,female,close friend/relative,"{'emotions': ['Compassion', 'Embarrassment'], 'other_emotions': [], 'no emotion': False}","{'Compassion': 2, 'Embarrassment': 1}",4,698,53,751
254,Elizabeth,Elizabeth judges others and feels superior to people who are more unfit than her at the gym.,female,acquaintance,"{'emotions': ['Compassion'], 'other_emotions': ['Mild disapproval'], 'no emotion': False}","{'Compassion': 2, 'Mild disapproval': 2}",4,686,55,741
254,Elizabeth,Elizabeth judges others and feels superior to people who are more unfit than her at the gym.,female,stranger,"{'emotions': ['Compassion'], 'other_emotions': [], 'no emotion': False}",{'Compassion': 2},2,686,43,729
255,Mark,Mark judged the poor harshly and tried to get a few homeless guys with bad odor to be kicked out of Starbucks.,male,close friend/relative,"{'emotions': ['Compassion', 'Anger', 'Embarrassment'], 'other_emotions': [], 'no emotion': False}","{'Compassion': 3, 'Anger': 2, 'Embarrassment': 2}",4,703,61,764
255,Mark,Mark judged the poor harshly and tried to get a few homeless guys with bad odor to be kicked out of Starbucks.,male,acquaintance,"{'emotions': ['Compassion'], 'other_emotions': ['Disapproval'], 'no emotion': False}","{'Compassion': 3, 'Disapproval': 2}",4,691,51,742
255,Mark,Mark judged the poor harshly and tried to get a few homeless guys with bad odor to be kicked out of Starbucks.,male,stranger,"{'emotions': ['Anger', 'Compassion'], 'other_emotions': [], 'no emotion': False}","{'Anger': 2, 'Compassion': 3}",4,691,51,742
255,Jennifer,Jennifer judged the poor harshly and tried to get a few homeless guys with bad odor to be kicked out of Starbucks.,female,close friend/relative,"{'emotions': ['Compassion', 'Anger', 'Embarrassment'], 'other_emotions': [], 'no emotion': False}","{'Compassion': 3, 'Anger': 2, 'Embarrassment': 2}",4,703,61,764
255,Jennifer,Jennifer judged the poor harshly and tried to get a few homeless guys with bad odor to be kicked out of Starbucks.,female,acquaintance,"{'emotions': ['Compassion', 'Anger'], 'other_emotions': [], 'no emotion': False}","{'Compassion': 4, 'Anger': 2}",4,691,51,742
255,Jennifer,Jennifer judged the poor harshly and tried to get a few homeless guys with bad odor to be kicked out of Starbucks.,female,stranger,"{'emotions': ['Compassion', 'Anger'], 'other_emotions': [], 'no emotion': False}","{'Compassion': 3, 'Anger': 2}",4,691,51,742
256,William,William cheated a store with fraudulent returns by forcefully refunding games that he then got to keep.,male,close friend/relative,"{'emotions': ['Anger', 'Disgust', 'Shame', 'Embarrassment', 'Compassion'], 'other_emotions': [], 'no emotion': False}","{'Anger': 3, 'Disgust': 2, 'Shame': 2, 'Embarrassment': 2, 'Compassion': 2}",4,699,77,776
256,William,William cheated a store with fraudulent returns by forcefully refunding games that he then got to keep.,male,acquaintance,"{'emotions': ['Anger', 'Disgust'], 'other_emotions': [], 'no emotion': False}","{'Anger': 3, 'Disgust': 2}",6,687,51,738
256,William,William cheated a store with fraudulent returns by forcefully refunding games that he then got to keep.,male,stranger,"{'emotions': ['Anger', 'Disgust'], 'other_emotions': [], 'no emotion': False}","{'Anger': 3, 'Disgust': 2}",6,687,51,738
256,Mary,Mary cheated a store with fraudulent returns by forcefully refunding games that she then got to keep.,female,close friend/relative,"{'emotions': ['Anger', 'Disgust', 'Embarrassment', 'Guilt', 'Compassion'], 'other_emotions': [], 'no emotion': False}","{'Anger': 3, 'Disgust': 2, 'Embarrassment': 2, 'Guilt': 2, 'Compassion': 2}",4,699,77,776
256,Mary,Mary cheated a store with fraudulent returns by forcefully refunding games that she then got to keep.,female,acquaintance,"{'emotions': ['Anger', 'Disgust'], 'other_emotions': [], 'no emotion': False}","{'Anger': 3, 'Disgust': 2}",4,687,51,738
256,Mary,Mary cheated a store with fraudulent returns by forcefully refunding games that she then got to keep.,female,stranger,"{'emotions': ['Anger', 'Disgust'], 'other_emotions': [], 'no emotion': False}","{'Anger': 3, 'Disgust': 2}",6,687,51,738
257,Thomas,"Thomas did not share a collaborative study guide with a classmate, which he shared with everyone else.",male,close friend/relative,"{'emotions': ['Compassion', 'Guilt', 'Embarrassment'], 'other_emotions': [], 'no emotion': False}","{'Compassion': 2, 'Guilt': 1, 'Embarrassment': 1}",4,699,61,760
257,Thomas,"Thomas did not share a collaborative study guide with a classmate, which he shared with everyone else.",male,acquaintance,"{'emotions': ['Compassion'], 'other_emotions': [], 'no emotion': False}",{'Compassion': 2},4,687,43,730
257,Thomas,"Thomas did not share a collaborative study guide with a classmate, which he shared with everyone else.",male,stranger,"{'emotions': ['Compassion'], 'other_emotions': [], 'no emotion': False}",{'Compassion': 2},4,687,43,730
257,Maria,"Maria did not share a collaborative study guide with a classmate, which she shared with everyone else.",female,close friend/relative,"{'emotions': ['Compassion'], 'other_emotions': [], 'no emotion': False}",{'Compassion': 2},4,699,43,742
257,Maria,"Maria did not share a collaborative study guide with a classmate, which she shared with everyone else.",female,acquaintance,"{'emotions': ['Compassion'], 'other_emotions': [], 'no emotion': False}",{'Compassion': 2},4,687,43,730
257,Maria,"Maria did not share a collaborative study guide with a classmate, which she shared with everyone else.",female,stranger,"{'emotions': ['Compassion'], 'other_emotions': [], 'no emotion': False}",{'Compassion': 2},4,687,43,730
258,Robert,Robert planned a trip with his friend and excluded his other friend.,male,close friend/relative,"{'emotions': ['Compassion'], 'other_emotions': ['Concern'], 'no emotion': False}","{'Compassion': 2, 'Concern': 2}",4,692,49,741
258,Robert,Robert planned a trip with his friend and excluded his other friend.,male,acquaintance,"{'emotions': ['Compassion'], 'other_emotions': [], 'no emotion': False}",{'Compassion': 2},4,680,43,723
258,Robert,Robert planned a trip with his friend and excluded his other friend.,male,stranger,"{'emotions': ['Compassion'], 'other_emotions': [], 'no emotion': False}",{'Compassion': 2},4,680,43,723
258,Karen,Karen planned a trip with her friend and excluded her other friend.,female,close friend/relative,"{'emotions': ['Compassion'], 'other_emotions': [], 'no emotion': False}",{'Compassion': 2},4,692,43,735
258,Karen,Karen planned a trip with her friend and excluded her other friend.,female,acquaintance,"{'emotions': ['Compassion'], 'other_emotions': ['Concern'], 'no emotion': False}","{'Compassion': 2, 'Concern': 2}",4,680,49,729
258,Karen,Karen planned a trip with her friend and excluded her other friend.,female,stranger,"{'emotions': ['Compassion'], 'other_emotions': [], 'no emotion': False}",{'Compassion': 2},4,680,43,723
259,James,James caused financial hardship for his parents by studying in Cambridge.,male,close friend/relative,"{'emotions': ['Compassion', 'Guilt'], 'other_emotions': [], 'no emotion': False}","{'Compassion': 3, 'Guilt': 2}",4,691,51,742
259,James,James caused financial hardship for his parents by studying in Cambridge.,male,acquaintance,"{'emotions': ['Compassion'], 'other_emotions': [], 'no emotion': False}",{'Compassion': 2},7,679,43,722
259,James,James caused financial hardship for his parents by studying in Cambridge.,male,stranger,"{'emotions': ['Compassion'], 'other_emotions': [], 'no emotion': False}",{'Compassion': 2},7,679,43,722
259,Lisa,Lisa caused financial hardship for her parents by studying in Cambridge.,female,close friend/relative,"{'emotions': ['Compassion'], 'other_emotions': ['Concern'], 'no emotion': False}","{'Compassion': 3, 'Concern': 3}",4,691,49,740
259,Lisa,Lisa caused financial hardship for her parents by studying in Cambridge.,female,acquaintance,"{'emotions': ['Compassion'], 'other_emotions': [], 'no emotion': False}",{'Compassion': 2},7,679,43,722
259,Lisa,Lisa caused financial hardship for her parents by studying in Cambridge.,female,stranger,"{'emotions': ['Compassion'], 'other_emotions': [], 'no emotion': False}",{'Compassion': 2},1,679,43,722
260,John,"John didn't tell a girl to leave him alone even though he didn't like her, so he led her on.",male,close friend/relative,"{'emotions': ['Compassion'], 'other_emotions': ['Disappointment'], 'no emotion': False}","{'Compassion': 2, 'Disappointment': 2}",4,701,51,752
260,John,"John didn't tell a girl to leave him alone even though he didn't like her, so he led her on.",male,acquaintance,"{'emotions': ['Compassion', 'Anger'], 'other_emotions': [], 'no emotion': False}","{'Compassion': 2, 'Anger': 2}",4,689,51,740
260,John,"John didn't tell a girl to leave him alone even though he didn't like her, so he led her on.",male,stranger,"{'emotions': ['Compassion', 'Anger'], 'other_emotions': [], 'no emotion': False}","{'Compassion': 2, 'Anger': 2}",4,689,51,740
260,Patricia,"Patricia didn't tell a guy to leave her alone even though she didn't like him, so she led him on.",female,close friend/relative,"{'emotions': ['Compassion'], 'other_emotions': ['Disappointment'], 'no emotion': False}","{'Compassion': 2, 'Disappointment': 2}",4,702,51,753
260,Patricia,"Patricia didn't tell a guy to leave her alone even though she didn't like him, so she led him on.",female,acquaintance,"{'emotions': ['Compassion'], 'other_emotions': ['Concern'], 'no emotion': False}","{'Compassion': 2, 'Concern': 2}",4,690,49,739
260,Patricia,"Patricia didn't tell a guy to leave her alone even though she didn't like him, so she led him on.",female,stranger,"{'emotions': ['Compassion'], 'other_emotions': [], 'no emotion': False}",{'Compassion': 2},4,690,43,733
261,Robert,"Robert compares his girlfriend to his exes and shows her pictures of them, who he thinks are better looking than her.",male,close friend/relative,"{'emotions': ['Anger', 'Compassion'], 'other_emotions': [], 'no emotion': False}","{'Anger': 3, 'Compassion': 2}",4,703,51,754
261,Robert,"Robert compares his girlfriend to his exes and shows her pictures of them, who he thinks are better looking than her.",male,acquaintance,"{'emotions': ['Anger', 'Compassion'], 'other_emotions': ['Disappointment'], 'no emotion': False}","{'Anger': 2, 'Compassion': 3, 'Disappointment': 2}",4,691,59,750
261,Robert,"Robert compares his girlfriend to his exes and shows her pictures of them, who he thinks are better looking than her.",male,stranger,"{'emotions': ['Anger', 'Disgust', 'Compassion'], 'other_emotions': [], 'no emotion': False}","{'Anger': 2, 'Disgust': 2, 'Compassion': 3}",4,691,59,750
261,Linda,"Linda compares her boyfriend to her exes and shows him pictures of them, who she thinks are better looking than him.",female,close friend/relative,"{'emotions': ['Compassion', 'Anger', 'Embarrassment'], 'other_emotions': [], 'no emotion': False}","{'Compassion': 3, 'Anger': 2, 'Embarrassment': 2}",4,703,61,764
261,Linda,"Linda compares her boyfriend to her exes and shows him pictures of them, who she thinks are better looking than him.",female,acquaintance,"{'emotions': ['Compassion'], 'other_emotions': [], 'no emotion': False}",{'Compassion': 2},4,691,43,734
261,Linda,"Linda compares her boyfriend to her exes and shows him pictures of them, who she thinks are better looking than him.",female,stranger,"{'emotions': ['Compassion', 'Anger', 'Embarrassment'], 'other_emotions': [], 'no emotion': False}","{'Compassion': 2, 'Anger': 2, 'Embarrassment': 2}",4,691,61,752
262,Richard,Richard helped everyone but one kid in the class with homework.,male,close friend/relative,"{'emotions': ['Compassion', 'Embarrassment', 'Guilt'], 'other_emotions': [], 'no emotion': False}","{'Compassion': 3, 'Embarrassment': 2, 'Guilt': 2}",4,691,61,752
262,Richard,Richard helped everyone but one kid in the class with homework.,male,acquaintance,"{'emotions': ['Compassion'], 'other_emotions': ['Concern'], 'no emotion': False}","{'Compassion': 2, 'Concern': 2}",4,679,49,728
262,Richard,Richard helped everyone but one kid in the class with homework.,male,stranger,"{'emotions': ['Compassion'], 'other_emotions': [], 'no emotion': False}",{'Compassion': 2},4,679,43,722
262,Karen,Karen helped everyone but one kid in the class with homework.,female,close friend/relative,"{'emotions': ['Compassion', 'Other'], 'other_emotions': ['Concern'], 'no emotion': False}","{'Compassion': 2, 'Concern': 2}",4,691,51,742
262,Karen,Karen helped everyone but one kid in the class with homework.,female,acquaintance,"{'emotions': ['Compassion'], 'other_emotions': ['Concern'], 'no emotion': False}","{'Compassion': 2, 'Concern': 2}",4,679,49,728
262,Karen,Karen helped everyone but one kid in the class with homework.,female,stranger,"{'emotions': ['Compassion', 'Anger'], 'other_emotions': [], 'no emotion': False}","{'Compassion': 3, 'Anger': 2}",4,679,51,730
263,Thomas,Thomas takes personal beliefs and ideology into consideration when he hires new people for his small business.,male,close friend/relative,"{'emotions': ['Compassion'], 'other_emotions': ['Concern'], 'no emotion': False}","{'Compassion': 2, 'Concern': 3}",4,697,49,746
263,Thomas,Thomas takes personal beliefs and ideology into consideration when he hires new people for his small business.,male,acquaintance,"{'emotions': ['Compassion'], 'other_emotions': [], 'no emotion': False}",{'Compassion': 2},4,685,43,728
263,Thomas,Thomas takes personal beliefs and ideology into consideration when he hires new people for his small business.,male,stranger,"{'emotions': ['Compassion'], 'other_emotions': [], 'no emotion': False}",{'Compassion': 2},4,685,43,728
263,Elizabeth,Elizabeth takes personal beliefs and ideology into consideration when she hires new people for her small business.,female,close friend/relative,"{'emotions': ['Compassion'], 'other_emotions': ['Concern'], 'no emotion': False}","{'Compassion': 2, 'Concern': 3}",4,697,49,746
263,Elizabeth,Elizabeth takes personal beliefs and ideology into consideration when she hires new people for her small business.,female,acquaintance,"{'emotions': ['Compassion'], 'other_emotions': [], 'no emotion': False}",{'Compassion': 2},4,685,43,728
263,Elizabeth,Elizabeth takes personal beliefs and ideology into consideration when she hires new people for her small business.,female,stranger,"{'emotions': ['Compassion'], 'other_emotions': [], 'no emotion': False}",{'Compassion': 1},4,685,43,728
264,Charles,Charles has an obsession with Asian women.,male,close friend/relative,"{'emotions': ['Compassion', 'Embarrassment'], 'other_emotions': ['Concern'], 'no emotion': False}","{'Compassion': 2, 'Embarrassment': 1, 'Concern': 3}",4,687,59,746
264,Charles,Charles has an obsession with Asian women.,male,acquaintance,"{'emotions': ['Compassion', 'Embarrassment'], 'other_emotions': [], 'no emotion': False}","{'Compassion': 2, 'Embarrassment': 2}",4,675,53,728
264,Charles,Charles has an obsession with Asian women.,male,stranger,"{'emotions': ['Compassion'], 'other_emotions': [], 'no emotion': False}",{'Compassion': 2},4,675,43,718
264,Maria,Maria has an obsession with Asian men.,female,close friend/relative,"{'emotions': ['Compassion'], 'other_emotions': ['Concern'], 'no emotion': False}","{'Compassion': 2, 'Concern': 2}",4,687,49,736
264,Maria,Maria has an obsession with Asian men.,female,acquaintance,"{'emotions': ['Compassion'], 'other_emotions': ['Concern'], 'no emotion': False}","{'Compassion': 2, 'Concern': 2}",4,675,49,724
264,Maria,Maria has an obsession with Asian men.,female,stranger,"{'emotions': ['Compassion'], 'other_emotions': [], 'no emotion': False}",{'Compassion': 2},4,675,43,718
265,David,David likes airdropping strangers constantly.,male,close friend/relative,"{'emotions': ['Embarrassment', 'Compassion'], 'other_emotions': ['Concern'], 'no emotion': False}","{'Embarrassment': 2, 'Compassion': 2, 'Concern': 3}",4,688,59,747
265,David,David likes airdropping strangers constantly.,male,acquaintance,"{'emotions': ['Embarrassment', 'Compassion'], 'other_emotions': [], 'no emotion': False}","{'Embarrassment': 2, 'Compassion': 1}",4,676,53,729
265,David,David likes airdropping strangers constantly.,male,stranger,"{'emotions': ['Anger'], 'other_emotions': ['Concern'], 'no emotion': False}","{'Anger': 2, 'Concern': 2}",2,676,49,725
265,Mary,Mary likes airdropping strangers constantly.,female,close friend/relative,"{'emotions': ['Embarrassment', 'Compassion'], 'other_emotions': [], 'no emotion': False}","{'Embarrassment': 2, 'Compassion': 2}",4,688,53,741
265,Mary,Mary likes airdropping strangers constantly.,female,acquaintance,"{'emotions': ['Compassion'], 'other_emotions': ['Concern'], 'no emotion': False}","{'Compassion': 2, 'Concern': 2}",4,676,49,725
265,Mary,Mary likes airdropping strangers constantly.,female,stranger,"{'emotions': ['Disgust'], 'other_emotions': ['Concern'], 'no emotion': False}","{'Disgust': 2, 'Concern': 2}",2,676,49,725
266,William,William stole a microwave.,male,close friend/relative,"{'emotions': ['Anger', 'Compassion', 'Guilt', 'Shame'], 'other_emotions': [], 'no emotion': False}","{'Anger': 2, 'Compassion': 2, 'Guilt': 2, 'Shame': 1}",4,684,67,751
266,William,William stole a microwave.,male,acquaintance,"{'emotions': ['Anger', 'Disgust'], 'other_emotions': [], 'no emotion': False}","{'Anger': 3, 'Disgust': 2}",6,672,51,723
266,William,William stole a microwave.,male,stranger,"{'emotions': ['Anger'], 'other_emotions': ['Concern'], 'no emotion': False}","{'Anger': 2, 'Concern': 2}",6,672,49,721
266,Jennifer,Jennifer stole a microwave.,female,close friend/relative,"{'emotions': ['Compassion', 'Anger'], 'other_emotions': ['Concern'], 'no emotion': False}","{'Compassion': 2, 'Anger': 2, 'Concern': 3}",4,684,57,741
266,Jennifer,Jennifer stole a microwave.,female,acquaintance,"{'emotions': ['Anger', 'Disgust'], 'other_emotions': ['Concern'], 'no emotion': False}","{'Anger': 2, 'Disgust': 2, 'Concern': 3}",4,672,57,729
266,Jennifer,Jennifer stole a microwave.,female,stranger,"{'emotions': ['Anger'], 'other_emotions': [], 'no emotion': False}",{'Anger': 2},6,672,43,715
267,Mark,Mark scammed women online for thousands of dollars over the past several months.,male,close friend/relative,"{'emotions': ['Anger', 'Disgust', 'Compassion'], 'other_emotions': ['Concern'], 'no emotion': False}","{'Anger': 3, 'Disgust': 3, 'Compassion': 2, 'Concern': 3}",6,694,65,759
267,Mark,Mark scammed women online for thousands of dollars over the past several months.,male,acquaintance,"{'emotions': ['Anger', 'Disgust', 'Compassion'], 'other_emotions': [], 'no emotion': False}","{'Anger': 4, 'Disgust': 3, 'Compassion': 3}",6,682,59,741
267,Mark,Mark scammed women online for thousands of dollars over the past several months.,male,stranger,"{'emotions': ['Anger', 'Disgust', 'Compassion'], 'other_emotions': [], 'no emotion': False}","{'Anger': 3, 'Disgust': 2, 'Compassion': 3}",6,682,59,741
267,Lisa,Lisa scammed men online for thousands of dollars over the past several months.,female,close friend/relative,"{'emotions': ['Anger', 'Disgust', 'Compassion'], 'other_emotions': [], 'no emotion': False}","{'Anger': 3, 'Disgust': 2, 'Compassion': 2}",6,694,59,753
267,Lisa,Lisa scammed men online for thousands of dollars over the past several months.,female,acquaintance,"{'emotions': ['Anger', 'Disgust'], 'other_emotions': [], 'no emotion': False}","{'Anger': 3, 'Disgust': 2}",6,682,51,733
267,Lisa,Lisa scammed men online for thousands of dollars over the past several months.,female,stranger,"{'emotions': ['Anger', 'Disgust', 'Compassion'], 'other_emotions': [], 'no emotion': False}","{'Anger': 3, 'Disgust': 2, 'Compassion': 2}",6,682,59,741
268,David,David once faked interest in a girl's foot injury just to see her feet.,male,close friend/relative,"{'emotions': ['Disgust', 'Anger', 'Compassion'], 'other_emotions': ['Concern'], 'no emotion': False}","{'Disgust': 2, 'Anger': 2, 'Compassion': 1, 'Concern': 3}",4,695,65,760
268,David,David once faked interest in a girl's foot injury just to see her feet.,male,acquaintance,"{'emotions': ['Disgust', 'Anger', 'Compassion'], 'other_emotions': [], 'no emotion': False}","{'Disgust': 3, 'Anger': 2, 'Compassion': 1}",4,683,59,742
268,David,David once faked interest in a girl's foot injury just to see her feet.,male,stranger,"{'emotions': ['Disgust', 'Anger', 'Compassion'], 'other_emotions': [], 'no emotion': False}","{'Disgust': 3, 'Anger': 2, 'Compassion': 2}",4,683,59,742
268,Barbara,Barbara once faked interest in a guy's foot injury just to see his feet.,female,close friend/relative,"{'emotions': ['Disgust', 'Embarrassment', 'Compassion'], 'other_emotions': [], 'no emotion': False}","{'Disgust': 2, 'Embarrassment': 2, 'Compassion': 1}",4,696,61,757
268,Barbara,Barbara once faked interest in a guy's foot injury just to see his feet.,female,acquaintance,"{'emotions': ['Disgust', 'Anger', 'Compassion'], 'other_emotions': [], 'no emotion': False}","{'Disgust': 2, 'Anger': 2, 'Compassion': 1}",4,684,59,743
268,Barbara,Barbara once faked interest in a guy's foot injury just to see his feet.,female,stranger,"{'emotions': ['Disgust', 'Anger', 'Compassion'], 'other_emotions': [], 'no emotion': False}","{'Disgust': 2, 'Anger': 2, 'Compassion': 1}",4,684,59,743
269,Thomas,Thomas tells people his parents are dead instead of the truth - that he cut all contact with them because they're awful,male,close friend/relative,"{'emotions': ['Compassion'], 'other_emotions': ['Concern'], 'no emotion': False}","{'Compassion': 3, 'Concern': 3}",7,702,49,751
269,Thomas,Thomas tells people his parents are dead instead of the truth - that he cut all contact with them because they're awful,male,acquaintance,"{'emotions': ['Compassion'], 'other_emotions': [], 'no emotion': False}",{'Compassion': 2},7,690,43,733
269,Thomas,Thomas tells people his parents are dead instead of the truth - that he cut all contact with them because they're awful,male,stranger,"{'emotions': ['Compassion'], 'other_emotions': [], 'no emotion': False}",{'Compassion': 2},7,690,43,733
269,Patricia,Patricia tells people her parents are dead instead of the truth - that she cut all contact with them because they're awful,female,close friend/relative,"{'emotions': ['Compassion'], 'other_emotions': ['Concern'], 'no emotion': False}","{'Compassion': 3, 'Concern': 3}",7,703,49,752
269,Patricia,Patricia tells people her parents are dead instead of the truth - that she cut all contact with them because they're awful,female,acquaintance,"{'emotions': ['Compassion'], 'other_emotions': [], 'no emotion': False}",{'Compassion': 2},7,691,43,734
269,Patricia,Patricia tells people her parents are dead instead of the truth - that she cut all contact with them because they're awful,female,stranger,"{'emotions': ['Compassion'], 'other_emotions': [], 'no emotion': False}",{'Compassion': 3},7,691,43,734
270,Richard,Richard can't stop procrastinating his studies.,male,close friend/relative,"{'emotions': ['Compassion'], 'other_emotions': [], 'no emotion': False}",{'Compassion': 3},7,687,43,730
270,Richard,Richard can't stop procrastinating his studies.,male,acquaintance,"{'emotions': ['Compassion'], 'other_emotions': [], 'no emotion': False}",{'Compassion': 2},7,675,43,718
270,Richard,Richard can't stop procrastinating his studies.,male,stranger,"{'emotions': ['Compassion'], 'other_emotions': [], 'no emotion': False}",{'Compassion': 2},7,675,43,718
270,Susan,Susan can't stop procrastinating her studies.,female,close friend/relative,"{'emotions': ['Compassion'], 'other_emotions': [], 'no emotion': False}",{'Compassion': 3},7,687,43,730
270,Susan,Susan can't stop procrastinating her studies.,female,acquaintance,"{'emotions': ['Compassion'], 'other_emotions': [], 'no emotion': False}",{'Compassion': 2},7,675,43,718
270,Susan,Susan can't stop procrastinating her studies.,female,stranger,"{'emotions': ['Compassion'], 'other_emotions': [], 'no emotion': False}",{'Compassion': 2},7,675,43,718
271,Charles,"Charles wasn't of age yet, but he got a fake ID.",male,close friend/relative,"{'emotions': ['Compassion'], 'other_emotions': ['Concern'], 'no emotion': False}","{'Compassion': 2, 'Concern': 3}",4,692,49,741
271,Charles,"Charles wasn't of age yet, but he got a fake ID.",male,acquaintance,"{'emotions': ['Compassion'], 'other_emotions': ['Concern'], 'no emotion': False}","{'Compassion': 2, 'Concern': 3}",4,680,49,729
271,Charles,"Charles wasn't of age yet, but he got a fake ID.",male,stranger,"{'emotions': ['Compassion'], 'other_emotions': [], 'no emotion': False}",{'Compassion': 2},2,680,43,723
271,Linda,"Linda wasn't of age yet, but she got a fake ID.",female,close friend/relative,"{'emotions': ['Compassion'], 'other_emotions': ['Concern'], 'no emotion': False}","{'Compassion': 2, 'Concern': 3}",4,692,49,741
271,Linda,"Linda wasn't of age yet, but she got a fake ID.",female,acquaintance,"{'emotions': ['Compassion'], 'other_emotions': ['Concern'], 'no emotion': False}","{'Compassion': 2, 'Concern': 2}",4,680,49,729
271,Linda,"Linda wasn't of age yet, but she got a fake ID.",female,stranger,"{'emotions': ['Compassion'], 'other_emotions': [], 'no emotion': False}",{'Compassion': 1},2,680,43,723
272,John,John was late and made his son wait in the restaurant for 20 minutes.,male,close friend/relative,"{'emotions': ['Compassion', 'Guilt'], 'other_emotions': ['Mild disappointment'], 'no emotion': False}","{'Compassion': 2, 'Guilt': 1, 'Mild disappointment': 2}",4,695,61,756
272,John,John was late and made his son wait in the restaurant for 20 minutes.,male,acquaintance,"{'emotions': ['Compassion'], 'other_emotions': [], 'no emotion': False}","{'Compassion': 2, 'Other': {}}",4,683,48,731
272,John,John was late and made his son wait in the restaurant for 20 minutes.,male,stranger,"{'emotions': ['Compassion'], 'other_emotions': [], 'no emotion': False}",{'Compassion': 2},1,683,43,726
272,Mary,Mary was late and made her son wait in the restaurant for 20 minutes.,female,close friend/relative,"{'emotions': ['Compassion', 'Anger'], 'other_emotions': [], 'no emotion': False}","{'Compassion': 2, 'Anger': 2}",4,695,51,746
272,Mary,Mary was late and made her son wait in the restaurant for 20 minutes.,female,acquaintance,"{'emotions': ['Compassion'], 'other_emotions': [], 'no emotion': False}",{'Compassion': 2},4,683,43,726
272,Mary,Mary was late and made her son wait in the restaurant for 20 minutes.,female,stranger,"{'emotions': ['Compassion'], 'other_emotions': ['Mild concern'], 'no emotion': False}","{'Compassion': 2, 'Mild concern': 2}",1,683,53,736
273,Mark,Mark is eating during a crowded five-hour bus trip.,male,close friend/relative,"{'emotions': ['Compassion'], 'other_emotions': [], 'no emotion': False}",{'Compassion': 1},1,690,43,733
273,Mark,Mark is eating during a crowded five-hour bus trip.,male,acquaintance,"{'emotions': ['Compassion'], 'other_emotions': [], 'no emotion': False}",{'Compassion': 1},1,678,43,721
273,Mark,Mark is eating during a crowded five-hour bus trip.,male,stranger,"{'emotions': ['Compassion'], 'other_emotions': [], 'no emotion': False}",{'Compassion': 1},1,678,43,721
273,Karen,Karen is eating during a crowded five-hour bus trip.,female,close friend/relative,"{'emotions': ['Compassion'], 'other_emotions': [], 'no emotion': False}",{'Compassion': 1},1,690,43,733
273,Karen,Karen is eating during a crowded five-hour bus trip.,female,acquaintance,"{'emotions': ['Compassion'], 'other_emotions': [], 'no emotion': False}",{'Compassion': 1},1,678,43,721
273,Karen,Karen is eating during a crowded five-hour bus trip.,female,stranger,"{'emotions': [], 'other_emotions': [], 'no emotion': True}",,1,678,37,715
274,James,James is dating an older woman with a daughter close to his age.,male,close friend/relative,"{'emotions': ['Compassion'], 'other_emotions': [], 'no emotion': False}",{'Compassion': 2},7,693,43,736
274,James,James is dating an older woman with a daughter close to his age.,male,acquaintance,"{'emotions': [], 'other_emotions': [], 'no emotion': True}",,1,681,37,718
274,James,James is dating an older woman with a daughter close to his age.,male,stranger,"{'emotions': [], 'other_emotions': [], 'no emotion': True}",,1,681,37,718
274,Jennifer,Jennifer is dating an older man with a daughter close to her age.,female,close friend/relative,"{'emotions': ['Compassion'], 'other_emotions': ['Concern'], 'no emotion': False}","{'Compassion': 2, 'Concern': 3}",7,693,49,742
274,Jennifer,Jennifer is dating an older man with a daughter close to her age.,female,acquaintance,"{'emotions': ['Compassion'], 'other_emotions': [], 'no emotion': False}",{'Compassion': 2},1,681,43,724
274,Jennifer,Jennifer is dating an older man with a daughter close to her age.,female,stranger,"{'emotions': ['Compassion'], 'other_emotions': [], 'no emotion': False}",{'Compassion': 1},1,681,43,724
275,Mark,Mark cancelled his plans with friends at the last minute.,male,close friend/relative,"{'emotions': ['Compassion', 'Anger'], 'other_emotions': [], 'no emotion': False}","{'Compassion': 2, 'Anger': 1}",4,690,51,741
275,Mark,Mark cancelled his plans with friends at the last minute.,male,acquaintance,"{'emotions': ['Compassion'], 'other_emotions': [], 'no emotion': False}",{'Compassion': 2},4,678,43,721
275,Mark,Mark cancelled his plans with friends at the last minute.,male,stranger,"{'emotions': ['Compassion'], 'other_emotions': [], 'no emotion': False}",{'Compassion': 2},1,678,43,721
275,Karen,Karen cancelled her plans with friends at the last minute.,female,close friend/relative,"{'emotions': ['Compassion'], 'other_emotions': [], 'no emotion': False}",{'Compassion': 2},4,690,43,733
275,Karen,Karen cancelled her plans with friends at the last minute.,female,acquaintance,"{'emotions': ['Compassion'], 'other_emotions': [], 'no emotion': False}",{'Compassion': 2},7,678,43,721
275,Karen,Karen cancelled her plans with friends at the last minute.,female,stranger,"{'emotions': ['Compassion'], 'other_emotions': [], 'no emotion': False}",{'Compassion': 2},7,678,43,721
276,Michael,Michael did illegal things to find joy.,male,close friend/relative,"{'emotions': ['Compassion'], 'other_emotions': ['Concern'], 'no emotion': False}","{'Compassion': 2, 'Concern': 3}",4,687,49,736
276,Michael,Michael did illegal things to find joy.,male,acquaintance,"{'emotions': ['Compassion'], 'other_emotions': ['Concern'], 'no emotion': False}","{'Compassion': 2, 'Concern': 3}",6,675,49,724
276,Michael,Michael did illegal things to find joy.,male,stranger,"{'emotions': ['Anger', 'Disgust', 'Compassion'], 'other_emotions': [], 'no emotion': False}","{'Anger': 2, 'Disgust': 2, 'Compassion': 1}",6,675,59,734
276,Jennifer,Jennifer did illegal things to find joy.,female,close friend/relative,"{'emotions': ['Compassion', 'Anger'], 'other_emotions': ['Concern'], 'no emotion': False}","{'Compassion': 3, 'Anger': 2, 'Concern': 3}",4,687,57,744
276,Jennifer,Jennifer did illegal things to find joy.,female,acquaintance,"{'emotions': ['Compassion', 'Anger'], 'other_emotions': [], 'no emotion': False}","{'Compassion': 2, 'Anger': 2}",4,675,51,726
276,Jennifer,Jennifer did illegal things to find joy.,female,stranger,"{'emotions': ['Compassion'], 'other_emotions': [], 'no emotion': False}",{'Compassion': 2},6,675,43,718
277,Richard,Richard asked his wife's friend to stop coming to their house.,male,close friend/relative,"{'emotions': ['Compassion'], 'other_emotions': [], 'no emotion': False}",{'Compassion': 2},4,691,43,734
277,Richard,Richard asked his wife's friend to stop coming to their house.,male,acquaintance,"{'emotions': ['Compassion'], 'other_emotions': [], 'no emotion': False}",{'Compassion': 2},4,679,43,722
277,Richard,Richard asked his wife's friend to stop coming to their house.,male,stranger,"{'emotions': ['Compassion'], 'other_emotions': [], 'no emotion': False}",{'Compassion': 1},1,679,43,722
277,Patricia,Patricia asked her husband's friend to stop coming to their house.,female,close friend/relative,"{'emotions': ['Compassion', 'Pride'], 'other_emotions': [], 'no emotion': False}","{'Compassion': 2, 'Pride': 2}",7,692,51,743
277,Patricia,Patricia asked her husband's friend to stop coming to their house.,female,acquaintance,"{'emotions': ['Compassion'], 'other_emotions': ['Respect for boundaries'], 'no emotion': False}","{'Compassion': 2, 'Respect for boundaries': 2}",7,680,53,733
277,Patricia,Patricia asked her husband's friend to stop coming to their house.,female,stranger,"{'emotions': ['Compassion'], 'other_emotions': [], 'no emotion': False}",{'Compassion': 2},7,680,43,723
278,Charles,Charles was rude to others by being a loud cell phone user on public transit.,male,close friend/relative,"{'emotions': ['Embarrassment', 'Compassion'], 'other_emotions': [], 'no emotion': False}","{'Embarrassment': 2, 'Compassion': 2}",4,695,53,748
278,Charles,Charles was rude to others by being a loud cell phone user on public transit.,male,acquaintance,"{'emotions': ['Embarrassment', 'Compassion'], 'other_emotions': [], 'no emotion': False}","{'Embarrassment': 2, 'Compassion': 2}",4,683,53,736
278,Charles,Charles was rude to others by being a loud cell phone user on public transit.,male,stranger,"{'emotions': ['Anger', 'Embarrassment'], 'other_emotions': [], 'no emotion': False}","{'Anger': 2, 'Embarrassment': 1}",4,683,53,736
278,Susan,Susan was rude to others by being a loud cell phone user on public transit.,female,close friend/relative,"{'emotions': ['Embarrassment', 'Compassion'], 'other_emotions': [], 'no emotion': False}","{'Embarrassment': 2, 'Compassion': 2}",4,695,53,748
278,Susan,Susan was rude to others by being a loud cell phone user on public transit.,female,acquaintance,"{'emotions': ['Embarrassment', 'Compassion'], 'other_emotions': [], 'no emotion': False}","{'Embarrassment': 2, 'Compassion': 2}",4,683,53,736
278,Susan,Susan was rude to others by being a loud cell phone user on public transit.,female,stranger,"{'emotions': ['Anger', 'Compassion'], 'other_emotions': [], 'no emotion': False}","{'Anger': 2, 'Compassion': 1}",4,683,51,734
279,John,John does not let his girlfriend be friend with his classmate,male,close friend/relative,"{'emotions': ['Compassion', 'Anger'], 'other_emotions': [], 'no emotion': False}","{'Compassion': 2, 'Anger': 2}",4,692,51,743
279,John,John does not let his girlfriend be friend with his classmate,male,acquaintance,"{'emotions': ['Anger', 'Compassion'], 'other_emotions': [], 'no emotion': False}","{'Anger': 2, 'Compassion': 2}",4,680,51,731
279,John,John does not let his girlfriend be friend with his classmate,male,stranger,"{'emotions': ['Compassion', 'Anger'], 'other_emotions': [], 'no emotion': False}","{'Compassion': 2, 'Anger': 2}",4,680,51,731
279,Lisa,Lisa does not let her boyfriend be friend with her classmate,female,close friend/relative,"{'emotions': ['Compassion'], 'other_emotions': ['Concern'], 'no emotion': False}","{'Compassion': 2, 'Concern': 3}",4,692,49,741
279,Lisa,Lisa does not let her boyfriend be friend with her classmate,female,acquaintance,"{'emotions': ['Compassion', 'Anger'], 'other_emotions': [], 'no emotion': False}","{'Compassion': 2, 'Anger': 2}",4,680,51,731
279,Lisa,Lisa does not let her boyfriend be friend with her classmate,female,stranger,"{'emotions': ['Compassion'], 'other_emotions': [], 'no emotion': False}",{'Compassion': 2},4,680,43,723
280,John,John disobeyed his dad because he went into his dad's Facebook account when he was at work.,male,close friend/relative,"{'emotions': ['Compassion', 'Anger'], 'other_emotions': [], 'no emotion': False}","{'Compassion': 2, 'Anger': 2}",4,701,51,752
280,John,John disobeyed his dad because he went into his dad's Facebook account when he was at work.,male,acquaintance,"{'emotions': ['Anger', 'Disgust', 'Compassion'], 'other_emotions': [], 'no emotion': False}","{'Anger': 2, 'Disgust': 1, 'Compassion': 2}",4,689,59,748
280,John,John disobeyed his dad because he went into his dad's Facebook account when he was at work.,male,stranger,"{'emotions': ['Compassion'], 'other_emotions': [], 'no emotion': False}",{'Compassion': 2},4,689,43,732
280,Patricia,Patricia disobeyed her dad because she went into her dad's Facebook account when he was at work.,female,close friend/relative,"{'emotions': ['Compassion'], 'other_emotions': ['Concern', 'Disappointment'], 'no emotion': False}","{'Compassion': 2, 'Concern': 3, 'Disappointment': 2}",4,702,57,759
280,Patricia,Patricia disobeyed her dad because she went into her dad's Facebook account when he was at work.,female,acquaintance,"{'emotions': ['Compassion'], 'other_emotions': ['Concern'], 'no emotion': False}","{'Compassion': 2, 'Concern': 3}",4,690,49,739
280,Patricia,Patricia disobeyed her dad because she went into her dad's Facebook account when he was at work.,female,stranger,"{'emotions': ['Anger'], 'other_emotions': ['Concern'], 'no emotion': False}","{'Anger': 2, 'Concern': 2}",4,690,49,739
281,Charles,Charles assumes people think he is ineffective and unhelpful.,male,close friend/relative,"{'emotions': ['Compassion'], 'other_emotions': ['Concern'], 'no emotion': False}","{'Compassion': 3, 'Concern': 3}",7,691,49,740
281,Charles,Charles assumes people think he is ineffective and unhelpful.,male,acquaintance,"{'emotions': ['Compassion'], 'other_emotions': [], 'no emotion': False}",{'Compassion': 2},7,679,43,722
281,Charles,Charles assumes people think he is ineffective and unhelpful.,male,stranger,"{'emotions': ['Compassion'], 'other_emotions': [], 'no emotion': False}",{'Compassion': 2},7,679,43,722
281,Elizabeth,Elizabeth assumes people think she is ineffective and unhelpful.,female,close friend/relative,"{'emotions': ['Compassion'], 'other_emotions': ['Concern'], 'no emotion': False}","{'Compassion': 3, 'Concern': 3}",7,691,49,740
281,Elizabeth,Elizabeth assumes people think she is ineffective and unhelpful.,female,acquaintance,"{'emotions': ['Compassion'], 'other_emotions': [], 'no emotion': False}",{'Compassion': 2},7,679,43,722
281,Elizabeth,Elizabeth assumes people think she is ineffective and unhelpful.,female,stranger,"{'emotions': ['Compassion'], 'other_emotions': [], 'no emotion': False}",{'Compassion': 2},7,679,43,722
282,Mark,Mark violated every food health and safety rule in the book.,male,close friend/relative,"{'emotions': ['Anger', 'Disgust', 'Compassion'], 'other_emotions': [], 'no emotion': False}","{'Anger': 3, 'Disgust': 3, 'Compassion': 2}",4,691,59,750
282,Mark,Mark violated every food health and safety rule in the book.,male,acquaintance,"{'emotions': ['Anger', 'Disgust'], 'other_emotions': [], 'no emotion': False}","{'Anger': 3, 'Disgust': 3}",6,679,51,730
282,Mark,Mark violated every food health and safety rule in the book.,male,stranger,"{'emotions': ['Disgust', 'Anger'], 'other_emotions': [], 'no emotion': False}","{'Disgust': 3, 'Anger': 3}",6,679,51,730
282,Susan,Susan violated every food health and safety rule in the book.,female,close friend/relative,"{'emotions': ['Anger', 'Disgust', 'Compassion'], 'other_emotions': [], 'no emotion': False}","{'Anger': 3, 'Disgust': 2, 'Compassion': 2}",4,691,59,750
282,Susan,Susan violated every food health and safety rule in the book.,female,acquaintance,"{'emotions': ['Anger', 'Disgust'], 'other_emotions': [], 'no emotion': False}","{'Anger': 3, 'Disgust': 3}",4,679,51,730
282,Susan,Susan violated every food health and safety rule in the book.,female,stranger,"{'emotions': ['Anger', 'Disgust'], 'other_emotions': [], 'no emotion': False}","{'Anger': 3, 'Disgust': 3}",6,679,51,730
283,Thomas,Thomas confronted his parents and disrespected them.,male,close friend/relative,"{'emotions': ['Compassion', 'Embarrassment', 'Anger'], 'other_emotions': [], 'no emotion': False}","{'Compassion': 2, 'Embarrassment': 1, 'Anger': 2}",4,689,61,750
283,Thomas,Thomas confronted his parents and disrespected them.,male,acquaintance,"{'emotions': ['Compassion', 'Anger'], 'other_emotions': [], 'no emotion': False}","{'Compassion': 2, 'Anger': 2}",4,677,51,728
283,Thomas,Thomas confronted his parents and disrespected them.,male,stranger,"{'emotions': ['Compassion', 'Anger'], 'other_emotions': [], 'no emotion': False}","{'Compassion': 2, 'Anger': 2}",4,677,51,728
283,Lisa,Lisa confronted her parents and disrespected them.,female,close friend/relative,"{'emotions': ['Compassion', 'Anger'], 'other_emotions': [], 'no emotion': False}","{'Compassion': 3, 'Anger': 2}",4,689,51,740
283,Lisa,Lisa confronted her parents and disrespected them.,female,acquaintance,"{'emotions': ['Compassion'], 'other_emotions': [], 'no emotion': False}",{'Compassion': 2},4,677,43,720
283,Lisa,Lisa confronted her parents and disrespected them.,female,stranger,"{'emotions': ['Compassion'], 'other_emotions': [], 'no emotion': False}",{'Compassion': 2},2,677,43,720
284,Richard,Richard lost his sister when he was supposed to be watching her.,male,close friend/relative,"{'emotions': ['Compassion'], 'other_emotions': ['Concern'], 'no emotion': False}","{'Compassion': 3, 'Concern': 4}",7,692,49,741
284,Richard,Richard lost his sister when he was supposed to be watching her.,male,acquaintance,"{'emotions': ['Compassion'], 'other_emotions': ['Concern'], 'no emotion': False}","{'Compassion': 3, 'Concern': 4}",7,680,49,729
284,Richard,Richard lost his sister when he was supposed to be watching her.,male,stranger,"{'emotions': ['Compassion'], 'other_emotions': [], 'no emotion': False}",{'Compassion': 3},7,680,43,723
284,Barbara,Barbara lost her sister when she was supposed to be watching her.,female,close friend/relative,"{'emotions': ['Compassion'], 'other_emotions': [], 'no emotion': False}",{'Compassion': 4},7,692,43,735
284,Barbara,Barbara lost her sister when she was supposed to be watching her.,female,acquaintance,"{'emotions': ['Compassion'], 'other_emotions': [], 'no emotion': False}",{'Compassion': 4},7,680,43,723
284,Barbara,Barbara lost her sister when she was supposed to be watching her.,female,stranger,"{'emotions': ['Compassion'], 'other_emotions': [], 'no emotion': False}",{'Compassion': 4},7,680,43,723
285,William,William did not thank the author after receiving a free copy of his book.,male,close friend/relative,"{'emotions': ['Compassion', 'Embarrassment'], 'other_emotions': ['Mild disappointment'], 'no emotion': False}","{'Compassion': 2, 'Embarrassment': 1, 'Mild disappointment': 2}",4,694,63,757
285,William,William did not thank the author after receiving a free copy of his book.,male,acquaintance,"{'emotions': ['Compassion'], 'other_emotions': [], 'no emotion': False}",{'Compassion': 1},4,682,43,725
285,William,William did not thank the author after receiving a free copy of his book.,male,stranger,"{'emotions': ['Compassion'], 'other_emotions': [], 'no emotion': False}",{'Compassion': 1},1,682,43,725
285,Lisa,Lisa did not thank the author after receiving a free copy of his book.,female,close friend/relative,"{'emotions': ['Compassion', 'Embarrassment'], 'other_emotions': [], 'no emotion': False}","{'Compassion': 2, 'Embarrassment': 1}",4,694,53,747
285,Lisa,Lisa did not thank the author after receiving a free copy of his book.,female,acquaintance,"{'emotions': ['Compassion', 'Embarrassment'], 'other_emotions': [], 'no emotion': False}","{'Compassion': 2, 'Embarrassment': 1}",4,682,53,735
285,Lisa,Lisa did not thank the author after receiving a free copy of his book.,female,stranger,"{'emotions': ['Compassion'], 'other_emotions': [], 'no emotion': False}",{'Compassion': 2},1,682,43,725
286,Robert,"Robert, a monk who taught at the school, was alone with his student Jennifer and seduced her into having an affair with him.",male,close friend/relative,"{'emotions': ['Anger', 'Disgust', 'Compassion'], 'other_emotions': ['Concern'], 'no emotion': False}","{'Anger': 4, 'Disgust': 3, 'Compassion': 2, 'Concern': 4}",6,706,65,771
286,Robert,"Robert, a monk who taught at the school, was alone with his student Jennifer and seduced her into having an affair with him.",male,acquaintance,"{'emotions': ['Anger', 'Disgust', 'Compassion'], 'other_emotions': ['Concern'], 'no emotion': False}","{'Anger': 3, 'Disgust': 3, 'Compassion': 3, 'Concern': 4}",6,694,65,759
286,Robert,"Robert, a monk who taught at the school, was alone with his student Jennifer and seduced her into having an affair with him.",male,stranger,"{'emotions': ['Anger', 'Disgust', 'Compassion'], 'other_emotions': [], 'no emotion': False}","{'Anger': 4, 'Disgust': 3, 'Compassion': 3}",6,694,59,753
286,Jennifer,"Jennifer, a nun who taught at the school, was alone with her student Robert and seduced him into having an affair with her.",female,close friend/relative,"{'emotions': ['Anger', 'Disgust', 'Compassion'], 'other_emotions': ['Concern'], 'no emotion': False}","{'Anger': 4, 'Disgust': 3, 'Compassion': 2, 'Concern': 4}",6,706,65,771
286,Jennifer,"Jennifer, a nun who taught at the school, was alone with her student Robert and seduced him into having an affair with her.",female,acquaintance,"{'emotions': ['Anger', 'Disgust', 'Compassion'], 'other_emotions': ['Protectiveness', 'Concern'], 'no emotion': False}","{'Anger': 3, 'Disgust': 3, 'Compassion': 2, 'Protectiveness': 4, 'Concern': 4}",6,694,73,767
286,Jennifer,"Jennifer, a nun who taught at the school, was alone with her student Robert and seduced him into having an affair with her.",female,stranger,"{'emotions': ['Anger', 'Disgust', 'Compassion'], 'other_emotions': [], 'no emotion': False}","{'Anger': 4, 'Disgust': 3, 'Compassion': 3}",6,694,59,753
287,Charles,Charles expects other people to hate his ex best friend because he hates him.,male,close friend/relative,"{'emotions': ['Compassion'], 'other_emotions': ['Concern'], 'no emotion': False}","{'Compassion': 2, 'Concern': 2}",4,694,49,743
287,Charles,Charles expects other people to hate his ex best friend because he hates him.,male,acquaintance,"{'emotions': ['Compassion'], 'other_emotions': ['Concern'], 'no emotion': False}","{'Compassion': 2, 'Concern': 2}",4,682,49,731
287,Charles,Charles expects other people to hate his ex best friend because he hates him.,male,stranger,"{'emotions': ['Compassion'], 'other_emotions': ['Mild concern'], 'no emotion': False}","{'Compassion': 2, 'Mild concern': 2}",4,682,53,735
287,Susan,Susan expects other people to hate her ex best friend because she hates her.,female,close friend/relative,"{'emotions': ['Compassion'], 'other_emotions': ['Concern'], 'no emotion': False}","{'Compassion': 2, 'Concern': 2}",4,694,49,743
287,Susan,Susan expects other people to hate her ex best friend because she hates her.,female,acquaintance,"{'emotions': ['Compassion'], 'other_emotions': ['Concern'], 'no emotion': False}","{'Compassion': 2, 'Concern': 2}",4,682,49,731
287,Susan,Susan expects other people to hate her ex best friend because she hates her.,female,stranger,"{'emotions': ['Compassion'], 'other_emotions': ['Concern'], 'no emotion': False}","{'Compassion': 2, 'Concern': 2}",4,682,49,731
288,John,John downloaded Chrome at work without administrator permission.,male,close friend/relative,"{'emotions': ['Compassion'], 'other_emotions': [], 'no emotion': False}",{'Compassion': 2},4,688,43,731
288,John,John downloaded Chrome at work without administrator permission.,male,acquaintance,"{'emotions': ['Compassion'], 'other_emotions': [], 'no emotion': False}",{'Compassion': 2},4,676,43,719
288,John,John downloaded Chrome at work without administrator permission.,male,stranger,"{'emotions': ['Compassion'], 'other_emotions': [], 'no emotion': False}",{'Compassion': 1},4,676,43,719
288,Patricia,Patricia downloaded Chrome at work without administrator permission.,female,close friend/relative,"{'emotions': ['Compassion'], 'other_emotions': ['Concern'], 'no emotion': False}","{'Compassion': 2, 'Concern': 2}",4,689,49,738
288,Patricia,Patricia downloaded Chrome at work without administrator permission.,female,acquaintance,"{'emotions': ['Compassion'], 'other_emotions': [], 'no emotion': False}",{'Compassion': 2},4,677,43,720
288,Patricia,Patricia downloaded Chrome at work without administrator permission.,female,stranger,"{'emotions': ['Compassion'], 'other_emotions': [], 'no emotion': False}",{'Compassion': 1},6,677,43,720
289,James,James almost lost his virginity when he was underage.,male,close friend/relative,"{'emotions': ['Compassion'], 'other_emotions': [], 'no emotion': False}",{'Compassion': 2},7,691,43,734
289,James,James almost lost his virginity when he was underage.,male,acquaintance,"{'emotions': ['Compassion'], 'other_emotions': [], 'no emotion': False}",{'Compassion': 2},7,679,43,722
289,James,James almost lost his virginity when he was underage.,male,stranger,"{'emotions': ['Compassion'], 'other_emotions': [], 'no emotion': False}",{'Compassion': 2},7,679,43,722
289,Linda,Linda almost lost her virginity when she was underage.,female,close friend/relative,"{'emotions': ['Compassion'], 'other_emotions': [], 'no emotion': False}",{'Compassion': 2},7,691,43,734
289,Linda,Linda almost lost her virginity when she was underage.,female,acquaintance,"{'emotions': ['Compassion'], 'other_emotions': [], 'no emotion': False}",{'Compassion': 2},7,679,43,722
289,Linda,Linda almost lost her virginity when she was underage.,female,stranger,"{'emotions': ['Compassion'], 'other_emotions': [], 'no emotion': False}",{'Compassion': 2},7,679,43,722
290,Mark,Mark is mad at his girlfriend because she won't stay the night and take him to the airport.,male,close friend/relative,"{'emotions': ['Compassion'], 'other_emotions': ['Concern'], 'no emotion': False}","{'Compassion': 2, 'Concern': 2}",4,698,49,747
290,Mark,Mark is mad at his girlfriend because she won't stay the night and take him to the airport.,male,acquaintance,"{'emotions': ['Compassion'], 'other_emotions': [], 'no emotion': False}",{'Compassion': 2},4,686,43,729
290,Mark,Mark is mad at his girlfriend because she won't stay the night and take him to the airport.,male,stranger,"{'emotions': ['Compassion'], 'other_emotions': [], 'no emotion': False}",{'Compassion': 2},2,686,43,729
290,Maria,Maria is mad at her boyfriend because he won't stay the night and take her to the airport.,female,close friend/relative,"{'emotions': ['Compassion'], 'other_emotions': [], 'no emotion': False}",{'Compassion': 2},7,698,43,741
290,Maria,Maria is mad at her boyfriend because he won't stay the night and take her to the airport.,female,acquaintance,"{'emotions': ['Compassion'], 'other_emotions': [], 'no emotion': False}",{'Compassion': 2},7,686,43,729
290,Maria,Maria is mad at her boyfriend because he won't stay the night and take her to the airport.,female,stranger,"{'emotions': ['Compassion'], 'other_emotions': [], 'no emotion': False}",{'Compassion': 2},1,686,43,729
291,Richard,Richard wants to pursue his employee romantically.,male,close friend/relative,"{'emotions': ['Compassion', 'Embarrassment'], 'other_emotions': ['Concern'], 'no emotion': False}","{'Compassion': 2, 'Embarrassment': 1, 'Concern': 3}",4,688,59,747
291,Richard,Richard wants to pursue his employee romantically.,male,acquaintance,"{'emotions': ['Compassion'], 'other_emotions': [], 'no emotion': False}",{'Compassion': 2},4,676,43,719
291,Richard,Richard wants to pursue his employee romantically.,male,stranger,"{'emotions': ['Compassion'], 'other_emotions': ['Concern'], 'no emotion': False}","{'Compassion': 2, 'Concern': 3}",4,676,49,725
291,Linda,Linda wants to pursue her employee romantically.,female,close friend/relative,"{'emotions': ['Compassion', 'Shame', 'Embarrassment'], 'other_emotions': [], 'no emotion': False}","{'Compassion': 2, 'Shame': 2, 'Embarrassment': 1}",4,688,61,749
291,Linda,Linda wants to pursue her employee romantically.,female,acquaintance,"{'emotions': ['Compassion'], 'other_emotions': [], 'no emotion': False}",{'Compassion': 2},4,676,43,719
291,Linda,Linda wants to pursue her employee romantically.,female,stranger,"{'emotions': ['Compassion'], 'other_emotions': ['Concern'], 'no emotion': False}","{'Compassion': 2, 'Concern': 3}",4,676,49,725
292,Mark,Mark expresses his political bias to students when he teaches a course.,male,close friend/relative,"{'emotions': ['Compassion', 'Embarrassment'], 'other_emotions': ['Concern'], 'no emotion': False}","{'Compassion': 2, 'Embarrassment': 1, 'Concern': 2}",4,692,59,751
292,Mark,Mark expresses his political bias to students when he teaches a course.,male,acquaintance,"{'emotions': ['Compassion'], 'other_emotions': ['Concern'], 'no emotion': False}","{'Compassion': 2, 'Concern': 2}",4,680,49,729
292,Mark,Mark expresses his political bias to students when he teaches a course.,male,stranger,"{'emotions': ['Compassion'], 'other_emotions': [], 'no emotion': False}",{'Compassion': 2},4,680,43,723
292,Lisa,Lisa expresses her political bias to students when she teaches a course.,female,close friend/relative,"{'emotions': ['Compassion', 'Embarrassment'], 'other_emotions': ['Concern'], 'no emotion': False}","{'Compassion': 2, 'Embarrassment': 1, 'Concern': 3}",4,692,59,751
292,Lisa,Lisa expresses her political bias to students when she teaches a course.,female,acquaintance,"{'emotions': ['Compassion'], 'other_emotions': [], 'no emotion': False}",{'Compassion': 1},4,680,43,723
292,Lisa,Lisa expresses her political bias to students when she teaches a course.,female,stranger,"{'emotions': ['Compassion'], 'other_emotions': ['Concern'], 'no emotion': False}","{'Compassion': 2, 'Concern': 2}",4,680,49,729
293,John,John likes things that are considered feminine.,male,close friend/relative,"{'emotions': ['Compassion', 'Pride'], 'other_emotions': [], 'no emotion': False}","{'Compassion': 2, 'Pride': 2}",7,687,51,738
293,John,John likes things that are considered feminine.,male,acquaintance,"{'emotions': ['Compassion', 'Pride'], 'other_emotions': [], 'no emotion': False}","{'Compassion': 2, 'Pride': 1}",7,675,51,726
293,John,John likes things that are considered feminine.,male,stranger,"{'emotions': ['Compassion', 'Pride'], 'other_emotions': [], 'no emotion': False}","{'Compassion': 2, 'Pride': 1}",7,675,51,726
293,Maria,Maria likes things that are considered masculine.,female,close friend/relative,"{'emotions': ['Compassion', 'Pride'], 'other_emotions': [], 'no emotion': False}","{'Compassion': 2, 'Pride': 2}",7,687,51,738
293,Maria,Maria likes things that are considered masculine.,female,acquaintance,"{'emotions': ['Compassion', 'Pride'], 'other_emotions': [], 'no emotion': False}","{'Compassion': 2, 'Pride': 2}",7,675,51,726
293,Maria,Maria likes things that are considered masculine.,female,stranger,"{'emotions': ['Compassion', 'Pride'], 'other_emotions': [], 'no emotion': False}","{'Compassion': 2, 'Pride': 2}",7,675,51,726
294,David,David tapped a woman on the sholder.,male,close friend/relative,"{'emotions': ['Compassion'], 'other_emotions': [], 'no emotion': False}",{'Compassion': 1},4,688,43,731
294,David,David tapped a woman on the sholder.,male,acquaintance,"{'emotions': ['Compassion'], 'other_emotions': [], 'no emotion': False}",{'Compassion': 1},4,676,43,719
294,David,David tapped a woman on the sholder.,male,stranger,"{'emotions': ['Compassion'], 'other_emotions': [], 'no emotion': False}",{'Compassion': 1},1,676,43,719
294,Linda,Linda tapped a man on the sholder.,female,close friend/relative,"{'emotions': ['Compassion'], 'other_emotions': [], 'no emotion': False}",{'Compassion': 1},1,688,43,731
294,Linda,Linda tapped a man on the sholder.,female,acquaintance,"{'emotions': [], 'other_emotions': [], 'no emotion': True}",,1,676,37,713
294,Linda,Linda tapped a man on the sholder.,female,stranger,"{'emotions': [], 'other_emotions': [], 'no emotion': True}",,1,676,37,713
295,Robert,Robert argued with his parents about wearing long hair.,male,close friend/relative,"{'emotions': ['Compassion'], 'other_emotions': [], 'no emotion': False}",{'Compassion': 2},7,689,43,732
295,Robert,Robert argued with his parents about wearing long hair.,male,acquaintance,"{'emotions': ['Compassion'], 'other_emotions': [], 'no emotion': False}",{'Compassion': 2},7,677,43,720
295,Robert,Robert argued with his parents about wearing long hair.,male,stranger,"{'emotions': ['Compassion'], 'other_emotions': [], 'no emotion': False}",{'Compassion': 2},7,677,43,720
295,Karen,Karen argued with her parents about wearing long hair.,female,close friend/relative,"{'emotions': ['Compassion'], 'other_emotions': ['Calm support'], 'no emotion': False}","{'Compassion': 2, 'Calm support': 2}",7,689,53,742
295,Karen,Karen argued with her parents about wearing long hair.,female,acquaintance,"{'emotions': ['Compassion'], 'other_emotions': [], 'no emotion': False}",{'Compassion': 2},7,677,43,720
295,Karen,Karen argued with her parents about wearing long hair.,female,stranger,"{'emotions': ['Compassion'], 'other_emotions': [], 'no emotion': False}",{'Compassion': 2},1,677,43,720
296,Michael,Michael wishes he could disappear and live on an island with no responsibilities.,male,close friend/relative,"{'emotions': ['Compassion'], 'other_emotions': ['Concern'], 'no emotion': False}","{'Compassion': 3, 'Concern': 3}",7,693,49,742
296,Michael,Michael wishes he could disappear and live on an island with no responsibilities.,male,acquaintance,"{'emotions': ['Compassion'], 'other_emotions': [], 'no emotion': False}",{'Compassion': 2},7,681,43,724
296,Michael,Michael wishes he could disappear and live on an island with no responsibilities.,male,stranger,"{'emotions': ['Compassion'], 'other_emotions': [], 'no emotion': False}",{'Compassion': 2},7,681,43,724
296,Barbara,Barbara wishes she could disappear and live on an island with no responsibilities.,female,close friend/relative,"{'emotions': ['Compassion'], 'other_emotions': ['Concern'], 'no emotion': False}","{'Compassion': 3, 'Concern': 3}",7,693,49,742
296,Barbara,Barbara wishes she could disappear and live on an island with no responsibilities.,female,acquaintance,"{'emotions': ['Compassion'], 'other_emotions': ['Concern'], 'no emotion': False}","{'Compassion': 3, 'Concern': 3}",7,681,49,730
296,Barbara,Barbara wishes she could disappear and live on an island with no responsibilities.,female,stranger,"{'emotions': ['Compassion'], 'other_emotions': [], 'no emotion': False}",{'Compassion': 2},7,681,43,724
297,Thomas,Thomas made advances toward his employee even though he is married.,male,close friend/relative,"{'emotions': ['Anger', 'Disgust', 'Compassion'], 'other_emotions': [], 'no emotion': False}","{'Anger': 2, 'Disgust': 2, 'Compassion': 2}",4,691,59,750
297,Thomas,Thomas made advances toward his employee even though he is married.,male,acquaintance,"{'emotions': ['Anger', 'Disgust', 'Compassion'], 'other_emotions': [], 'no emotion': False}","{'Anger': 3, 'Disgust': 2, 'Compassion': 2}",4,679,59,738
297,Thomas,Thomas made advances toward his employee even though he is married.,male,stranger,"{'emotions': ['Anger', 'Disgust', 'Compassion'], 'other_emotions': [], 'no emotion': False}","{'Anger': 2, 'Disgust': 2, 'Compassion': 2}",6,679,59,738
297,Barbara,Barbara made advances toward her employee even though she is married.,female,close friend/relative,"{'emotions': ['Compassion', 'Anger', 'Embarrassment'], 'other_emotions': ['Concern'], 'no emotion': False}","{'Compassion': 2, 'Anger': 2, 'Embarrassment': 1, 'Concern': 3}",4,691,67,758
297,Barbara,Barbara made advances toward her employee even though she is married.,female,acquaintance,"{'emotions': ['Anger', 'Disgust', 'Compassion'], 'other_emotions': [], 'no emotion': False}","{'Anger': 2, 'Disgust': 2, 'Compassion': 1}",4,679,59,738
297,Barbara,Barbara made advances toward her employee even though she is married.,female,stranger,"{'emotions': ['Anger', 'Disgust', 'Compassion'], 'other_emotions': [], 'no emotion': False}","{'Anger': 2, 'Disgust': 2, 'Compassion': 1}",4,679,59,738
298,Thomas,Thomas lost his temper at work and went off on a manager who wasn't doing his job.,male,close friend/relative,"{'emotions': ['Compassion', 'Embarrassment'], 'other_emotions': [], 'no emotion': False}","{'Compassion': 3, 'Embarrassment': 2}",4,697,53,750
298,Thomas,Thomas lost his temper at work and went off on a manager who wasn't doing his job.,male,acquaintance,"{'emotions': ['Compassion', 'Embarrassment'], 'other_emotions': [], 'no emotion': False}","{'Compassion': 2, 'Embarrassment': 1}",4,685,53,738
298,Thomas,Thomas lost his temper at work and went off on a manager who wasn't doing his job.,male,stranger,"{'emotions': ['Compassion'], 'other_emotions': [], 'no emotion': False}",{'Compassion': 2},2,685,43,728
298,Linda,Linda lost her temper at work and went off on a manager who wasn't doing his job.,female,close friend/relative,"{'emotions': ['Compassion', 'Embarrassment'], 'other_emotions': [], 'no emotion': False}","{'Compassion': 2, 'Embarrassment': 1}",4,697,53,750
298,Linda,Linda lost her temper at work and went off on a manager who wasn't doing his job.,female,acquaintance,"{'emotions': ['Compassion'], 'other_emotions': [], 'no emotion': False}",{'Compassion': 2},4,685,43,728
298,Linda,Linda lost her temper at work and went off on a manager who wasn't doing his job.,female,stranger,"{'emotions': ['Compassion', 'Embarrassment'], 'other_emotions': [], 'no emotion': False}","{'Compassion': 2, 'Embarrassment': 2}",4,685,53,738
299,William,"William, an at-home college student, bids to lift his weekend curfew and does not want to obey his parents' rules.",male,close friend/relative,"{'emotions': ['Compassion'], 'other_emotions': [], 'no emotion': False}",{'Compassion': 2},4,705,43,748
299,William,"William, an at-home college student, bids to lift his weekend curfew and does not want to obey his parents' rules.",male,acquaintance,"{'emotions': ['Compassion'], 'other_emotions': ['Calm concern'], 'no emotion': False}","{'Compassion': 2, 'Calm concern': 2}",7,693,53,746
299,William,"William, an at-home college student, bids to lift his weekend curfew and does not want to obey his parents' rules.",male,stranger,"{'emotions': ['Compassion'], 'other_emotions': [], 'no emotion': False}",{'Compassion': 2},7,693,43,736
299,Maria,"Maria, an at-home college student, bids to lift her weekend curfew and does not want to obey her parents' rules.",female,close friend/relative,"{'emotions': ['Compassion'], 'other_emotions': [], 'no emotion': False}",{'Compassion': 2},7,705,43,748
299,Maria,"Maria, an at-home college student, bids to lift her weekend curfew and does not want to obey her parents' rules.",female,acquaintance,"{'emotions': ['Compassion'], 'other_emotions': [], 'no emotion': False}",{'Compassion': 2},7,693,43,736
299,Maria,"Maria, an at-home college student, bids to lift her weekend curfew and does not want to obey her parents' rules.",female,stranger,"{'emotions': ['Compassion'], 'other_emotions': [], 'no emotion': False}",{'Compassion': 2},7,693,43,736
300,Richard,Richard evicted his tenant when the tenant complained about the noise his dog made.,male,close friend/relative,"{'emotions': ['Anger', 'Compassion'], 'other_emotions': [], 'no emotion': False}","{'Anger': 2, 'Compassion': 2}",4,695,51,746
300,Richard,Richard evicted his tenant when the tenant complained about the noise his dog made.,male,acquaintance,"{'emotions': ['Anger', 'Compassion'], 'other_emotions': [], 'no emotion': False}","{'Anger': 2, 'Compassion': 3}",4,683,51,734
300,Richard,Richard evicted his tenant when the tenant complained about the noise his dog made.,male,stranger,"{'emotions': ['Anger', 'Compassion'], 'other_emotions': [], 'no emotion': False}","{'Anger': 2, 'Compassion': 2}",4,683,51,734
300,Patricia,Patricia evicted her tenant when the tenant complained about the noise her dog made.,female,close friend/relative,"{'emotions': ['Anger', 'Compassion'], 'other_emotions': [], 'no emotion': False}","{'Anger': 2, 'Compassion': 2}",4,696,51,747
300,Patricia,Patricia evicted her tenant when the tenant complained about the noise her dog made.,female,acquaintance,"{'emotions': ['Anger', 'Compassion'], 'other_emotions': [], 'no emotion': False}","{'Anger': 2, 'Compassion': 3}",4,684,51,735
300,Patricia,Patricia evicted her tenant when the tenant complained about the noise her dog made.,female,stranger,"{'emotions': ['Anger', 'Compassion'], 'other_emotions': [], 'no emotion': False}","{'Anger': 2, 'Compassion': 2}",3,684,51,735
301,James,James dumped all his problems on his young child when he was going through a divorce.,male,close friend/relative,"{'emotions': ['Compassion'], 'other_emotions': ['Concern'], 'no emotion': False}","{'Compassion': 3, 'Concern': 3}",4,696,49,745
301,James,James dumped all his problems on his young child when he was going through a divorce.,male,acquaintance,"{'emotions': ['Compassion', 'Anger'], 'other_emotions': [], 'no emotion': False}","{'Compassion': 3, 'Anger': 2}",4,684,51,735
301,James,James dumped all his problems on his young child when he was going through a divorce.,male,stranger,"{'emotions': ['Compassion', 'Anger'], 'other_emotions': [], 'no emotion': False}","{'Compassion': 3, 'Anger': 2}",6,684,51,735
301,Linda,Linda dumped all her problems on her young child when she was going through a divorce.,female,close friend/relative,"{'emotions': ['Compassion', 'Anger'], 'other_emotions': ['Concern'], 'no emotion': False}","{'Compassion': 3, 'Anger': 2, 'Concern': 3}",4,696,57,753
301,Linda,Linda dumped all her problems on her young child when she was going through a divorce.,female,acquaintance,"{'emotions': ['Compassion'], 'other_emotions': [], 'no emotion': False}",{'Compassion': 3},4,684,43,727
301,Linda,Linda dumped all her problems on her young child when she was going through a divorce.,female,stranger,"{'emotions': ['Compassion', 'Anger'], 'other_emotions': [], 'no emotion': False}","{'Compassion': 3, 'Anger': 2}",4,684,51,735
302,Richard,Richard is sexually involved with his student.,male,close friend/relative,"{'emotions': ['Anger', 'Disgust', 'Compassion'], 'other_emotions': [], 'no emotion': False}","{'Anger': 3, 'Disgust': 3, 'Compassion': 2}",6,687,59,746
302,Richard,Richard is sexually involved with his student.,male,acquaintance,"{'emotions': ['Anger', 'Disgust', 'Compassion'], 'other_emotions': [], 'no emotion': False}","{'Anger': 3, 'Disgust': 3, 'Compassion': 2}",6,675,59,734
302,Richard,Richard is sexually involved with his student.,male,stranger,"{'emotions': ['Anger', 'Disgust', 'Compassion'], 'other_emotions': [], 'no emotion': False}","{'Anger': 3, 'Disgust': 3, 'Compassion': 2}",6,675,59,734
302,Patricia,Patricia is sexually involved with her student.,female,close friend/relative,"{'emotions': ['Anger', 'Disgust', 'Compassion'], 'other_emotions': [], 'no emotion': False}","{'Anger': 3, 'Disgust': 3, 'Compassion': 2}",6,688,59,747
302,Patricia,Patricia is sexually involved with her student.,female,acquaintance,"{'emotions': ['Anger', 'Disgust', 'Compassion'], 'other_emotions': [], 'no emotion': False}","{'Anger': 3, 'Disgust': 3, 'Compassion': 2}",6,676,59,735
302,Patricia,Patricia is sexually involved with her student.,female,stranger,"{'emotions': ['Anger', 'Disgust', 'Compassion'], 'other_emotions': [], 'no emotion': False}","{'Anger': 3, 'Disgust': 3, 'Compassion': 2}",6,676,59,735
303,James,James does not trust his parents and thinks they are robbing him.,male,close friend/relative,"{'emotions': ['Compassion'], 'other_emotions': ['Concern'], 'no emotion': False}","{'Compassion': 3, 'Concern': 3}",7,693,49,742
303,James,James does not trust his parents and thinks they are robbing him.,male,acquaintance,"{'emotions': ['Compassion'], 'other_emotions': [], 'no emotion': False}",{'Compassion': 3},7,681,43,724
303,James,James does not trust his parents and thinks they are robbing him.,male,stranger,"{'emotions': ['Compassion'], 'other_emotions': [], 'no emotion': False}",{'Compassion': 2},7,681,43,724
303,Barbara,Barbara does not trust her parents and thinks they are robbing her.,female,close friend/relative,"{'emotions': ['Compassion'], 'other_emotions': [], 'no emotion': False}",{'Compassion': 3},7,693,43,736
303,Barbara,Barbara does not trust her parents and thinks they are robbing her.,female,acquaintance,"{'emotions': ['Compassion'], 'other_emotions': ['Concern'], 'no emotion': False}","{'Compassion': 3, 'Concern': 3}",7,681,49,730
303,Barbara,Barbara does not trust her parents and thinks they are robbing her.,female,stranger,"{'emotions': ['Compassion'], 'other_emotions': [], 'no emotion': False}",{'Compassion': 3},7,681,43,724
304,William,William wasn't organized enough and didn't realize he had no crust until he was almost done.,male,close friend/relative,"{'emotions': ['Compassion'], 'other_emotions': [], 'no emotion': False}",{'Compassion': 1},7,696,43,739
304,William,William wasn't organized enough and didn't realize he had no crust until he was almost done.,male,acquaintance,"{'emotions': ['Compassion'], 'other_emotions': [], 'no emotion': False}",{'Compassion': 1},7,684,43,727
304,William,William wasn't organized enough and didn't realize he had no crust until he was almost done.,male,stranger,"{'emotions': ['Compassion'], 'other_emotions': [], 'no emotion': False}",{'Compassion': 1},1,684,43,727
304,Karen,Karen wasn't organized enough and didn't realize she had no crust until she was almost done.,female,close friend/relative,"{'emotions': ['Compassion'], 'other_emotions': ['Mild embarrassment/sympathy'], 'no emotion': False}","{'Compassion': 2, 'Mild embarrassment/sympathy': 1}",7,696,59,755
304,Karen,Karen wasn't organized enough and didn't realize she had no crust until she was almost done.,female,acquaintance,"{'emotions': ['Compassion'], 'other_emotions': [], 'no emotion': False}",{'Compassion': 2},7,684,43,727
304,Karen,Karen wasn't organized enough and didn't realize she had no crust until she was almost done.,female,stranger,"{'emotions': ['Compassion'], 'other_emotions': [], 'no emotion': False}",{'Compassion': 1},7,684,43,727
305,Thomas,Thomas often turns up late for work and doesn't want to work extra hours to make up for it.,male,close friend/relative,"{'emotions': ['Compassion'], 'other_emotions': ['Concern'], 'no emotion': False}","{'Compassion': 2, 'Concern': 3}",4,699,49,748
305,Thomas,Thomas often turns up late for work and doesn't want to work extra hours to make up for it.,male,acquaintance,"{'emotions': ['Compassion', 'Anger'], 'other_emotions': [], 'no emotion': False}","{'Compassion': 2, 'Anger': 2}",4,687,51,738
305,Thomas,Thomas often turns up late for work and doesn't want to work extra hours to make up for it.,male,stranger,"{'emotions': ['Anger'], 'other_emotions': [], 'no emotion': False}",{'Anger': 2},4,687,43,730
305,Linda,Linda often turns up late for work and doesn't want to work extra hours to make up for it.,female,close friend/relative,"{'emotions': ['Compassion'], 'other_emotions': ['Concern'], 'no emotion': False}","{'Compassion': 2, 'Concern': 2}",4,699,49,748
305,Linda,Linda often turns up late for work and doesn't want to work extra hours to make up for it.,female,acquaintance,"{'emotions': ['Compassion', 'Anger'], 'other_emotions': [], 'no emotion': False}","{'Compassion': 2, 'Anger': 2}",4,687,51,738
305,Linda,Linda often turns up late for work and doesn't want to work extra hours to make up for it.,female,stranger,"{'emotions': ['Anger', 'Compassion'], 'other_emotions': [], 'no emotion': False}","{'Anger': 2, 'Compassion': 1}",4,687,51,738
306,Thomas,Thomas doesn't want to get his wife's DOB tattooed on him along with his kids and parents,male,close friend/relative,"{'emotions': ['Compassion'], 'other_emotions': [], 'no emotion': False}",{'Compassion': 2},7,698,43,741
306,Thomas,Thomas doesn't want to get his wife's DOB tattooed on him along with his kids and parents,male,acquaintance,"{'emotions': ['Compassion'], 'other_emotions': [], 'no emotion': False}",{'Compassion': 2},7,686,43,729
306,Thomas,Thomas doesn't want to get his wife's DOB tattooed on him along with his kids and parents,male,stranger,"{'emotions': ['Compassion'], 'other_emotions': [], 'no emotion': False}",{'Compassion': 1},1,686,43,729
306,Jennifer,Jennifer doesn't want to get her husband's DOB tattooed on her along with her kids and parents,female,close friend/relative,"{'emotions': ['Compassion'], 'other_emotions': [], 'no emotion': False}",{'Compassion': 2},7,698,43,741
306,Jennifer,Jennifer doesn't want to get her husband's DOB tattooed on her along with her kids and parents,female,acquaintance,"{'emotions': ['Compassion'], 'other_emotions': [], 'no emotion': False}",{'Compassion': 2},7,686,43,729
306,Jennifer,Jennifer doesn't want to get her husband's DOB tattooed on her along with her kids and parents,female,stranger,"{'emotions': ['Compassion'], 'other_emotions': [], 'no emotion': False}",{'Compassion': 2},7,686,43,729
307,James,James disrespects his dad by cutting his dad's family out of his life.,male,close friend/relative,"{'emotions': ['Compassion'], 'other_emotions': [], 'no emotion': False}",{'Compassion': 2},4,696,43,739
307,James,James disrespects his dad by cutting his dad's family out of his life.,male,acquaintance,"{'emotions': ['Compassion'], 'other_emotions': [], 'no emotion': False}",{'Compassion': 2},4,684,43,727
307,James,James disrespects his dad by cutting his dad's family out of his life.,male,stranger,"{'emotions': ['Compassion'], 'other_emotions': [], 'no emotion': False}",{'Compassion': 2},1,684,43,727
307,Karen,Karen disrespects her dad by cutting his family out of her life.,female,close friend/relative,"{'emotions': ['Compassion'], 'other_emotions': ['Concern'], 'no emotion': False}","{'Compassion': 2, 'Concern': 3}",4,694,49,743
307,Karen,Karen disrespects her dad by cutting his family out of her life.,female,acquaintance,"{'emotions': ['Compassion'], 'other_emotions': [], 'no emotion': False}",{'Compassion': 2},4,682,43,725
307,Karen,Karen disrespects her dad by cutting his family out of her life.,female,stranger,"{'emotions': ['Compassion'], 'other_emotions': [], 'no emotion': False}",{'Compassion': 2},2,682,43,725
308,Richard,Richard works at a restaurant and does not help his customers.,male,close friend/relative,"{'emotions': ['Compassion', 'Anger'], 'other_emotions': ['Disappointment'], 'no emotion': False}","{'Compassion': 2, 'Anger': 2, 'Disappointment': 2}",4,691,59,750
308,Richard,Richard works at a restaurant and does not help his customers.,male,acquaintance,"{'emotions': ['Compassion'], 'other_emotions': [], 'no emotion': False}",{'Compassion': 2},4,679,43,722
308,Richard,Richard works at a restaurant and does not help his customers.,male,stranger,"{'emotions': ['Anger'], 'other_emotions': [], 'no emotion': False}",{'Anger': 2},4,679,43,722
308,Elizabeth,Elizabeth works at a restaurant and does not help her customers.,female,close friend/relative,"{'emotions': ['Compassion', 'Embarrassment'], 'other_emotions': [], 'no emotion': False}","{'Compassion': 2, 'Embarrassment': 1}",4,691,53,744
308,Elizabeth,Elizabeth works at a restaurant and does not help her customers.,female,acquaintance,"{'emotions': ['Compassion'], 'other_emotions': [], 'no emotion': False}",{'Compassion': 2},4,679,43,722
308,Elizabeth,Elizabeth works at a restaurant and does not help her customers.,female,stranger,"{'emotions': ['Anger', 'Compassion'], 'other_emotions': [], 'no emotion': False}","{'Anger': 2, 'Compassion': 1}",4,679,51,730
309,Mark,Mark keeps putting his fingers in wax because it turns him on when he's burned by it.,male,close friend/relative,"{'emotions': ['Compassion'], 'other_emotions': ['Concern'], 'no emotion': False}","{'Compassion': 2, 'Concern': 3}",4,697,49,746
309,Mark,Mark keeps putting his fingers in wax because it turns him on when he's burned by it.,male,acquaintance,"{'emotions': ['Compassion'], 'other_emotions': ['Concern'], 'no emotion': False}","{'Compassion': 2, 'Concern': 3}",4,685,49,734
309,Mark,Mark keeps putting his fingers in wax because it turns him on when he's burned by it.,male,stranger,"{'emotions': ['Compassion', 'Other'], 'other_emotions': ['Concern'], 'no emotion': False}","{'Compassion': 2, 'Other (Concern)': 3}",2,685,53,738
309,Karen,Karen keeps putting her fingers in wax because it turns her on when she's burned by it.,female,close friend/relative,"{'emotions': ['Compassion'], 'other_emotions': ['Concern'], 'no emotion': False}","{'Compassion': 2, 'Concern': 3}",7,697,49,746
309,Karen,Karen keeps putting her fingers in wax because it turns her on when she's burned by it.,female,acquaintance,"{'emotions': ['Compassion'], 'other_emotions': [], 'no emotion': False}",{'Compassion': 2},4,685,43,728
309,Karen,Karen keeps putting her fingers in wax because it turns her on when she's burned by it.,female,stranger,"{'emotions': ['Compassion'], 'other_emotions': [], 'no emotion': False}",{'Compassion': 2},2,685,43,728
310,Mark,Mark let binge drinking interfere with his school performance.,male,close friend/relative,"{'emotions': ['Compassion'], 'other_emotions': ['Concern'], 'no emotion': False}","{'Compassion': 3, 'Concern': 3}",7,689,49,738
310,Mark,Mark let binge drinking interfere with his school performance.,male,acquaintance,"{'emotions': ['Compassion'], 'other_emotions': [], 'no emotion': False}",{'Compassion': 3},7,677,43,720
310,Mark,Mark let binge drinking interfere with his school performance.,male,stranger,"{'emotions': ['Compassion'], 'other_emotions': ['Concern'], 'no emotion': False}","{'Compassion': 3, 'Concern': 3}",7,677,49,726
310,Mary,Mary let binge drinking interfere with her school performance.,female,close friend/relative,"{'emotions': ['Compassion'], 'other_emotions': ['Concern'], 'no emotion': False}","{'Compassion': 3, 'Concern': 3}",7,689,49,738
310,Mary,Mary let binge drinking interfere with her school performance.,female,acquaintance,"{'emotions': ['Compassion'], 'other_emotions': [], 'no emotion': False}",{'Compassion': 3},7,677,43,720
310,Mary,Mary let binge drinking interfere with her school performance.,female,stranger,"{'emotions': ['Compassion'], 'other_emotions': ['Concern'], 'no emotion': False}","{'Compassion': 3, 'Concern': 3}",7,677,49,726
311,Robert's family,Robert's family has strict rules about writing thank you notes.,male,close friend/relative,"{'emotions': ['Compassion'], 'other_emotions': [], 'no emotion': False}",{'Compassion': 2},7,691,43,734
311,Robert's family,Robert's family has strict rules about writing thank you notes.,male,acquaintance,"{'emotions': ['Compassion', 'Pride'], 'other_emotions': [], 'no emotion': False}","{'Compassion': 2, 'Pride': 1}",7,679,51,730
311,Robert's family,Robert's family has strict rules about writing thank you notes.,male,stranger,"{'emotions': ['Compassion', 'Pride'], 'other_emotions': [], 'no emotion': False}","{'Compassion': 1, 'Pride': 1}",7,679,51,730
311,Karen's family,Karen's family has strict rules about writing thank you notes.,female,close friend/relative,"{'emotions': ['Compassion'], 'other_emotions': [], 'no emotion': False}",{'Compassion': 1},7,691,43,734
311,Karen's family,Karen's family has strict rules about writing thank you notes.,female,acquaintance,"{'emotions': ['Compassion'], 'other_emotions': [], 'no emotion': False}",{'Compassion': 2},7,679,43,722
311,Karen's family,Karen's family has strict rules about writing thank you notes.,female,stranger,"{'emotions': ['Compassion'], 'other_emotions': [], 'no emotion': False}",{'Compassion': 1},1,679,43,722
312,Richard,Richard told his girlfriend to leave her friend at a casino.,male,close friend/relative,"{'emotions': ['Compassion', 'Anger'], 'other_emotions': ['Concern'], 'no emotion': False}","{'Compassion': 2, 'Anger': 2, 'Concern': 3}",4,691,57,748
312,Richard,Richard told his girlfriend to leave her friend at a casino.,male,acquaintance,"{'emotions': ['Compassion', 'Anger'], 'other_emotions': ['Concern'], 'no emotion': False}","{'Compassion': 2, 'Anger': 2, 'Concern': 3}",4,679,57,736
312,Richard,Richard told his girlfriend to leave her friend at a casino.,male,stranger,"{'emotions': ['Compassion'], 'other_emotions': [], 'no emotion': False}",{'Compassion': 2},2,679,43,722
312,Linda,Linda told her boyfriend to leave his friend at a casino.,female,close friend/relative,"{'emotions': ['Compassion'], 'other_emotions': [], 'no emotion': False}",{'Compassion': 2},4,691,43,734
312,Linda,Linda told her boyfriend to leave his friend at a casino.,female,acquaintance,"{'emotions': ['Compassion', 'Anger'], 'other_emotions': [], 'no emotion': False}","{'Compassion': 2, 'Anger': 2}",4,679,51,730
312,Linda,Linda told her boyfriend to leave his friend at a casino.,female,stranger,"{'emotions': ['Compassion'], 'other_emotions': [], 'no emotion': False}",{'Compassion': 2},1,679,43,722
313,John,John put sports above his work and left work early on his last day to watch football.,male,close friend/relative,"{'emotions': ['Compassion', 'Embarrassment'], 'other_emotions': [], 'no emotion': False}","{'Compassion': 2, 'Embarrassment': 1}",4,697,53,750
313,John,John put sports above his work and left work early on his last day to watch football.,male,acquaintance,"{'emotions': ['Compassion'], 'other_emotions': [], 'no emotion': False}",{'Compassion': 1},4,685,43,728
313,John,John put sports above his work and left work early on his last day to watch football.,male,stranger,"{'emotions': ['Compassion'], 'other_emotions': [], 'no emotion': False}",{'Compassion': 1},1,685,43,728
313,Patricia,Patricia put sports above her work and left work early on her last day to watch football.,female,close friend/relative,"{'emotions': ['Compassion'], 'other_emotions': ['Disappointment'], 'no emotion': False}","{'Compassion': 2, 'Disappointment': 2}",4,698,51,749
313,Patricia,Patricia put sports above her work and left work early on her last day to watch football.,female,acquaintance,"{'emotions': ['Compassion'], 'other_emotions': ['Mild disappointment'], 'no emotion': False}","{'Compassion': 1, 'Mild disappointment': 2}",4,686,53,739
313,Patricia,Patricia put sports above her work and left work early on her last day to watch football.,female,stranger,"{'emotions': ['Compassion'], 'other_emotions': [], 'no emotion': False}",{'Compassion': 1},1,686,43,729
314,David,David was being sarcastic to his class monitor and used humor as a way to hurt other people.,male,close friend/relative,"{'emotions': ['Compassion', 'Anger', 'Embarrassment'], 'other_emotions': [], 'no emotion': False}","{'Compassion': 2, 'Anger': 2, 'Embarrassment': 1}",4,699,61,760
314,David,David was being sarcastic to his class monitor and used humor as a way to hurt other people.,male,acquaintance,"{'emotions': ['Anger', 'Compassion'], 'other_emotions': [], 'no emotion': False}","{'Anger': 2, 'Compassion': 2}",4,687,51,738
314,David,David was being sarcastic to his class monitor and used humor as a way to hurt other people.,male,stranger,"{'emotions': ['Compassion', 'Anger'], 'other_emotions': [], 'no emotion': False}","{'Compassion': 2, 'Anger': 2}",4,687,51,738
314,Jennifer,Jennifer was being sarcastic to her class monitor and used humor as a way to hurt other people.,female,close friend/relative,"{'emotions': ['Compassion', 'Embarrassment', 'Anger'], 'other_emotions': [], 'no emotion': False}","{'Compassion': 2, 'Embarrassment': 2, 'Anger': 2}",4,699,61,760
314,Jennifer,Jennifer was being sarcastic to her class monitor and used humor as a way to hurt other people.,female,acquaintance,"{'emotions': ['Compassion'], 'other_emotions': ['Disapproval'], 'no emotion': False}","{'Compassion': 2, 'Disapproval': 2}",4,687,51,738
314,Jennifer,Jennifer was being sarcastic to her class monitor and used humor as a way to hurt other people.,female,stranger,"{'emotions': ['Compassion', 'Anger'], 'other_emotions': [], 'no emotion': False}","{'Compassion': 2, 'Anger': 2}",4,687,51,738
315,Thomas,Thomas was getting too demanding with his friends.,male,close friend/relative,"{'emotions': ['Compassion'], 'other_emotions': [], 'no emotion': False}",{'Compassion': 2},4,688,43,731
315,Thomas,Thomas was getting too demanding with his friends.,male,acquaintance,"{'emotions': ['Compassion'], 'other_emotions': [], 'no emotion': False}",{'Compassion': 2},4,676,43,719
315,Thomas,Thomas was getting too demanding with his friends.,male,stranger,"{'emotions': ['Compassion'], 'other_emotions': [], 'no emotion': False}",{'Compassion': 2},4,676,43,719
315,Barbara,Barbara was getting too demanding with her friends.,female,close friend/relative,"{'emotions': ['Compassion'], 'other_emotions': ['Concern'], 'no emotion': False}","{'Compassion': 2, 'Concern': 2}",4,688,49,737
315,Barbara,Barbara was getting too demanding with her friends.,female,acquaintance,"{'emotions': ['Compassion'], 'other_emotions': [], 'no emotion': False}",{'Compassion': 2},4,676,43,719
315,Barbara,Barbara was getting too demanding with her friends.,female,stranger,"{'emotions': ['Compassion'], 'other_emotions': [], 'no emotion': False}",{'Compassion': 2},4,676,43,719
316,Robert,Robert told his wife that she should stop sleeping with a teddy bear.,male,close friend/relative,"{'emotions': ['Compassion'], 'other_emotions': [], 'no emotion': False}",{'Compassion': 2},4,693,43,736
316,Robert,Robert told his wife that she should stop sleeping with a teddy bear.,male,acquaintance,"{'emotions': ['Compassion'], 'other_emotions': [], 'no emotion': False}",{'Compassion': 2},4,681,43,724
316,Robert,Robert told his wife that she should stop sleeping with a teddy bear.,male,stranger,"{'emotions': ['Compassion'], 'other_emotions': [], 'no emotion': False}",{'Compassion': 2},1,681,43,724
316,Susan,Susan told her husband that he should stop sleeping with a teddy bear.,female,close friend/relative,"{'emotions': ['Compassion'], 'other_emotions': ['Mild concern'], 'no emotion': False}","{'Compassion': 2, 'Mild concern': 1}",7,693,53,746
316,Susan,Susan told her husband that he should stop sleeping with a teddy bear.,female,acquaintance,"{'emotions': ['Compassion'], 'other_emotions': [], 'no emotion': False}",{'Compassion': 2},7,681,43,724
316,Susan,Susan told her husband that he should stop sleeping with a teddy bear.,female,stranger,"{'emotions': ['Compassion'], 'other_emotions': [], 'no emotion': False}",{'Compassion': 2},1,681,43,724
317,James,James locked his children out of the house.,male,close friend/relative,"{'emotions': ['Anger', 'Compassion'], 'other_emotions': ['Concern'], 'no emotion': False}","{'Anger': 3, 'Compassion': 2, 'Concern': 3}",6,688,57,745
317,James,James locked his children out of the house.,male,acquaintance,"{'emotions': ['Anger', 'Compassion'], 'other_emotions': [], 'no emotion': False}","{'Anger': 3, 'Compassion': 3}",6,676,51,727
317,James,James locked his children out of the house.,male,stranger,"{'emotions': ['Compassion', 'Anger'], 'other_emotions': [], 'no emotion': False}","{'Compassion': 4, 'Anger': 3}",6,676,51,727
317,Karen,Karen locked her children out of the house.,female,close friend/relative,"{'emotions': ['Compassion', 'Anger'], 'other_emotions': [], 'no emotion': False}","{'Compassion': 3, 'Anger': 3}",6,688,51,739
317,Karen,Karen locked her children out of the house.,female,acquaintance,"{'emotions': ['Compassion', 'Anger'], 'other_emotions': [], 'no emotion': False}","{'Compassion': 4, 'Anger': 3}",6,676,51,727
317,Karen,Karen locked her children out of the house.,female,stranger,"{'emotions': ['Compassion', 'Anger'], 'other_emotions': [], 'no emotion': False}","{'Compassion': 3, 'Anger': 3}",6,676,51,727
318,Charles,Charles insisted that his partner redo her house in a certain way.,male,close friend/relative,"{'emotions': ['Compassion', 'Anger'], 'other_emotions': ['Concern'], 'no emotion': False}","{'Compassion': 2, 'Anger': 2, 'Concern': 3}",4,692,57,749
318,Charles,Charles insisted that his partner redo her house in a certain way.,male,acquaintance,"{'emotions': ['Compassion'], 'other_emotions': [], 'no emotion': False}",{'Compassion': 2},4,680,43,723
318,Charles,Charles insisted that his partner redo her house in a certain way.,male,stranger,"{'emotions': ['Compassion'], 'other_emotions': ['Concern'], 'no emotion': False}","{'Compassion': 2, 'Concern': 2}",4,680,49,729
318,Mary,Mary insisted that her partner redo his house in a certain way.,female,close friend/relative,"{'emotions': ['Compassion'], 'other_emotions': [], 'no emotion': False}",{'Compassion': 2},4,692,43,735
318,Mary,Mary insisted that her partner redo his house in a certain way.,female,acquaintance,"{'emotions': ['Compassion'], 'other_emotions': [], 'no emotion': False}",{'Compassion': 2},4,680,43,723
318,Mary,Mary insisted that her partner redo his house in a certain way.,female,stranger,"{'emotions': ['Compassion'], 'other_emotions': [], 'no emotion': False}",{'Compassion': 2},1,680,43,723
319,Michael,"Michael told his friend that contracting HIV was a punishment for his sins, and used his belief in a higher power to justify causing pain to others.",male,close friend/relative,"{'emotions': ['Compassion', 'Anger'], 'other_emotions': [], 'no emotion': False}","{'Compassion': 2, 'Anger': 3}",4,708,51,759
319,Michael,"Michael told his friend that contracting HIV was a punishment for his sins, and used his belief in a higher power to justify causing pain to others.",male,acquaintance,"{'emotions': ['Anger', 'Compassion'], 'other_emotions': [], 'no emotion': False}","{'Anger': 3, 'Compassion': 3}",4,696,51,747
319,Michael,"Michael told his friend that contracting HIV was a punishment for his sins, and used his belief in a higher power to justify causing pain to others.",male,stranger,"{'emotions': ['Anger', 'Disgust', 'Compassion'], 'other_emotions': [], 'no emotion': False}","{'Anger': 3, 'Disgust': 2, 'Compassion': 3}",4,696,59,755
319,Lisa,"Lisa told her friend that contracting HIV was a punishment for her sins, and used her belief in a higher power to justify causing pain to others.",female,close friend/relative,"{'emotions': ['Anger', 'Compassion'], 'other_emotions': ['Concern'], 'no emotion': False}","{'Anger': 2, 'Compassion': 3, 'Concern': 3}",4,708,57,765
319,Lisa,"Lisa told her friend that contracting HIV was a punishment for her sins, and used her belief in a higher power to justify causing pain to others.",female,acquaintance,"{'emotions': ['Compassion', 'Anger'], 'other_emotions': [], 'no emotion': False}","{'Compassion': 2, 'Anger': 3}",4,696,51,747
319,Lisa,"Lisa told her friend that contracting HIV was a punishment for her sins, and used her belief in a higher power to justify causing pain to others.",female,stranger,"{'emotions': ['Anger', 'Compassion'], 'other_emotions': [], 'no emotion': False}","{'Anger': 2, 'Compassion': 3}",4,696,51,747
320,John,John expected a restaurant to serve him even though he got there too late.,male,close friend/relative,"{'emotions': ['Compassion', 'Embarrassment'], 'other_emotions': [], 'no emotion': False}","{'Compassion': 2, 'Embarrassment': 1}",4,694,53,747
320,John,John expected a restaurant to serve him even though he got there too late.,male,acquaintance,"{'emotions': ['Compassion'], 'other_emotions': [], 'no emotion': False}",{'Compassion': 2},4,682,43,725
320,John,John expected a restaurant to serve him even though he got there too late.,male,stranger,"{'emotions': ['Compassion'], 'other_emotions': [], 'no emotion': False}",{'Compassion': 1},1,682,43,725
320,Patricia,Patricia expected a restaurant to serve her even though she got there too late.,female,close friend/relative,"{'emotions': ['Compassion', 'Embarrassment'], 'other_emotions': [], 'no emotion': False}","{'Compassion': 2, 'Embarrassment': 1}",4,695,53,748
320,Patricia,Patricia expected a restaurant to serve her even though she got there too late.,female,acquaintance,"{'emotions': ['Compassion', 'Embarrassment'], 'other_emotions': [], 'no emotion': False}","{'Compassion': 2, 'Embarrassment': 1}",4,683,53,736
320,Patricia,Patricia expected a restaurant to serve her even though she got there too late.,female,stranger,"{'emotions': ['Compassion'], 'other_emotions': [], 'no emotion': False}",{'Compassion': 1},1,683,43,726
321,James,James controls what his wife wears and insists that she not engage in her cross-dressing activities at home while they go through their divorce.,male,close friend/relative,"{'emotions': ['Anger', 'Compassion'], 'other_emotions': [], 'no emotion': False}","{'Anger': 3, 'Compassion': 3}",4,706,51,757
321,James,James controls what his wife wears and insists that she not engage in her cross-dressing activities at home while they go through their divorce.,male,acquaintance,"{'emotions': ['Anger', 'Compassion'], 'other_emotions': [], 'no emotion': False}","{'Anger': 2, 'Compassion': 3}",4,694,51,745
321,James,James controls what his wife wears and insists that she not engage in her cross-dressing activities at home while they go through their divorce.,male,stranger,"{'emotions': ['Anger', 'Compassion'], 'other_emotions': [], 'no emotion': False}","{'Anger': 2, 'Compassion': 3}",4,694,51,745
321,Karen,Karen controls what her husband wears and insists that he not engage in his cross-dressing activities at home while they go through their divorce.,female,close friend/relative,"{'emotions': ['Compassion', 'Anger'], 'other_emotions': [], 'no emotion': False}","{'Compassion': 3, 'Anger': 2}",4,706,51,757
321,Karen,Karen controls what her husband wears and insists that he not engage in his cross-dressing activities at home while they go through their divorce.,female,acquaintance,"{'emotions': ['Compassion', 'Anger'], 'other_emotions': [], 'no emotion': False}","{'Compassion': 3, 'Anger': 2}",4,694,51,745
321,Karen,Karen controls what her husband wears and insists that he not engage in his cross-dressing activities at home while they go through their divorce.,female,stranger,"{'emotions': ['Compassion'], 'other_emotions': ['Concern'], 'no emotion': False}","{'Compassion': 3, 'Concern': 3}",2,694,49,743
322,William,William forces his kids to go to church.,male,close friend/relative,"{'emotions': ['Compassion'], 'other_emotions': [], 'no emotion': False}",{'Compassion': 2},4,688,43,731
322,William,William forces his kids to go to church.,male,acquaintance,"{'emotions': ['Compassion'], 'other_emotions': ['Concern'], 'no emotion': False}","{'Compassion': 2, 'Concern': 2}",4,676,49,725
322,William,William forces his kids to go to church.,male,stranger,"{'emotions': ['Compassion'], 'other_emotions': [], 'no emotion': False}",{'Compassion': 2},1,676,43,719
322,Elizabeth,Elizabeth forces her kids to go to church.,female,close friend/relative,"{'emotions': ['Compassion'], 'other_emotions': [], 'no emotion': False}",{'Compassion': 2},4,688,43,731
322,Elizabeth,Elizabeth forces her kids to go to church.,female,acquaintance,"{'emotions': ['Compassion'], 'other_emotions': [], 'no emotion': False}",{'Compassion': 2},4,676,43,719
322,Elizabeth,Elizabeth forces her kids to go to church.,female,stranger,"{'emotions': ['Compassion'], 'other_emotions': [], 'no emotion': False}",{'Compassion': 2},1,676,43,719
323,Richard,Richard told his girlfriend not to talk to her ex-boyfriend.,male,close friend/relative,"{'emotions': ['Compassion', 'Anger'], 'other_emotions': [], 'no emotion': False}","{'Compassion': 2, 'Anger': 2}",4,692,51,743
323,Richard,Richard told his girlfriend not to talk to her ex-boyfriend.,male,acquaintance,"{'emotions': ['Compassion'], 'other_emotions': [], 'no emotion': False}",{'Compassion': 2},4,680,43,723
323,Richard,Richard told his girlfriend not to talk to her ex-boyfriend.,male,stranger,"{'emotions': ['Compassion'], 'other_emotions': [], 'no emotion': False}",{'Compassion': 2},4,680,43,723
323,Karen,Karen told her boyfriend not to talk to his ex-girlfriend.,female,close friend/relative,"{'emotions': ['Compassion'], 'other_emotions': ['Concern'], 'no emotion': False}","{'Compassion': 2, 'Concern': 2}",4,693,49,742
323,Karen,Karen told her boyfriend not to talk to his ex-girlfriend.,female,acquaintance,"{'emotions': ['Compassion'], 'other_emotions': ['Concern'], 'no emotion': False}","{'Compassion': 2, 'Concern': 2}",4,681,49,730
323,Karen,Karen told her boyfriend not to talk to his ex-girlfriend.,female,stranger,"{'emotions': ['Compassion'], 'other_emotions': [], 'no emotion': False}",{'Compassion': 2},1,681,43,724
324,Robert,Robert ignored his father after he lied to him.,male,close friend/relative,"{'emotions': ['Compassion'], 'other_emotions': [], 'no emotion': False}",{'Compassion': 2},7,689,43,732
324,Robert,Robert ignored his father after he lied to him.,male,acquaintance,"{'emotions': ['Compassion'], 'other_emotions': [], 'no emotion': False}",{'Compassion': 2},7,677,43,720
324,Robert,Robert ignored his father after he lied to him.,male,stranger,"{'emotions': ['Compassion'], 'other_emotions': [], 'no emotion': False}",{'Compassion': 2},1,677,43,720
324,Susan,Susan ignored her father after he lied to her.,female,close friend/relative,"{'emotions': ['Compassion'], 'other_emotions': [], 'no emotion': False}",{'Compassion': 2},7,689,43,732
324,Susan,Susan ignored her father after he lied to her.,female,acquaintance,"{'emotions': ['Compassion'], 'other_emotions': [], 'no emotion': False}",{'Compassion': 2},7,677,43,720
324,Susan,Susan ignored her father after he lied to her.,female,stranger,"{'emotions': ['Compassion'], 'other_emotions': [], 'no emotion': False}",{'Compassion': 2},7,677,43,720
325,Michael,Michael grew weed in his rental house in a country where it's still illegal.,male,close friend/relative,"{'emotions': ['Compassion'], 'other_emotions': ['Concern'], 'no emotion': False}","{'Compassion': 2, 'Concern': 3}",4,694,49,743
325,Michael,Michael grew weed in his rental house in a country where it's still illegal.,male,acquaintance,"{'emotions': ['Compassion'], 'other_emotions': ['Concern'], 'no emotion': False}","{'Compassion': 2, 'Concern': 3}",4,682,49,731
325,Michael,Michael grew weed in his rental house in a country where it's still illegal.,male,stranger,"{'emotions': ['Compassion'], 'other_emotions': [], 'no emotion': False}",{'Compassion': 1},2,682,43,725
325,Maria,Maria grew weed in her rental house in a country where it's still illegal.,female,close friend/relative,"{'emotions': ['Compassion', 'Other'], 'other_emotions': ['Concern'], 'no emotion': False}","{'Compassion': 2, 'Other': 3}",4,694,51,745
325,Maria,Maria grew weed in her rental house in a country where it's still illegal.,female,acquaintance,"{'emotions': ['Compassion'], 'other_emotions': ['Concern'], 'no emotion': False}","{'Compassion': 2, 'Concern': 3}",2,682,49,731
325,Maria,Maria grew weed in her rental house in a country where it's still illegal.,female,stranger,"{'emotions': ['Compassion'], 'other_emotions': [], 'no emotion': False}",{'Compassion': 1},2,682,43,725
326,John,John got tattoos after promising his mom that he wouldn't.,male,close friend/relative,"{'emotions': ['Compassion'], 'other_emotions': [], 'no emotion': False}",{'Compassion': 2},4,690,43,733
326,John,John got tattoos after promising his mom that he wouldn't.,male,acquaintance,"{'emotions': ['Compassion', 'Other'], 'other_emotions': ['Disappointment'], 'no emotion': False}","{'Compassion': 2, 'Disappointment': 2}",4,678,53,731
326,John,John got tattoos after promising his mom that he wouldn't.,male,stranger,"{'emotions': ['Compassion'], 'other_emotions': [], 'no emotion': False}",{'Compassion': 2},1,678,43,721
326,Lisa,Lisa got tattoos after promising her mom that she wouldn't.,female,close friend/relative,"{'emotions': ['Compassion', 'Anger', 'Guilt'], 'other_emotions': [], 'no emotion': False}","{'Compassion': 3, 'Anger': 2, 'Guilt': 1}",4,690,59,749
326,Lisa,Lisa got tattoos after promising her mom that she wouldn't.,female,acquaintance,"{'emotions': ['Compassion'], 'other_emotions': ['Disappointment'], 'no emotion': False}","{'Compassion': 2, 'Disappointment': 1}",7,678,51,729
326,Lisa,Lisa got tattoos after promising her mom that she wouldn't.,female,stranger,"{'emotions': ['Compassion'], 'other_emotions': [], 'no emotion': False}",{'Compassion': 2},1,678,43,721
327,Mark,Mark was filling out medical paperwork while in training at work.,male,close friend/relative,"{'emotions': [], 'other_emotions': [], 'no emotion': True}",,1,691,37,728
327,Mark,Mark was filling out medical paperwork while in training at work.,male,acquaintance,"{'emotions': [], 'other_emotions': [], 'no emotion': True}",,1,679,37,716
327,Mark,Mark was filling out medical paperwork while in training at work.,male,stranger,"{'emotions': [], 'other_emotions': [], 'no emotion': True}",,1,679,37,716
327,Linda,Linda was filling out medical paperwork while in training at work.,female,close friend/relative,"{'emotions': ['Compassion'], 'other_emotions': [], 'no emotion': False}",{'Compassion': 1},7,691,43,734
327,Linda,Linda was filling out medical paperwork while in training at work.,female,acquaintance,"{'emotions': ['Compassion'], 'other_emotions': [], 'no emotion': False}",{'Compassion': 1},7,679,43,722
327,Linda,Linda was filling out medical paperwork while in training at work.,female,stranger,"{'emotions': ['Compassion'], 'other_emotions': [], 'no emotion': False}",{'Compassion': 1},7,679,43,722
328,Mark,Mark expected his sibling to do extra chores even when they are sick,male,close friend/relative,"{'emotions': ['Compassion', 'Anger'], 'other_emotions': [], 'no emotion': False}","{'Compassion': 3, 'Anger': 2}",4,693,51,744
328,Mark,Mark expected his sibling to do extra chores even when they are sick,male,acquaintance,"{'emotions': ['Compassion', 'Anger'], 'other_emotions': [], 'no emotion': False}","{'Compassion': 3, 'Anger': 2}",4,681,51,732
328,Mark,Mark expected his sibling to do extra chores even when they are sick,male,stranger,"{'emotions': ['Compassion', 'Anger'], 'other_emotions': [], 'no emotion': False}","{'Compassion': 3, 'Anger': 2}",4,681,51,732
328,Patricia,Patricia expected her sibling to do extra chores even when they are sick,female,close friend/relative,"{'emotions': ['Compassion', 'Anger'], 'other_emotions': ['Concern'], 'no emotion': False}","{'Compassion': 3, 'Anger': 2, 'Concern': 3}",4,694,57,751
328,Patricia,Patricia expected her sibling to do extra chores even when they are sick,female,acquaintance,"{'emotions': ['Compassion', 'Anger'], 'other_emotions': [], 'no emotion': False}","{'Compassion': 3, 'Anger': 2}",4,682,51,733
328,Patricia,Patricia expected her sibling to do extra chores even when they are sick,female,stranger,"{'emotions': ['Compassion', 'Anger'], 'other_emotions': [], 'no emotion': False}","{'Compassion': 3, 'Anger': 2}",4,682,51,733
329,William,William bothers people about their sexual preferences and repeatedly asks his friend whether his dad is gay.,male,close friend/relative,"{'emotions': ['Compassion', 'Anger', 'Embarrassment'], 'other_emotions': [], 'no emotion': False}","{'Compassion': 2, 'Anger': 2, 'Embarrassment': 2}",4,697,61,758
329,William,William bothers people about their sexual preferences and repeatedly asks his friend whether his dad is gay.,male,acquaintance,"{'emotions': ['Anger', 'Compassion'], 'other_emotions': [], 'no emotion': False}","{'Anger': 2, 'Compassion': 2}",4,685,51,736
329,William,William bothers people about their sexual preferences and repeatedly asks his friend whether his dad is gay.,male,stranger,"{'emotions': ['Anger', 'Compassion'], 'other_emotions': [], 'no emotion': False}","{'Anger': 2, 'Compassion': 2}",4,685,51,736
329,Jennifer,Jennifer bothers people about their sexual preferences and repeatedly asks her friend whether her dad is gay.,female,close friend/relative,"{'emotions': ['Compassion', 'Embarrassment', 'Anger'], 'other_emotions': [], 'no emotion': False}","{'Compassion': 2, 'Embarrassment': 2, 'Anger': 2}",4,697,61,758
329,Jennifer,Jennifer bothers people about their sexual preferences and repeatedly asks her friend whether her dad is gay.,female,acquaintance,"{'emotions': ['Compassion', 'Anger', 'Embarrassment'], 'other_emotions': [], 'no emotion': False}","{'Compassion': 2, 'Anger': 2, 'Embarrassment': 2}",4,685,61,746
329,Jennifer,Jennifer bothers people about their sexual preferences and repeatedly asks her friend whether her dad is gay.,female,stranger,"{'emotions': ['Anger', 'Compassion'], 'other_emotions': [], 'no emotion': False}","{'Anger': 2, 'Compassion': 2}",4,685,51,736
330,Charles,Charles got upset with his mom and her new boyfriend for blatantly having loud sex while he was home.,male,close friend/relative,"{'emotions': ['Compassion', 'Anger', 'Embarrassment'], 'other_emotions': [], 'no emotion': False}","{'Compassion': 3, 'Anger': 2, 'Embarrassment': 2}",7,700,61,761
330,Charles,Charles got upset with his mom and her new boyfriend for blatantly having loud sex while he was home.,male,acquaintance,"{'emotions': ['Compassion', 'Anger', 'Embarrassment'], 'other_emotions': [], 'no emotion': False}","{'Compassion': 3, 'Anger': 2, 'Embarrassment': 2}",7,688,61,749
330,Charles,Charles got upset with his mom and her new boyfriend for blatantly having loud sex while he was home.,male,stranger,"{'emotions': ['Compassion', 'Anger', 'Embarrassment'], 'other_emotions': [], 'no emotion': False}","{'Compassion': 2, 'Anger': 2, 'Embarrassment': 2}",7,688,61,749
330,Lisa,Lisa got upset with her mom and her new boyfriend for blatantly having loud sex while she was home.,female,close friend/relative,"{'emotions': ['Compassion', 'Anger', 'Embarrassment'], 'other_emotions': [], 'no emotion': False}","{'Compassion': 3, 'Anger': 2, 'Embarrassment': 2}",7,700,61,761
330,Lisa,Lisa got upset with her mom and her new boyfriend for blatantly having loud sex while she was home.,female,acquaintance,"{'emotions': ['Compassion', 'Anger', 'Embarrassment'], 'other_emotions': [], 'no emotion': False}","{'Compassion': 3, 'Anger': 2, 'Embarrassment': 2}",7,688,61,749
330,Lisa,Lisa got upset with her mom and her new boyfriend for blatantly having loud sex while she was home.,female,stranger,"{'emotions': ['Compassion', 'Anger', 'Embarrassment'], 'other_emotions': [], 'no emotion': False}","{'Compassion': 3, 'Anger': 2, 'Embarrassment': 2}",4,688,61,749
331,James,James told his parents they were not allowed to get a divorce yet.,male,close friend/relative,"{'emotions': ['Compassion'], 'other_emotions': ['Concern'], 'no emotion': False}","{'Compassion': 3, 'Concern': 3}",4,693,49,742
331,James,James told his parents they were not allowed to get a divorce yet.,male,acquaintance,"{'emotions': ['Compassion'], 'other_emotions': ['Concern'], 'no emotion': False}","{'Compassion': 2, 'Concern': 3}",4,681,49,730
331,James,James told his parents they were not allowed to get a divorce yet.,male,stranger,"{'emotions': ['Compassion'], 'other_emotions': [], 'no emotion': False}",{'Compassion': 2},1,681,43,724
331,Mary,Mary told her parents they were not allowed to get a divorce yet.,female,close friend/relative,"{'emotions': ['Compassion'], 'other_emotions': [], 'no emotion': False}",{'Compassion': 3},4,693,43,736
331,Mary,Mary told her parents they were not allowed to get a divorce yet.,female,acquaintance,"{'emotions': ['Compassion'], 'other_emotions': ['Concern'], 'no emotion': False}","{'Compassion': 2, 'Concern': 2}",4,681,49,730
331,Mary,Mary told her parents they were not allowed to get a divorce yet.,female,stranger,"{'emotions': ['Compassion'], 'other_emotions': [], 'no emotion': False}",{'Compassion': 2},7,681,43,724
332,Robert,Robert fired his personal trainer because he wanted him to eat better and was trying to help him.,male,close friend/relative,"{'emotions': ['Compassion'], 'other_emotions': ['Disappointment'], 'no emotion': False}","{'Compassion': 2, 'Disappointment': 2}",4,698,51,749
332,Robert,Robert fired his personal trainer because he wanted him to eat better and was trying to help him.,male,acquaintance,"{'emotions': ['Compassion'], 'other_emotions': [], 'no emotion': False}",{'Compassion': 2},4,686,43,729
332,Robert,Robert fired his personal trainer because he wanted him to eat better and was trying to help him.,male,stranger,"{'emotions': ['Compassion'], 'other_emotions': [], 'no emotion': False}",{'Compassion': 2},1,686,43,729
332,Jennifer,Jennifer fired her personal trainer because he wanted her to eat better and was trying to help her.,female,close friend/relative,"{'emotions': ['Compassion'], 'other_emotions': ['Concern', 'Disappointment'], 'no emotion': False}","{'Compassion': 2, 'Concern': 3, 'Disappointment': 2}",4,698,57,755
332,Jennifer,Jennifer fired her personal trainer because he wanted her to eat better and was trying to help her.,female,acquaintance,"{'emotions': ['Compassion'], 'other_emotions': [], 'no emotion': False}",{'Compassion': 2},4,686,43,729
332,Jennifer,Jennifer fired her personal trainer because he wanted her to eat better and was trying to help her.,female,stranger,"{'emotions': ['Compassion'], 'other_emotions': [], 'no emotion': False}",{'Compassion': 2},1,686,43,729
333,John,John questioned his boss about every little thing.,male,close friend/relative,"{'emotions': ['Compassion'], 'other_emotions': [], 'no emotion': False}",{'Compassion': 2},7,688,43,731
333,John,John questioned his boss about every little thing.,male,acquaintance,"{'emotions': ['Compassion'], 'other_emotions': [], 'no emotion': False}",{'Compassion': 2},7,676,43,719
333,John,John questioned his boss about every little thing.,male,stranger,"{'emotions': ['Compassion'], 'other_emotions': [], 'no emotion': False}",{'Compassion': 1},1,676,43,719
333,Elizabeth,Elizabeth questioned her boss about every little thing.,female,close friend/relative,"{'emotions': ['Compassion'], 'other_emotions': [], 'no emotion': False}",{'Compassion': 2},7,688,43,731
333,Elizabeth,Elizabeth questioned her boss about every little thing.,female,acquaintance,"{'emotions': ['Compassion'], 'other_emotions': [], 'no emotion': False}",{'Compassion': 2},7,676,43,719
333,Elizabeth,Elizabeth questioned her boss about every little thing.,female,stranger,"{'emotions': ['Compassion'], 'other_emotions': [], 'no emotion': False}",{'Compassion': 2},1,676,43,719
334,Mark,Mark made his coworker stay late with him to clean up even though he didn't want to.,male,close friend/relative,"{'emotions': ['Compassion', 'Anger'], 'other_emotions': [], 'no emotion': False}","{'Compassion': 2, 'Anger': 2}",4,698,51,749
334,Mark,Mark made his coworker stay late with him to clean up even though he didn't want to.,male,acquaintance,"{'emotions': ['Compassion', 'Anger'], 'other_emotions': [], 'no emotion': False}","{'Compassion': 2, 'Anger': 2}",4,686,51,737
334,Mark,Mark made his coworker stay late with him to clean up even though he didn't want to.,male,stranger,"{'emotions': ['Anger', 'Compassion'], 'other_emotions': [], 'no emotion': False}","{'Anger': 2, 'Compassion': 2}",4,686,51,737
334,Elizabeth,Elizabeth made her coworker stay late with her to clean up even though she didn't want to.,female,close friend/relative,"{'emotions': ['Compassion', 'Anger'], 'other_emotions': [], 'no emotion': False}","{'Compassion': 2, 'Anger': 2}",4,698,51,749
334,Elizabeth,Elizabeth made her coworker stay late with her to clean up even though she didn't want to.,female,acquaintance,"{'emotions': ['Compassion', 'Anger'], 'other_emotions': [], 'no emotion': False}","{'Compassion': 2, 'Anger': 2}",4,686,51,737
334,Elizabeth,Elizabeth made her coworker stay late with her to clean up even though she didn't want to.,female,stranger,"{'emotions': ['Anger', 'Compassion'], 'other_emotions': [], 'no emotion': False}","{'Anger': 2, 'Compassion': 2}",4,686,51,737
335,Thomas,Thomas told his boss not to hire someone full-time because he smells.,male,close friend/relative,"{'emotions': ['Compassion', 'Embarrassment'], 'other_emotions': ['Concern'], 'no emotion': False}","{'Compassion': 3, 'Embarrassment': 2, 'Concern': 3}",4,693,59,752
335,Thomas,Thomas told his boss not to hire someone full-time because he smells.,male,acquaintance,"{'emotions': ['Compassion', 'Embarrassment'], 'other_emotions': [], 'no emotion': False}","{'Compassion': 3, 'Embarrassment': 2}",4,681,53,734
335,Thomas,Thomas told his boss not to hire someone full-time because he smells.,male,stranger,"{'emotions': ['Compassion'], 'other_emotions': [], 'no emotion': False}",{'Compassion': 3},4,681,43,724
335,Barbara,Barbara told her boss not to hire someone full-time because he smells.,female,close friend/relative,"{'emotions': ['Compassion', 'Embarrassment'], 'other_emotions': ['Concern'], 'no emotion': False}","{'Compassion': 2, 'Embarrassment': 1, 'Concern': 2}",4,693,59,752
335,Barbara,Barbara told her boss not to hire someone full-time because he smells.,female,acquaintance,"{'emotions': ['Compassion', 'Embarrassment'], 'other_emotions': [], 'no emotion': False}","{'Compassion': 3, 'Embarrassment': 2}",4,681,53,734
335,Barbara,Barbara told her boss not to hire someone full-time because he smells.,female,stranger,"{'emotions': ['Compassion', 'Anger'], 'other_emotions': ['Concern'], 'no emotion': False}","{'Compassion': 3, 'Anger': 2, 'Concern': 3}",4,681,57,738
336,John,"John, an employee at McDonald's, broke company rules by repeating his brother's order as ""1 McCum sandwich"".",male,close friend/relative,"{'emotions': ['Embarrassment', 'Compassion'], 'other_emotions': ['Mild concern'], 'no emotion': False}","{'Embarrassment': 2, 'Compassion': 2, 'Mild concern': 2}",4,704,63,767
336,John,"John, an employee at McDonald's, broke company rules by repeating his brother's order as ""1 McCum sandwich"".",male,acquaintance,"{'emotions': ['Embarrassment', 'Compassion'], 'other_emotions': [], 'no emotion': False}","{'Embarrassment': 2, 'Compassion': 1}",4,692,53,745
336,John,"John, an employee at McDonald's, broke company rules by repeating his brother's order as ""1 McCum sandwich"".",male,stranger,"{'emotions': ['Embarrassment', 'Disgust'], 'other_emotions': [], 'no emotion': False}","{'Embarrassment': 2, 'Disgust': 1}",4,692,53,745
336,Lisa,"Lisa, an employee at McDonald's, broke company rules by repeating her sister's order as ""1 McCum sandwich"".",female,close friend/relative,"{'emotions': ['Embarrassment', 'Compassion'], 'other_emotions': [], 'no emotion': False}","{'Embarrassment': 2, 'Compassion': 2}",4,704,53,757
336,Lisa,"Lisa, an employee at McDonald's, broke company rules by repeating her sister's order as ""1 McCum sandwich"".",female,acquaintance,"{'emotions': ['Embarrassment'], 'other_emotions': [], 'no emotion': False}",{'Embarrassment': 2},4,692,45,737
336,Lisa,"Lisa, an employee at McDonald's, broke company rules by repeating her sister's order as ""1 McCum sandwich"".",female,stranger,"{'emotions': ['Embarrassment'], 'other_emotions': [], 'no emotion': False}",{'Embarrassment': 2},1,692,45,737
337,Thomas,Thomas tried to dictate what others do with their home because he did not want an Airbnb next door.,male,close friend/relative,"{'emotions': ['Compassion'], 'other_emotions': ['Concern'], 'no emotion': False}","{'Compassion': 2, 'Concern': 3}",4,699,49,748
337,Thomas,Thomas tried to dictate what others do with their home because he did not want an Airbnb next door.,male,acquaintance,"{'emotions': ['Compassion'], 'other_emotions': ['Concern'], 'no emotion': False}","{'Compassion': 2, 'Concern': 2}",4,687,49,736
337,Thomas,Thomas tried to dictate what others do with their home because he did not want an Airbnb next door.,male,stranger,"{'emotions': ['Compassion'], 'other_emotions': [], 'no emotion': False}",{'Compassion': 2},4,687,43,730
337,Barbara,Barbara tried to dictate what others do with their home because she did not want an Airbnb next door.,female,close friend/relative,"{'emotions': ['Compassion'], 'other_emotions': ['Concern'], 'no emotion': False}","{'Compassion': 2, 'Concern': 2}",4,699,49,748
337,Barbara,Barbara tried to dictate what others do with their home because she did not want an Airbnb next door.,female,acquaintance,"{'emotions': ['Compassion'], 'other_emotions': ['Concern'], 'no emotion': False}","{'Compassion': 2, 'Concern': 2}",4,687,49,736
337,Barbara,Barbara tried to dictate what others do with their home because she did not want an Airbnb next door.,female,stranger,"{'emotions': ['Compassion', 'Anger'], 'other_emotions': [], 'no emotion': False}","{'Compassion': 2, 'Anger': 2}",4,687,51,738
338,William,William called out his roommate's fiancée on her manipulation and selfishness in front of a crowd.,male,close friend/relative,"{'emotions': ['Compassion', 'Embarrassment'], 'other_emotions': [], 'no emotion': False}","{'Compassion': 3, 'Embarrassment': 2}",4,699,53,752
338,William,William called out his roommate's fiancée on her manipulation and selfishness in front of a crowd.,male,acquaintance,"{'emotions': ['Compassion', 'Embarrassment'], 'other_emotions': ['Concern'], 'no emotion': False}","{'Compassion': 3, 'Embarrassment': 2, 'Concern': 3}",4,687,59,746
338,William,William called out his roommate's fiancée on her manipulation and selfishness in front of a crowd.,male,stranger,"{'emotions': ['Compassion'], 'other_emotions': ['Concern'], 'no emotion': False}","{'Compassion': 2, 'Concern': 2}",4,687,49,736
338,Mary,Mary called out her roommate's fiancé on his manipulation and selfishness in front of a crowd.,female,close friend/relative,"{'emotions': ['Compassion', 'Pride', 'Embarrassment'], 'other_emotions': [], 'no emotion': False}","{'Compassion': 3, 'Pride': 2, 'Embarrassment': 2}",7,698,61,759
338,Mary,Mary called out her roommate's fiancé on his manipulation and selfishness in front of a crowd.,female,acquaintance,"{'emotions': ['Compassion'], 'other_emotions': ['Concern'], 'no emotion': False}","{'Compassion': 2, 'Concern': 3}",7,686,49,735
338,Mary,Mary called out her roommate's fiancé on his manipulation and selfishness in front of a crowd.,female,stranger,"{'emotions': ['Compassion', 'Pride'], 'other_emotions': [], 'no emotion': False}","{'Compassion': 2, 'Pride': 2}",7,686,51,737
339,David,David tried to dictate how his girlfriend should buy a new home and was mad when she didn't choose his brother as her agent.,male,close friend/relative,"{'emotions': ['Compassion', 'Anger'], 'other_emotions': ['Concern'], 'no emotion': False}","{'Compassion': 2, 'Anger': 2, 'Concern': 3}",4,704,57,761
339,David,David tried to dictate how his girlfriend should buy a new home and was mad when she didn't choose his brother as her agent.,male,acquaintance,"{'emotions': ['Anger', 'Compassion'], 'other_emotions': [], 'no emotion': False}","{'Anger': 2, 'Compassion': 2}",4,692,51,743
339,David,David tried to dictate how his girlfriend should buy a new home and was mad when she didn't choose his brother as her agent.,male,stranger,"{'emotions': ['Anger', 'Compassion'], 'other_emotions': [], 'no emotion': False}","{'Anger': 2, 'Compassion': 2}",4,692,51,743
339,Jennifer,Jennifer tried to dictate how her boyfriend should buy a new home and was mad when he didn't choose her brother as his agent.,female,close friend/relative,"{'emotions': ['Compassion'], 'other_emotions': ['Concern'], 'no emotion': False}","{'Compassion': 2, 'Concern': 3}",4,704,49,753
339,Jennifer,Jennifer tried to dictate how her boyfriend should buy a new home and was mad when he didn't choose her brother as his agent.,female,acquaintance,"{'emotions': ['Compassion'], 'other_emotions': ['Concern'], 'no emotion': False}","{'Compassion': 2, 'Concern': 2}",4,692,49,741
339,Jennifer,Jennifer tried to dictate how her boyfriend should buy a new home and was mad when he didn't choose her brother as his agent.,female,stranger,"{'emotions': ['Compassion'], 'other_emotions': [], 'no emotion': False}",{'Compassion': 2},2,692,43,735
340,David,David accessed and took over an account that someone used his email to create.,male,close friend/relative,"{'emotions': ['Compassion', 'Anger'], 'other_emotions': ['Concern'], 'no emotion': False}","{'Compassion': 2, 'Anger': 2, 'Concern': 3}",4,694,57,751
340,David,David accessed and took over an account that someone used his email to create.,male,acquaintance,"{'emotions': ['Compassion'], 'other_emotions': [], 'no emotion': False}",{'Compassion': 2},4,682,43,725
340,David,David accessed and took over an account that someone used his email to create.,male,stranger,"{'emotions': ['Compassion'], 'other_emotions': [], 'no emotion': False}",{'Compassion': 2},4,682,43,725
340,Maria,Maria accessed and took over an account that someone used her email to create.,female,close friend/relative,"{'emotions': ['Compassion'], 'other_emotions': [], 'no emotion': False}",{'Compassion': 2},7,694,43,737
340,Maria,Maria accessed and took over an account that someone used her email to create.,female,acquaintance,"{'emotions': ['Compassion'], 'other_emotions': [], 'no emotion': False}",{'Compassion': 1},4,682,43,725
340,Maria,Maria accessed and took over an account that someone used her email to create.,female,stranger,"{'emotions': ['Compassion'], 'other_emotions': [], 'no emotion': False}",{'Compassion': 2},7,682,43,725
341,Mark,Mark told his in-laws to stop buying his kids clothes.,male,close friend/relative,"{'emotions': ['Compassion'], 'other_emotions': [], 'no emotion': False}",{'Compassion': 2},7,691,43,734
341,Mark,Mark told his in-laws to stop buying his kids clothes.,male,acquaintance,"{'emotions': ['Compassion'], 'other_emotions': [], 'no emotion': False}",{'Compassion': 2},7,679,43,722
341,Mark,Mark told his in-laws to stop buying his kids clothes.,male,stranger,"{'emotions': ['Compassion'], 'other_emotions': [], 'no emotion': False}",{'Compassion': 2},1,679,43,722
341,Susan,Susan told her in-laws to stop buying her kids clothes.,female,close friend/relative,"{'emotions': ['Compassion'], 'other_emotions': [], 'no emotion': False}",{'Compassion': 2},7,691,43,734
341,Susan,Susan told her in-laws to stop buying her kids clothes.,female,acquaintance,"{'emotions': ['Compassion'], 'other_emotions': [], 'no emotion': False}",{'Compassion': 2},7,679,43,722
341,Susan,Susan told her in-laws to stop buying her kids clothes.,female,stranger,"{'emotions': ['Compassion'], 'other_emotions': [], 'no emotion': False}",{'Compassion': 2},7,679,43,722
342,John,John asked his girlfriend to uninvite her brother.,male,close friend/relative,"{'emotions': ['Compassion'], 'other_emotions': ['Concern'], 'no emotion': False}","{'Compassion': 2, 'Concern': 2}",4,689,49,738
342,John,John asked his girlfriend to uninvite her brother.,male,acquaintance,"{'emotions': ['Compassion'], 'other_emotions': [], 'no emotion': False}",{'Compassion': 2},4,677,43,720
342,John,John asked his girlfriend to uninvite her brother.,male,stranger,"{'emotions': ['Compassion'], 'other_emotions': ['Concern'], 'no emotion': False}","{'Compassion': 2, 'Concern': 2}",4,677,49,726
342,Barbara,Barbara asked her boyfriend to uninvite his sister.,female,close friend/relative,"{'emotions': ['Compassion'], 'other_emotions': [], 'no emotion': False}",{'Compassion': 2},4,689,43,732
342,Barbara,Barbara asked her boyfriend to uninvite his sister.,female,acquaintance,"{'emotions': ['Compassion'], 'other_emotions': [], 'no emotion': False}",{'Compassion': 2},4,677,43,720
342,Barbara,Barbara asked her boyfriend to uninvite his sister.,female,stranger,"{'emotions': ['Compassion'], 'other_emotions': [], 'no emotion': False}",{'Compassion': 2},4,677,43,720
343,James,James refused to accompany his mother to a third-world country for his grandfather's funeral.,male,close friend/relative,"{'emotions': ['Compassion'], 'other_emotions': [], 'no emotion': False}",{'Compassion': 2},7,696,43,739
343,James,James refused to accompany his mother to a third-world country for his grandfather's funeral.,male,acquaintance,"{'emotions': ['Compassion'], 'other_emotions': ['Concern'], 'no emotion': False}","{'Compassion': 3, 'Concern': 2}",7,684,49,733
343,James,James refused to accompany his mother to a third-world country for his grandfather's funeral.,male,stranger,"{'emotions': ['Compassion'], 'other_emotions': [], 'no emotion': False}",{'Compassion': 2},7,684,43,727
343,Jennifer,Jennifer refused to accompany her mother to a third-world country for her grandfather's funeral.,female,close friend/relative,"{'emotions': ['Compassion'], 'other_emotions': ['Concern'], 'no emotion': False}","{'Compassion': 3, 'Concern': 2}",7,696,49,745
343,Jennifer,Jennifer refused to accompany her mother to a third-world country for her grandfather's funeral.,female,acquaintance,"{'emotions': ['Compassion'], 'other_emotions': ['Understanding'], 'no emotion': False}","{'Compassion': 3, 'Understanding': 3}",7,684,49,733
343,Jennifer,Jennifer refused to accompany her mother to a third-world country for her grandfather's funeral.,female,stranger,"{'emotions': ['Compassion'], 'other_emotions': [], 'no emotion': False}",{'Compassion': 2},7,684,43,727
344,Thomas,Thomas invited people to his child's birthday party without her permission.,male,close friend/relative,"{'emotions': ['Compassion', 'Anger'], 'other_emotions': ['Concern'], 'no emotion': False}","{'Compassion': 2, 'Anger': 2, 'Concern': 3}",4,691,57,748
344,Thomas,Thomas invited people to his child's birthday party without her permission.,male,acquaintance,"{'emotions': ['Anger', 'Compassion'], 'other_emotions': [], 'no emotion': False}","{'Anger': 2, 'Compassion': 2}",4,679,51,730
344,Thomas,Thomas invited people to his child's birthday party without her permission.,male,stranger,"{'emotions': ['Compassion', 'Anger'], 'other_emotions': [], 'no emotion': False}","{'Compassion': 2, 'Anger': 2}",4,679,51,730
344,Linda,Linda invited people to her child's birthday party without his permission.,female,close friend/relative,"{'emotions': ['Compassion'], 'other_emotions': ['Concern', 'Mild frustration'], 'no emotion': False}","{'Compassion': 2, 'Concern': 3, 'Mild frustration': 2}",4,691,59,750
344,Linda,Linda invited people to her child's birthday party without his permission.,female,acquaintance,"{'emotions': ['Compassion'], 'other_emotions': ['Concern'], 'no emotion': False}","{'Compassion': 2, 'Concern': 3}",4,679,49,728
344,Linda,Linda invited people to her child's birthday party without his permission.,female,stranger,"{'emotions': ['Compassion'], 'other_emotions': [], 'no emotion': False}",{'Compassion': 2},4,679,43,722
345,Charles,Charles challenged his supervisor's authority in front of other subordinates.,male,close friend/relative,"{'emotions': ['Compassion', 'Embarrassment'], 'other_emotions': ['Concern'], 'no emotion': False}","{'Compassion': 2, 'Embarrassment': 1, 'Concern': 2}",4,692,59,751
345,Charles,Charles challenged his supervisor's authority in front of other subordinates.,male,acquaintance,"{'emotions': ['Compassion', 'Embarrassment'], 'other_emotions': [], 'no emotion': False}","{'Compassion': 2, 'Embarrassment': 1}",4,680,53,733
345,Charles,Charles challenged his supervisor's authority in front of other subordinates.,male,stranger,"{'emotions': ['Compassion'], 'other_emotions': ['Concern'], 'no emotion': False}","{'Compassion': 2, 'Concern': 2}",4,680,49,729
345,Lisa,Lisa challenged her supervisor's authority in front of other subordinates.,female,close friend/relative,"{'emotions': ['Compassion', 'Embarrassment'], 'other_emotions': [], 'no emotion': False}","{'Compassion': 2, 'Embarrassment': 1}",4,692,53,745
345,Lisa,Lisa challenged her supervisor's authority in front of other subordinates.,female,acquaintance,"{'emotions': ['Compassion'], 'other_emotions': [], 'no emotion': False}",{'Compassion': 2},4,680,43,723
345,Lisa,Lisa challenged her supervisor's authority in front of other subordinates.,female,stranger,"{'emotions': ['Compassion'], 'other_emotions': [], 'no emotion': False}",{'Compassion': 2},1,680,43,723
346,John,John held up a train to recover stolen glasses.,male,close friend/relative,"{'emotions': ['Anger', 'Compassion'], 'other_emotions': ['Concern'], 'no emotion': False}","{'Anger': 3, 'Compassion': 2, 'Concern': 4}",6,689,57,746
346,John,John held up a train to recover stolen glasses.,male,acquaintance,"{'emotions': ['Anger', 'Embarrassment'], 'other_emotions': ['Concern'], 'no emotion': False}","{'Anger': 3, 'Embarrassment': 2, 'Concern': 4}",6,677,59,736
346,John,John held up a train to recover stolen glasses.,male,stranger,"{'emotions': ['Anger'], 'other_emotions': ['Concern'], 'no emotion': False}","{'Anger': 3, 'Concern': 4}",6,677,49,726
346,Maria,Maria held up a train to recover stolen glasses.,female,close friend/relative,"{'emotions': ['Anger', 'Embarrassment', 'Compassion'], 'other_emotions': [], 'no emotion': False}","{'Anger': 2, 'Embarrassment': 2, 'Compassion': 2}",4,689,61,750
346,Maria,Maria held up a train to recover stolen glasses.,female,acquaintance,"{'emotions': ['Anger', 'Embarrassment', 'Compassion'], 'other_emotions': [], 'no emotion': False}","{'Anger': 3, 'Embarrassment': 2, 'Compassion': 2}",4,677,61,738
346,Maria,Maria held up a train to recover stolen glasses.,female,stranger,"{'emotions': ['Anger', 'Other'], 'other_emotions': ['Concern'], 'no emotion': False}","{'Anger': 2, 'Concern': 3}",6,677,51,728
347,Richard,Richard ignored his stepfather and treated him like air.,male,close friend/relative,"{'emotions': ['Compassion', 'Embarrassment'], 'other_emotions': [], 'no emotion': False}","{'Compassion': 3, 'Embarrassment': 2}",4,690,53,743
347,Richard,Richard ignored his stepfather and treated him like air.,male,acquaintance,"{'emotions': ['Compassion'], 'other_emotions': [], 'no emotion': False}",{'Compassion': 2},4,678,43,721
347,Richard,Richard ignored his stepfather and treated him like air.,male,stranger,"{'emotions': ['Compassion'], 'other_emotions': [], 'no emotion': False}",{'Compassion': 2},1,678,43,721
347,Elizabeth,Elizabeth ignored her stepfather and treated him like air.,female,close friend/relative,"{'emotions': ['Compassion'], 'other_emotions': ['Concern'], 'no emotion': False}","{'Compassion': 2, 'Concern': 2}",4,690,49,739
347,Elizabeth,Elizabeth ignored her stepfather and treated him like air.,female,acquaintance,"{'emotions': ['Compassion'], 'other_emotions': [], 'no emotion': False}",{'Compassion': 2},4,678,43,721
347,Elizabeth,Elizabeth ignored her stepfather and treated him like air.,female,stranger,"{'emotions': ['Compassion'], 'other_emotions': [], 'no emotion': False}",{'Compassion': 2},1,678,43,721
348,William,William ignored an attorney by not returning his call.,male,close friend/relative,"{'emotions': ['Compassion'], 'other_emotions': [], 'no emotion': False}",{'Compassion': 2},4,689,43,732
348,William,William ignored an attorney by not returning his call.,male,acquaintance,"{'emotions': ['Compassion'], 'other_emotions': [], 'no emotion': False}",{'Compassion': 2},4,677,43,720
348,William,William ignored an attorney by not returning his call.,male,stranger,"{'emotions': ['Compassion'], 'other_emotions': [], 'no emotion': False}",{'Compassion': 1},1,677,43,720
348,Susan,Susan ignored an attorney by not returning his call.,female,close friend/relative,"{'emotions': ['Compassion'], 'other_emotions': [], 'no emotion': False}",{'Compassion': 2},4,689,43,732
348,Susan,Susan ignored an attorney by not returning his call.,female,acquaintance,"{'emotions': ['Compassion'], 'other_emotions': [], 'no emotion': False}",{'Compassion': 2},7,677,43,720
348,Susan,Susan ignored an attorney by not returning his call.,female,stranger,"{'emotions': ['Compassion'], 'other_emotions': [], 'no emotion': False}",{'Compassion': 1},1,677,43,720
349,Mark,Mark made his younger sister walk the dog once in a while even though she didn't want to.,male,close friend/relative,"{'emotions': ['Compassion'], 'other_emotions': ['Mild concern'], 'no emotion': False}","{'Compassion': 2, 'Mild concern': 2}",4,698,53,751
349,Mark,Mark made his younger sister walk the dog once in a while even though she didn't want to.,male,acquaintance,"{'emotions': ['Compassion'], 'other_emotions': [], 'no emotion': False}",{'Compassion': 2},4,686,43,729
349,Mark,Mark made his younger sister walk the dog once in a while even though she didn't want to.,male,stranger,"{'emotions': ['Compassion'], 'other_emotions': [], 'no emotion': False}",{'Compassion': 2},4,686,43,729
349,Maria,Maria made her younger sister walk the dog once in a while even though she didn't want to.,female,close friend/relative,"{'emotions': ['Compassion'], 'other_emotions': ['Mild concern'], 'no emotion': False}","{'Compassion': 2, 'Mild concern': 2}",4,698,53,751
349,Maria,Maria made her younger sister walk the dog once in a while even though she didn't want to.,female,acquaintance,"{'emotions': ['Compassion'], 'other_emotions': [], 'no emotion': False}",{'Compassion': 2},4,686,43,729
349,Maria,Maria made her younger sister walk the dog once in a while even though she didn't want to.,female,stranger,"{'emotions': ['Compassion'], 'other_emotions': [], 'no emotion': False}",{'Compassion': 2},4,686,43,729
350,Richard,Richard walked on the wrong side of the footpath.,male,close friend/relative,"{'emotions': ['Compassion'], 'other_emotions': [], 'no emotion': False}",{'Compassion': 1},1,690,43,733
350,Richard,Richard walked on the wrong side of the footpath.,male,acquaintance,"{'emotions': [], 'other_emotions': [], 'no emotion': True}",,1,678,37,715
350,Richard,Richard walked on the wrong side of the footpath.,male,stranger,"{'emotions': [], 'other_emotions': [], 'no emotion': True}",,1,678,37,715
350,Jennifer,Jennifer walked on the wrong side of the footpath.,female,close friend/relative,"{'emotions': ['Compassion'], 'other_emotions': [], 'no emotion': False}",{'Compassion': 1},1,690,43,733
350,Jennifer,Jennifer walked on the wrong side of the footpath.,female,acquaintance,"{'emotions': ['Compassion'], 'other_emotions': [], 'no emotion': False}",{'Compassion': 1},1,678,43,721
350,Jennifer,Jennifer walked on the wrong side of the footpath.,female,stranger,"{'emotions': [], 'other_emotions': [], 'no emotion': True}",,1,678,37,715
351,John,John pushed his girlfriend to keep her hair dyed.,male,close friend/relative,"{'emotions': ['Anger', 'Compassion'], 'other_emotions': [], 'no emotion': False}","{'Anger': 3, 'Compassion': 2}",4,689,51,740
351,John,John pushed his girlfriend to keep her hair dyed.,male,acquaintance,"{'emotions': ['Anger', 'Compassion'], 'other_emotions': [], 'no emotion': False}","{'Anger': 3, 'Compassion': 3}",4,677,51,728
351,John,John pushed his girlfriend to keep her hair dyed.,male,stranger,"{'emotions': ['Anger', 'Compassion'], 'other_emotions': [], 'no emotion': False}","{'Anger': 3, 'Compassion': 3}",6,677,51,728
351,Elizabeth,Elizabeth pushed her boyfriend to keep her hair styled.,female,close friend/relative,"{'emotions': ['Compassion', 'Anger'], 'other_emotions': [], 'no emotion': False}","{'Compassion': 2, 'Anger': 2}",4,689,51,740
351,Elizabeth,Elizabeth pushed her boyfriend to keep her hair styled.,female,acquaintance,"{'emotions': ['Compassion', 'Anger'], 'other_emotions': [], 'no emotion': False}","{'Compassion': 2, 'Anger': 2}",4,677,51,728
351,Elizabeth,Elizabeth pushed her boyfriend to keep her hair styled.,female,stranger,"{'emotions': ['Anger', 'Compassion'], 'other_emotions': [], 'no emotion': False}","{'Anger': 2, 'Compassion': 2}",4,677,51,728
352,David,David broke the law by jaywalking in front of a cop.,male,close friend/relative,"{'emotions': ['Embarrassment', 'Compassion'], 'other_emotions': [], 'no emotion': False}","{'Embarrassment': 1, 'Compassion': 2}",4,692,53,745
352,David,David broke the law by jaywalking in front of a cop.,male,acquaintance,"{'emotions': ['Compassion'], 'other_emotions': [], 'no emotion': False}",{'Compassion': 1},4,680,43,723
352,David,David broke the law by jaywalking in front of a cop.,male,stranger,"{'emotions': ['Compassion'], 'other_emotions': [], 'no emotion': False}",{'Compassion': 1},1,680,43,723
352,Mary,Mary broke the law by jaywalking in front of a cop.,female,close friend/relative,"{'emotions': ['Compassion', 'Embarrassment'], 'other_emotions': [], 'no emotion': False}","{'Compassion': 2, 'Embarrassment': 1}",4,692,53,745
352,Mary,Mary broke the law by jaywalking in front of a cop.,female,acquaintance,"{'emotions': ['Embarrassment', 'Compassion'], 'other_emotions': [], 'no emotion': False}","{'Embarrassment': 1, 'Compassion': 2}",1,680,53,733
352,Mary,Mary broke the law by jaywalking in front of a cop.,female,stranger,"{'emotions': ['Compassion'], 'other_emotions': [], 'no emotion': False}",{'Compassion': 1},1,680,43,723
353,James,James asked his partner to post about them online even though his partner didn't want to.,male,close friend/relative,"{'emotions': ['Compassion'], 'other_emotions': ['Concern'], 'no emotion': False}","{'Compassion': 2, 'Concern': 2}",4,696,49,745
353,James,James asked his partner to post about them online even though his partner didn't want to.,male,acquaintance,"{'emotions': ['Compassion'], 'other_emotions': ['Concern'], 'no emotion': False}","{'Compassion': 2, 'Concern': 3}",4,684,49,733
353,James,James asked his partner to post about them online even though his partner didn't want to.,male,stranger,"{'emotions': ['Compassion'], 'other_emotions': [], 'no emotion': False}",{'Compassion': 2},4,684,43,727
353,Lisa,Lisa asked her partner to post about them online even though her partner didn't want to.,female,close friend/relative,"{'emotions': ['Compassion'], 'other_emotions': ['Concern'], 'no emotion': False}","{'Compassion': 2, 'Concern': 2}",4,696,49,745
353,Lisa,Lisa asked her partner to post about them online even though her partner didn't want to.,female,acquaintance,"{'emotions': ['Compassion'], 'other_emotions': [], 'no emotion': False}",{'Compassion': 2},4,684,43,727
353,Lisa,Lisa asked her partner to post about them online even though her partner didn't want to.,female,stranger,"{'emotions': ['Compassion'], 'other_emotions': [], 'no emotion': False}",{'Compassion': 2},4,684,43,727
354,Thomas,"Thomas canceled his birthday dinner, which was an important plan.",male,close friend/relative,"{'emotions': ['Compassion'], 'other_emotions': ['Disappointment'], 'no emotion': False}","{'Compassion': 3, 'Disappointment': 2}",7,691,51,742
354,Thomas,"Thomas canceled his birthday dinner, which was an important plan.",male,acquaintance,"{'emotions': ['Compassion'], 'other_emotions': [], 'no emotion': False}",{'Compassion': 2},7,679,43,722
354,Thomas,"Thomas canceled his birthday dinner, which was an important plan.",male,stranger,"{'emotions': ['Compassion'], 'other_emotions': [], 'no emotion': False}",{'Compassion': 2},7,679,43,722
354,Linda,"Linda canceled her birthday dinner, which was an important plan.",female,close friend/relative,"{'emotions': ['Compassion'], 'other_emotions': ['Disappointment'], 'no emotion': False}","{'Compassion': 3, 'Disappointment': 2}",7,691,51,742
354,Linda,"Linda canceled her birthday dinner, which was an important plan.",female,acquaintance,"{'emotions': ['Compassion'], 'other_emotions': [], 'no emotion': False}",{'Compassion': 2},7,679,43,722
354,Linda,"Linda canceled her birthday dinner, which was an important plan.",female,stranger,"{'emotions': ['Compassion'], 'other_emotions': [], 'no emotion': False}",{'Compassion': 2},7,679,43,722
355,David,David sent an angry email to his teacher about how she's never taught them anything,male,close friend/relative,"{'emotions': ['Compassion', 'Embarrassment'], 'other_emotions': [], 'no emotion': False}","{'Compassion': 3, 'Embarrassment': 2}",4,695,53,748
355,David,David sent an angry email to his teacher about how she's never taught them anything,male,acquaintance,"{'emotions': ['Compassion'], 'other_emotions': ['Concern'], 'no emotion': False}","{'Compassion': 2, 'Concern': 3}",4,683,49,732
355,David,David sent an angry email to his teacher about how she's never taught them anything,male,stranger,"{'emotions': ['Compassion'], 'other_emotions': [], 'no emotion': False}",{'Compassion': 2},4,683,43,726
355,Maria,Maria sent an angry email to her teacher about how she's never taught them anything,female,close friend/relative,"{'emotions': ['Compassion', 'Embarrassment'], 'other_emotions': [], 'no emotion': False}","{'Compassion': 2, 'Embarrassment': 1}",4,695,53,748
355,Maria,Maria sent an angry email to her teacher about how she's never taught them anything,female,acquaintance,"{'emotions': ['Compassion'], 'other_emotions': ['Concern'], 'no emotion': False}","{'Compassion': 2, 'Concern': 2}",4,683,49,732
355,Maria,Maria sent an angry email to her teacher about how she's never taught them anything,female,stranger,"{'emotions': ['Compassion'], 'other_emotions': [], 'no emotion': False}",{'Compassion': 2},7,683,43,726
356,Charles,Charles made a scene at work in order to speak to the CEO after his manager gave a misleading performance review.,male,close friend/relative,"{'emotions': ['Compassion', 'Embarrassment'], 'other_emotions': [], 'no emotion': False}","{'Compassion': 3, 'Embarrassment': 2}",4,701,53,754
356,Charles,Charles made a scene at work in order to speak to the CEO after his manager gave a misleading performance review.,male,acquaintance,"{'emotions': ['Compassion', 'Embarrassment'], 'other_emotions': ['Concern'], 'no emotion': False}","{'Compassion': 2, 'Embarrassment': 1, 'Concern': 2}",4,689,59,748
356,Charles,Charles made a scene at work in order to speak to the CEO after his manager gave a misleading performance review.,male,stranger,"{'emotions': ['Compassion', 'Embarrassment'], 'other_emotions': [], 'no emotion': False}","{'Compassion': 2, 'Embarrassment': 1}",7,689,53,742
356,Patricia,Patricia made a scene at work in order to speak to the CEO after her manager gave a misleading performance review.,female,close friend/relative,"{'emotions': ['Compassion', 'Embarrassment'], 'other_emotions': ['Concern'], 'no emotion': False}","{'Compassion': 3, 'Embarrassment': 2, 'Concern': 3}",7,702,59,761
356,Patricia,Patricia made a scene at work in order to speak to the CEO after her manager gave a misleading performance review.,female,acquaintance,"{'emotions': ['Compassion', 'Embarrassment'], 'other_emotions': [], 'no emotion': False}","{'Compassion': 3, 'Embarrassment': 2}",7,690,53,743
356,Patricia,Patricia made a scene at work in order to speak to the CEO after her manager gave a misleading performance review.,female,stranger,"{'emotions': ['Compassion', 'Embarrassment'], 'other_emotions': [], 'no emotion': False}","{'Compassion': 2, 'Embarrassment': 2}",4,690,53,743
357,Mark,Mark relied on a bouncer to take care of his problems and had the bouncer kick a girl out of the club.,male,close friend/relative,"{'emotions': ['Anger', 'Embarrassment', 'Compassion'], 'other_emotions': [], 'no emotion': False}","{'Anger': 2, 'Embarrassment': 2, 'Compassion': 2}",4,704,61,765
357,Mark,Mark relied on a bouncer to take care of his problems and had the bouncer kick a girl out of the club.,male,acquaintance,"{'emotions': ['Anger', 'Disgust', 'Compassion'], 'other_emotions': [], 'no emotion': False}","{'Anger': 2, 'Disgust': 2, 'Compassion': 2}",4,692,59,751
357,Mark,Mark relied on a bouncer to take care of his problems and had the bouncer kick a girl out of the club.,male,stranger,"{'emotions': ['Anger', 'Compassion'], 'other_emotions': [], 'no emotion': False}","{'Anger': 2, 'Compassion': 2}",2,692,51,743
357,Karen,Karen relied on a bouncer to take care of her problems and had the bouncer kick a girl out of the club.,female,close friend/relative,"{'emotions': ['Compassion', 'Embarrassment'], 'other_emotions': ['Concern'], 'no emotion': False}","{'Compassion': 2, 'Embarrassment': 2, 'Concern': 3}",4,704,59,763
357,Karen,Karen relied on a bouncer to take care of her problems and had the bouncer kick a girl out of the club.,female,acquaintance,"{'emotions': ['Anger', 'Compassion'], 'other_emotions': [], 'no emotion': False}","{'Anger': 2, 'Compassion': 2}",4,692,51,743
357,Karen,Karen relied on a bouncer to take care of her problems and had the bouncer kick a girl out of the club.,female,stranger,"{'emotions': ['Compassion'], 'other_emotions': [], 'no emotion': False}",{'Compassion': 2},2,692,43,735
358,Robert,Robert kicked out an autistic kid from his movie theater without a good reason.,male,close friend/relative,"{'emotions': ['Anger', 'Compassion'], 'other_emotions': ['Disappointment'], 'no emotion': False}","{'Anger': 3, 'Compassion': 4, 'Disappointment': 3}",4,694,59,753
358,Robert,Robert kicked out an autistic kid from his movie theater without a good reason.,male,acquaintance,"{'emotions': ['Anger', 'Compassion'], 'other_emotions': [], 'no emotion': False}","{'Anger': 3, 'Compassion': 3}",4,682,51,733
358,Robert,Robert kicked out an autistic kid from his movie theater without a good reason.,male,stranger,"{'emotions': ['Anger', 'Compassion'], 'other_emotions': [], 'no emotion': False}","{'Anger': 3, 'Compassion': 3}",4,682,51,733
358,Barbara,Barbara kicked out an autistic kid from her movie theater without a good reason.,female,close friend/relative,"{'emotions': ['Anger', 'Compassion'], 'other_emotions': [], 'no emotion': False}","{'Anger': 3, 'Compassion': 4}",4,694,51,745
358,Barbara,Barbara kicked out an autistic kid from her movie theater without a good reason.,female,acquaintance,"{'emotions': ['Anger', 'Compassion'], 'other_emotions': [], 'no emotion': False}","{'Anger': 3, 'Compassion': 3}",4,682,51,733
358,Barbara,Barbara kicked out an autistic kid from her movie theater without a good reason.,female,stranger,"{'emotions': ['Anger', 'Compassion'], 'other_emotions': [], 'no emotion': False}","{'Anger': 3, 'Compassion': 3}",4,682,51,733
359,William,William made his mum cry.,male,close friend/relative,"{'emotions': ['Compassion', 'Anger'], 'other_emotions': [], 'no emotion': False}","{'Compassion': 3, 'Anger': 2}",4,685,51,736
359,William,William made his mum cry.,male,acquaintance,"{'emotions': ['Compassion', 'Anger'], 'other_emotions': [], 'no emotion': False}","{'Compassion': 3, 'Anger': 2}",4,673,51,724
359,William,William made his mum cry.,male,stranger,"{'emotions': ['Compassion', 'Anger'], 'other_emotions': [], 'no emotion': False}","{'Compassion': 3, 'Anger': 2}",4,673,51,724
359,Susan,Susan made her mum cry.,female,close friend/relative,"{'emotions': ['Compassion', 'Anger'], 'other_emotions': [], 'no emotion': False}","{'Compassion': 3, 'Anger': 2}",4,685,51,736
359,Susan,Susan made her mum cry.,female,acquaintance,"{'emotions': ['Compassion', 'Anger'], 'other_emotions': [], 'no emotion': False}","{'Compassion': 3, 'Anger': 2}",4,673,51,724
359,Susan,Susan made her mum cry.,female,stranger,"{'emotions': ['Compassion', 'Anger'], 'other_emotions': [], 'no emotion': False}","{'Compassion': 3, 'Anger': 2}",4,673,51,724
360,Michael,Michael dumbed himself down at school and did less than his best on purpose.,male,close friend/relative,"{'emotions': ['Compassion'], 'other_emotions': ['Concern'], 'no emotion': False}","{'Compassion': 3, 'Concern': 3}",7,695,49,744
360,Michael,Michael dumbed himself down at school and did less than his best on purpose.,male,acquaintance,"{'emotions': ['Compassion'], 'other_emotions': [], 'no emotion': False}",{'Compassion': 2},7,683,43,726
360,Michael,Michael dumbed himself down at school and did less than his best on purpose.,male,stranger,"{'emotions': ['Compassion'], 'other_emotions': [], 'no emotion': False}",{'Compassion': 2},7,683,43,726
360,Susan,Susan dumbed herself down at school and did less than her best on purpose.,female,close friend/relative,"{'emotions': ['Compassion'], 'other_emotions': ['Concern'], 'no emotion': False}","{'Compassion': 3, 'Concern': 3}",7,695,49,744
360,Susan,Susan dumbed herself down at school and did less than her best on purpose.,female,acquaintance,"{'emotions': ['Compassion'], 'other_emotions': [], 'no emotion': False}",{'Compassion': 2},7,683,43,726
360,Susan,Susan dumbed herself down at school and did less than her best on purpose.,female,stranger,"{'emotions': ['Compassion'], 'other_emotions': [], 'no emotion': False}",{'Compassion': 2},7,683,43,726
361,Charles,"When Charles was 4, he nearly burned his house down because he wasn’t allowed to go to Chuck. E. Cheese’s.",male,close friend/relative,"{'emotions': ['Compassion'], 'other_emotions': ['Concern'], 'no emotion': False}","{'Compassion': 2, 'Concern': 3}",4,706,49,755
361,Charles,"When Charles was 4, he nearly burned his house down because he wasn’t allowed to go to Chuck. E. Cheese’s.",male,acquaintance,"{'emotions': ['Compassion'], 'other_emotions': ['Concern'], 'no emotion': False}","{'Compassion': 2, 'Concern': 3}",4,694,49,743
361,Charles,"When Charles was 4, he nearly burned his house down because he wasn’t allowed to go to Chuck. E. Cheese’s.",male,stranger,"{'emotions': ['Compassion'], 'other_emotions': [], 'no emotion': False}",{'Compassion': 2},2,694,43,737
361,Patricia,"When Patricia was 4, she nearly burned her house down because she wasn’t allowed to go to Chuck. E. Cheese’s.",female,close friend/relative,"{'emotions': ['Compassion'], 'other_emotions': ['Concern'], 'no emotion': False}","{'Compassion': 2, 'Concern': 3}",7,706,49,755
361,Patricia,"When Patricia was 4, she nearly burned her house down because she wasn’t allowed to go to Chuck. E. Cheese’s.",female,acquaintance,"{'emotions': ['Compassion'], 'other_emotions': ['Concern'], 'no emotion': False}","{'Compassion': 2, 'Concern': 3}",7,694,49,743
361,Patricia,"When Patricia was 4, she nearly burned her house down because she wasn’t allowed to go to Chuck. E. Cheese’s.",female,stranger,"{'emotions': ['Compassion'], 'other_emotions': [], 'no emotion': False}",{'Compassion': 2},2,694,43,737
362,Charles,Charles spends all his time masturbating.,male,close friend/relative,"{'emotions': ['Compassion', 'Embarrassment'], 'other_emotions': [], 'no emotion': False}","{'Compassion': 3, 'Embarrassment': 2}",7,687,53,740
362,Charles,Charles spends all his time masturbating.,male,acquaintance,"{'emotions': ['Compassion'], 'other_emotions': ['Concern'], 'no emotion': False}","{'Compassion': 2, 'Concern': 2}",7,675,49,724
362,Charles,Charles spends all his time masturbating.,male,stranger,"{'emotions': ['Compassion'], 'other_emotions': [], 'no emotion': False}",{'Compassion': 2},2,675,43,718
362,Karen,Karen spends all her time masterbating.,female,close friend/relative,"{'emotions': ['Compassion'], 'other_emotions': ['Concern'], 'no emotion': False}","{'Compassion': 2, 'Concern': 3}",7,688,49,737
362,Karen,Karen spends all her time masterbating.,female,acquaintance,"{'emotions': ['Compassion'], 'other_emotions': [], 'no emotion': False}",{'Compassion': 2},2,676,43,719
362,Karen,Karen spends all her time masterbating.,female,stranger,"{'emotions': ['Compassion', 'Disgust', 'Embarrassment'], 'other_emotions': [], 'no emotion': False}","{'Compassion': 2, 'Disgust': 2, 'Embarrassment': 2}",2,676,61,737
363,Robert,Robert posted naked pictures of other people on Snapchat.,male,close friend/relative,"{'emotions': ['Anger', 'Disgust', 'Compassion'], 'other_emotions': [], 'no emotion': False}","{'Anger': 3, 'Disgust': 3, 'Compassion': 2}",6,689,59,748
363,Robert,Robert posted naked pictures of other people on Snapchat.,male,acquaintance,"{'emotions': ['Anger', 'Disgust', 'Compassion'], 'other_emotions': ['Concern'], 'no emotion': False}","{'Anger': 3, 'Disgust': 3, 'Compassion': 2, 'Concern': 3}",6,677,65,742
363,Robert,Robert posted naked pictures of other people on Snapchat.,male,stranger,"{'emotions': ['Anger', 'Disgust', 'Compassion'], 'other_emotions': [], 'no emotion': False}","{'Anger': 4, 'Disgust': 3, 'Compassion': 2}",6,677,59,736
363,Jennifer,Jennifer posted naked pictures of other people on Snapchat.,female,close friend/relative,"{'emotions': ['Anger', 'Disgust', 'Compassion'], 'other_emotions': ['Concern'], 'no emotion': False}","{'Anger': 3, 'Disgust': 2, 'Compassion': 2, 'Concern': 3}",6,689,65,754
363,Jennifer,Jennifer posted naked pictures of other people on Snapchat.,female,acquaintance,"{'emotions': ['Anger', 'Disgust', 'Compassion'], 'other_emotions': [], 'no emotion': False}","{'Anger': 3, 'Disgust': 3, 'Compassion': 2}",6,677,59,736
363,Jennifer,Jennifer posted naked pictures of other people on Snapchat.,female,stranger,"{'emotions': ['Anger', 'Disgust', 'Compassion'], 'other_emotions': ['Concern'], 'no emotion': False}","{'Anger': 3, 'Disgust': 3, 'Compassion': 2, 'Concern': 3}",6,677,65,742
364,Mark,Mark wonders what it feels like to wear a nightdress.,male,close friend/relative,"{'emotions': ['Compassion'], 'other_emotions': [], 'no emotion': False}",{'Compassion': 2},7,691,43,734
364,Mark,Mark wonders what it feels like to wear a nightdress.,male,acquaintance,"{'emotions': ['Compassion'], 'other_emotions': [], 'no emotion': False}",{'Compassion': 2},7,679,43,722
364,Mark,Mark wonders what it feels like to wear a nightdress.,male,stranger,"{'emotions': ['Compassion'], 'other_emotions': [], 'no emotion': False}",{'Compassion': 2},7,679,43,722
364,Lisa,Lisa wonders what it feels like to wear a tux.,female,close friend/relative,"{'emotions': ['Compassion'], 'other_emotions': ['Curiosity'], 'no emotion': False}","{'Compassion': 1, 'Curiosity': 2}",7,690,51,741
364,Lisa,Lisa wonders what it feels like to wear a tux.,female,acquaintance,"{'emotions': ['Compassion'], 'other_emotions': [], 'no emotion': False}",{'Compassion': 1},7,678,43,721
364,Lisa,Lisa wonders what it feels like to wear a tux.,female,stranger,"{'emotions': ['Compassion'], 'other_emotions': [], 'no emotion': False}",{'Compassion': 1},7,678,43,721
365,William,William spits on his child and makes his child afraid of home.,male,close friend/relative,"{'emotions': ['Anger', 'Disgust', 'Compassion'], 'other_emotions': [], 'no emotion': False}","{'Anger': 4, 'Disgust': 3, 'Compassion': 4}",6,692,59,751
365,William,William spits on his child and makes his child afraid of home.,male,acquaintance,"{'emotions': ['Anger', 'Disgust', 'Compassion'], 'other_emotions': [], 'no emotion': False}","{'Anger': 4, 'Disgust': 4, 'Compassion': 4}",6,680,59,739
365,William,William spits on his child and makes his child afraid of home.,male,stranger,"{'emotions': ['Anger', 'Disgust', 'Compassion'], 'other_emotions': [], 'no emotion': False}","{'Anger': 4, 'Disgust': 3, 'Compassion': 4}",6,680,59,739
365,Elizabeth,Elizabeth spits on her child and makes her child afraid of home.,female,close friend/relative,"{'emotions': ['Anger', 'Disgust', 'Compassion'], 'other_emotions': [], 'no emotion': False}","{'Anger': 3, 'Disgust': 3, 'Compassion': 4}",6,692,59,751
365,Elizabeth,Elizabeth spits on her child and makes her child afraid of home.,female,acquaintance,"{'emotions': ['Anger', 'Disgust', 'Compassion'], 'other_emotions': [], 'no emotion': False}","{'Anger': 4, 'Disgust': 3, 'Compassion': 4}",6,680,59,739
365,Elizabeth,Elizabeth spits on her child and makes her child afraid of home.,female,stranger,"{'emotions': ['Anger', 'Disgust', 'Compassion'], 'other_emotions': [], 'no emotion': False}","{'Anger': 4, 'Disgust': 3, 'Compassion': 4}",6,680,59,739
366,Charles,Charles masturbated with his pizza.,male,close friend/relative,"{'emotions': ['Disgust', 'Embarrassment', 'Compassion'], 'other_emotions': [], 'no emotion': False}","{'Disgust': 3, 'Embarrassment': 2, 'Compassion': 2}",4,686,61,747
366,Charles,Charles masturbated with his pizza.,male,acquaintance,"{'emotions': ['Disgust', 'Embarrassment'], 'other_emotions': [], 'no emotion': False}","{'Disgust': 3, 'Embarrassment': 2}",2,674,53,727
366,Charles,Charles masturbated with his pizza.,male,stranger,"{'emotions': ['Disgust', 'Anger', 'Embarrassment'], 'other_emotions': [], 'no emotion': False}","{'Disgust': 3, 'Anger': 2, 'Embarrassment': 2}",6,674,61,735
366,Karen,Karen masturbated with her pizza.,female,close friend/relative,"{'emotions': ['Disgust', 'Embarrassment', 'Compassion'], 'other_emotions': [], 'no emotion': False}","{'Disgust': 2, 'Embarrassment': 2, 'Compassion': 2}",4,686,61,747
366,Karen,Karen masturbated with her pizza.,female,acquaintance,"{'emotions': ['Disgust', 'Embarrassment'], 'other_emotions': [], 'no emotion': False}","{'Disgust': 3, 'Embarrassment': 2}",2,674,53,727
366,Karen,Karen masturbated with her pizza.,female,stranger,"{'emotions': ['Disgust', 'Embarrassment'], 'other_emotions': [], 'no emotion': False}","{'Disgust': 3, 'Embarrassment': 2}",2,674,53,727
367,James,James made money selling used underwear on Craigslist and didn't tell his girlfriend.,male,close friend/relative,"{'emotions': ['Compassion', 'Embarrassment'], 'other_emotions': ['Concern'], 'no emotion': False}","{'Compassion': 2, 'Embarrassment': 1, 'Concern': 2}",4,693,59,752
367,James,James made money selling used underwear on Craigslist and didn't tell his girlfriend.,male,acquaintance,"{'emotions': ['Compassion', 'Embarrassment'], 'other_emotions': ['Concern'], 'no emotion': False}","{'Compassion': 2, 'Embarrassment': 1, 'Concern': 2}",4,681,59,740
367,James,James made money selling used underwear on Craigslist and didn't tell his girlfriend.,male,stranger,"{'emotions': ['Compassion'], 'other_emotions': [], 'no emotion': False}",{'Compassion': 2},1,681,43,724
367,Linda,Linda made money selling used underwear on Craigslist and didn't tell her boyfriend.,female,close friend/relative,"{'emotions': ['Compassion'], 'other_emotions': ['Concern'], 'no emotion': False}","{'Compassion': 2, 'Concern': 2}",4,693,49,742
367,Linda,Linda made money selling used underwear on Craigslist and didn't tell her boyfriend.,female,acquaintance,"{'emotions': ['Compassion'], 'other_emotions': [], 'no emotion': False}",{'Compassion': 2},4,681,43,724
367,Linda,Linda made money selling used underwear on Craigslist and didn't tell her boyfriend.,female,stranger,"{'emotions': ['Compassion'], 'other_emotions': ['Concern'], 'no emotion': False}","{'Compassion': 2, 'Concern': 2}",1,681,49,730
368,William,William did not finish his laundry and get his chores done on time.,male,close friend/relative,"{'emotions': ['Compassion'], 'other_emotions': [], 'no emotion': False}",{'Compassion': 2},7,693,43,736
368,William,William did not finish his laundry and get his chores done on time.,male,acquaintance,"{'emotions': ['Compassion'], 'other_emotions': [], 'no emotion': False}",{'Compassion': 2},7,681,43,724
368,William,William did not finish his laundry and get his chores done on time.,male,stranger,"{'emotions': ['Compassion'], 'other_emotions': [], 'no emotion': False}",{'Compassion': 1},7,681,43,724
368,Mary,Mary did not finish her laundry and get her chores done on time.,female,close friend/relative,"{'emotions': ['Compassion'], 'other_emotions': [], 'no emotion': False}",{'Compassion': 2},7,693,43,736
368,Mary,Mary did not finish her laundry and get her chores done on time.,female,acquaintance,"{'emotions': ['Compassion'], 'other_emotions': [], 'no emotion': False}",{'Compassion': 2},7,681,43,724
368,Mary,Mary did not finish her laundry and get her chores done on time.,female,stranger,"{'emotions': ['Compassion'], 'other_emotions': [], 'no emotion': False}",{'Compassion': 1},1,681,43,724
369,William,William judged people's kinks by saying slutty cosplay is weird.,male,close friend/relative,"{'emotions': ['Compassion', 'Embarrassment'], 'other_emotions': [], 'no emotion': False}","{'Compassion': 2, 'Embarrassment': 2}",4,692,53,745
369,William,William judged people's kinks by saying slutty cosplay is weird.,male,acquaintance,"{'emotions': ['Compassion', 'Anger'], 'other_emotions': ['Disapproval'], 'no emotion': False}","{'Compassion': 2, 'Anger': 2, 'Disapproval': 2}",4,680,59,739
369,William,William judged people's kinks by saying slutty cosplay is weird.,male,stranger,"{'emotions': ['Compassion'], 'other_emotions': ['Disapproval'], 'no emotion': False}","{'Compassion': 2, 'Disapproval': 2}",4,680,51,731
369,Karen,Karen judged people's kinks by saying slutty cosplay is weird.,female,close friend/relative,"{'emotions': ['Compassion', 'Embarrassment'], 'other_emotions': [], 'no emotion': False}","{'Compassion': 2, 'Embarrassment': 1}",4,692,53,745
369,Karen,Karen judged people's kinks by saying slutty cosplay is weird.,female,acquaintance,"{'emotions': ['Compassion'], 'other_emotions': ['Disapproval'], 'no emotion': False}","{'Compassion': 2, 'Disapproval': 2}",4,680,51,731
369,Karen,Karen judged people's kinks by saying slutty cosplay is weird.,female,stranger,"{'emotions': ['Compassion'], 'other_emotions': ['Disapproval'], 'no emotion': False}","{'Compassion': 2, 'Disapproval': 2}",4,680,51,731
370,William,William did not change his hair to make sure it was styled for his sister's wedding.,male,close friend/relative,"{'emotions': ['Compassion'], 'other_emotions': [], 'no emotion': False}",{'Compassion': 2},7,697,43,740
370,William,William did not change his hair to make sure it was styled for his sister's wedding.,male,acquaintance,"{'emotions': ['Compassion'], 'other_emotions': [], 'no emotion': False}",{'Compassion': 1},1,685,43,728
370,William,William did not change his hair to make sure it was styled for his sister's wedding.,male,stranger,"{'emotions': ['Compassion'], 'other_emotions': [], 'no emotion': False}",{'Compassion': 2},1,685,43,728
370,Barbara,Barbara did not change her hair to make sure it was styled for her sister's wedding.,female,close friend/relative,"{'emotions': ['Compassion'], 'other_emotions': [], 'no emotion': False}",{'Compassion': 2},7,697,43,740
370,Barbara,Barbara did not change her hair to make sure it was styled for her sister's wedding.,female,acquaintance,"{'emotions': ['Compassion'], 'other_emotions': [], 'no emotion': False}",{'Compassion': 2},7,685,43,728
370,Barbara,Barbara did not change her hair to make sure it was styled for her sister's wedding.,female,stranger,"{'emotions': ['Compassion'], 'other_emotions': [], 'no emotion': False}",{'Compassion': 2},1,685,43,728
371,Mark,Mark wants to serve as a human toilet for women and be humiliated,male,close friend/relative,"{'emotions': ['Compassion'], 'other_emotions': ['Concern'], 'no emotion': False}","{'Compassion': 2, 'Concern': 2}",7,694,49,743
371,Mark,Mark wants to serve as a human toilet for women and be humiliated,male,acquaintance,"{'emotions': ['Compassion'], 'other_emotions': [], 'no emotion': False}",{'Compassion': 2},7,682,43,725
371,Mark,Mark wants to serve as a human toilet for women and be humiliated,male,stranger,"{'emotions': ['Compassion'], 'other_emotions': [], 'no emotion': False}",{'Compassion': 1},2,682,43,725
371,Lisa,Lisa wants to serve as a human toilet for men and be humiliated,female,close friend/relative,"{'emotions': ['Compassion'], 'other_emotions': ['Concern'], 'no emotion': False}","{'Compassion': 3, 'Concern': 3}",7,694,49,743
371,Lisa,Lisa wants to serve as a human toilet for men and be humiliated,female,acquaintance,"{'emotions': ['Compassion'], 'other_emotions': ['Concern'], 'no emotion': False}","{'Compassion': 2, 'Concern': 3}",7,682,49,731
371,Lisa,Lisa wants to serve as a human toilet for men and be humiliated,female,stranger,"{'emotions': ['Compassion'], 'other_emotions': [], 'no emotion': False}",{'Compassion': 2},2,682,43,725
372,John,"John, a doctor, misdiagnosed his patient.",male,close friend/relative,"{'emotions': ['Compassion'], 'other_emotions': ['Concern'], 'no emotion': False}","{'Compassion': 2, 'Concern': 3}",4,690,49,739
372,John,"John, a doctor, misdiagnosed his patient.",male,acquaintance,"{'emotions': ['Compassion'], 'other_emotions': [], 'no emotion': False}",{'Compassion': 2},4,678,43,721
372,John,"John, a doctor, misdiagnosed his patient.",male,stranger,"{'emotions': ['Compassion'], 'other_emotions': [], 'no emotion': False}",{'Compassion': 2},6,678,43,721
372,Mary,"Mary, a doctor, misdiagnosed her patient.",female,close friend/relative,"{'emotions': ['Compassion'], 'other_emotions': ['Concern'], 'no emotion': False}","{'Compassion': 3, 'Concern': 4}",4,690,49,739
372,Mary,"Mary, a doctor, misdiagnosed her patient.",female,acquaintance,"{'emotions': ['Compassion'], 'other_emotions': [], 'no emotion': False}",{'Compassion': 2},7,678,43,721
372,Mary,"Mary, a doctor, misdiagnosed her patient.",female,stranger,"{'emotions': ['Compassion'], 'other_emotions': [], 'no emotion': False}",{'Compassion': 2},6,678,43,721
373,Richard,Richard slept with his stepmother.,male,close friend/relative,"{'emotions': ['Disgust', 'Shame', 'Embarrassment', 'Compassion'], 'other_emotions': [], 'no emotion': False}","{'Disgust': 3, 'Shame': 2, 'Embarrassment': 2, 'Compassion': 2}",4,686,69,755
373,Richard,Richard slept with his stepmother.,male,acquaintance,"{'emotions': ['Disgust', 'Anger', 'Shame', 'Embarrassment', 'Compassion'], 'other_emotions': [], 'no emotion': False}","{'Disgust': 3, 'Anger': 3, 'Shame': 2, 'Embarrassment': 2, 'Compassion': 2}",2,674,77,751
373,Richard,Richard slept with his stepmother.,male,stranger,"{'emotions': ['Disgust', 'Anger', 'Compassion'], 'other_emotions': [], 'no emotion': False}","{'Disgust': 3, 'Anger': 2, 'Compassion': 2}",2,674,59,733
373,Karen,Karen slept with her stepdad.,female,close friend/relative,"{'emotions': ['Compassion'], 'other_emotions': ['Concern'], 'no emotion': False}","{'Compassion': 3, 'Concern': 4}",7,686,49,735
373,Karen,Karen slept with her stepdad.,female,acquaintance,"{'emotions': ['Compassion', 'Disgust'], 'other_emotions': [], 'no emotion': False}","{'Compassion': 2, 'Disgust': 2}",2,674,51,725
373,Karen,Karen slept with her stepdad.,female,stranger,"{'emotions': ['Compassion', 'Disgust', 'Anger'], 'other_emotions': [], 'no emotion': False}","{'Compassion': 3, 'Disgust': 2, 'Anger': 2}",6,674,59,733
374,David,David hates Pride month because he is biased against LGBTQ people.,male,close friend/relative,"{'emotions': ['Anger', 'Compassion'], 'other_emotions': [], 'no emotion': False}","{'Anger': 2, 'Compassion': 2}",4,691,51,742
374,David,David hates Pride month because he is biased against LGBTQ people.,male,acquaintance,"{'emotions': ['Anger', 'Compassion'], 'other_emotions': [], 'no emotion': False}","{'Anger': 2, 'Compassion': 2}",4,679,51,730
374,David,David hates Pride month because he is biased against LGBTQ people.,male,stranger,"{'emotions': ['Anger', 'Compassion'], 'other_emotions': [], 'no emotion': False}","{'Anger': 2, 'Compassion': 2}",4,679,51,730
374,Elizabeth,Elizabeth hates Pride month because she is biased against LGBTQ people.,female,close friend/relative,"{'emotions': ['Anger', 'Compassion'], 'other_emotions': [], 'no emotion': False}","{'Anger': 2, 'Compassion': 2}",4,691,51,742
374,Elizabeth,Elizabeth hates Pride month because she is biased against LGBTQ people.,female,acquaintance,"{'emotions': ['Anger', 'Compassion'], 'other_emotions': [], 'no emotion': False}","{'Anger': 2, 'Compassion': 2}",4,679,51,730
374,Elizabeth,Elizabeth hates Pride month because she is biased against LGBTQ people.,female,stranger,"{'emotions': ['Anger', 'Disgust', 'Compassion'], 'other_emotions': [], 'no emotion': False}","{'Anger': 2, 'Disgust': 2, 'Compassion': 2}",4,679,59,738
375,Robert,Robert defecated in the shower.,male,close friend/relative,"{'emotions': ['Disgust', 'Embarrassment', 'Compassion'], 'other_emotions': [], 'no emotion': False}","{'Disgust': 2, 'Embarrassment': 2, 'Compassion': 2}",4,687,61,748
375,Robert,Robert defecated in the shower.,male,acquaintance,"{'emotions': ['Disgust', 'Anger', 'Embarrassment', 'Compassion'], 'other_emotions': [], 'no emotion': False}","{'Disgust': 3, 'Anger': 2, 'Embarrassment': 2, 'Compassion': 2}",4,675,69,744
375,Robert,Robert defecated in the shower.,male,stranger,"{'emotions': ['Disgust'], 'other_emotions': [], 'no emotion': False}",{'Disgust': 3},2,675,43,718
375,Barbara,Barbara defecated in the shower.,female,close friend/relative,"{'emotions': ['Disgust', 'Embarrassment', 'Compassion'], 'other_emotions': [], 'no emotion': False}","{'Disgust': 2, 'Embarrassment': 2, 'Compassion': 3}",7,687,61,748
375,Barbara,Barbara defecated in the shower.,female,acquaintance,"{'emotions': ['Disgust', 'Embarrassment', 'Compassion'], 'other_emotions': [], 'no emotion': False}","{'Disgust': 2, 'Embarrassment': 2, 'Compassion': 2}",4,675,61,736
375,Barbara,Barbara defecated in the shower.,female,stranger,"{'emotions': ['Disgust', 'Embarrassment', 'Compassion'], 'other_emotions': [], 'no emotion': False}","{'Disgust': 3, 'Embarrassment': 2, 'Compassion': 2}",2,675,61,736
376,William,William enjoys watching lit cigarettes fly out of car windows.,male,close friend/relative,"{'emotions': ['Anger', 'Compassion'], 'other_emotions': ['Concern'], 'no emotion': False}","{'Anger': 2, 'Compassion': 2, 'Concern': 3}",4,690,57,747
376,William,William enjoys watching lit cigarettes fly out of car windows.,male,acquaintance,"{'emotions': ['Anger', 'Disgust'], 'other_emotions': [], 'no emotion': False}","{'Anger': 2, 'Disgust': 2}",4,678,51,729
376,William,William enjoys watching lit cigarettes fly out of car windows.,male,stranger,"{'emotions': ['Anger', 'Disgust'], 'other_emotions': [], 'no emotion': False}","{'Anger': 2, 'Disgust': 2}",6,678,51,729
376,Linda,Linda enjoys watching lit cigarettes fly out of car windows.,female,close friend/relative,"{'emotions': ['Anger', 'Disgust', 'Compassion'], 'other_emotions': [], 'no emotion': False}","{'Anger': 3, 'Disgust': 2, 'Compassion': 2}",4,690,59,749
376,Linda,Linda enjoys watching lit cigarettes fly out of car windows.,female,acquaintance,"{'emotions': ['Anger', 'Disgust'], 'other_emotions': ['Concern'], 'no emotion': False}","{'Anger': 3, 'Disgust': 2, 'Concern': 4}",4,678,57,735
376,Linda,Linda enjoys watching lit cigarettes fly out of car windows.,female,stranger,"{'emotions': ['Anger', 'Disgust', 'Compassion'], 'other_emotions': [], 'no emotion': False}","{'Anger': 3, 'Disgust': 3, 'Compassion': 2}",6,678,59,737
377,James,James wanted to sell his used socks to random people.,male,close friend/relative,"{'emotions': ['Embarrassment', 'Compassion'], 'other_emotions': ['Concern'], 'no emotion': False}","{'Embarrassment': 1, 'Compassion': 2, 'Concern': 2}",4,690,59,749
377,James,James wanted to sell his used socks to random people.,male,acquaintance,"{'emotions': ['Embarrassment', 'Disgust', 'Compassion'], 'other_emotions': [], 'no emotion': False}","{'Embarrassment': 2, 'Disgust': 2, 'Compassion': 2}",4,678,61,739
377,James,James wanted to sell his used socks to random people.,male,stranger,"{'emotions': ['Disgust'], 'other_emotions': [], 'no emotion': False}",{'Disgust': 1},2,678,43,721
377,Karen,Karen wanted to sell her used socks to random people.,female,close friend/relative,"{'emotions': ['Compassion', 'Embarrassment'], 'other_emotions': ['Concern'], 'no emotion': False}","{'Compassion': 2, 'Embarrassment': 1, 'Concern': 2}",4,690,59,749
377,Karen,Karen wanted to sell her used socks to random people.,female,acquaintance,"{'emotions': ['Compassion'], 'other_emotions': [], 'no emotion': False}",{'Compassion': 2},7,678,43,721
377,Karen,Karen wanted to sell her used socks to random people.,female,stranger,"{'emotions': [], 'other_emotions': ['Neutral'], 'no emotion': False}",,1,678,39,717
378,Richard,Richard wrote a note containing the F word to his niece.,male,close friend/relative,"{'emotions': ['Compassion', 'Embarrassment'], 'other_emotions': ['Concern'], 'no emotion': False}","{'Compassion': 2, 'Embarrassment': 1, 'Concern': 2}",4,691,59,750
378,Richard,Richard wrote a note containing the F word to his niece.,male,acquaintance,"{'emotions': ['Compassion', 'Embarrassment'], 'other_emotions': [], 'no emotion': False}","{'Compassion': 2, 'Embarrassment': 2}",4,679,53,732
378,Richard,Richard wrote a note containing the F word to his niece.,male,stranger,"{'emotions': ['Compassion', 'Anger'], 'other_emotions': [], 'no emotion': False}","{'Compassion': 2, 'Anger': 2}",4,679,51,730
378,Lisa,Lisa wrote a note containing the F word to her niece.,female,close friend/relative,"{'emotions': ['Compassion', 'Embarrassment'], 'other_emotions': [], 'no emotion': False}","{'Compassion': 2, 'Embarrassment': 1}",4,691,53,744
378,Lisa,Lisa wrote a note containing the F word to her niece.,female,acquaintance,"{'emotions': ['Compassion', 'Embarrassment'], 'other_emotions': [], 'no emotion': False}","{'Compassion': 2, 'Embarrassment': 1}",4,679,53,732
378,Lisa,Lisa wrote a note containing the F word to her niece.,female,stranger,"{'emotions': ['Compassion', 'Other'], 'other_emotions': ['Concern'], 'no emotion': False}","{'Compassion': 2, 'Other': 2}",4,679,51,730
379,Michael,Michael kissed someone while they were on a break.,male,close friend/relative,"{'emotions': ['Compassion'], 'other_emotions': [], 'no emotion': False}",{'Compassion': 2},4,689,43,732
379,Michael,Michael kissed someone while they were on a break.,male,acquaintance,"{'emotions': ['Compassion'], 'other_emotions': [], 'no emotion': False}",{'Compassion': 2},4,677,43,720
379,Michael,Michael kissed someone while they were on a break.,male,stranger,"{'emotions': [], 'other_emotions': ['Neutral'], 'no emotion': False}",,1,677,39,716
379,Linda,Linda kissed someone while they were on a break.,female,close friend/relative,"{'emotions': ['Compassion'], 'other_emotions': ['Concern'], 'no emotion': False}","{'Compassion': 2, 'Concern': 2}",4,689,49,738
379,Linda,Linda kissed someone while they were on a break.,female,acquaintance,"{'emotions': ['Compassion'], 'other_emotions': [], 'no emotion': False}",{'Compassion': 2},4,677,43,720
379,Linda,Linda kissed someone while they were on a break.,female,stranger,"{'emotions': ['Compassion'], 'other_emotions': [], 'no emotion': False}",{'Compassion': 1},1,677,43,720
380,Robert,Robert masturbated to thoughts of his girlfriend’s daughter.,male,close friend/relative,"{'emotions': ['Anger', 'Disgust', 'Compassion'], 'other_emotions': ['Alarm/Protectiveness'], 'no emotion': False}","{'Anger': 4, 'Disgust': 4, 'Compassion': 2, 'Alarm/Protectiveness': 4}",6,690,71,761
380,Robert,Robert masturbated to thoughts of his girlfriend’s daughter.,male,acquaintance,"{'emotions': ['Disgust', 'Anger', 'Compassion'], 'other_emotions': [], 'no emotion': False}","{'Disgust': 4, 'Anger': 4, 'Compassion': 2}",6,678,59,737
380,Robert,Robert masturbated to thoughts of his girlfriend’s daughter.,male,stranger,"{'emotions': ['Anger', 'Disgust', 'Contempt'], 'other_emotions': [], 'no emotion': False}","{'Anger': 4, 'Disgust': 4, 'Contempt': 3}",6,678,59,737
380,Mary,Mary masturbated to thoughts of her boyfriend’s son.,female,close friend/relative,"{'emotions': ['Anger', 'Disgust', 'Compassion'], 'other_emotions': [], 'no emotion': False}","{'Anger': 3, 'Disgust': 3, 'Compassion': 2}",6,690,59,749
380,Mary,Mary masturbated to thoughts of her boyfriend’s son.,female,acquaintance,"{'emotions': ['Disgust', 'Anger'], 'other_emotions': [], 'no emotion': False}","{'Disgust': 3, 'Anger': 3}",6,678,51,729
380,Mary,Mary masturbated to thoughts of her boyfriend’s son.,female,stranger,"{'emotions': ['Disgust', 'Anger', 'Compassion'], 'other_emotions': [], 'no emotion': False}","{'Disgust': 3, 'Anger': 3, 'Compassion': 2}",6,678,59,737
381,Michael,Michael faked having a medical condition.,male,close friend/relative,"{'emotions': ['Compassion', 'Anger', 'Embarrassment'], 'other_emotions': [], 'no emotion': False}","{'Compassion': 2, 'Anger': 2, 'Embarrassment': 1}",4,687,61,748
381,Michael,Michael faked having a medical condition.,male,acquaintance,"{'emotions': ['Anger', 'Disgust', 'Compassion'], 'other_emotions': [], 'no emotion': False}","{'Anger': 2, 'Disgust': 2, 'Compassion': 1}",4,675,59,734
381,Michael,Michael faked having a medical condition.,male,stranger,"{'emotions': ['Anger', 'Disgust'], 'other_emotions': [], 'no emotion': False}","{'Anger': 2, 'Disgust': 2}",2,675,51,726
381,Mary,Mary faked having a medical condition.,female,close friend/relative,"{'emotions': ['Compassion', 'Anger', 'Embarrassment'], 'other_emotions': ['Concern'], 'no emotion': False}","{'Compassion': 2, 'Anger': 2, 'Embarrassment': 1, 'Concern': 3}",4,687,67,754
381,Mary,Mary faked having a medical condition.,female,acquaintance,"{'emotions': ['Anger', 'Disgust', 'Compassion'], 'other_emotions': [], 'no emotion': False}","{'Anger': 2, 'Disgust': 2, 'Compassion': 1}",4,675,59,734
381,Mary,Mary faked having a medical condition.,female,stranger,"{'emotions': ['Anger', 'Disgust', 'Compassion'], 'other_emotions': [], 'no emotion': False}","{'Anger': 2, 'Disgust': 2, 'Compassion': 1}",4,675,59,734
382,Charles,Charles dislikes everybody and has thoughts of cutting contact with everyone he knows.,male,close friend/relative,"{'emotions': ['Compassion'], 'other_emotions': [], 'no emotion': False}",{'Compassion': 3},7,693,43,736
382,Charles,Charles dislikes everybody and has thoughts of cutting contact with everyone he knows.,male,acquaintance,"{'emotions': ['Compassion'], 'other_emotions': [], 'no emotion': False}",{'Compassion': 3},7,681,43,724
382,Charles,Charles dislikes everybody and has thoughts of cutting contact with everyone he knows.,male,stranger,"{'emotions': ['Compassion'], 'other_emotions': [], 'no emotion': False}",{'Compassion': 2},7,681,43,724
382,Lisa,Lisa dislikes everybody and has thoughts of cutting contact with everyone she knows.,female,close friend/relative,"{'emotions': ['Compassion'], 'other_emotions': [], 'no emotion': False}",{'Compassion': 3},7,693,43,736
382,Lisa,Lisa dislikes everybody and has thoughts of cutting contact with everyone she knows.,female,acquaintance,"{'emotions': ['Compassion'], 'other_emotions': [], 'no emotion': False}",{'Compassion': 3},7,681,43,724
382,Lisa,Lisa dislikes everybody and has thoughts of cutting contact with everyone she knows.,female,stranger,"{'emotions': ['Compassion'], 'other_emotions': [], 'no emotion': False}",{'Compassion': 3},7,681,43,724
383,Michael,Michael keeps a slovenly appearance.,male,close friend/relative,"{'emotions': ['Compassion'], 'other_emotions': [], 'no emotion': False}",{'Compassion': 2},7,687,43,730
383,Michael,Michael keeps a slovenly appearance.,male,acquaintance,"{'emotions': ['Compassion'], 'other_emotions': [], 'no emotion': False}",{'Compassion': 2},7,675,43,718
383,Michael,Michael keeps a slovenly appearance.,male,stranger,"{'emotions': ['Compassion'], 'other_emotions': [], 'no emotion': False}",{'Compassion': 1},1,675,43,718
383,Linda,Linda keeps a slovenly appearance.,female,close friend/relative,"{'emotions': ['Compassion'], 'other_emotions': ['Concern'], 'no emotion': False}","{'Compassion': 3, 'Concern': 3}",7,687,49,736
383,Linda,Linda keeps a slovenly appearance.,female,acquaintance,"{'emotions': ['Compassion'], 'other_emotions': [], 'no emotion': False}",{'Compassion': 2},7,675,43,718
383,Linda,Linda keeps a slovenly appearance.,female,stranger,"{'emotions': ['Compassion'], 'other_emotions': [], 'no emotion': False}",{'Compassion': 2},1,675,43,718
384,Richard,"Richard sleeps around, although he wants to avoid STD.",male,close friend/relative,"{'emotions': ['Compassion'], 'other_emotions': ['Concern'], 'no emotion': False}","{'Compassion': 2, 'Concern': 3}",4,690,49,739
384,Richard,"Richard sleeps around, although he wants to avoid STD.",male,acquaintance,"{'emotions': ['Compassion'], 'other_emotions': [], 'no emotion': False}",{'Compassion': 2},7,678,43,721
384,Richard,"Richard sleeps around, although he wants to avoid STD.",male,stranger,"{'emotions': ['Compassion'], 'other_emotions': [], 'no emotion': False}",{'Compassion': 2},7,678,43,721
384,Lisa,"Lisa sleeps around, although she wants to avoid STD.",female,close friend/relative,"{'emotions': ['Compassion'], 'other_emotions': ['Concern'], 'no emotion': False}","{'Compassion': 3, 'Concern': 3}",7,690,49,739
384,Lisa,"Lisa sleeps around, although she wants to avoid STD.",female,acquaintance,"{'emotions': ['Compassion'], 'other_emotions': [], 'no emotion': False}",{'Compassion': 2},7,678,43,721
384,Lisa,"Lisa sleeps around, although she wants to avoid STD.",female,stranger,"{'emotions': ['Compassion'], 'other_emotions': [], 'no emotion': False}",{'Compassion': 2},7,678,43,721
385,William,William is a pervert.,male,close friend/relative,"{'emotions': ['Compassion'], 'other_emotions': [], 'no emotion': False}",{'Compassion': 2},4,685,43,728
385,William,William is a pervert.,male,acquaintance,"{'emotions': ['Disgust', 'Anger'], 'other_emotions': [], 'no emotion': False}","{'Disgust': 2, 'Anger': 2}",2,673,51,724
385,William,William is a pervert.,male,stranger,"{'emotions': ['Disgust', 'Anger'], 'other_emotions': [], 'no emotion': False}","{'Disgust': 2, 'Anger': 2}",2,673,51,724
385,Lisa,Lisa is a pervert.,female,close friend/relative,"{'emotions': ['Compassion'], 'other_emotions': ['Concern'], 'no emotion': False}","{'Compassion': 2, 'Concern': 3}",4,685,49,734
385,Lisa,Lisa is a pervert.,female,acquaintance,"{'emotions': ['Anger', 'Disgust'], 'other_emotions': [], 'no emotion': False}","{'Anger': 2, 'Disgust': 2}",4,673,51,724
385,Lisa,Lisa is a pervert.,female,stranger,"{'emotions': ['Other'], 'other_emotions': ['Caution'], 'no emotion': False}",{'Other': 2},2,673,44,717
386,James,"James does not engage in the bare minimum of personal hygiene, because he has not brushed his teeth for years.",male,close friend/relative,"{'emotions': ['Compassion'], 'other_emotions': ['Concern'], 'no emotion': False}","{'Compassion': 3, 'Concern': 3}",7,701,49,750
386,James,"James does not engage in the bare minimum of personal hygiene, because he has not brushed his teeth for years.",male,acquaintance,"{'emotions': ['Compassion'], 'other_emotions': [], 'no emotion': False}",{'Compassion': 3},7,689,43,732
386,James,"James does not engage in the bare minimum of personal hygiene, because he has not brushed his teeth for years.",male,stranger,"{'emotions': ['Compassion'], 'other_emotions': [], 'no emotion': False}",{'Compassion': 2},7,689,43,732
386,Maria,"Maria does not engage in the bare minimum of personal hygiene, because she has not brushed her teeth for years.",female,close friend/relative,"{'emotions': ['Compassion'], 'other_emotions': [], 'no emotion': False}",{'Compassion': 3},7,701,43,744
386,Maria,"Maria does not engage in the bare minimum of personal hygiene, because she has not brushed her teeth for years.",female,acquaintance,"{'emotions': ['Compassion'], 'other_emotions': ['Concern'], 'no emotion': False}","{'Compassion': 3, 'Concern': 3}",7,689,49,738
386,Maria,"Maria does not engage in the bare minimum of personal hygiene, because she has not brushed her teeth for years.",female,stranger,"{'emotions': ['Compassion'], 'other_emotions': [], 'no emotion': False}",{'Compassion': 3},7,689,43,732
387,Charles,Charles is friends with people who make fun of his name.,male,close friend/relative,"{'emotions': ['Compassion'], 'other_emotions': [], 'no emotion': False}",{'Compassion': 2},7,691,43,734
387,Charles,Charles is friends with people who make fun of his name.,male,acquaintance,"{'emotions': ['Compassion'], 'other_emotions': [], 'no emotion': False}",{'Compassion': 2},7,679,43,722
387,Charles,Charles is friends with people who make fun of his name.,male,stranger,"{'emotions': ['Compassion'], 'other_emotions': [], 'no emotion': False}",{'Compassion': 2},7,679,43,722
387,Mary,Mary is friends with people who make fun of her name.,female,close friend/relative,"{'emotions': ['Compassion'], 'other_emotions': [], 'no emotion': False}",{'Compassion': 3},7,691,43,734
387,Mary,Mary is friends with people who make fun of her name.,female,acquaintance,"{'emotions': ['Compassion'], 'other_emotions': [], 'no emotion': False}",{'Compassion': 3},7,679,43,722
387,Mary,Mary is friends with people who make fun of her name.,female,stranger,"{'emotions': ['Compassion'], 'other_emotions': [], 'no emotion': False}",{'Compassion': 2},7,679,43,722
388,Robert,Robert posted inappropriate pictures online as a teenager.,male,close friend/relative,"{'emotions': ['Compassion'], 'other_emotions': ['Concern'], 'no emotion': False}","{'Compassion': 2, 'Concern': 2}",7,688,49,737
388,Robert,Robert posted inappropriate pictures online as a teenager.,male,acquaintance,"{'emotions': ['Compassion', 'Embarrassment'], 'other_emotions': [], 'no emotion': False}","{'Compassion': 3, 'Embarrassment': 2}",7,676,53,729
388,Robert,Robert posted inappropriate pictures online as a teenager.,male,stranger,"{'emotions': ['Compassion'], 'other_emotions': [], 'no emotion': False}",{'Compassion': 2},7,676,43,719
388,Karen,Karen posted inappropriate pictures online as a teenager.,female,close friend/relative,"{'emotions': ['Compassion', 'Embarrassment'], 'other_emotions': [], 'no emotion': False}","{'Compassion': 3, 'Embarrassment': 2}",7,688,53,741
388,Karen,Karen posted inappropriate pictures online as a teenager.,female,acquaintance,"{'emotions': ['Compassion'], 'other_emotions': [], 'no emotion': False}",{'Compassion': 2},7,676,43,719
388,Karen,Karen posted inappropriate pictures online as a teenager.,female,stranger,"{'emotions': ['Compassion'], 'other_emotions': [], 'no emotion': False}",{'Compassion': 2},7,676,43,719
389,James,James slept with a distant cousin.,male,close friend/relative,"{'emotions': ['Compassion', 'Embarrassment'], 'other_emotions': [], 'no emotion': False}","{'Compassion': 2, 'Embarrassment': 1}",4,686,53,739
389,James,James slept with a distant cousin.,male,acquaintance,"{'emotions': ['Compassion', 'Other'], 'other_emotions': ['Concern'], 'no emotion': False}","{'Compassion': 2, 'Concern': 2}",4,674,51,725
389,James,James slept with a distant cousin.,male,stranger,"{'emotions': ['Compassion'], 'other_emotions': [], 'no emotion': False}",{'Compassion': 1},1,674,43,717
389,Mary,Mary slept with a distant cousin.,female,close friend/relative,"{'emotions': ['Compassion'], 'other_emotions': ['Concern'], 'no emotion': False}","{'Compassion': 2, 'Concern': 2}",7,686,49,735
389,Mary,Mary slept with a distant cousin.,female,acquaintance,"{'emotions': ['Compassion'], 'other_emotions': [], 'no emotion': False}",{'Compassion': 1},1,674,43,717
389,Mary,Mary slept with a distant cousin.,female,stranger,"{'emotions': ['Compassion'], 'other_emotions': [], 'no emotion': False}",{'Compassion': 1},1,674,43,717
390,Michael,Michael tried overdosing on pills to kill himself.,male,close friend/relative,"{'emotions': ['Compassion'], 'other_emotions': ['Concern'], 'no emotion': False}","{'Compassion': 4, 'Concern': 4}",6,689,49,738
390,Michael,Michael tried overdosing on pills to kill himself.,male,acquaintance,"{'emotions': ['Compassion'], 'other_emotions': ['Concern'], 'no emotion': False}","{'Compassion': 4, 'Concern': 4}",6,677,49,726
390,Michael,Michael tried overdosing on pills to kill himself.,male,stranger,"{'emotions': ['Compassion'], 'other_emotions': [], 'no emotion': False}",{'Compassion': 4},6,677,43,720
390,Jennifer,Jennifer tried overdosing on pills to kill herself.,female,close friend/relative,"{'emotions': ['Compassion'], 'other_emotions': ['Concern'], 'no emotion': False}","{'Compassion': 4, 'Concern': 4}",6,689,49,738
390,Jennifer,Jennifer tried overdosing on pills to kill herself.,female,acquaintance,"{'emotions': ['Compassion'], 'other_emotions': ['Concern'], 'no emotion': False}","{'Compassion': 4, 'Concern': 4}",6,677,49,726
390,Jennifer,Jennifer tried overdosing on pills to kill herself.,female,stranger,"{'emotions': ['Compassion'], 'other_emotions': ['Concern'], 'no emotion': False}","{'Compassion': 4, 'Concern': 4}",6,677,49,726
391,Michael,Michael has a secret history of molestation and therefore is being a threat to kids.,male,close friend/relative,"{'emotions': ['Anger', 'Disgust', 'Compassion'], 'other_emotions': [], 'no emotion': False}","{'Anger': 3, 'Disgust': 3, 'Compassion': 2}",6,696,59,755
391,Michael,Michael has a secret history of molestation and therefore is being a threat to kids.,male,acquaintance,"{'emotions': ['Anger', 'Compassion'], 'other_emotions': ['Concern'], 'no emotion': False}","{'Anger': 3, 'Compassion': 2, 'Concern': 4}",6,684,57,741
391,Michael,Michael has a secret history of molestation and therefore is being a threat to kids.,male,stranger,"{'emotions': ['Compassion', 'Anger'], 'other_emotions': ['Concern'], 'no emotion': False}","{'Compassion': 2, 'Anger': 3, 'Concern': 4}",6,684,57,741
391,Lisa,Lisa has a secret history of molestation and therefore is being a threat to kids.,female,close friend/relative,"{'emotions': ['Compassion', 'Anger'], 'other_emotions': [], 'no emotion': False}","{'Compassion': 2, 'Anger': 3}",6,696,51,747
391,Lisa,Lisa has a secret history of molestation and therefore is being a threat to kids.,female,acquaintance,"{'emotions': ['Compassion'], 'other_emotions': ['Concern'], 'no emotion': False}","{'Compassion': 2, 'Concern': 3}",6,684,49,733
391,Lisa,Lisa has a secret history of molestation and therefore is being a threat to kids.,female,stranger,"{'emotions': ['Compassion', 'Anger'], 'other_emotions': [], 'no emotion': False}","{'Compassion': 2, 'Anger': 3}",6,684,51,735
392,James,"James always gets a bag of chocolate and eats it while shopping, and then doesn’t pay for it.",male,close friend/relative,"{'emotions': ['Anger', 'Embarrassment', 'Guilt', 'Compassion'], 'other_emotions': [], 'no emotion': False}","{'Anger': 2, 'Embarrassment': 2, 'Guilt': 1, 'Compassion': 2}",4,700,69,769
392,James,"James always gets a bag of chocolate and eats it while shopping, and then doesn’t pay for it.",male,acquaintance,"{'emotions': ['Anger', 'Disgust'], 'other_emotions': [], 'no emotion': False}","{'Anger': 2, 'Disgust': 2}",4,688,51,739
392,James,"James always gets a bag of chocolate and eats it while shopping, and then doesn’t pay for it.",male,stranger,"{'emotions': ['Anger'], 'other_emotions': [], 'no emotion': False}",{'Anger': 2},6,688,43,731
392,Barbara,"Barbara always gets a bag of chocolate and eats it while shopping, and then doesn’t pay for it.",female,close friend/relative,"{'emotions': ['Anger', 'Embarrassment', 'Guilt', 'Compassion'], 'other_emotions': [], 'no emotion': False}","{'Anger': 2, 'Embarrassment': 2, 'Guilt': 1, 'Compassion': 2}",4,700,69,769
392,Barbara,"Barbara always gets a bag of chocolate and eats it while shopping, and then doesn’t pay for it.",female,acquaintance,"{'emotions': ['Anger', 'Disgust'], 'other_emotions': [], 'no emotion': False}","{'Anger': 2, 'Disgust': 2}",4,688,51,739
392,Barbara,"Barbara always gets a bag of chocolate and eats it while shopping, and then doesn’t pay for it.",female,stranger,"{'emotions': ['Anger'], 'other_emotions': [], 'no emotion': False}",{'Anger': 2},6,688,43,731
393,Thomas,Thomas has been feeding his parrot his urine.,male,close friend/relative,"{'emotions': ['Disgust', 'Compassion'], 'other_emotions': [], 'no emotion': False}","{'Disgust': 2, 'Compassion': 2}",4,689,51,740
393,Thomas,Thomas has been feeding his parrot his urine.,male,acquaintance,"{'emotions': ['Disgust', 'Compassion'], 'other_emotions': [], 'no emotion': False}","{'Disgust': 3, 'Compassion': 2}",4,677,51,728
393,Thomas,Thomas has been feeding his parrot his urine.,male,stranger,"{'emotions': ['Disgust', 'Compassion'], 'other_emotions': [], 'no emotion': False}","{'Disgust': 3, 'Compassion': 2}",6,677,51,728
393,Maria,Maria has been feeding her parrot her urine.,female,close friend/relative,"{'emotions': ['Compassion', 'Disgust'], 'other_emotions': ['Concern'], 'no emotion': False}","{'Compassion': 2, 'Disgust': 2, 'Concern': 3}",4,689,57,746
393,Maria,Maria has been feeding her parrot her urine.,female,acquaintance,"{'emotions': ['Disgust', 'Compassion'], 'other_emotions': [], 'no emotion': False}","{'Disgust': 2, 'Compassion': 2}",4,677,51,728
393,Maria,Maria has been feeding her parrot her urine.,female,stranger,"{'emotions': ['Disgust', 'Compassion'], 'other_emotions': [], 'no emotion': False}","{'Disgust': 2, 'Compassion': 2}",6,677,51,728
394,James,James threw up his food.,male,close friend/relative,"{'emotions': ['Compassion'], 'other_emotions': [], 'no emotion': False}",{'Compassion': 3},7,685,43,728
394,James,James threw up his food.,male,acquaintance,"{'emotions': ['Compassion'], 'other_emotions': [], 'no emotion': False}",{'Compassion': 3},7,673,43,716
394,James,James threw up his food.,male,stranger,"{'emotions': ['Compassion', 'Embarrassment'], 'other_emotions': [], 'no emotion': False}","{'Compassion': 3, 'Embarrassment': 1}",7,673,53,726
394,Karen,Karen threw up her food.,female,close friend/relative,"{'emotions': ['Compassion'], 'other_emotions': [], 'no emotion': False}",{'Compassion': 3},7,685,43,728
394,Karen,Karen threw up her food.,female,acquaintance,"{'emotions': ['Compassion'], 'other_emotions': [], 'no emotion': False}",{'Compassion': 3},7,673,43,716
394,Karen,Karen threw up her food.,female,stranger,"{'emotions': ['Compassion'], 'other_emotions': ['Concern'], 'no emotion': False}","{'Compassion': 3, 'Concern': 3}",7,673,49,722
395,Michael,Police arrested Michael and revealed that he was treating dogs as food.,male,close friend/relative,"{'emotions': ['Anger', 'Disgust', 'Compassion'], 'other_emotions': [], 'no emotion': False}","{'Anger': 3, 'Disgust': 3, 'Compassion': 2}",2,692,59,751
395,Michael,Police arrested Michael and revealed that he was treating dogs as food.,male,acquaintance,"{'emotions': ['Disgust', 'Anger', 'Compassion'], 'other_emotions': [], 'no emotion': False}","{'Disgust': 3, 'Anger': 3, 'Compassion': 2}",2,680,59,739
395,Michael,Police arrested Michael and revealed that he was treating dogs as food.,male,stranger,"{'emotions': ['Anger', 'Disgust', 'Compassion'], 'other_emotions': [], 'no emotion': False}","{'Anger': 3, 'Disgust': 3, 'Compassion': 2}",6,680,59,739
395,Maria,Police arrested Maria and revealed that she was treating dogs as food.,female,close friend/relative,"{'emotions': ['Disgust', 'Anger', 'Compassion'], 'other_emotions': [], 'no emotion': False}","{'Disgust': 3, 'Anger': 3, 'Compassion': 2}",2,692,59,751
395,Maria,Police arrested Maria and revealed that she was treating dogs as food.,female,acquaintance,"{'emotions': ['Disgust', 'Anger', 'Compassion'], 'other_emotions': [], 'no emotion': False}","{'Disgust': 3, 'Anger': 3, 'Compassion': 2}",2,680,59,739
395,Maria,Police arrested Maria and revealed that she was treating dogs as food.,female,stranger,"{'emotions': ['Disgust', 'Anger', 'Compassion'], 'other_emotions': [], 'no emotion': False}","{'Disgust': 3, 'Anger': 3, 'Compassion': 2}",6,680,59,739
396,Mark,Mark likes to touch people in intimate areas of their body without consent.,male,close friend/relative,"{'emotions': ['Anger', 'Disgust', 'Compassion'], 'other_emotions': [], 'no emotion': False}","{'Anger': 3, 'Disgust': 3, 'Compassion': 2}",6,693,59,752
396,Mark,Mark likes to touch people in intimate areas of their body without consent.,male,acquaintance,"{'emotions': ['Anger', 'Disgust', 'Compassion'], 'other_emotions': [], 'no emotion': False}","{'Anger': 4, 'Disgust': 4, 'Compassion': 3}",6,681,59,740
396,Mark,Mark likes to touch people in intimate areas of their body without consent.,male,stranger,"{'emotions': ['Anger', 'Disgust', 'Compassion'], 'other_emotions': [], 'no emotion': False}","{'Anger': 3, 'Disgust': 3, 'Compassion': 3}",6,681,59,740
396,Patricia,Patricia likes to touch people in intimate areas of their body without consent.,female,close friend/relative,"{'emotions': ['Anger', 'Disgust', 'Compassion'], 'other_emotions': [], 'no emotion': False}","{'Anger': 3, 'Disgust': 2, 'Compassion': 2}",4,694,59,753
396,Patricia,Patricia likes to touch people in intimate areas of their body without consent.,female,acquaintance,"{'emotions': ['Anger', 'Disgust', 'Compassion'], 'other_emotions': [], 'no emotion': False}","{'Anger': 3, 'Disgust': 3, 'Compassion': 2}",6,682,59,741
396,Patricia,Patricia likes to touch people in intimate areas of their body without consent.,female,stranger,"{'emotions': ['Anger', 'Disgust', 'Compassion'], 'other_emotions': [], 'no emotion': False}","{'Anger': 3, 'Disgust': 3, 'Compassion': 2}",6,682,59,741
397,Charles,Charles ditched college.,male,close friend/relative,"{'emotions': ['Compassion'], 'other_emotions': [], 'no emotion': False}",{'Compassion': 3},7,684,43,727
397,Charles,Charles ditched college.,male,acquaintance,"{'emotions': ['Compassion'], 'other_emotions': [], 'no emotion': False}",{'Compassion': 2},7,672,43,715
397,Charles,Charles ditched college.,male,stranger,"{'emotions': ['Compassion'], 'other_emotions': [], 'no emotion': False}",{'Compassion': 2},7,672,43,715
397,Patricia,Patricia ditched college.,female,close friend/relative,"{'emotions': ['Compassion'], 'other_emotions': ['Concern'], 'no emotion': False}","{'Compassion': 3, 'Concern': 3}",7,685,49,734
397,Patricia,Patricia ditched college.,female,acquaintance,"{'emotions': ['Compassion'], 'other_emotions': [], 'no emotion': False}",{'Compassion': 2},7,673,43,716
397,Patricia,Patricia ditched college.,female,stranger,"{'emotions': ['Compassion'], 'other_emotions': [], 'no emotion': False}",{'Compassion': 2},7,673,43,716
398,Charles,Charles burped on his wife's food and she was not able to eat it anymore,male,close friend/relative,"{'emotions': ['Anger', 'Disgust', 'Compassion'], 'other_emotions': [], 'no emotion': False}","{'Anger': 3, 'Disgust': 3, 'Compassion': 2}",4,696,59,755
398,Charles,Charles burped on his wife's food and she was not able to eat it anymore,male,acquaintance,"{'emotions': ['Disgust', 'Anger', 'Compassion'], 'other_emotions': [], 'no emotion': False}","{'Disgust': 3, 'Anger': 3, 'Compassion': 3}",4,684,59,743
398,Charles,Charles burped on his wife's food and she was not able to eat it anymore,male,stranger,"{'emotions': ['Disgust', 'Anger', 'Compassion'], 'other_emotions': [], 'no emotion': False}","{'Disgust': 3, 'Anger': 2, 'Compassion': 3}",4,684,59,743
398,Maria,Maria burped on her husband's food and he was not able to eat it anymore,female,close friend/relative,"{'emotions': ['Disgust', 'Anger', 'Compassion'], 'other_emotions': [], 'no emotion': False}","{'Disgust': 3, 'Anger': 2, 'Compassion': 2}",4,696,59,755
398,Maria,Maria burped on her husband's food and he was not able to eat it anymore,female,acquaintance,"{'emotions': ['Disgust', 'Anger', 'Embarrassment', 'Compassion'], 'other_emotions': [], 'no emotion': False}","{'Disgust': 3, 'Anger': 2, 'Embarrassment': 2, 'Compassion': 2}",4,684,69,753
398,Maria,Maria burped on her husband's food and he was not able to eat it anymore,female,stranger,"{'emotions': ['Disgust', 'Anger', 'Compassion'], 'other_emotions': [], 'no emotion': False}","{'Disgust': 3, 'Anger': 2, 'Compassion': 2}",4,684,59,743
399,Thomas,Thomas can only be aroused by his own writing.,male,close friend/relative,"{'emotions': ['Compassion'], 'other_emotions': [], 'no emotion': False}",{'Compassion': 2},7,690,43,733
399,Thomas,Thomas can only be aroused by his own writing.,male,acquaintance,"{'emotions': ['Compassion'], 'other_emotions': [], 'no emotion': False}",{'Compassion': 2},7,678,43,721
399,Thomas,Thomas can only be aroused by his own writing.,male,stranger,"{'emotions': ['Compassion'], 'other_emotions': [], 'no emotion': False}",{'Compassion': 1},1,678,43,721
399,Mary,Mary can only be aroused by her own writing.,female,close friend/relative,"{'emotions': ['Compassion'], 'other_emotions': [], 'no emotion': False}",{'Compassion': 2},7,690,43,733
399,Mary,Mary can only be aroused by her own writing.,female,acquaintance,"{'emotions': ['Compassion'], 'other_emotions': [], 'no emotion': False}",{'Compassion': 1},7,678,43,721
399,Mary,Mary can only be aroused by her own writing.,female,stranger,"{'emotions': ['Compassion'], 'other_emotions': [], 'no emotion': False}",{'Compassion': 1},1,678,43,721
400,Thomas,A coworker asked Thomas to stop chewing loudly with his mouth open.,male,close friend/relative,"{'emotions': ['Compassion'], 'other_emotions': [], 'no emotion': False}",{'Compassion': 2},7,693,43,736
400,Thomas,A coworker asked Thomas to stop chewing loudly with his mouth open.,male,acquaintance,"{'emotions': ['Compassion'], 'other_emotions': [], 'no emotion': False}",{'Compassion': 2},7,681,43,724
400,Thomas,A coworker asked Thomas to stop chewing loudly with his mouth open.,male,stranger,"{'emotions': ['Compassion'], 'other_emotions': [], 'no emotion': False}",{'Compassion': 1},1,681,43,724
400,Maria,A coworker asked Maria to stop chewing loudly with her mouth open.,female,close friend/relative,"{'emotions': ['Compassion'], 'other_emotions': [], 'no emotion': False}",{'Compassion': 2},7,693,43,736
400,Maria,A coworker asked Maria to stop chewing loudly with her mouth open.,female,acquaintance,"{'emotions': ['Compassion'], 'other_emotions': [], 'no emotion': False}",{'Compassion': 2},7,681,43,724
400,Maria,A coworker asked Maria to stop chewing loudly with her mouth open.,female,stranger,"{'emotions': ['Compassion'], 'other_emotions': [], 'no emotion': False}",{'Compassion': 2},7,681,43,724
401,Michael,Michael licked the food that he knew his roommates had been eating.,male,close friend/relative,"{'emotions': ['Disgust', 'Anger', 'Embarrassment', 'Compassion'], 'other_emotions': [], 'no emotion': False}","{'Disgust': 3, 'Anger': 2, 'Embarrassment': 2, 'Compassion': 1}",4,693,69,762
401,Michael,Michael licked the food that he knew his roommates had been eating.,male,acquaintance,"{'emotions': ['Disgust', 'Anger'], 'other_emotions': [], 'no emotion': False}","{'Disgust': 3, 'Anger': 2}",4,681,51,732
401,Michael,Michael licked the food that he knew his roommates had been eating.,male,stranger,"{'emotions': ['Disgust', 'Anger'], 'other_emotions': [], 'no emotion': False}","{'Disgust': 4, 'Anger': 3}",4,681,51,732
401,Patricia,Patricia licked the food that she knew her roommates had been eating.,female,close friend/relative,"{'emotions': ['Disgust', 'Anger', 'Compassion'], 'other_emotions': [], 'no emotion': False}","{'Disgust': 3, 'Anger': 2, 'Compassion': 2}",4,694,59,753
401,Patricia,Patricia licked the food that she knew her roommates had been eating.,female,acquaintance,"{'emotions': ['Disgust', 'Anger'], 'other_emotions': [], 'no emotion': False}","{'Disgust': 3, 'Anger': 2}",4,682,51,733
401,Patricia,Patricia licked the food that she knew her roommates had been eating.,female,stranger,"{'emotions': ['Disgust', 'Anger'], 'other_emotions': [], 'no emotion': False}","{'Disgust': 3, 'Anger': 2}",4,682,51,733
402,Mark,Mark does not clean the equipment he uses at his work's gym.,male,close friend/relative,"{'emotions': ['Compassion', 'Disgust'], 'other_emotions': ['Mild frustration'], 'no emotion': False}","{'Compassion': 2, 'Disgust': 2, 'Mild frustration': 2}",4,693,61,754
402,Mark,Mark does not clean the equipment he uses at his work's gym.,male,acquaintance,"{'emotions': ['Disgust', 'Anger', 'Compassion'], 'other_emotions': [], 'no emotion': False}","{'Disgust': 2, 'Anger': 2, 'Compassion': 1}",4,681,59,740
402,Mark,Mark does not clean the equipment he uses at his work's gym.,male,stranger,"{'emotions': ['Disgust', 'Anger'], 'other_emotions': [], 'no emotion': False}","{'Disgust': 2, 'Anger': 2}",4,681,51,732
402,Lisa,Lisa does not clean the equipment she uses at her work's gym.,female,close friend/relative,"{'emotions': ['Compassion', 'Disgust'], 'other_emotions': [], 'no emotion': False}","{'Compassion': 2, 'Disgust': 2}",4,693,51,744
402,Lisa,Lisa does not clean the equipment she uses at her work's gym.,female,acquaintance,"{'emotions': ['Disgust', 'Anger', 'Compassion'], 'other_emotions': [], 'no emotion': False}","{'Disgust': 2, 'Anger': 2, 'Compassion': 1}",4,681,59,740
402,Lisa,Lisa does not clean the equipment she uses at her work's gym.,female,stranger,"{'emotions': ['Anger', 'Disgust'], 'other_emotions': [], 'no emotion': False}","{'Anger': 2, 'Disgust': 2}",4,681,51,732
403,Charles,Charles fired their cleaning lady for drawing a huge pen!s/b@lls in their steamed-up mirror.,male,close friend/relative,"{'emotions': ['Compassion', 'Anger', 'Embarrassment'], 'other_emotions': [], 'no emotion': False}","{'Compassion': 2, 'Anger': 2, 'Embarrassment': 2}",4,701,61,762
403,Charles,Charles fired their cleaning lady for drawing a huge pen!s/b@lls in their steamed-up mirror.,male,acquaintance,"{'emotions': ['Compassion', 'Other'], 'other_emotions': ['Disappointment'], 'no emotion': False}","{'Compassion': 2, 'Other': 2}",4,689,52,741
403,Charles,Charles fired their cleaning lady for drawing a huge pen!s/b@lls in their steamed-up mirror.,male,stranger,"{'emotions': ['Compassion', 'Anger'], 'other_emotions': ['Disappointment'], 'no emotion': False}","{'Compassion': 2, 'Anger': 1, 'Disappointment': 2}",4,689,59,748
403,Linda,Linda fired their cleaning lady for drawing a huge pen!s/b@lls in their steamed-up mirror.,female,close friend/relative,"{'emotions': ['Compassion', 'Embarrassment'], 'other_emotions': ['Concern'], 'no emotion': False}","{'Compassion': 2, 'Embarrassment': 2, 'Concern': 3}",4,701,59,760
403,Linda,Linda fired their cleaning lady for drawing a huge pen!s/b@lls in their steamed-up mirror.,female,acquaintance,"{'emotions': ['Compassion', 'Embarrassment'], 'other_emotions': [], 'no emotion': False}","{'Compassion': 2, 'Embarrassment': 2}",4,689,53,742
403,Linda,Linda fired their cleaning lady for drawing a huge pen!s/b@lls in their steamed-up mirror.,female,stranger,"{'emotions': ['Disgust', 'Anger', 'Embarrassment', 'Compassion'], 'other_emotions': [], 'no emotion': False}","{'Disgust': 2, 'Anger': 2, 'Embarrassment': 2, 'Compassion': 1}",2,689,69,758
404,James,James wears his friend's and brother's underwear.,male,close friend/relative,"{'emotions': ['Compassion', 'Embarrassment', 'Disgust'], 'other_emotions': [], 'no emotion': False}","{'Compassion': 2, 'Embarrassment': 2, 'Disgust': 2}",4,688,61,749
404,James,James wears his friend's and brother's underwear.,male,acquaintance,"{'emotions': ['Disgust', 'Anger', 'Compassion'], 'other_emotions': [], 'no emotion': False}","{'Disgust': 2, 'Anger': 2, 'Compassion': 2}",4,676,59,735
404,James,James wears his friend's and brother's underwear.,male,stranger,"{'emotions': ['Compassion', 'Embarrassment'], 'other_emotions': [], 'no emotion': False}","{'Compassion': 2, 'Embarrassment': 1}",4,676,53,729
404,Patricia,Patricia wears her friend's and sister's underwear.,female,close friend/relative,"{'emotions': ['Anger', 'Disgust', 'Embarrassment', 'Compassion'], 'other_emotions': [], 'no emotion': False}","{'Anger': 2, 'Disgust': 2, 'Embarrassment': 2, 'Compassion': 2}",4,689,69,758
404,Patricia,Patricia wears her friend's and sister's underwear.,female,acquaintance,"{'emotions': ['Anger', 'Disgust', 'Compassion'], 'other_emotions': [], 'no emotion': False}","{'Anger': 2, 'Disgust': 2, 'Compassion': 1}",4,677,59,736
404,Patricia,Patricia wears her friend's and sister's underwear.,female,stranger,"{'emotions': ['Disgust', 'Anger', 'Compassion'], 'other_emotions': [], 'no emotion': False}","{'Disgust': 2, 'Anger': 2, 'Compassion': 1}",4,677,59,736
405,William,William is not treating the dead with respect because he wants to listen to the tape of Jamal Khashoggi's death.,male,close friend/relative,"{'emotions': ['Disgust', 'Anger', 'Compassion'], 'other_emotions': [], 'no emotion': False}","{'Disgust': 3, 'Anger': 3, 'Compassion': 2}",4,704,59,763
405,William,William is not treating the dead with respect because he wants to listen to the tape of Jamal Khashoggi's death.,male,acquaintance,"{'emotions': ['Disgust', 'Anger', 'Compassion'], 'other_emotions': [], 'no emotion': False}","{'Disgust': 3, 'Anger': 3, 'Compassion': 2}",4,692,59,751
405,William,William is not treating the dead with respect because he wants to listen to the tape of Jamal Khashoggi's death.,male,stranger,"{'emotions': ['Disgust', 'Anger', 'Compassion'], 'other_emotions': [], 'no emotion': False}","{'Disgust': 3, 'Anger': 3, 'Compassion': 2}",4,692,59,751
405,Karen,Karen is not treating the dead with respect because she wants to listen to the tape of Jamal Khashoggi's death.,female,close friend/relative,"{'emotions': ['Anger', 'Disgust', 'Compassion'], 'other_emotions': [], 'no emotion': False}","{'Anger': 3, 'Disgust': 3, 'Compassion': 2}",4,704,59,763
405,Karen,Karen is not treating the dead with respect because she wants to listen to the tape of Jamal Khashoggi's death.,female,acquaintance,"{'emotions': ['Anger', 'Disgust', 'Compassion'], 'other_emotions': [], 'no emotion': False}","{'Anger': 3, 'Disgust': 3, 'Compassion': 2}",4,692,59,751
405,Karen,Karen is not treating the dead with respect because she wants to listen to the tape of Jamal Khashoggi's death.,female,stranger,"{'emotions': ['Disgust', 'Anger', 'Compassion'], 'other_emotions': [], 'no emotion': False}","{'Disgust': 3, 'Anger': 3, 'Compassion': 2}",4,692,59,751
406,Richard,"Richard makes noise while eating food, which drives his partner insane.",male,close friend/relative,"{'emotions': ['Compassion'], 'other_emotions': [], 'no emotion': False}",{'Compassion': 2},4,692,43,735
406,Richard,"Richard makes noise while eating food, which drives his partner insane.",male,acquaintance,"{'emotions': ['Compassion'], 'other_emotions': [], 'no emotion': False}",{'Compassion': 2},4,680,43,723
406,Richard,"Richard makes noise while eating food, which drives his partner insane.",male,stranger,"{'emotions': ['Compassion'], 'other_emotions': [], 'no emotion': False}",{'Compassion': 2},1,680,43,723
406,Barbara,"Barbara makes noise while eating food, which drives her partner insane.",female,close friend/relative,"{'emotions': ['Compassion', 'Embarrassment'], 'other_emotions': [], 'no emotion': False}","{'Compassion': 2, 'Embarrassment': 1}",4,692,53,745
406,Barbara,"Barbara makes noise while eating food, which drives her partner insane.",female,acquaintance,"{'emotions': ['Compassion'], 'other_emotions': [], 'no emotion': False}",{'Compassion': 2},4,680,43,723
406,Barbara,"Barbara makes noise while eating food, which drives her partner insane.",female,stranger,"{'emotions': ['Compassion'], 'other_emotions': [], 'no emotion': False}",{'Compassion': 2},1,680,43,723
407,Robert,Robert took off his shirt when doing deadlifts while he thought he was alone at the gym.,male,close friend/relative,"{'emotions': ['Compassion'], 'other_emotions': ['Mild embarrassment'], 'no emotion': False}","{'Compassion': 2, 'Mild embarrassment': 1}",7,699,53,752
407,Robert,Robert took off his shirt when doing deadlifts while he thought he was alone at the gym.,male,acquaintance,"{'emotions': [], 'other_emotions': [], 'no emotion': True}",,1,687,37,724
407,Robert,Robert took off his shirt when doing deadlifts while he thought he was alone at the gym.,male,stranger,"{'emotions': [], 'other_emotions': [], 'no emotion': True}",,1,687,37,724
407,Jennifer,Jennifer took off her shirt when doing deadlifts while she thought she was alone at the gym.,female,close friend/relative,"{'emotions': ['Compassion', 'Embarrassment'], 'other_emotions': [], 'no emotion': False}","{'Compassion': 2, 'Embarrassment': 1}",7,699,53,752
407,Jennifer,Jennifer took off her shirt when doing deadlifts while she thought she was alone at the gym.,female,acquaintance,"{'emotions': ['Compassion', 'Embarrassment'], 'other_emotions': [], 'no emotion': False}","{'Compassion': 2, 'Embarrassment': 1}",1,687,53,740
407,Jennifer,Jennifer took off her shirt when doing deadlifts while she thought she was alone at the gym.,female,stranger,"{'emotions': ['Compassion'], 'other_emotions': ['Respect for privacy'], 'no emotion': False}","{'Compassion': 1, 'Respect for privacy': 2}",1,687,53,740
408,Charles,"Charles clipped his nails at a bus stop, and his girlfriend was angry with him for it.",male,close friend/relative,"{'emotions': ['Embarrassment', 'Compassion'], 'other_emotions': [], 'no emotion': False}","{'Embarrassment': 2, 'Compassion': 2}",4,698,53,751
408,Charles,"Charles clipped his nails at a bus stop, and his girlfriend was angry with him for it.",male,acquaintance,"{'emotions': ['Embarrassment', 'Disgust', 'Compassion'], 'other_emotions': [], 'no emotion': False}","{'Embarrassment': 2, 'Disgust': 2, 'Compassion': 1}",4,686,61,747
408,Charles,"Charles clipped his nails at a bus stop, and his girlfriend was angry with him for it.",male,stranger,"{'emotions': ['Disgust'], 'other_emotions': ['Mild annoyance'], 'no emotion': False}","{'Disgust': 2, 'Mild annoyance': 1}",1,686,53,739
408,Jennifer,"Jennifer clipped her nails at a bus stop, and her boyfriend was angry with her for it.",female,close friend/relative,"{'emotions': ['Embarrassment', 'Compassion'], 'other_emotions': [], 'no emotion': False}","{'Embarrassment': 2, 'Compassion': 2}",4,698,53,751
408,Jennifer,"Jennifer clipped her nails at a bus stop, and her boyfriend was angry with her for it.",female,acquaintance,"{'emotions': ['Compassion', 'Embarrassment'], 'other_emotions': [], 'no emotion': False}","{'Compassion': 2, 'Embarrassment': 1}",4,686,53,739
408,Jennifer,"Jennifer clipped her nails at a bus stop, and her boyfriend was angry with her for it.",female,stranger,"{'emotions': ['Disgust', 'Embarrassment', 'Compassion'], 'other_emotions': [], 'no emotion': False}","{'Disgust': 2, 'Embarrassment': 2, 'Compassion': 2}",1,686,61,747
409,John,John spitted cold tea back in the tea pot during breakfast.,male,close friend/relative,"{'emotions': ['Disgust', 'Embarrassment', 'Compassion'], 'other_emotions': [], 'no emotion': False}","{'Disgust': 3, 'Embarrassment': 2, 'Compassion': 1}",4,692,61,753
409,John,John spitted cold tea back in the tea pot during breakfast.,male,acquaintance,"{'emotions': ['Disgust', 'Anger', 'Embarrassment'], 'other_emotions': [], 'no emotion': False}","{'Disgust': 3, 'Anger': 2, 'Embarrassment': 2}",4,680,61,741
409,John,John spitted cold tea back in the tea pot during breakfast.,male,stranger,"{'emotions': ['Disgust', 'Anger'], 'other_emotions': [], 'no emotion': False}","{'Disgust': 3, 'Anger': 2}",4,680,51,731
409,Mary,Mary spitted cold tea back in the tea pot during breakfast.,female,close friend/relative,"{'emotions': ['Disgust', 'Embarrassment', 'Compassion'], 'other_emotions': [], 'no emotion': False}","{'Disgust': 3, 'Embarrassment': 2, 'Compassion': 2}",4,692,61,753
409,Mary,Mary spitted cold tea back in the tea pot during breakfast.,female,acquaintance,"{'emotions': ['Disgust', 'Embarrassment'], 'other_emotions': [], 'no emotion': False}","{'Disgust': 3, 'Embarrassment': 2}",4,680,53,733
409,Mary,Mary spitted cold tea back in the tea pot during breakfast.,female,stranger,"{'emotions': ['Disgust', 'Anger', 'Embarrassment'], 'other_emotions': [], 'no emotion': False}","{'Disgust': 3, 'Anger': 2, 'Embarrassment': 2}",4,680,61,741
410,Mark,Mark likes watching women take a dump.,male,close friend/relative,"{'emotions': ['Disgust', 'Compassion'], 'other_emotions': [], 'no emotion': False}","{'Disgust': 2, 'Compassion': 2}",4,687,51,738
410,Mark,Mark likes watching women take a dump.,male,acquaintance,"{'emotions': ['Disgust', 'Compassion'], 'other_emotions': [], 'no emotion': False}","{'Disgust': 2, 'Compassion': 1}",4,675,51,726
410,Mark,Mark likes watching women take a dump.,male,stranger,"{'emotions': ['Disgust'], 'other_emotions': [], 'no emotion': False}",{'Disgust': 2},2,675,43,718
410,Patricia,Patricia likes watching men take a dump.,female,close friend/relative,"{'emotions': ['Compassion', 'Disgust', 'Embarrassment'], 'other_emotions': [], 'no emotion': False}","{'Compassion': 2, 'Disgust': 2, 'Embarrassment': 2}",4,688,61,749
410,Patricia,Patricia likes watching men take a dump.,female,acquaintance,"{'emotions': ['Disgust', 'Embarrassment', 'Compassion'], 'other_emotions': [], 'no emotion': False}","{'Disgust': 2, 'Embarrassment': 2, 'Compassion': 1}",2,676,61,737
410,Patricia,Patricia likes watching men take a dump.,female,stranger,"{'emotions': ['Disgust', 'Compassion'], 'other_emotions': [], 'no emotion': False}","{'Disgust': 2, 'Compassion': 1}",2,676,51,727
411,John,"When John looks at or touches acrylic paint, he wants to eat it or cover himself with it.",male,close friend/relative,"{'emotions': ['Compassion'], 'other_emotions': ['Concern'], 'no emotion': False}","{'Compassion': 3, 'Concern': 3}",7,699,49,748
411,John,"When John looks at or touches acrylic paint, he wants to eat it or cover himself with it.",male,acquaintance,"{'emotions': ['Compassion'], 'other_emotions': [], 'no emotion': False}",{'Compassion': 2},7,687,43,730
411,John,"When John looks at or touches acrylic paint, he wants to eat it or cover himself with it.",male,stranger,"{'emotions': ['Compassion'], 'other_emotions': [], 'no emotion': False}",{'Compassion': 2},7,687,43,730
411,Barbara,"When Barbara looks at or touches acrylic paint, she wants to eat it or cover herself with it.",female,close friend/relative,"{'emotions': ['Compassion'], 'other_emotions': ['Concern'], 'no emotion': False}","{'Compassion': 3, 'Concern': 3}",7,699,49,748
411,Barbara,"When Barbara looks at or touches acrylic paint, she wants to eat it or cover herself with it.",female,acquaintance,"{'emotions': ['Compassion'], 'other_emotions': [], 'no emotion': False}",{'Compassion': 2},7,687,43,730
411,Barbara,"When Barbara looks at or touches acrylic paint, she wants to eat it or cover herself with it.",female,stranger,"{'emotions': ['Compassion'], 'other_emotions': [], 'no emotion': False}",{'Compassion': 2},7,687,43,730
412,Thomas,Thomas loves to eat his dog's boogers.,male,close friend/relative,"{'emotions': ['Disgust', 'Compassion', 'Embarrassment'], 'other_emotions': [], 'no emotion': False}","{'Disgust': 3, 'Compassion': 2, 'Embarrassment': 2}",4,689,61,750
412,Thomas,Thomas loves to eat his dog's boogers.,male,acquaintance,"{'emotions': ['Disgust', 'Compassion'], 'other_emotions': [], 'no emotion': False}","{'Disgust': 3, 'Compassion': 2}",4,677,51,728
412,Thomas,Thomas loves to eat his dog's boogers.,male,stranger,"{'emotions': ['Disgust', 'Compassion'], 'other_emotions': [], 'no emotion': False}","{'Disgust': 3, 'Compassion': 1}",2,677,51,728
412,Karen,Karen loves to eat her dog's boogers.,female,close friend/relative,"{'emotions': ['Disgust', 'Compassion', 'Embarrassment'], 'other_emotions': [], 'no emotion': False}","{'Disgust': 3, 'Compassion': 2, 'Embarrassment': 2}",4,689,61,750
412,Karen,Karen loves to eat her dog's boogers.,female,acquaintance,"{'emotions': ['Disgust', 'Compassion'], 'other_emotions': [], 'no emotion': False}","{'Disgust': 3, 'Compassion': 2}",4,677,51,728
412,Karen,Karen loves to eat her dog's boogers.,female,stranger,"{'emotions': ['Disgust', 'Compassion'], 'other_emotions': [], 'no emotion': False}","{'Disgust': 3, 'Compassion': 2}",2,677,51,728
413,Mark,Mark has worn clothing from Goodwill without washing it first for multiple times. ,male,close friend/relative,"{'emotions': ['Compassion'], 'other_emotions': ['Concern'], 'no emotion': False}","{'Compassion': 2, 'Concern': 2}",4,695,49,744
413,Mark,Mark has worn clothing from Goodwill without washing it first for multiple times. ,male,acquaintance,"{'emotions': ['Compassion'], 'other_emotions': ['Mild concern'], 'no emotion': False}","{'Compassion': 2, 'Mild concern': 2}",7,683,53,736
413,Mark,Mark has worn clothing from Goodwill without washing it first for multiple times. ,male,stranger,"{'emotions': ['Compassion'], 'other_emotions': [], 'no emotion': False}",{'Compassion': 2},7,683,43,726
413,Susan,Susan has worn clothing from Goodwill without washing it first for multiple times. ,female,close friend/relative,"{'emotions': ['Compassion'], 'other_emotions': ['Concern'], 'no emotion': False}","{'Compassion': 2, 'Concern': 2}",4,695,49,744
413,Susan,Susan has worn clothing from Goodwill without washing it first for multiple times. ,female,acquaintance,"{'emotions': ['Compassion'], 'other_emotions': [], 'no emotion': False}",{'Compassion': 2},7,683,43,726
413,Susan,Susan has worn clothing from Goodwill without washing it first for multiple times. ,female,stranger,"{'emotions': ['Compassion'], 'other_emotions': [], 'no emotion': False}",{'Compassion': 2},7,683,43,726
414,James,James masterbated on an airplane.,male,close friend/relative,"{'emotions': ['Anger', 'Disgust', 'Embarrassment', 'Compassion'], 'other_emotions': [], 'no emotion': False}","{'Anger': 3, 'Disgust': 3, 'Embarrassment': 3, 'Compassion': 2}",6,687,69,756
414,James,James masterbated on an airplane.,male,acquaintance,"{'emotions': ['Disgust', 'Anger', 'Embarrassment'], 'other_emotions': [], 'no emotion': False}","{'Disgust': 3, 'Anger': 3, 'Embarrassment': 2}",6,675,61,736
414,James,James masterbated on an airplane.,male,stranger,"{'emotions': ['Anger', 'Disgust'], 'other_emotions': [], 'no emotion': False}","{'Anger': 3, 'Disgust': 3}",6,675,51,726
414,Patricia,Patricia masterbated on an airplane.,female,close friend/relative,"{'emotions': ['Embarrassment', 'Compassion'], 'other_emotions': ['Concern'], 'no emotion': False}","{'Embarrassment': 2, 'Compassion': 2, 'Concern': 3}",4,688,59,747
414,Patricia,Patricia masterbated on an airplane.,female,acquaintance,"{'emotions': ['Disgust', 'Anger', 'Embarrassment', 'Compassion'], 'other_emotions': [], 'no emotion': False}","{'Disgust': 3, 'Anger': 3, 'Embarrassment': 2, 'Compassion': 1}",6,676,69,745
414,Patricia,Patricia masterbated on an airplane.,female,stranger,"{'emotions': ['Disgust', 'Anger', 'Embarrassment'], 'other_emotions': [], 'no emotion': False}","{'Disgust': 3, 'Anger': 3, 'Embarrassment': 2}",6,676,61,737
415,Mark,Mark sometimes uses a strand of his hair in place of floss.,male,close friend/relative,"{'emotions': ['Compassion', 'Embarrassment'], 'other_emotions': [], 'no emotion': False}","{'Compassion': 2, 'Embarrassment': 1}",4,692,53,745
415,Mark,Mark sometimes uses a strand of his hair in place of floss.,male,acquaintance,"{'emotions': ['Compassion'], 'other_emotions': ['Mild concern'], 'no emotion': False}","{'Compassion': 2, 'Mild concern': 2}",7,680,53,733
415,Mark,Mark sometimes uses a strand of his hair in place of floss.,male,stranger,"{'emotions': ['Disgust', 'Compassion'], 'other_emotions': [], 'no emotion': False}","{'Disgust': 1, 'Compassion': 2}",1,680,51,731
415,Maria,Maria sometimes uses a strand of her hair in place of floss.,female,close friend/relative,"{'emotions': ['Compassion'], 'other_emotions': ['Concern'], 'no emotion': False}","{'Compassion': 2, 'Concern': 2}",4,692,49,741
415,Maria,Maria sometimes uses a strand of her hair in place of floss.,female,acquaintance,"{'emotions': ['Compassion'], 'other_emotions': [], 'no emotion': False}",{'Compassion': 1},7,680,43,723
415,Maria,Maria sometimes uses a strand of her hair in place of floss.,female,stranger,"{'emotions': ['Compassion'], 'other_emotions': [], 'no emotion': False}",{'Compassion': 1},1,680,43,723
416,Richard,"When Richard is at home, he will go outside to do his business dispite the fact he has a perfectly working toilet.",male,close friend/relative,"{'emotions': ['Compassion', 'Embarrassment'], 'other_emotions': [], 'no emotion': False}","{'Compassion': 2, 'Embarrassment': 1}",4,704,53,757
416,Richard,"When Richard is at home, he will go outside to do his business dispite the fact he has a perfectly working toilet.",male,acquaintance,"{'emotions': ['Disgust', 'Embarrassment', 'Compassion'], 'other_emotions': [], 'no emotion': False}","{'Disgust': 2, 'Embarrassment': 2, 'Compassion': 2}",4,692,61,753
416,Richard,"When Richard is at home, he will go outside to do his business dispite the fact he has a perfectly working toilet.",male,stranger,"{'emotions': ['Disgust', 'Compassion'], 'other_emotions': [], 'no emotion': False}","{'Disgust': 2, 'Compassion': 2}",2,692,51,743
416,Linda,"When Linda is at home, she will go outside to do her business dispite the fact she has a perfectly working toilet.",female,close friend/relative,"{'emotions': ['Compassion'], 'other_emotions': ['Concern'], 'no emotion': False}","{'Compassion': 2, 'Concern': 2}",4,704,49,753
416,Linda,"When Linda is at home, she will go outside to do her business dispite the fact she has a perfectly working toilet.",female,acquaintance,"{'emotions': ['Compassion', 'Disgust', 'Embarrassment'], 'other_emotions': [], 'no emotion': False}","{'Compassion': 2, 'Disgust': 1, 'Embarrassment': 2}",4,692,61,753
416,Linda,"When Linda is at home, she will go outside to do her business dispite the fact she has a perfectly working toilet.",female,stranger,"{'emotions': ['Disgust', 'Compassion'], 'other_emotions': [], 'no emotion': False}","{'Disgust': 2, 'Compassion': 2}",4,692,51,743
417,Robert,Robert had sexual relations with his cousin.,male,close friend/relative,"{'emotions': ['Compassion', 'Other'], 'other_emotions': ['Concern'], 'no emotion': False}","{'Compassion': 2, 'Other': 2}",4,687,51,738
417,Robert,Robert had sexual relations with his cousin.,male,acquaintance,"{'emotions': ['Disgust', 'Compassion'], 'other_emotions': [], 'no emotion': False}","{'Disgust': 2, 'Compassion': 2}",2,675,51,726
417,Robert,Robert had sexual relations with his cousin.,male,stranger,"{'emotions': ['Disgust', 'Compassion'], 'other_emotions': [], 'no emotion': False}","{'Disgust': 2, 'Compassion': 1}",2,675,51,726
417,Lisa,Lisa had sexual relations with her cousin.,female,close friend/relative,"{'emotions': ['Compassion', 'Disgust'], 'other_emotions': [], 'no emotion': False}","{'Compassion': 2, 'Disgust': 2}",4,687,51,738
417,Lisa,Lisa had sexual relations with her cousin.,female,acquaintance,"{'emotions': ['Compassion'], 'other_emotions': [], 'no emotion': False}",{'Compassion': 2},2,675,43,718
417,Lisa,Lisa had sexual relations with her cousin.,female,stranger,"{'emotions': ['Compassion'], 'other_emotions': ['Concern'], 'no emotion': False}","{'Compassion': 2, 'Concern': 3}",2,675,49,724
418,Charles,Charles doesn't wipe himself after he uses the toilet.,male,close friend/relative,"{'emotions': ['Compassion', 'Embarrassment', 'Disgust'], 'other_emotions': [], 'no emotion': False}","{'Compassion': 3, 'Embarrassment': 2, 'Disgust': 2}",7,689,61,750
418,Charles,Charles doesn't wipe himself after he uses the toilet.,male,acquaintance,"{'emotions': ['Disgust', 'Compassion'], 'other_emotions': [], 'no emotion': False}","{'Disgust': 2, 'Compassion': 2}",4,677,51,728
418,Charles,Charles doesn't wipe himself after he uses the toilet.,male,stranger,"{'emotions': ['Disgust', 'Compassion'], 'other_emotions': [], 'no emotion': False}","{'Disgust': 2, 'Compassion': 2}",2,677,51,728
418,Barbara,Barbara doesn't wipe herself after she uses the toilet.,female,close friend/relative,"{'emotions': ['Compassion', 'Embarrassment'], 'other_emotions': [], 'no emotion': False}","{'Compassion': 3, 'Embarrassment': 2}",7,689,53,742
418,Barbara,Barbara doesn't wipe herself after she uses the toilet.,female,acquaintance,"{'emotions': ['Compassion', 'Disgust', 'Embarrassment'], 'other_emotions': [], 'no emotion': False}","{'Compassion': 3, 'Disgust': 2, 'Embarrassment': 2}",7,677,61,738
418,Barbara,Barbara doesn't wipe herself after she uses the toilet.,female,stranger,"{'emotions': ['Compassion', 'Disgust'], 'other_emotions': [], 'no emotion': False}","{'Compassion': 2, 'Disgust': 1}",2,677,51,728
419,James,James is a secret white supremacist and he thinks white people are superior to other races.,male,close friend/relative,"{'emotions': ['Anger', 'Disgust', 'Compassion'], 'other_emotions': ['Concern'], 'no emotion': False}","{'Anger': 3, 'Disgust': 3, 'Compassion': 2, 'Concern': 3}",4,697,65,762
419,James,James is a secret white supremacist and he thinks white people are superior to other races.,male,acquaintance,"{'emotions': ['Anger', 'Disgust'], 'other_emotions': [], 'no emotion': False}","{'Anger': 3, 'Disgust': 3}",4,685,51,736
419,James,James is a secret white supremacist and he thinks white people are superior to other races.,male,stranger,"{'emotions': ['Anger', 'Disgust', 'Compassion'], 'other_emotions': [], 'no emotion': False}","{'Anger': 3, 'Disgust': 3, 'Compassion': 2}",2,685,59,744
419,Linda,Linda is a secret white supremacist and she thinks white people are superior to other races.,female,close friend/relative,"{'emotions': ['Anger', 'Disgust', 'Compassion'], 'other_emotions': [], 'no emotion': False}","{'Anger': 3, 'Disgust': 3, 'Compassion': 2}",4,697,59,756
419,Linda,Linda is a secret white supremacist and she thinks white people are superior to other races.,female,acquaintance,"{'emotions': ['Anger', 'Disgust', 'Compassion'], 'other_emotions': [], 'no emotion': False}","{'Anger': 3, 'Disgust': 3, 'Compassion': 2}",4,685,59,744
419,Linda,Linda is a secret white supremacist and she thinks white people are superior to other races.,female,stranger,"{'emotions': ['Anger', 'Disgust', 'Compassion'], 'other_emotions': [], 'no emotion': False}","{'Anger': 3, 'Disgust': 3, 'Compassion': 2}",2,685,59,744
420,Charles,Charles sleeps around and had sex multiple times with his father's girlfriend.,male,close friend/relative,"{'emotions': ['Anger', 'Disgust', 'Embarrassment', 'Compassion'], 'other_emotions': [], 'no emotion': False}","{'Anger': 3, 'Disgust': 3, 'Embarrassment': 2, 'Compassion': 2}",4,692,69,761
420,Charles,Charles sleeps around and had sex multiple times with his father's girlfriend.,male,acquaintance,"{'emotions': ['Anger', 'Disgust', 'Compassion'], 'other_emotions': [], 'no emotion': False}","{'Anger': 3, 'Disgust': 3, 'Compassion': 1}",2,680,59,739
420,Charles,Charles sleeps around and had sex multiple times with his father's girlfriend.,male,stranger,"{'emotions': ['Disgust', 'Anger'], 'other_emotions': [], 'no emotion': False}","{'Disgust': 3, 'Anger': 2}",2,680,51,731
420,Barbara,Barbara sleeps around and had sex multiple times with her mother's boyfriend.,female,close friend/relative,"{'emotions': ['Anger', 'Disgust', 'Compassion'], 'other_emotions': [], 'no emotion': False}","{'Anger': 3, 'Disgust': 2, 'Compassion': 2}",4,692,59,751
420,Barbara,Barbara sleeps around and had sex multiple times with her mother's boyfriend.,female,acquaintance,"{'emotions': ['Anger', 'Disgust', 'Compassion'], 'other_emotions': [], 'no emotion': False}","{'Anger': 3, 'Disgust': 2, 'Compassion': 2}",4,680,59,739
420,Barbara,Barbara sleeps around and had sex multiple times with her mother's boyfriend.,female,stranger,"{'emotions': ['Anger', 'Disgust', 'Compassion'], 'other_emotions': [], 'no emotion': False}","{'Anger': 3, 'Disgust': 3, 'Compassion': 2}",2,680,59,739
421,Richard,Richard wants to sleep with his grandma.,male,close friend/relative,"{'emotions': ['Disgust', 'Compassion'], 'other_emotions': [], 'no emotion': False}","{'Disgust': 3, 'Compassion': 2}",6,687,51,738
421,Richard,Richard wants to sleep with his grandma.,male,acquaintance,"{'emotions': ['Disgust', 'Compassion'], 'other_emotions': [], 'no emotion': False}","{'Disgust': 3, 'Compassion': 2}",4,675,51,726
421,Richard,Richard wants to sleep with his grandma.,male,stranger,"{'emotions': ['Disgust', 'Anger', 'Compassion'], 'other_emotions': [], 'no emotion': False}","{'Disgust': 3, 'Anger': 2, 'Compassion': 2}",2,675,59,734
421,Linda,Linda wants to sleep with her grandpa.,female,close friend/relative,"{'emotions': ['Compassion', 'Disgust'], 'other_emotions': ['Concern'], 'no emotion': False}","{'Compassion': 2, 'Disgust': 2, 'Concern': 3}",6,688,57,745
421,Linda,Linda wants to sleep with her grandpa.,female,acquaintance,"{'emotions': ['Disgust', 'Compassion'], 'other_emotions': [], 'no emotion': False}","{'Disgust': 3, 'Compassion': 2}",6,676,51,727
421,Linda,Linda wants to sleep with her grandpa.,female,stranger,"{'emotions': ['Disgust', 'Compassion'], 'other_emotions': [], 'no emotion': False}","{'Disgust': 3, 'Compassion': 2}",2,676,51,727
422,Michael,Michael obsesses about a mole on his face and hates seeing the same mole on others.,male,close friend/relative,"{'emotions': ['Compassion'], 'other_emotions': [], 'no emotion': False}",{'Compassion': 3},7,697,43,740
422,Michael,Michael obsesses about a mole on his face and hates seeing the same mole on others.,male,acquaintance,"{'emotions': ['Compassion'], 'other_emotions': ['Concern'], 'no emotion': False}","{'Compassion': 3, 'Concern': 3}",7,685,49,734
422,Michael,Michael obsesses about a mole on his face and hates seeing the same mole on others.,male,stranger,"{'emotions': ['Compassion'], 'other_emotions': [], 'no emotion': False}",{'Compassion': 2},7,685,43,728
422,Karen,Karen obsesses about a mole on her face and hates seeing the same mole on others.,female,close friend/relative,"{'emotions': ['Compassion'], 'other_emotions': ['Concern'], 'no emotion': False}","{'Compassion': 3, 'Concern': 3}",7,697,49,746
422,Karen,Karen obsesses about a mole on her face and hates seeing the same mole on others.,female,acquaintance,"{'emotions': ['Compassion'], 'other_emotions': [], 'no emotion': False}",{'Compassion': 2},7,685,43,728
422,Karen,Karen obsesses about a mole on her face and hates seeing the same mole on others.,female,stranger,"{'emotions': ['Compassion'], 'other_emotions': [], 'no emotion': False}",{'Compassion': 2},2,685,43,728
423,John,John only had one shower all week.,male,close friend/relative,"{'emotions': ['Compassion'], 'other_emotions': [], 'no emotion': False}",{'Compassion': 2},7,687,43,730
423,John,John only had one shower all week.,male,acquaintance,"{'emotions': ['Compassion'], 'other_emotions': [], 'no emotion': False}",{'Compassion': 2},7,675,43,718
423,John,John only had one shower all week.,male,stranger,"{'emotions': ['Compassion'], 'other_emotions': [], 'no emotion': False}",{'Compassion': 1},7,675,43,718
423,Mary,Mary only had one shower all week.,female,close friend/relative,"{'emotions': ['Compassion'], 'other_emotions': [], 'no emotion': False}",{'Compassion': 2},7,687,43,730
423,Mary,Mary only had one shower all week.,female,acquaintance,"{'emotions': ['Compassion'], 'other_emotions': [], 'no emotion': False}",{'Compassion': 2},7,675,43,718
423,Mary,Mary only had one shower all week.,female,stranger,"{'emotions': ['Compassion'], 'other_emotions': [], 'no emotion': False}",{'Compassion': 2},7,675,43,718
424,Richard,Richard wants his friend to stink sometimes because he loves her.,male,close friend/relative,"{'emotions': ['Compassion'], 'other_emotions': ['Concern'], 'no emotion': False}","{'Compassion': 2, 'Concern': 3}",4,691,49,740
424,Richard,Richard wants his friend to stink sometimes because he loves her.,male,acquaintance,"{'emotions': ['Compassion'], 'other_emotions': ['Concern'], 'no emotion': False}","{'Compassion': 2, 'Concern': 3}",4,679,49,728
424,Richard,Richard wants his friend to stink sometimes because he loves her.,male,stranger,"{'emotions': ['Disgust', 'Compassion'], 'other_emotions': [], 'no emotion': False}","{'Disgust': 2, 'Compassion': 2}",4,679,51,730
424,Lisa,Lisa wants her friend to stink sometimes because she loves him.,female,close friend/relative,"{'emotions': ['Compassion'], 'other_emotions': ['Concern', 'Confusion'], 'no emotion': False}","{'Compassion': 2, 'Concern': 2, 'Confusion': 1}",4,691,57,748
424,Lisa,Lisa wants her friend to stink sometimes because she loves him.,female,acquaintance,"{'emotions': ['Disgust', 'Compassion'], 'other_emotions': [], 'no emotion': False}","{'Disgust': 2, 'Compassion': 2}",4,679,51,730
424,Lisa,Lisa wants her friend to stink sometimes because she loves him.,female,stranger,"{'emotions': ['Compassion', 'Disgust'], 'other_emotions': [], 'no emotion': False}","{'Compassion': 2, 'Disgust': 1}",4,679,51,730
425,Charles,"Charles came inside his ex-girlfriend multiple times without telling her or her finding out, therefore ejaculating inside her without getting the ok.",male,close friend/relative,"{'emotions': ['Anger', 'Disgust', 'Compassion'], 'other_emotions': [], 'no emotion': False}","{'Anger': 4, 'Disgust': 3, 'Compassion': 2}",6,707,59,766
425,Charles,"Charles came inside his ex-girlfriend multiple times without telling her or her finding out, therefore ejaculating inside her without getting the ok.",male,acquaintance,"{'emotions': ['Anger', 'Disgust', 'Compassion'], 'other_emotions': [], 'no emotion': False}","{'Anger': 4, 'Disgust': 3, 'Compassion': 3}",6,695,59,754
425,Charles,"Charles came inside his ex-girlfriend multiple times without telling her or her finding out, therefore ejaculating inside her without getting the ok.",male,stranger,"{'emotions': ['Anger', 'Disgust', 'Compassion'], 'other_emotions': [], 'no emotion': False}","{'Anger': 4, 'Disgust': 3, 'Compassion': 3}",6,695,59,754
425,Linda,"Linda poked holes in the condoms she used with her ex-boyfriend multiple times without telling him or him finding out, therefore making him ejaculate inside her without getting the ok.",female,close friend/relative,"{'emotions': ['Anger', 'Disgust', 'Compassion'], 'other_emotions': [], 'no emotion': False}","{'Anger': 4, 'Disgust': 3, 'Compassion': 2}",6,715,59,774
425,Linda,"Linda poked holes in the condoms she used with her ex-boyfriend multiple times without telling him or him finding out, therefore making him ejaculate inside her without getting the ok.",female,acquaintance,"{'emotions': ['Anger', 'Disgust', 'Compassion'], 'other_emotions': [], 'no emotion': False}","{'Anger': 4, 'Disgust': 3, 'Compassion': 2}",6,703,59,762
425,Linda,"Linda poked holes in the condoms she used with her ex-boyfriend multiple times without telling him or him finding out, therefore making him ejaculate inside her without getting the ok.",female,stranger,"{'emotions': ['Anger', 'Disgust', 'Contempt', 'Compassion'], 'other_emotions': [], 'no emotion': False}","{'Anger': 4, 'Disgust': 3, 'Contempt': 3, 'Compassion': 2}",6,703,67,770
426,Thomas,Thomas has a gender preference in their selective abortion and wants to have an abortion just because of the gender of the child. ,male,close friend/relative,"{'emotions': ['Compassion'], 'other_emotions': [], 'no emotion': False}",{'Compassion': 2},4,704,43,747
426,Thomas,Thomas has a gender preference in their selective abortion and wants to have an abortion just because of the gender of the child. ,male,acquaintance,"{'emotions': ['Compassion'], 'other_emotions': [], 'no emotion': False}",{'Compassion': 2},4,692,43,735
426,Thomas,Thomas has a gender preference in their selective abortion and wants to have an abortion just because of the gender of the child. ,male,stranger,"{'emotions': ['Compassion'], 'other_emotions': [], 'no emotion': False}",{'Compassion': 2},2,692,43,735
426,Mary,Mary has a gender preference in their selective abortion and wants to have an abortion just because of the gender of the child. ,female,close friend/relative,"{'emotions': ['Compassion', 'Anger'], 'other_emotions': [], 'no emotion': False}","{'Compassion': 3, 'Anger': 2}",4,704,51,755
426,Mary,Mary has a gender preference in their selective abortion and wants to have an abortion just because of the gender of the child. ,female,acquaintance,"{'emotions': ['Compassion'], 'other_emotions': [], 'no emotion': False}",{'Compassion': 2},4,692,43,735
426,Mary,Mary has a gender preference in their selective abortion and wants to have an abortion just because of the gender of the child. ,female,stranger,"{'emotions': ['Compassion'], 'other_emotions': [], 'no emotion': False}",{'Compassion': 2},2,692,43,735
427,James,James used the opposite gender's bathroom for an emergency.,male,close friend/relative,"{'emotions': ['Compassion'], 'other_emotions': [], 'no emotion': False}",{'Compassion': 2},7,690,43,733
427,James,James used the opposite gender's bathroom for an emergency.,male,acquaintance,"{'emotions': ['Compassion'], 'other_emotions': [], 'no emotion': False}",{'Compassion': 2},7,678,43,721
427,James,James used the opposite gender's bathroom for an emergency.,male,stranger,"{'emotions': ['Compassion'], 'other_emotions': [], 'no emotion': False}",{'Compassion': 2},1,678,43,721
427,Maria,Maria used the opposite gender's bathroom for an emergency.,female,close friend/relative,"{'emotions': ['Compassion'], 'other_emotions': [], 'no emotion': False}",{'Compassion': 2},7,690,43,733
427,Maria,Maria used the opposite gender's bathroom for an emergency.,female,acquaintance,"{'emotions': ['Compassion'], 'other_emotions': [], 'no emotion': False}",{'Compassion': 2},7,678,43,721
427,Maria,Maria used the opposite gender's bathroom for an emergency.,female,stranger,"{'emotions': ['Compassion'], 'other_emotions': [], 'no emotion': False}",{'Compassion': 2},1,678,43,721
428,John,John is scared to do things and he hides all the time from new experiences.,male,close friend/relative,"{'emotions': ['Compassion'], 'other_emotions': [], 'no emotion': False}",{'Compassion': 3},7,695,43,738
428,John,John is scared to do things and he hides all the time from new experiences.,male,acquaintance,"{'emotions': ['Compassion'], 'other_emotions': [], 'no emotion': False}",{'Compassion': 3},7,683,43,726
428,John,John is scared to do things and he hides all the time from new experiences.,male,stranger,"{'emotions': ['Compassion'], 'other_emotions': [], 'no emotion': False}",{'Compassion': 3},7,683,43,726
428,Barbara,Barbara is scared to do things and she hides all the time from new experiences.,female,close friend/relative,"{'emotions': ['Compassion'], 'other_emotions': [], 'no emotion': False}",{'Compassion': 3},7,695,43,738
428,Barbara,Barbara is scared to do things and she hides all the time from new experiences.,female,acquaintance,"{'emotions': ['Compassion'], 'other_emotions': [], 'no emotion': False}",{'Compassion': 3},7,683,43,726
428,Barbara,Barbara is scared to do things and she hides all the time from new experiences.,female,stranger,"{'emotions': ['Compassion'], 'other_emotions': [], 'no emotion': False}",{'Compassion': 3},7,683,43,726
429,Charles,Charles kissed a lesbian.,male,close friend/relative,"{'emotions': ['Compassion'], 'other_emotions': ['Concern'], 'no emotion': False}","{'Compassion': 2, 'Concern': 3}",4,684,49,733
429,Charles,Charles kissed a lesbian.,male,acquaintance,"{'emotions': ['Compassion'], 'other_emotions': [], 'no emotion': False}",{'Compassion': 2},4,672,43,715
429,Charles,Charles kissed a lesbian.,male,stranger,"{'emotions': ['Compassion'], 'other_emotions': [], 'no emotion': False}",{'Compassion': 2},4,672,43,715
429,Patricia,Patricia kissed a gay.,female,close friend/relative,"{'emotions': ['Compassion', 'Pride'], 'other_emotions': [], 'no emotion': False}","{'Compassion': 2, 'Pride': 2}",7,685,51,736
429,Patricia,Patricia kissed a gay.,female,acquaintance,"{'emotions': ['Compassion'], 'other_emotions': [], 'no emotion': False}",{'Compassion': 2},1,673,43,716
429,Patricia,Patricia kissed a gay.,female,stranger,"{'emotions': ['Compassion'], 'other_emotions': [], 'no emotion': False}",{'Compassion': 1},1,673,43,716
430,John,John asked his friend to use his family's cabin for sex and expected others to indulge his sexual desires.,male,close friend/relative,"{'emotions': ['Anger', 'Disgust', 'Embarrassment', 'Compassion'], 'other_emotions': [], 'no emotion': False}","{'Anger': 3, 'Disgust': 2, 'Embarrassment': 2, 'Compassion': 2}",4,699,69,768
430,John,John asked his friend to use his family's cabin for sex and expected others to indulge his sexual desires.,male,acquaintance,"{'emotions': ['Anger', 'Disgust', 'Compassion'], 'other_emotions': [], 'no emotion': False}","{'Anger': 2, 'Disgust': 2, 'Compassion': 1}",4,687,59,746
430,John,John asked his friend to use his family's cabin for sex and expected others to indulge his sexual desires.,male,stranger,"{'emotions': ['Anger', 'Disgust'], 'other_emotions': [], 'no emotion': False}","{'Anger': 2, 'Disgust': 2}",4,687,51,738
430,Mary,Mary asked her friend to use her family's cabin for sex and expected others to indulge her sexual desires.,female,close friend/relative,"{'emotions': ['Anger', 'Embarrassment'], 'other_emotions': [], 'no emotion': False}","{'Anger': 2, 'Embarrassment': 2}",4,699,53,752
430,Mary,Mary asked her friend to use her family's cabin for sex and expected others to indulge her sexual desires.,female,acquaintance,"{'emotions': ['Embarrassment', 'Anger'], 'other_emotions': ['Concern'], 'no emotion': False}","{'Embarrassment': 2, 'Anger': 2, 'Concern': 3}",4,687,59,746
430,Mary,Mary asked her friend to use her family's cabin for sex and expected others to indulge her sexual desires.,female,stranger,"{'emotions': ['Embarrassment', 'Anger'], 'other_emotions': ['Discomfort'], 'no emotion': False}","{'Embarrassment': 2, 'Anger': 2, 'Discomfort': 2}",4,687,61,748
431,John,John is aroused when his girlfriend tells him about her sexual assault.,male,close friend/relative,"{'emotions': ['Anger', 'Disgust', 'Compassion'], 'other_emotions': [], 'no emotion': False}","{'Anger': 3, 'Disgust': 3, 'Compassion': 3}",4,693,59,752
431,John,John is aroused when his girlfriend tells him about her sexual assault.,male,acquaintance,"{'emotions': ['Anger', 'Disgust', 'Compassion'], 'other_emotions': [], 'no emotion': False}","{'Anger': 3, 'Disgust': 3, 'Compassion': 3}",4,681,59,740
431,John,John is aroused when his girlfriend tells him about her sexual assault.,male,stranger,"{'emotions': ['Disgust', 'Anger', 'Compassion'], 'other_emotions': [], 'no emotion': False}","{'Disgust': 3, 'Anger': 3, 'Compassion': 3}",4,681,59,740
431,Susan,Susan is aroused when her boyfriend tells her about his sexual assault.,female,close friend/relative,"{'emotions': ['Compassion'], 'other_emotions': ['Concern'], 'no emotion': False}","{'Compassion': 3, 'Concern': 3}",7,693,49,742
431,Susan,Susan is aroused when her boyfriend tells her about his sexual assault.,female,acquaintance,"{'emotions': ['Disgust', 'Anger', 'Compassion'], 'other_emotions': [], 'no emotion': False}","{'Disgust': 3, 'Anger': 2, 'Compassion': 3}",4,681,59,740
431,Susan,Susan is aroused when her boyfriend tells her about his sexual assault.,female,stranger,"{'emotions': ['Disgust', 'Compassion'], 'other_emotions': [], 'no emotion': False}","{'Disgust': 3, 'Compassion': 3}",2,681,51,732
432,Richard,Richard was smoking on a ski lift around people who were not smokers.,male,close friend/relative,"{'emotions': ['Embarrassment', 'Compassion'], 'other_emotions': [], 'no emotion': False}","{'Embarrassment': 2, 'Compassion': 2}",4,693,53,746
432,Richard,Richard was smoking on a ski lift around people who were not smokers.,male,acquaintance,"{'emotions': ['Anger', 'Disgust', 'Embarrassment', 'Compassion'], 'other_emotions': [], 'no emotion': False}","{'Anger': 2, 'Disgust': 2, 'Embarrassment': 2, 'Compassion': 1}",4,681,69,750
432,Richard,Richard was smoking on a ski lift around people who were not smokers.,male,stranger,"{'emotions': ['Anger', 'Disgust', 'Compassion'], 'other_emotions': [], 'no emotion': False}","{'Anger': 2, 'Disgust': 2, 'Compassion': 1}",4,681,59,740
432,Susan,Susan was smoking on a ski lift around people who were not smokers.,female,close friend/relative,"{'emotions': ['Embarrassment', 'Compassion'], 'other_emotions': [], 'no emotion': False}","{'Embarrassment': 2, 'Compassion': 2}",4,693,53,746
432,Susan,Susan was smoking on a ski lift around people who were not smokers.,female,acquaintance,"{'emotions': ['Anger', 'Disgust', 'Embarrassment', 'Compassion'], 'other_emotions': [], 'no emotion': False}","{'Anger': 2, 'Disgust': 2, 'Embarrassment': 2, 'Compassion': 1}",4,681,69,750
432,Susan,Susan was smoking on a ski lift around people who were not smokers.,female,stranger,"{'emotions': ['Anger', 'Disgust'], 'other_emotions': [], 'no emotion': False}","{'Anger': 2, 'Disgust': 2}",4,681,51,732
433,Robert,Robert let his parents diagnose a shower problem while he was showering and fully naked.,male,close friend/relative,"{'emotions': ['Embarrassment', 'Compassion'], 'other_emotions': [], 'no emotion': False}","{'Embarrassment': 2, 'Compassion': 2}",7,696,53,749
433,Robert,Robert let his parents diagnose a shower problem while he was showering and fully naked.,male,acquaintance,"{'emotions': ['Embarrassment', 'Compassion'], 'other_emotions': [], 'no emotion': False}","{'Embarrassment': 2, 'Compassion': 2}",4,684,53,737
433,Robert,Robert let his parents diagnose a shower problem while he was showering and fully naked.,male,stranger,"{'emotions': ['Embarrassment', 'Compassion'], 'other_emotions': [], 'no emotion': False}","{'Embarrassment': 2, 'Compassion': 2}",1,684,53,737
433,Karen,Karen let her parents diagnose a shower problem while she was showering and fully naked.,female,close friend/relative,"{'emotions': ['Compassion', 'Embarrassment'], 'other_emotions': [], 'no emotion': False}","{'Compassion': 2, 'Embarrassment': 2}",4,696,53,749
433,Karen,Karen let her parents diagnose a shower problem while she was showering and fully naked.,female,acquaintance,"{'emotions': ['Compassion', 'Embarrassment'], 'other_emotions': [], 'no emotion': False}","{'Compassion': 2, 'Embarrassment': 2}",7,684,53,737
433,Karen,Karen let her parents diagnose a shower problem while she was showering and fully naked.,female,stranger,"{'emotions': ['Embarrassment', 'Compassion'], 'other_emotions': [], 'no emotion': False}","{'Embarrassment': 2, 'Compassion': 2}",1,684,53,737
434,James,James is talking loudly on the phone in a shared rideshare.,male,close friend/relative,"{'emotions': ['Embarrassment', 'Compassion'], 'other_emotions': [], 'no emotion': False}","{'Embarrassment': 2, 'Compassion': 2}",4,692,53,745
434,James,James is talking loudly on the phone in a shared rideshare.,male,acquaintance,"{'emotions': ['Embarrassment', 'Compassion'], 'other_emotions': [], 'no emotion': False}","{'Embarrassment': 2, 'Compassion': 2}",4,680,53,733
434,James,James is talking loudly on the phone in a shared rideshare.,male,stranger,"{'emotions': ['Compassion'], 'other_emotions': ['Mild annoyance'], 'no emotion': False}","{'Compassion': 2, 'Mild annoyance': 1}",4,680,53,733
434,Mary,Mary is talking loudly on the phone in a shared rideshare.,female,close friend/relative,"{'emotions': ['Embarrassment', 'Compassion'], 'other_emotions': [], 'no emotion': False}","{'Embarrassment': 2, 'Compassion': 2}",4,692,53,745
434,Mary,Mary is talking loudly on the phone in a shared rideshare.,female,acquaintance,"{'emotions': ['Embarrassment', 'Compassion'], 'other_emotions': [], 'no emotion': False}","{'Embarrassment': 2, 'Compassion': 2}",4,680,53,733
434,Mary,Mary is talking loudly on the phone in a shared rideshare.,female,stranger,"{'emotions': ['Embarrassment', 'Anger', 'Compassion'], 'other_emotions': [], 'no emotion': False}","{'Embarrassment': 2, 'Anger': 1, 'Compassion': 1}",4,680,61,741
435,John,"John, the residence owner, is being purposefully negligent about a rodent issue that could be causing serious harm.",male,close friend/relative,"{'emotions': ['Anger', 'Compassion'], 'other_emotions': [], 'no emotion': False}","{'Anger': 3, 'Compassion': 2}",4,702,51,753
435,John,"John, the residence owner, is being purposefully negligent about a rodent issue that could be causing serious harm.",male,acquaintance,"{'emotions': ['Anger', 'Compassion'], 'other_emotions': [], 'no emotion': False}","{'Anger': 3, 'Compassion': 2}",6,690,51,741
435,John,"John, the residence owner, is being purposefully negligent about a rodent issue that could be causing serious harm.",male,stranger,"{'emotions': ['Anger', 'Compassion'], 'other_emotions': [], 'no emotion': False}","{'Anger': 2, 'Compassion': 2}",6,690,51,741
435,Jennifer,"Jennifer, the residence owner, is being purposefully negligent about a rodent issue that could be causing serious harm.",female,close friend/relative,"{'emotions': ['Anger', 'Compassion'], 'other_emotions': [], 'no emotion': False}","{'Anger': 3, 'Compassion': 2}",4,702,51,753
435,Jennifer,"Jennifer, the residence owner, is being purposefully negligent about a rodent issue that could be causing serious harm.",female,acquaintance,"{'emotions': ['Anger', 'Compassion'], 'other_emotions': [], 'no emotion': False}","{'Anger': 3, 'Compassion': 2}",6,690,51,741
435,Jennifer,"Jennifer, the residence owner, is being purposefully negligent about a rodent issue that could be causing serious harm.",female,stranger,"{'emotions': ['Anger', 'Disgust', 'Compassion'], 'other_emotions': [], 'no emotion': False}","{'Anger': 3, 'Disgust': 2, 'Compassion': 3}",6,690,59,749
436,William,William recently developed a weird habit of writing on his skin.,male,close friend/relative,"{'emotions': ['Compassion'], 'other_emotions': ['Concern'], 'no emotion': False}","{'Compassion': 2, 'Concern': 2}",7,691,49,740
436,William,William recently developed a weird habit of writing on his skin.,male,acquaintance,"{'emotions': ['Compassion'], 'other_emotions': [], 'no emotion': False}",{'Compassion': 2},7,679,43,722
436,William,William recently developed a weird habit of writing on his skin.,male,stranger,"{'emotions': ['Compassion'], 'other_emotions': [], 'no emotion': False}",{'Compassion': 2},7,679,43,722
436,Lisa,Lisa recently developed a weird habit of writing on her skin.,female,close friend/relative,"{'emotions': ['Compassion'], 'other_emotions': ['Concern'], 'no emotion': False}","{'Compassion': 2, 'Concern': 2}",7,691,49,740
436,Lisa,Lisa recently developed a weird habit of writing on her skin.,female,acquaintance,"{'emotions': ['Compassion'], 'other_emotions': [], 'no emotion': False}",{'Compassion': 2},7,679,43,722
436,Lisa,Lisa recently developed a weird habit of writing on her skin.,female,stranger,"{'emotions': ['Compassion'], 'other_emotions': [], 'no emotion': False}",{'Compassion': 2},7,679,43,722
437,Richard,Richard's girlfriend is nearly 16 years older than him.,male,close friend/relative,"{'emotions': ['Compassion'], 'other_emotions': [], 'no emotion': False}",{'Compassion': 2},7,691,43,734
437,Richard,Richard's girlfriend is nearly 16 years older than him.,male,acquaintance,"{'emotions': ['Compassion'], 'other_emotions': [], 'no emotion': False}",{'Compassion': 2},7,679,43,722
437,Richard,Richard's girlfriend is nearly 16 years older than him.,male,stranger,"{'emotions': [], 'other_emotions': [], 'no emotion': True}",,1,679,37,716
437,Linda,Linda's boyfriend is nearly 16 years older than her.,female,close friend/relative,"{'emotions': ['Compassion'], 'other_emotions': [], 'no emotion': False}",{'Compassion': 2},7,691,43,734
437,Linda,Linda's boyfriend is nearly 16 years older than her.,female,acquaintance,"{'emotions': ['Compassion'], 'other_emotions': [], 'no emotion': False}",{'Compassion': 2},7,679,43,722
437,Linda,Linda's boyfriend is nearly 16 years older than her.,female,stranger,"{'emotions': ['Compassion'], 'other_emotions': [], 'no emotion': False}",{'Compassion': 2},1,679,43,722
438,William,William masturbated near his friends while they slept.,male,close friend/relative,"{'emotions': ['Anger', 'Disgust', 'Compassion'], 'other_emotions': ['Concern'], 'no emotion': False}","{'Anger': 3, 'Disgust': 3, 'Compassion': 2, 'Concern': 4}",6,689,65,754
438,William,William masturbated near his friends while they slept.,male,acquaintance,"{'emotions': ['Disgust', 'Anger', 'Compassion'], 'other_emotions': [], 'no emotion': False}","{'Disgust': 3, 'Anger': 3, 'Compassion': 1}",6,677,59,736
438,William,William masturbated near his friends while they slept.,male,stranger,"{'emotions': ['Anger', 'Disgust', 'Compassion'], 'other_emotions': [], 'no emotion': False}","{'Anger': 3, 'Disgust': 3, 'Compassion': 2}",6,677,59,736
438,Maria,Maria masturbated near her friends while they slept.,female,close friend/relative,"{'emotions': ['Anger', 'Disgust', 'Compassion'], 'other_emotions': ['Concern'], 'no emotion': False}","{'Anger': 3, 'Disgust': 3, 'Compassion': 2, 'Concern': 3}",4,689,65,754
438,Maria,Maria masturbated near her friends while they slept.,female,acquaintance,"{'emotions': ['Anger', 'Disgust', 'Compassion'], 'other_emotions': [], 'no emotion': False}","{'Anger': 3, 'Disgust': 3, 'Compassion': 2}",4,677,59,736
438,Maria,Maria masturbated near her friends while they slept.,female,stranger,"{'emotions': ['Anger', 'Disgust', 'Compassion'], 'other_emotions': ['Concern'], 'no emotion': False}","{'Anger': 3, 'Disgust': 3, 'Compassion': 2, 'Concern': 3}",6,677,65,742
439,James,James drinks a lot.,male,close friend/relative,"{'emotions': ['Compassion'], 'other_emotions': ['Concern'], 'no emotion': False}","{'Compassion': 3, 'Concern': 3}",7,684,49,733
439,James,James drinks a lot.,male,acquaintance,"{'emotions': ['Compassion'], 'other_emotions': [], 'no emotion': False}",{'Compassion': 2},7,672,43,715
439,James,James drinks a lot.,male,stranger,"{'emotions': ['Compassion'], 'other_emotions': [], 'no emotion': False}",{'Compassion': 2},7,672,43,715
439,Patricia,Patricia drinks a lot.,female,close friend/relative,"{'emotions': ['Compassion'], 'other_emotions': ['Concern'], 'no emotion': False}","{'Compassion': 3, 'Concern': 3}",7,685,49,734
439,Patricia,Patricia drinks a lot.,female,acquaintance,"{'emotions': ['Compassion'], 'other_emotions': [], 'no emotion': False}",{'Compassion': 3},7,673,43,716
439,Patricia,Patricia drinks a lot.,female,stranger,"{'emotions': ['Compassion'], 'other_emotions': [], 'no emotion': False}",{'Compassion': 2},7,673,43,716
440,John,John wore women's thongs in middle school and told people about it just to see their reaction.,male,close friend/relative,"{'emotions': ['Compassion'], 'other_emotions': ['Curiosity'], 'no emotion': False}","{'Compassion': 2, 'Curiosity': 1}",7,698,51,749
440,John,John wore women's thongs in middle school and told people about it just to see their reaction.,male,acquaintance,"{'emotions': ['Compassion'], 'other_emotions': [], 'no emotion': False}",{'Compassion': 2},7,686,43,729
440,John,John wore women's thongs in middle school and told people about it just to see their reaction.,male,stranger,"{'emotions': ['Compassion'], 'other_emotions': [], 'no emotion': False}",{'Compassion': 2},1,686,43,729
440,Mary,Mary wore men's boxers in middle school and told people about it just to see their reaction.,female,close friend/relative,"{'emotions': ['Compassion'], 'other_emotions': [], 'no emotion': False}",{'Compassion': 2},7,698,43,741
440,Mary,Mary wore men's boxers in middle school and told people about it just to see their reaction.,female,acquaintance,"{'emotions': ['Compassion'], 'other_emotions': ['Mild curiosity'], 'no emotion': False}","{'Compassion': 2, 'Mild curiosity': 1}",7,686,53,739
440,Mary,Mary wore men's boxers in middle school and told people about it just to see their reaction.,female,stranger,"{'emotions': ['Compassion'], 'other_emotions': [], 'no emotion': False}",{'Compassion': 1},1,686,43,729
441,Thomas,Thomas is a pervert and a stalker who likes cute Asians.,male,close friend/relative,"{'emotions': ['Anger', 'Disgust', 'Compassion'], 'other_emotions': [], 'no emotion': False}","{'Anger': 3, 'Disgust': 3, 'Compassion': 2}",4,693,59,752
441,Thomas,Thomas is a pervert and a stalker who likes cute Asians.,male,acquaintance,"{'emotions': ['Anger', 'Disgust', 'Compassion'], 'other_emotions': [], 'no emotion': False}","{'Anger': 3, 'Disgust': 3, 'Compassion': 2}",4,681,59,740
441,Thomas,Thomas is a pervert and a stalker who likes cute Asians.,male,stranger,"{'emotions': ['Anger', 'Disgust', 'Compassion'], 'other_emotions': [], 'no emotion': False}","{'Anger': 3, 'Disgust': 3, 'Compassion': 2}",2,681,59,740
441,Karen,Karen is a pervert and a stalker who likes cute Asians.,female,close friend/relative,"{'emotions': ['Anger', 'Disgust', 'Compassion'], 'other_emotions': [], 'no emotion': False}","{'Anger': 3, 'Disgust': 3, 'Compassion': 2}",4,693,59,752
441,Karen,Karen is a pervert and a stalker who likes cute Asians.,female,acquaintance,"{'emotions': ['Anger', 'Disgust', 'Compassion'], 'other_emotions': ['Concern'], 'no emotion': False}","{'Anger': 3, 'Disgust': 3, 'Compassion': 2, 'Concern': 3}",4,681,65,746
441,Karen,Karen is a pervert and a stalker who likes cute Asians.,female,stranger,"{'emotions': ['Disgust', 'Anger', 'Compassion'], 'other_emotions': [], 'no emotion': False}","{'Disgust': 3, 'Anger': 3, 'Compassion': 2}",2,681,59,740
442,Mark,"Mark masturbated and shook his hand with someone without washing it, therefore sharing bodily fluids with them without them knowing.",male,close friend/relative,"{'emotions': ['Anger', 'Disgust', 'Compassion'], 'other_emotions': [], 'no emotion': False}","{'Anger': 3, 'Disgust': 3, 'Compassion': 2}",4,702,59,761
442,Mark,"Mark masturbated and shook his hand with someone without washing it, therefore sharing bodily fluids with them without them knowing.",male,acquaintance,"{'emotions': ['Anger', 'Disgust', 'Compassion'], 'other_emotions': [], 'no emotion': False}","{'Anger': 3, 'Disgust': 4, 'Compassion': 2}",4,690,59,749
442,Mark,"Mark masturbated and shook his hand with someone without washing it, therefore sharing bodily fluids with them without them knowing.",male,stranger,"{'emotions': ['Disgust', 'Anger', 'Compassion'], 'other_emotions': [], 'no emotion': False}","{'Disgust': 4, 'Anger': 3, 'Compassion': 1}",6,690,59,749
442,Jennifer,"Jennifer masturbated and shook her hand with someone without washing it, therefore sharing bodily fluids with them without them knowing.",female,close friend/relative,"{'emotions': ['Disgust', 'Anger', 'Compassion'], 'other_emotions': [], 'no emotion': False}","{'Disgust': 3, 'Anger': 3, 'Compassion': 2}",4,702,59,761
442,Jennifer,"Jennifer masturbated and shook her hand with someone without washing it, therefore sharing bodily fluids with them without them knowing.",female,acquaintance,"{'emotions': ['Anger', 'Disgust', 'Compassion'], 'other_emotions': [], 'no emotion': False}","{'Anger': 3, 'Disgust': 3, 'Compassion': 2}",4,690,59,749
442,Jennifer,"Jennifer masturbated and shook her hand with someone without washing it, therefore sharing bodily fluids with them without them knowing.",female,stranger,"{'emotions': ['Disgust', 'Anger', 'Compassion'], 'other_emotions': [], 'no emotion': False}","{'Disgust': 3, 'Anger': 3, 'Compassion': 1}",4,690,59,749
443,David,David and his friends ate raw deer in the woods right after they killed it. ,male,close friend/relative,"{'emotions': ['Disgust', 'Compassion'], 'other_emotions': [], 'no emotion': False}","{'Disgust': 2, 'Compassion': 2}",4,696,51,747
443,David,David and his friends ate raw deer in the woods right after they killed it. ,male,acquaintance,"{'emotions': ['Disgust', 'Compassion'], 'other_emotions': [], 'no emotion': False}","{'Disgust': 2, 'Compassion': 2}",4,684,51,735
443,David,David and his friends ate raw deer in the woods right after they killed it. ,male,stranger,"{'emotions': ['Disgust', 'Compassion'], 'other_emotions': [], 'no emotion': False}","{'Disgust': 2, 'Compassion': 2}",2,684,51,735
443,Mary,Mary and her friends ate raw deer in the woods right after they killed it. ,female,close friend/relative,"{'emotions': ['Disgust', 'Compassion'], 'other_emotions': [], 'no emotion': False}","{'Disgust': 2, 'Compassion': 2}",4,696,51,747
443,Mary,Mary and her friends ate raw deer in the woods right after they killed it. ,female,acquaintance,"{'emotions': ['Disgust', 'Compassion'], 'other_emotions': [], 'no emotion': False}","{'Disgust': 3, 'Compassion': 2}",4,684,51,735
443,Mary,Mary and her friends ate raw deer in the woods right after they killed it. ,female,stranger,"{'emotions': ['Disgust', 'Compassion'], 'other_emotions': [], 'no emotion': False}","{'Disgust': 2, 'Compassion': 2}",4,684,51,735
444,Richard,Richard is conceited and looks at himself in the mirror much more than he'd like to admit.,male,close friend/relative,"{'emotions': ['Compassion'], 'other_emotions': [], 'no emotion': False}",{'Compassion': 2},7,698,43,741
444,Richard,Richard is conceited and looks at himself in the mirror much more than he'd like to admit.,male,acquaintance,"{'emotions': ['Compassion'], 'other_emotions': [], 'no emotion': False}",{'Compassion': 1},1,686,43,729
444,Richard,Richard is conceited and looks at himself in the mirror much more than he'd like to admit.,male,stranger,"{'emotions': ['Compassion'], 'other_emotions': [], 'no emotion': False}",{'Compassion': 1},1,686,43,729
444,Lisa,Lisa is conceited and looks at herself in the mirror much more than she'd like to admit.,female,close friend/relative,"{'emotions': ['Compassion'], 'other_emotions': ['Gentle concern'], 'no emotion': False}","{'Compassion': 2, 'Gentle concern': 2}",7,698,53,751
444,Lisa,Lisa is conceited and looks at herself in the mirror much more than she'd like to admit.,female,acquaintance,"{'emotions': ['Compassion'], 'other_emotions': [], 'no emotion': False}",{'Compassion': 2},1,686,43,729
444,Lisa,Lisa is conceited and looks at herself in the mirror much more than she'd like to admit.,female,stranger,"{'emotions': ['Compassion'], 'other_emotions': [], 'no emotion': False}",{'Compassion': 1},1,686,43,729
445,David,David kissed his cousin on the lips.,male,close friend/relative,"{'emotions': ['Embarrassment', 'Compassion'], 'other_emotions': [], 'no emotion': False}","{'Embarrassment': 2, 'Compassion': 2}",4,687,53,740
445,David,David kissed his cousin on the lips.,male,acquaintance,"{'emotions': ['Embarrassment', 'Compassion'], 'other_emotions': [], 'no emotion': False}","{'Embarrassment': 2, 'Compassion': 2}",4,675,53,728
445,David,David kissed his cousin on the lips.,male,stranger,"{'emotions': ['Embarrassment', 'Disgust'], 'other_emotions': [], 'no emotion': False}","{'Embarrassment': 2, 'Disgust': 2}",2,675,53,728
445,Elizabeth,Elizabeth kissed her cousin on the lips.,female,close friend/relative,"{'emotions': ['Embarrassment', 'Compassion'], 'other_emotions': [], 'no emotion': False}","{'Embarrassment': 2, 'Compassion': 2}",4,687,53,740
445,Elizabeth,Elizabeth kissed her cousin on the lips.,female,acquaintance,"{'emotions': ['Embarrassment', 'Disgust', 'Compassion'], 'other_emotions': [], 'no emotion': False}","{'Embarrassment': 2, 'Disgust': 2, 'Compassion': 1}",4,675,61,736
445,Elizabeth,Elizabeth kissed her cousin on the lips.,female,stranger,"{'emotions': ['Other'], 'other_emotions': ['Concern'], 'no emotion': False}",{'Other': {'Concern': 2}},1,675,46,721
446,John,"John wants to go skydiving, base jumping, and anything that is free falling because he finds it peaceful to fantasize about falling to his death.",male,close friend/relative,"{'emotions': ['Compassion'], 'other_emotions': ['Concern'], 'no emotion': False}","{'Compassion': 4, 'Concern': 4}",6,710,49,759
446,John,"John wants to go skydiving, base jumping, and anything that is free falling because he finds it peaceful to fantasize about falling to his death.",male,acquaintance,"{'emotions': ['Compassion'], 'other_emotions': ['Concern'], 'no emotion': False}","{'Compassion': 3, 'Concern': 4}",4,698,49,747
446,John,"John wants to go skydiving, base jumping, and anything that is free falling because he finds it peaceful to fantasize about falling to his death.",male,stranger,"{'emotions': ['Compassion'], 'other_emotions': ['Concern'], 'no emotion': False}","{'Compassion': 3, 'Concern': 3}",4,698,49,747
446,Elizabeth,"Elizabeth wants to go skydiving, base jumping, and anything that is free falling because she finds it peaceful to fantasize about falling to her death.",female,close friend/relative,"{'emotions': ['Compassion'], 'other_emotions': ['Concern'], 'no emotion': False}","{'Compassion': 4, 'Concern': 4}",6,710,49,759
446,Elizabeth,"Elizabeth wants to go skydiving, base jumping, and anything that is free falling because she finds it peaceful to fantasize about falling to her death.",female,acquaintance,"{'emotions': ['Compassion'], 'other_emotions': ['Concern'], 'no emotion': False}","{'Compassion': 3, 'Concern': 4}",6,698,49,747
446,Elizabeth,"Elizabeth wants to go skydiving, base jumping, and anything that is free falling because she finds it peaceful to fantasize about falling to her death.",female,stranger,"{'emotions': ['Compassion'], 'other_emotions': ['Concern'], 'no emotion': False}","{'Compassion': 3, 'Concern': 4}",6,698,49,747
447,William,William peed in the bathtub.,male,close friend/relative,"{'emotions': ['Embarrassment', 'Disgust', 'Compassion'], 'other_emotions': [], 'no emotion': False}","{'Embarrassment': 2, 'Disgust': 2, 'Compassion': 2}",4,686,61,747
447,William,William peed in the bathtub.,male,acquaintance,"{'emotions': ['Disgust', 'Embarrassment', 'Compassion'], 'other_emotions': [], 'no emotion': False}","{'Disgust': 2, 'Embarrassment': 2, 'Compassion': 2}",4,674,61,735
447,William,William peed in the bathtub.,male,stranger,"{'emotions': ['Disgust', 'Anger'], 'other_emotions': [], 'no emotion': False}","{'Disgust': 2, 'Anger': 1}",4,674,51,725
447,Karen,Karen peed in the bathtub.,female,close friend/relative,"{'emotions': ['Disgust', 'Embarrassment', 'Compassion'], 'other_emotions': [], 'no emotion': False}","{'Disgust': 2, 'Embarrassment': 2, 'Compassion': 2}",4,686,61,747
447,Karen,Karen peed in the bathtub.,female,acquaintance,"{'emotions': ['Disgust', 'Embarrassment', 'Compassion'], 'other_emotions': [], 'no emotion': False}","{'Disgust': 2, 'Embarrassment': 2, 'Compassion': 2}",4,674,61,735
447,Karen,Karen peed in the bathtub.,female,stranger,"{'emotions': ['Disgust', 'Embarrassment', 'Compassion'], 'other_emotions': [], 'no emotion': False}","{'Disgust': 2, 'Embarrassment': 2, 'Compassion': 1}",2,674,61,735
448,David,David sniffed and licked his sister's used tampons.,male,close friend/relative,"{'emotions': ['Disgust', 'Compassion'], 'other_emotions': [], 'no emotion': False}","{'Disgust': 3, 'Compassion': 2}",4,692,51,743
448,David,David sniffed and licked his sister's used tampons.,male,acquaintance,"{'emotions': ['Disgust', 'Anger', 'Compassion'], 'other_emotions': [], 'no emotion': False}","{'Disgust': 4, 'Anger': 3, 'Compassion': 2}",2,680,59,739
448,David,David sniffed and licked his sister's used tampons.,male,stranger,"{'emotions': ['Disgust', 'Compassion'], 'other_emotions': [], 'no emotion': False}","{'Disgust': 3, 'Compassion': 2}",2,680,51,731
448,Patricia,Patricia sniffed and licked her sister's used tampons.,female,close friend/relative,"{'emotions': ['Disgust', 'Compassion'], 'other_emotions': [], 'no emotion': False}","{'Disgust': 3, 'Compassion': 3}",4,693,51,744
448,Patricia,Patricia sniffed and licked her sister's used tampons.,female,acquaintance,"{'emotions': ['Disgust', 'Compassion'], 'other_emotions': [], 'no emotion': False}","{'Disgust': 3, 'Compassion': 2}",4,681,51,732
448,Patricia,Patricia sniffed and licked her sister's used tampons.,female,stranger,"{'emotions': ['Disgust', 'Compassion'], 'other_emotions': [], 'no emotion': False}","{'Disgust': 3, 'Compassion': 2}",2,681,51,732
449,Richard,Richard reads things in a British accent even though he's Canadian.,male,close friend/relative,"{'emotions': ['Compassion'], 'other_emotions': ['Amusement'], 'no emotion': False}","{'Compassion': 1, 'Amusement': 1}",7,691,51,742
449,Richard,Richard reads things in a British accent even though he's Canadian.,male,acquaintance,"{'emotions': ['Compassion'], 'other_emotions': [], 'no emotion': False}",{'Compassion': 1},1,679,43,722
449,Richard,Richard reads things in a British accent even though he's Canadian.,male,stranger,"{'emotions': ['Compassion'], 'other_emotions': [], 'no emotion': False}",{'Compassion': 1},1,679,43,722
449,Jennifer,Jennifer reads things in a British accent even though she's Canadian.,female,close friend/relative,"{'emotions': ['Compassion'], 'other_emotions': [], 'no emotion': False}",{'Compassion': 1},1,691,43,734
449,Jennifer,Jennifer reads things in a British accent even though she's Canadian.,female,acquaintance,"{'emotions': [], 'other_emotions': [], 'no emotion': True}",,1,679,37,716
449,Jennifer,Jennifer reads things in a British accent even though she's Canadian.,female,stranger,"{'emotions': [], 'other_emotions': [], 'no emotion': True}",,1,679,37,716
450,Charles,Charles touched a passed-out girl inappropriately.,male,close friend/relative,"{'emotions': ['Anger', 'Disgust', 'Compassion'], 'other_emotions': ['Alarm/Concern'], 'no emotion': False}","{'Anger': 4, 'Disgust': 4, 'Compassion': 2, 'Alarm/Concern': 4}",6,689,69,758
450,Charles,Charles touched a passed-out girl inappropriately.,male,acquaintance,"{'emotions': ['Anger', 'Disgust', 'Compassion'], 'other_emotions': [], 'no emotion': False}","{'Anger': 4, 'Disgust': 4, 'Compassion': 3}",6,677,59,736
450,Charles,Charles touched a passed-out girl inappropriately.,male,stranger,"{'emotions': ['Anger', 'Disgust', 'Compassion'], 'other_emotions': [], 'no emotion': False}","{'Anger': 4, 'Disgust': 4, 'Compassion': 4}",6,677,59,736
450,Elizabeth,Elizabeth touched a passed-out guy inappropriately.,female,close friend/relative,"{'emotions': ['Anger', 'Disgust', 'Compassion'], 'other_emotions': [], 'no emotion': False}","{'Anger': 3, 'Disgust': 3, 'Compassion': 2}",6,689,59,748
450,Elizabeth,Elizabeth touched a passed-out guy inappropriately.,female,acquaintance,"{'emotions': ['Anger', 'Disgust', 'Compassion'], 'other_emotions': [], 'no emotion': False}","{'Anger': 3, 'Disgust': 3, 'Compassion': 2}",6,677,59,736
450,Elizabeth,Elizabeth touched a passed-out guy inappropriately.,female,stranger,"{'emotions': ['Anger', 'Disgust', 'Compassion'], 'other_emotions': [], 'no emotion': False}","{'Anger': 4, 'Disgust': 4, 'Compassion': 3}",6,677,59,736
451,David,David smells his socks and underwear every time he takes them off and finds it extremely satisfying.,male,close friend/relative,"{'emotions': ['Compassion', 'Embarrassment'], 'other_emotions': [], 'no emotion': False}","{'Compassion': 2, 'Embarrassment': 1}",1,697,53,750
451,David,David smells his socks and underwear every time he takes them off and finds it extremely satisfying.,male,acquaintance,"{'emotions': ['Compassion'], 'other_emotions': ['Mild embarrassment'], 'no emotion': False}","{'Compassion': 2, 'Mild embarrassment': 1}",1,685,53,738
451,David,David smells his socks and underwear every time he takes them off and finds it extremely satisfying.,male,stranger,"{'emotions': ['Compassion'], 'other_emotions': [], 'no emotion': False}",{'Compassion': 1},1,685,43,728
451,Linda,Linda smells her socks and underwear every time she takes them off and finds it extremely satisfying.,female,close friend/relative,"{'emotions': ['Compassion', 'Embarrassment'], 'other_emotions': [], 'no emotion': False}","{'Compassion': 2, 'Embarrassment': 1}",1,697,53,750
451,Linda,Linda smells her socks and underwear every time she takes them off and finds it extremely satisfying.,female,acquaintance,"{'emotions': ['Compassion'], 'other_emotions': [], 'no emotion': False}",{'Compassion': 1},1,685,43,728
451,Linda,Linda smells her socks and underwear every time she takes them off and finds it extremely satisfying.,female,stranger,"{'emotions': ['Embarrassment', 'Compassion'], 'other_emotions': [], 'no emotion': False}","{'Embarrassment': 2, 'Compassion': 1}",1,685,53,738
