ID,stimuli,actor,gender,actor_emotions,actor_emotion_strength,friends_emotions,friends_emotion_strength,friends_reaction,friends_reaction_should,acquaintances_emotions,acquaintances_emotion_strength,acquaintances_reaction,acquaintances_reaction_should,strangers_emotions,strangers_emotion_strength,strangers_reaction,strangers_reaction_should,norm_inappropriateness,norm_wrongness
1,William did not tell someone's girlfriend that he cheated on her.,William,male,"{'emotions': ['Guilt', 'Shame', 'Embarrassment'], 'other_emotions': [], 'no_emotion': False}","{'Guilt': 3, 'Shame': 2, 'Embarrassment': 2}","{'emotions': ['Anger', 'Disgust', 'Contempt', 'Compassion'], 'other_emotions': [], 'no_emotion': False}","{'Anger': 3, 'Disgust': 2, 'Contempt': 2, 'Compassion': 2}",4.0,4.0,"{'emotions': ['Disgust', 'Contempt', 'Anger'], 'other_emotions': [], 'no_emotion': False}","{'Disgust': 2, 'Contempt': 2, 'Anger': 2}",3.0,3.0,"{'emotions': ['Disgust', 'Contempt'], 'other_emotions': [], 'no_emotion': False}","{'Disgust': 1, 'Contempt': 1}",1.0,1.0,4.0,4.0
1,Maria did not tell someone's girlfriend that he cheated on her.,Maria,female,"{'emotions': ['Guilt', 'Compassion', 'Shame'], 'other_emotions': [], 'no_emotion': False}","{'Guilt': 2, 'Compassion': 3, 'Shame': 2}","{'emotions': ['Anger', 'Disgust', 'Compassion'], 'other_emotions': [], 'no_emotion': False}","{'Anger': 2, 'Disgust': 2, 'Compassion': 3}",4.0,4.0,"{'emotions': ['Disgust', 'Contempt', 'Compassion'], 'other_emotions': [], 'no_emotion': False}","{'Disgust': 2, 'Contempt': 2, 'Compassion': 2}",3.0,1.0,"{'emotions': [], 'other_emotions': [], 'no_emotion': True}",,1.0,1.0,2.0,2.0
2,John rarely talks to his elderly roommates and does not make efforts to create a friendly atmosphere in the house.,John,male,"{'emotions': [], 'other_emotions': [], 'no_emotion': True}",,"{'emotions': ['Embarrassment', 'Shame', 'Compassion'], 'other_emotions': ['Disappointment'], 'no_emotion': False}","{'Embarrassment': 2, 'Shame': 2, 'Compassion': 3, 'Disappointment': 3}",4.0,4.0,"{'emotions': ['Compassion'], 'other_emotions': ['Disapproval'], 'no_emotion': False}","{'Compassion': 2, 'Disapproval': 2}",3.0,1.0,"{'emotions': [], 'other_emotions': [], 'no_emotion': True}",,1.0,1.0,2.0,2.0
2,Mary rarely talks to her elderly roommates and does not make efforts to create a friendly atmosphere in the house.,Mary,female,"{'emotions': [], 'other_emotions': [], 'no_emotion': True}",,"{'emotions': ['Anger', 'Disgust', 'Embarrassment', 'Compassion'], 'other_emotions': [], 'no_emotion': False}","{'Anger': 2, 'Disgust': 2, 'Embarrassment': 2, 'Compassion': 3}",4.0,4.0,"{'emotions': ['Contempt', 'Disgust', 'Embarrassment', 'Compassion'], 'other_emotions': [], 'no_emotion': False}","{'Contempt': 2, 'Disgust': 2, 'Embarrassment': 1, 'Compassion': 2}",3.0,3.0,"{'emotions': ['Disgust', 'Compassion'], 'other_emotions': [], 'no_emotion': False}","{'Disgust': 1, 'Compassion': 2}",1.0,1.0,3.0,2.0
3,Robert stayed up until 5 am because he assumed that his girlfriend was not trying to sleep.,Robert,male,"{'emotions': [], 'other_emotions': [], 'no_emotion': True}",,"{'emotions': [], 'other_emotions': [], 'no_emotion': True}",,1.0,1.0,"{'emotions': [], 'other_emotions': [], 'no_emotion': True}",,1.0,1.0,"{'emotions': [], 'other_emotions': [], 'no_emotion': True}",,1.0,1.0,1.0,1.0
3,Barbara stayed up until 5 am because she assumed that her boyfriend was not trying to sleep.,Barbara,female,"{'emotions': [], 'other_emotions': [], 'no_emotion': True}",,"{'emotions': [], 'other_emotions': [], 'no_emotion': True}",,1.0,1.0,"{'emotions': [], 'other_emotions': [], 'no_emotion': True}",,1.0,1.0,"{'emotions': [], 'other_emotions': [], 'no_emotion': True}",,1.0,1.0,1.0,1.0
4,"David does not listen to his girlfriend about his health, so he is not taking care of his health.",David,male,"{'emotions': ['Guilt'], 'other_emotions': [], 'no_emotion': False}",{'Guilt': 2},"{'emotions': ['Anger', 'Compassion'], 'other_emotions': [], 'no_emotion': False}","{'Anger': 2, 'Compassion': 3}",4.0,4.0,"{'emotions': ['Compassion'], 'other_emotions': [], 'no_emotion': False}",{'Compassion': 2},1.0,1.0,"{'emotions': ['Compassion'], 'other_emotions': [], 'no_emotion': False}",{'Compassion': 1},1.0,1.0,3.0,3.0
4,"Jennifer does not listen to her boyfriend about her health, so she is not taking care of her health.",Jennifer,female,"{'emotions': ['Guilt', 'Embarrassment'], 'other_emotions': [], 'no_emotion': False}","{'Guilt': 2, 'Embarrassment': 2}","{'emotions': ['Compassion'], 'other_emotions': ['Concern', 'Frustration'], 'no_emotion': False}","{'Compassion': 4, 'Concern': 3, 'Frustration': 2}",4.0,7.0,"{'emotions': ['Compassion'], 'other_emotions': ['Concern'], 'no_emotion': False}","{'Compassion': 2, 'Concern': 2}",3.0,1.0,"{'emotions': [], 'other_emotions': [], 'no_emotion': True}",,1.0,1.0,3.0,3.0
5,Thomas did not grieve his dead dog before getting a new one.,Thomas,male,"{'emotions': [], 'other_emotions': [], 'no_emotion': True}",,"{'emotions': ['Embarrassment', 'Contempt', 'Compassion'], 'other_emotions': [], 'no_emotion': False}","{'Embarrassment': 2, 'Contempt': 2, 'Compassion': 3}",7.0,7.0,"{'emotions': ['Contempt', 'Disgust', 'Embarrassment'], 'other_emotions': [], 'no_emotion': False}","{'Contempt': 2, 'Disgust': 2, 'Embarrassment': 1}",3.0,1.0,"{'emotions': ['Contempt', 'Disgust'], 'other_emotions': [], 'no_emotion': False}","{'Contempt': 1, 'Disgust': 1}",1.0,1.0,2.0,1.0
5,Mary did not grieve her dead dog before getting a new one.,Mary,female,"{'emotions': [], 'other_emotions': [], 'no_emotion': True}",,"{'emotions': ['Contempt', 'Compassion'], 'other_emotions': ['Sadness'], 'no_emotion': False}","{'Contempt': 2, 'Compassion': 2, 'Sadness': 2}",3.0,7.0,"{'emotions': ['Contempt', 'Disgust'], 'other_emotions': [], 'no_emotion': False}","{'Contempt': 2, 'Disgust': 2}",3.0,1.0,"{'emotions': ['Contempt', 'Disgust'], 'other_emotions': [], 'no_emotion': False}","{'Contempt': 1, 'Disgust': 1}",1.0,1.0,2.0,1.0
6,Mark smacked a car that parked in crosswalks because the car belonged to him and that was what he wanted to do.,Mark,male,"{'emotions': [], 'other_emotions': [], 'no_emotion': True}",,"{'emotions': ['Embarrassment'], 'other_emotions': [], 'no_emotion': False}",{'Embarrassment': 2},1.0,1.0,"{'emotions': [], 'other_emotions': [], 'no_emotion': True}",,1.0,1.0,"{'emotions': [], 'other_emotions': [], 'no_emotion': True}",,1.0,1.0,2.0,1.0
6,Jennifer smacked a car that parkee in crosswalks because the car belonged to her and that was what she wanted to do.,Jennifer,female,"{'emotions': [], 'other_emotions': [], 'no_emotion': True}",,"{'emotions': ['Embarrassment'], 'other_emotions': ['Confusion'], 'no_emotion': False}","{'Embarrassment': 2, 'Confusion': 2}",3.0,1.0,"{'emotions': ['Embarrassment'], 'other_emotions': [], 'no_emotion': False}",{'Embarrassment': 1},1.0,1.0,"{'emotions': [], 'other_emotions': [], 'no_emotion': True}",,1.0,1.0,2.0,1.0
7,Mark hit a car in a parking lot.,Mark,male,"{'emotions': ['Embarrassment', 'Guilt'], 'other_emotions': ['Anxiety'], 'no_emotion': False}","{'Embarrassment': 3, 'Guilt': 2, 'Anxiety': 3}","{'emotions': ['Compassion', 'Embarrassment'], 'other_emotions': [], 'no_emotion': False}","{'Compassion': 3, 'Embarrassment': 2}",7.0,7.0,"{'emotions': ['Embarrassment', 'Compassion'], 'other_emotions': [], 'no_emotion': False}","{'Embarrassment': 2, 'Compassion': 2}",3.0,1.0,"{'emotions': ['Anger', 'Compassion'], 'other_emotions': [], 'no_emotion': False}","{'Anger': 2, 'Compassion': 2}",1.0,1.0,2.0,2.0
7,Linda hit a car in a parking lot.,Linda,female,"{'emotions': ['Embarrassment', 'Guilt'], 'other_emotions': [], 'no_emotion': False}","{'Embarrassment': 3, 'Guilt': 2}","{'emotions': ['Compassion', 'Embarrassment'], 'other_emotions': [], 'no_emotion': False}","{'Compassion': 3, 'Embarrassment': 1}",7.0,7.0,"{'emotions': ['Embarrassment', 'Disgust'], 'other_emotions': [], 'no_emotion': False}","{'Embarrassment': 1, 'Disgust': 1}",3.0,1.0,"{'emotions': ['Compassion'], 'other_emotions': [], 'no_emotion': False}",{'Compassion': 2},1.0,1.0,3.0,3.0
8,William gives people money on Instagram and is not cautious with strangers he meets online.,William,male,"{'emotions': ['Compassion', 'Pride'], 'other_emotions': [], 'no_emotion': False}","{'Compassion': 3, 'Pride': 2}","{'emotions': ['Compassion'], 'other_emotions': ['Concern'], 'no_emotion': False}","{'Compassion': 3, 'Concern': 3}",4.0,4.0,"{'emotions': ['Compassion'], 'other_emotions': ['Concern'], 'no_emotion': False}","{'Compassion': 2, 'Concern': 2}",3.0,1.0,"{'emotions': [], 'other_emotions': ['Concern'], 'no_emotion': False}",{'Concern': 1},1.0,1.0,3.0,2.0
8,Jennifer gives people money on Instagram and is not cautious with strangers she meets online.,Jennifer,female,"{'emotions': ['Compassion', 'Pride'], 'other_emotions': [], 'no_emotion': False}","{'Compassion': 3, 'Pride': 2}","{'emotions': ['Embarrassment', 'Anger'], 'other_emotions': ['Concern'], 'no_emotion': False}","{'Embarrassment': 2, 'Anger': 2, 'Concern': 3}",4.0,4.0,"{'emotions': ['Embarrassment', 'Contempt'], 'other_emotions': [], 'no_emotion': False}","{'Embarrassment': 2, 'Contempt': 2}",3.0,3.0,"{'emotions': ['Embarrassment', 'Contempt'], 'other_emotions': [], 'no_emotion': False}","{'Embarrassment': 1, 'Contempt': 1}",3.0,1.0,3.0,2.0
9,James hopes his roommate's dog dies.,James,male,"{'emotions': ['Anger', 'Contempt'], 'other_emotions': [], 'no_emotion': False}","{'Anger': 3, 'Contempt': 2}","{'emotions': ['Anger', 'Disgust', 'Compassion'], 'other_emotions': [], 'no_emotion': False}","{'Anger': 3, 'Disgust': 3, 'Compassion': 2}",4.0,4.0,"{'emotions': ['Disgust', 'Anger'], 'other_emotions': [], 'no_emotion': False}","{'Disgust': 2, 'Anger': 2}",3.0,3.0,"{'emotions': ['Disgust'], 'other_emotions': [], 'no_emotion': False}",{'Disgust': 2},1.0,1.0,5.0,4.0
9,Maria hopes her roommate's dog dies.,Maria,female,"{'emotions': ['Anger', 'Contempt', 'Guilt'], 'other_emotions': [], 'no_emotion': False}","{'Anger': 3, 'Contempt': 2, 'Guilt': 2}","{'emotions': ['Contempt', 'Anger', 'Disgust', 'Embarrassment'], 'other_emotions': [], 'no_emotion': False}","{'Contempt': 3, 'Anger': 3, 'Disgust': 3, 'Embarrassment': 2}",4.0,4.0,"{'emotions': ['Contempt', 'Disgust', 'Anger'], 'other_emotions': [], 'no_emotion': False}","{'Contempt': 2, 'Disgust': 2, 'Anger': 2}",3.0,3.0,"{'emotions': ['Contempt', 'Disgust'], 'other_emotions': [], 'no_emotion': False}","{'Contempt': 2, 'Disgust': 2}",1.0,1.0,4.0,4.0
10,Mark wishes death on any living thing.,Mark,male,"{'emotions': ['Contempt', 'Anger', 'Disgust'], 'other_emotions': ['Hatred'], 'no_emotion': False}","{'Contempt': 4, 'Anger': 4, 'Disgust': 4, 'Hatred': 4}","{'emotions': ['Anger', 'Disgust', 'Shame', 'Embarrassment', 'Compassion', 'Contempt'], 'other_emotions': ['Fear'], 'no_emotion': False}","{'Anger': 4, 'Disgust': 4, 'Shame': 3, 'Embarrassment': 3, 'Compassion': 2, 'Contempt': 3, 'Fear': 3}",4.0,4.0,"{'emotions': ['Anger', 'Disgust', 'Contempt'], 'other_emotions': ['Fear'], 'no_emotion': False}","{'Anger': 3, 'Disgust': 4, 'Contempt': 3, 'Fear': 2}",2.0,2.0,"{'emotions': ['Disgust', 'Contempt', 'Anger'], 'other_emotions': ['Fear'], 'no_emotion': False}","{'Disgust': 4, 'Contempt': 3, 'Anger': 3, 'Fear': 2}",2.0,2.0,5.0,5.0
10,Patricia wishes death on any living thing.,Patricia,female,"{'emotions': ['Contempt', 'Anger', 'Disgust'], 'other_emotions': ['Hatred'], 'no_emotion': False}","{'Contempt': 3, 'Anger': 4, 'Disgust': 3, 'Hatred': 4}","{'emotions': ['Anger', 'Disgust', 'Shame', 'Embarrassment', 'Compassion'], 'other_emotions': ['Fear'], 'no_emotion': False}","{'Anger': 3, 'Disgust': 3, 'Shame': 2, 'Embarrassment': 2, 'Compassion': 2, 'Fear': 3}",4.0,4.0,"{'emotions': ['Contempt', 'Anger', 'Disgust'], 'other_emotions': ['Fear'], 'no_emotion': False}","{'Contempt': 2, 'Anger': 2, 'Disgust': 3, 'Fear': 3}",2.0,2.0,"{'emotions': ['Contempt', 'Anger', 'Disgust'], 'other_emotions': ['Fear'], 'no_emotion': False}","{'Contempt': 2, 'Anger': 2, 'Disgust': 3, 'Fear': 3}",2.0,2.0,5.0,5.0
11,William looks for ways to spend more time with mom because he wants to monopolize all of his parents' time.,William,male,"{'emotions': ['Guilt'], 'other_emotions': ['Jealousy'], 'no_emotion': False}","{'Guilt': 2, 'Jealousy': 3}","{'emotions': ['Anger', 'Disgust'], 'other_emotions': [], 'no_emotion': False}","{'Anger': 3, 'Disgust': 2}",4.0,4.0,"{'emotions': ['Contempt', 'Disgust'], 'other_emotions': [], 'no_emotion': False}","{'Contempt': 2, 'Disgust': 2}",3.0,3.0,"{'emotions': ['Contempt', 'Disgust'], 'other_emotions': [], 'no_emotion': False}","{'Contempt': 1, 'Disgust': 1}",1.0,1.0,3.0,3.0
11,Karen looks for ways to spend more time with mom because she wants to monopolize all of his parents' time.,Karen,female,"{'emotions': ['Pride', 'Guilt'], 'other_emotions': [], 'no_emotion': False}","{'Pride': 2, 'Guilt': 1}","{'emotions': ['Anger', 'Contempt', 'Compassion'], 'other_emotions': [], 'no_emotion': False}","{'Anger': 2, 'Contempt': 2, 'Compassion': 2}",4.0,4.0,"{'emotions': ['Contempt', 'Anger'], 'other_emotions': [], 'no_emotion': False}","{'Contempt': 2, 'Anger': 1}",3.0,1.0,"{'emotions': [], 'other_emotions': [], 'no_emotion': True}",,1.0,1.0,3.0,2.0
12,Robert makes fun of others' kinks.,Robert,male,"{'emotions': ['Contempt', 'Pride'], 'other_emotions': [], 'no_emotion': False}","{'Contempt': 3, 'Pride': 2}","{'emotions': ['Embarrassment', 'Anger', 'Disgust', 'Compassion'], 'other_emotions': [], 'no_emotion': False}","{'Embarrassment': 3, 'Anger': 2, 'Disgust': 2, 'Compassion': 2}",4.0,4.0,"{'emotions': ['Embarrassment', 'Anger', 'Disgust', 'Contempt'], 'other_emotions': [], 'no_emotion': False}","{'Embarrassment': 2, 'Anger': 2, 'Disgust': 2, 'Contempt': 2}",3.0,4.0,"{'emotions': ['Anger', 'Disgust', 'Contempt', 'Embarrassment'], 'other_emotions': [], 'no_emotion': False}","{'Anger': 2, 'Disgust': 2, 'Contempt': 2, 'Embarrassment': 2}",1.0,4.0,4.0,4.0
12,Linda makes fun of others' kinks.,Linda,female,"{'emotions': ['Contempt', 'Pride'], 'other_emotions': ['Amusement'], 'no_emotion': False}","{'Contempt': 3, 'Pride': 2, 'Amusement': 3}","{'emotions': ['Anger', 'Disgust', 'Shame', 'Embarrassment', 'Compassion'], 'other_emotions': [], 'no_emotion': False}","{'Anger': 3, 'Disgust': 2, 'Shame': 2, 'Embarrassment': 3, 'Compassion': 2}",4.0,4.0,"{'emotions': ['Anger', 'Disgust', 'Embarrassment', 'Compassion'], 'other_emotions': [], 'no_emotion': False}","{'Anger': 2, 'Disgust': 2, 'Embarrassment': 2, 'Compassion': 2}",3.0,3.0,"{'emotions': ['Disgust', 'Anger', 'Embarrassment', 'Compassion'], 'other_emotions': [], 'no_emotion': False}","{'Disgust': 2, 'Anger': 2, 'Embarrassment': 1, 'Compassion': 1}",1.0,3.0,4.0,4.0
13,David refuses to put more effort into his best friendship because he doesn't want to support his friend who is having problems anymore.,David,male,"{'emotions': ['Guilt', 'Shame'], 'other_emotions': ['Frustration', 'Relief'], 'no_emotion': False}","{'Guilt': 3, 'Shame': 2, 'Frustration': 3, 'Relief': 2}","{'emotions': ['Anger', 'Disgust', 'Contempt', 'Compassion'], 'other_emotions': ['Disappointment'], 'no_emotion': False}","{'Anger': 3, 'Disgust': 3, 'Contempt': 2, 'Compassion': 3, 'Disappointment': 3}",4.0,4.0,"{'emotions': ['Anger', 'Disgust', 'Contempt', 'Compassion'], 'other_emotions': [], 'no_emotion': False}","{'Anger': 2, 'Disgust': 2, 'Contempt': 2, 'Compassion': 2}",3.0,3.0,"{'emotions': ['Disgust', 'Contempt', 'Anger', 'Compassion'], 'other_emotions': [], 'no_emotion': False}","{'Disgust': 1, 'Contempt': 1, 'Anger': 1, 'Compassion': 1}",1.0,1.0,4.0,4.0
13,Jennifer refuses to put more effort into her best friendship because she doesn't want to support her friend who is having problems anymore.,Jennifer,female,"{'emotions': ['Guilt', 'Shame'], 'other_emotions': [], 'no_emotion': False}","{'Guilt': 3, 'Shame': 2}","{'emotions': ['Contempt', 'Anger', 'Disgust', 'Compassion'], 'other_emotions': [], 'no_emotion': False}","{'Contempt': 3, 'Anger': 3, 'Disgust': 3, 'Compassion': 4}",4.0,4.0,"{'emotions': ['Contempt', 'Anger', 'Disgust', 'Compassion'], 'other_emotions': [], 'no_emotion': False}","{'Contempt': 2, 'Anger': 2, 'Disgust': 2, 'Compassion': 2}",3.0,1.0,"{'emotions': ['Contempt', 'Disgust'], 'other_emotions': [], 'no_emotion': False}","{'Contempt': 2, 'Disgust': 2}",1.0,1.0,4.0,4.0
14,David's parents have never told him that they are proud of him and he does not think he'll ever get the chance to hear it.,David's parents,male,"{'emotions': ['Guilt', 'Shame', 'Embarrassment'], 'other_emotions': [], 'no_emotion': False}","{'Guilt': 2, 'Shame': 2, 'Embarrassment': 2}","{'emotions': ['Compassion', 'Anger'], 'other_emotions': [], 'no_emotion': False}","{'Compassion': 3, 'Anger': 2}",4.0,4.0,"{'emotions': ['Compassion'], 'other_emotions': [], 'no_emotion': False}",{'Compassion': 2},3.0,3.0,"{'emotions': ['Compassion'], 'other_emotions': [], 'no_emotion': False}",{'Compassion': 1},1.0,1.0,3.0,3.0
14,Barbara's parents have never told her that they are proud of her and she does not think she'll ever get the chance to hear it.,Barbara's parents,female,"{'emotions': ['Guilt', 'Shame'], 'other_emotions': [], 'no_emotion': False}","{'Guilt': 3, 'Shame': 2}","{'emotions': ['Anger', 'Compassion'], 'other_emotions': [], 'no_emotion': False}","{'Anger': 2, 'Compassion': 3}",4.0,4.0,"{'emotions': ['Compassion'], 'other_emotions': [], 'no_emotion': False}",{'Compassion': 2},3.0,3.0,"{'emotions': ['Compassion'], 'other_emotions': [], 'no_emotion': False}",{'Compassion': 2},1.0,1.0,4.0,4.0
15,Michael is in love with his own image.,Michael,male,"{'emotions': ['Pride'], 'other_emotions': [], 'no_emotion': False}",{'Pride': 4},"{'emotions': ['Embarrassment', 'Contempt'], 'other_emotions': [], 'no_emotion': False}","{'Embarrassment': 2, 'Contempt': 2}",3.0,3.0,"{'emotions': ['Contempt', 'Embarrassment'], 'other_emotions': [], 'no_emotion': False}","{'Contempt': 2, 'Embarrassment': 1}",3.0,1.0,"{'emotions': ['Contempt'], 'other_emotions': [], 'no_emotion': False}",{'Contempt': 1},1.0,1.0,2.0,1.0
15,Linda is in love with her own image.,Linda,female,"{'emotions': ['Pride'], 'other_emotions': [], 'no_emotion': False}",{'Pride': 4},"{'emotions': ['Embarrassment', 'Contempt'], 'other_emotions': [], 'no_emotion': False}","{'Embarrassment': 3, 'Contempt': 2}",4.0,4.0,"{'emotions': ['Contempt', 'Embarrassment'], 'other_emotions': [], 'no_emotion': False}","{'Contempt': 3, 'Embarrassment': 2}",3.0,1.0,"{'emotions': ['Contempt', 'Disgust'], 'other_emotions': [], 'no_emotion': False}","{'Contempt': 2, 'Disgust': 1}",1.0,1.0,2.0,1.0
16,Charles deleted his mom's Facebook posts because he was not accepting of her self-expression.,Charles,male,"{'emotions': ['Pride'], 'other_emotions': [], 'no_emotion': False}",{'Pride': 3},"{'emotions': ['Anger', 'Disgust', 'Embarrassment', 'Compassion'], 'other_emotions': [], 'no_emotion': False}","{'Anger': 3, 'Disgust': 3, 'Embarrassment': 2, 'Compassion': 3}",4.0,4.0,"{'emotions': ['Anger', 'Disgust', 'Contempt'], 'other_emotions': [], 'no_emotion': False}","{'Anger': 2, 'Disgust': 2, 'Contempt': 2}",3.0,3.0,"{'emotions': ['Disgust', 'Contempt'], 'other_emotions': [], 'no_emotion': False}","{'Disgust': 1, 'Contempt': 1}",1.0,1.0,4.0,4.0
16,Barbara deleted her mom's Facebook posts because she was not accepting of her mom's self-expression.,Barbara,female,"{'emotions': ['Guilt', 'Shame'], 'other_emotions': [], 'no_emotion': False}","{'Guilt': 2, 'Shame': 2}","{'emotions': ['Anger', 'Disgust', 'Contempt', 'Compassion'], 'other_emotions': [], 'no_emotion': False}","{'Anger': 3, 'Disgust': 2, 'Contempt': 2, 'Compassion': 2}",4.0,4.0,"{'emotions': ['Disgust', 'Contempt', 'Anger'], 'other_emotions': [], 'no_emotion': False}","{'Disgust': 2, 'Contempt': 2, 'Anger': 1}",3.0,3.0,"{'emotions': ['Disgust', 'Contempt', 'Anger', 'Compassion'], 'other_emotions': [], 'no_emotion': False}","{'Disgust': 1, 'Contempt': 1, 'Anger': 1, 'Compassion': 1}",1.0,1.0,4.0,4.0
17,Mark stole from his sister 6 years ago.,Mark,male,"{'emotions': ['Guilt', 'Shame', 'Embarrassment'], 'other_emotions': ['Regret'], 'no_emotion': False}","{'Guilt': 3, 'Shame': 2, 'Embarrassment': 2, 'Regret': 3}","{'emotions': ['Anger', 'Disgust', 'Contempt'], 'other_emotions': ['Disappointment'], 'no_emotion': False}","{'Anger': 3, 'Disgust': 2, 'Contempt': 2, 'Disappointment': 3}",4.0,4.0,"{'emotions': ['Disgust', 'Contempt'], 'other_emotions': [], 'no_emotion': False}","{'Disgust': 2, 'Contempt': 2}",3.0,3.0,"{'emotions': ['Disgust', 'Contempt'], 'other_emotions': [], 'no_emotion': False}","{'Disgust': 2, 'Contempt': 2}",1.0,1.0,5.0,5.0
17,Linda stole from her sister 6 years ago.,Linda,female,"{'emotions': ['Guilt', 'Shame', 'Embarrassment'], 'other_emotions': [], 'no_emotion': False}","{'Guilt': 3, 'Shame': 2, 'Embarrassment': 2}","{'emotions': ['Anger', 'Disgust', 'Contempt'], 'other_emotions': [], 'no_emotion': False}","{'Anger': 3, 'Disgust': 2, 'Contempt': 2}",4.0,4.0,"{'emotions': ['Disgust', 'Contempt'], 'other_emotions': [], 'no_emotion': False}","{'Disgust': 2, 'Contempt': 2}",3.0,3.0,"{'emotions': ['Disgust', 'Contempt'], 'other_emotions': [], 'no_emotion': False}","{'Disgust': 2, 'Contempt': 2}",1.0,1.0,5.0,5.0
18,Thomas did not thank his friend for hosting him in his new home.,Thomas,male,"{'emotions': ['Shame', 'Embarrassment', 'Guilt'], 'other_emotions': [], 'no_emotion': False}","{'Shame': 2, 'Embarrassment': 3, 'Guilt': 2}","{'emotions': ['Embarrassment', 'Contempt'], 'other_emotions': [], 'no_emotion': False}","{'Embarrassment': 2, 'Contempt': 1}",4.0,4.0,"{'emotions': ['Embarrassment', 'Contempt'], 'other_emotions': [], 'no_emotion': False}","{'Embarrassment': 1, 'Contempt': 1}",3.0,1.0,"{'emotions': ['Embarrassment', 'Contempt'], 'other_emotions': [], 'no_emotion': False}","{'Embarrassment': 1, 'Contempt': 1}",1.0,1.0,3.0,2.0
18,Maria did not thank her friend for hosting her in her new home.,Maria,female,"{'emotions': ['Embarrassment', 'Guilt'], 'other_emotions': [], 'no_emotion': False}","{'Embarrassment': 3, 'Guilt': 3}","{'emotions': ['Embarrassment', 'Shame'], 'other_emotions': [], 'no_emotion': False}","{'Embarrassment': 2, 'Shame': 1}",4.0,4.0,"{'emotions': ['Embarrassment'], 'other_emotions': [], 'no_emotion': False}",{'Embarrassment': 2},3.0,1.0,"{'emotions': ['Embarrassment'], 'other_emotions': [], 'no_emotion': False}",{'Embarrassment': 1},1.0,1.0,3.0,2.0
19,David hurt a boy in a fight by kicking him in the stomach and pushing him down.,David,male,"{'emotions': ['Anger', 'Guilt'], 'other_emotions': ['Regret'], 'no_emotion': False}","{'Anger': 3, 'Guilt': 2, 'Regret': 2}","{'emotions': ['Anger', 'Disgust', 'Shame', 'Embarrassment', 'Compassion'], 'other_emotions': [], 'no_emotion': False}","{'Anger': 3, 'Disgust': 3, 'Shame': 2, 'Embarrassment': 2, 'Compassion': 3}",4.0,4.0,"{'emotions': ['Anger', 'Disgust', 'Compassion', 'Contempt'], 'other_emotions': [], 'no_emotion': False}","{'Anger': 3, 'Disgust': 3, 'Compassion': 3, 'Contempt': 2}",4.0,6.0,"{'emotions': ['Anger', 'Disgust', 'Compassion', 'Contempt'], 'other_emotions': [], 'no_emotion': False}","{'Anger': 3, 'Disgust': 3, 'Compassion': 3, 'Contempt': 2}",6.0,6.0,5.0,5.0
19,Maria hurt a girl in a fight by kicking her in the stomach and pushing her down.,Maria,female,"{'emotions': ['Anger', 'Guilt', 'Shame'], 'other_emotions': [], 'no_emotion': False}","{'Anger': 3, 'Guilt': 3, 'Shame': 2}","{'emotions': ['Anger', 'Disgust', 'Shame', 'Embarrassment', 'Compassion'], 'other_emotions': [], 'no_emotion': False}","{'Anger': 3, 'Disgust': 3, 'Shame': 2, 'Embarrassment': 2, 'Compassion': 3}",4.0,4.0,"{'emotions': ['Anger', 'Disgust', 'Contempt', 'Compassion'], 'other_emotions': [], 'no_emotion': False}","{'Anger': 3, 'Disgust': 3, 'Contempt': 2, 'Compassion': 3}",3.0,4.0,"{'emotions': ['Anger', 'Disgust', 'Compassion', 'Contempt'], 'other_emotions': [], 'no_emotion': False}","{'Anger': 2, 'Disgust': 3, 'Compassion': 3, 'Contempt': 2}",2.0,6.0,5.0,5.0
20,James bottles up emotions and moves past hardships of life without shedding a tear.,James,male,"{'emotions': ['Pride'], 'other_emotions': [], 'no_emotion': False}",{'Pride': 3},"{'emotions': ['Compassion', 'Pride'], 'other_emotions': [], 'no_emotion': False}","{'Compassion': 3, 'Pride': 2}",7.0,7.0,"{'emotions': [], 'other_emotions': [], 'no_emotion': True}",,1.0,1.0,"{'emotions': [], 'other_emotions': [], 'no_emotion': True}",,1.0,1.0,1.0,1.0
20,Susan bottles up emotions and moves past hardships of life without shedding a tear.,Susan,female,"{'emotions': ['Pride'], 'other_emotions': [], 'no_emotion': False}",{'Pride': 3},"{'emotions': ['Compassion', 'Pride'], 'other_emotions': [], 'no_emotion': False}","{'Compassion': 3, 'Pride': 2}",7.0,7.0,"{'emotions': ['Compassion', 'Pride'], 'other_emotions': [], 'no_emotion': False}","{'Compassion': 2, 'Pride': 1}",1.0,7.0,"{'emotions': [], 'other_emotions': [], 'no_emotion': True}",,1.0,1.0,1.0,1.0
21,Mark works at a place where he is abused all the time but he can't afford to quit his job.,Mark,male,"{'emotions': ['Anger'], 'other_emotions': ['Sadness', 'Fear', 'Anxiety', 'Helplessness'], 'no_emotion': False}","{'Anger': 3, 'Sadness': 3, 'Fear': 3, 'Anxiety': 4, 'Helplessness': 4}","{'emotions': ['Compassion', 'Anger'], 'other_emotions': ['Worry', 'Sadness'], 'no_emotion': False}","{'Compassion': 4, 'Anger': 3, 'Worry': 4, 'Sadness': 3}",7.0,7.0,"{'emotions': ['Compassion', 'Anger'], 'other_emotions': ['Sadness'], 'no_emotion': False}","{'Compassion': 3, 'Anger': 2, 'Sadness': 2}",3.0,7.0,"{'emotions': ['Compassion', 'Anger'], 'other_emotions': ['Sadness'], 'no_emotion': False}","{'Compassion': 2, 'Anger': 1, 'Sadness': 1}",1.0,7.0,1.0,1.0
21,Mary works at a place where she is abused all the time but she can't afford to quit his job.,Mary,female,"{'emotions': ['Shame', 'Embarrassment'], 'other_emotions': ['Fear', 'Sadness', 'Anxiety', 'Helplessness', 'Frustration'], 'no_emotion': False}","{'Shame': 2, 'Embarrassment': 3, 'Fear': 4, 'Sadness': 4, 'Anxiety': 4, 'Helplessness': 4, 'Frustration': 3}","{'emotions': ['Anger', 'Disgust', 'Compassion'], 'other_emotions': ['Sadness', 'Worry'], 'no_emotion': False}","{'Anger': 3, 'Disgust': 3, 'Compassion': 4, 'Sadness': 3, 'Worry': 4}",7.0,7.0,"{'emotions': ['Compassion', 'Disgust', 'Anger'], 'other_emotions': ['Sadness'], 'no_emotion': False}","{'Compassion': 3, 'Disgust': 2, 'Anger': 2, 'Sadness': 2}",3.0,7.0,"{'emotions': ['Compassion', 'Disgust', 'Anger'], 'other_emotions': ['Sadness'], 'no_emotion': False}","{'Compassion': 2, 'Disgust': 2, 'Anger': 2, 'Sadness': 2}",1.0,7.0,1.0,1.0
22,"Mark kicked a guy on his nut unintentionally, and the guy cried and ran away.",Mark,male,"{'emotions': ['Guilt', 'Embarrassment', 'Compassion', 'Shame'], 'other_emotions': [], 'no_emotion': False}","{'Guilt': 3, 'Embarrassment': 3, 'Compassion': 3, 'Shame': 2}","{'emotions': ['Embarrassment', 'Compassion'], 'other_emotions': [], 'no_emotion': False}","{'Embarrassment': 2, 'Compassion': 3}",4.0,4.0,"{'emotions': ['Compassion', 'Embarrassment'], 'other_emotions': [], 'no_emotion': False}","{'Compassion': 2, 'Embarrassment': 1}",3.0,1.0,"{'emotions': ['Compassion'], 'other_emotions': [], 'no_emotion': False}",{'Compassion': 3},1.0,1.0,3.0,2.0
22,"Susan kicked a guy on his nut unintentionally, and the guy cried and ran away.",Susan,female,"{'emotions': ['Guilt', 'Embarrassment', 'Compassion', 'Shame'], 'other_emotions': [], 'no_emotion': False}","{'Guilt': 3, 'Embarrassment': 3, 'Compassion': 3, 'Shame': 2}","{'emotions': ['Compassion', 'Embarrassment'], 'other_emotions': [], 'no_emotion': False}","{'Compassion': 3, 'Embarrassment': 2}",7.0,7.0,"{'emotions': ['Compassion', 'Embarrassment'], 'other_emotions': [], 'no_emotion': False}","{'Compassion': 2, 'Embarrassment': 2}",3.0,1.0,"{'emotions': ['Compassion', 'Embarrassment'], 'other_emotions': [], 'no_emotion': False}","{'Compassion': 2, 'Embarrassment': 1}",1.0,1.0,3.0,2.0
23,Michael does not fill out paperwork for his partner.,Michael,male,"{'emotions': [], 'other_emotions': [], 'no_emotion': True}",,"{'emotions': [], 'other_emotions': [], 'no_emotion': True}",,1.0,1.0,"{'emotions': [], 'other_emotions': [], 'no_emotion': True}",,1.0,1.0,"{'emotions': [], 'other_emotions': [], 'no_emotion': True}",,1.0,1.0,1.0,1.0
23,Jennifer does not fill out paperwork for her partner.,Jennifer,female,"{'emotions': [], 'other_emotions': [], 'no_emotion': True}",,"{'emotions': [], 'other_emotions': [], 'no_emotion': True}",,1.0,1.0,"{'emotions': [], 'other_emotions': [], 'no_emotion': True}",,1.0,1.0,"{'emotions': [], 'other_emotions': [], 'no_emotion': True}",,1.0,1.0,1.0,1.0
24,James plays music fairly loudly in his car.,James,male,"{'emotions': [], 'other_emotions': ['Enjoyment'], 'no_emotion': False}",{'Enjoyment': 3},"{'emotions': ['Embarrassment'], 'other_emotions': ['Annoyance'], 'no_emotion': False}","{'Embarrassment': 2, 'Annoyance': 2}",4.0,4.0,"{'emotions': [], 'other_emotions': ['Annoyance'], 'no_emotion': False}",{'Annoyance': 2},3.0,1.0,"{'emotions': [], 'other_emotions': ['Annoyance'], 'no_emotion': False}",{'Annoyance': 2},1.0,1.0,2.0,2.0
24,Mary plays music fairly loudly in her car.,Mary,female,"{'emotions': ['Pride'], 'other_emotions': [], 'no_emotion': False}",{'Pride': 2},"{'emotions': ['Embarrassment', 'Anger'], 'other_emotions': [], 'no_emotion': False}","{'Embarrassment': 2, 'Anger': 1}",4.0,4.0,"{'emotions': ['Anger'], 'other_emotions': [], 'no_emotion': False}",{'Anger': 2},3.0,3.0,"{'emotions': ['Anger'], 'other_emotions': [], 'no_emotion': False}",{'Anger': 1},1.0,1.0,2.0,2.0
25,William likes to dip his bread in coca cola.,William,male,"{'emotions': [], 'other_emotions': [], 'no_emotion': True}",,"{'emotions': ['Embarrassment', 'Disgust'], 'other_emotions': [], 'no_emotion': False}","{'Embarrassment': 1, 'Disgust': 1}",1.0,1.0,"{'emotions': ['Embarrassment', 'Disgust'], 'other_emotions': [], 'no_emotion': False}","{'Embarrassment': 1, 'Disgust': 1}",3.0,1.0,"{'emotions': ['Embarrassment', 'Disgust'], 'other_emotions': [], 'no_emotion': False}","{'Embarrassment': 1, 'Disgust': 1}",3.0,1.0,1.0,1.0
25,Mary likes to dip her bread in coca cola.,Mary,female,"{'emotions': [], 'other_emotions': [], 'no_emotion': True}",,"{'emotions': ['Disgust', 'Embarrassment'], 'other_emotions': [], 'no_emotion': False}","{'Disgust': 1, 'Embarrassment': 1}",3.0,1.0,"{'emotions': ['Disgust'], 'other_emotions': [], 'no_emotion': False}",{'Disgust': 1},3.0,1.0,"{'emotions': ['Disgust'], 'other_emotions': [], 'no_emotion': False}",{'Disgust': 1},3.0,1.0,1.0,1.0
26,Michael has to stay at an expensive hotel in order to enjoy his vacation.,Michael,male,"{'emotions': [], 'other_emotions': [], 'no_emotion': True}",,"{'emotions': [], 'other_emotions': [], 'no_emotion': True}",,1.0,1.0,"{'emotions': [], 'other_emotions': [], 'no_emotion': True}",,1.0,1.0,"{'emotions': [], 'other_emotions': [], 'no_emotion': True}",,1.0,1.0,1.0,1.0
26,Karen has to stay at an expensive hotel in order to enjoy her vacation.,Karen,female,"{'emotions': [], 'other_emotions': [], 'no_emotion': True}",,"{'emotions': [], 'other_emotions': [], 'no_emotion': True}",,1.0,1.0,"{'emotions': [], 'other_emotions': [], 'no_emotion': True}",,1.0,1.0,"{'emotions': [], 'other_emotions': [], 'no_emotion': True}",,1.0,1.0,1.0,1.0
27,William is 21 and already done with dating because he is too hard on himself.,William,male,"{'emotions': ['Shame', 'Embarrassment'], 'other_emotions': ['Sadness', 'Frustration', 'Disappointment'], 'no_emotion': False}","{'Shame': 3, 'Embarrassment': 2, 'Sadness': 3, 'Frustration': 3, 'Disappointment': 3}","{'emotions': ['Compassion'], 'other_emotions': ['Concern', 'Sadness'], 'no_emotion': False}","{'Compassion': 3, 'Concern': 3, 'Sadness': 2}",7.0,7.0,"{'emotions': ['Compassion'], 'other_emotions': [], 'no_emotion': False}",{'Compassion': 1},1.0,1.0,"{'emotions': [], 'other_emotions': [], 'no_emotion': True}",,1.0,1.0,1.0,1.0
27,Elizabeth is 21 and already done with dating because she is too hard on herself.,Elizabeth,female,"{'emotions': ['Shame'], 'other_emotions': ['Sadness', 'Frustration', 'Relief'], 'no_emotion': False}","{'Shame': 3, 'Sadness': 3, 'Frustration': 2, 'Relief': 2}","{'emotions': ['Compassion'], 'other_emotions': ['Concern', 'Sadness'], 'no_emotion': False}","{'Compassion': 3, 'Concern': 3, 'Sadness': 2}",7.0,7.0,"{'emotions': ['Compassion'], 'other_emotions': ['Curiosity'], 'no_emotion': False}","{'Compassion': 2, 'Curiosity': 2}",3.0,1.0,"{'emotions': [], 'other_emotions': [], 'no_emotion': True}",,1.0,1.0,1.0,1.0
28,William broke into tears after he got the ticket because he did not follow the laws.,William,male,"{'emotions': ['Shame', 'Guilt', 'Embarrassment'], 'other_emotions': ['Sadness', 'Regret'], 'no_emotion': False}","{'Shame': 3, 'Guilt': 3, 'Embarrassment': 2, 'Sadness': 3, 'Regret': 3}","{'emotions': ['Compassion'], 'other_emotions': [], 'no_emotion': False}",{'Compassion': 3},7.0,7.0,"{'emotions': ['Compassion', 'Embarrassment'], 'other_emotions': [], 'no_emotion': False}","{'Compassion': 2, 'Embarrassment': 1}",1.0,1.0,"{'emotions': [], 'other_emotions': [], 'no_emotion': True}",,1.0,1.0,1.0,1.0
28,Mary broke into tears after she got the ticket because she did not follow laws.,Mary,female,"{'emotions': ['Guilt', 'Shame', 'Embarrassment'], 'other_emotions': ['Sadness'], 'no_emotion': False}","{'Guilt': 3, 'Shame': 3, 'Embarrassment': 3, 'Sadness': 4}","{'emotions': ['Compassion', 'Embarrassment'], 'other_emotions': [], 'no_emotion': False}","{'Compassion': 3, 'Embarrassment': 2}",7.0,7.0,"{'emotions': ['Compassion', 'Embarrassment'], 'other_emotions': [], 'no_emotion': False}","{'Compassion': 2, 'Embarrassment': 1}",3.0,1.0,"{'emotions': [], 'other_emotions': [], 'no_emotion': True}",,1.0,1.0,1.0,1.0
29,Michael drove to his friend's house instead of walking even though walking was possible.,Michael,male,"{'emotions': [], 'other_emotions': [], 'no_emotion': True}",,"{'emotions': [], 'other_emotions': [], 'no_emotion': True}",,1.0,1.0,"{'emotions': [], 'other_emotions': [], 'no_emotion': True}",,1.0,1.0,"{'emotions': [], 'other_emotions': [], 'no_emotion': True}",,1.0,1.0,2.0,1.0
29,Patricia drove to her friend's house instead of walking even though walking was possible.,Patricia,female,"{'emotions': [], 'other_emotions': [], 'no_emotion': True}",,"{'emotions': [], 'other_emotions': [], 'no_emotion': True}",,1.0,1.0,"{'emotions': [], 'other_emotions': [], 'no_emotion': True}",,1.0,1.0,"{'emotions': [], 'other_emotions': [], 'no_emotion': True}",,1.0,1.0,1.0,1.0
30,John rear-ended someone because he was going over 50 miles per hour and driving dangerously.,John,male,"{'emotions': ['Shame', 'Embarrassment', 'Guilt', 'Compassion'], 'other_emotions': ['Fear'], 'no_emotion': False}","{'Shame': 3, 'Embarrassment': 2, 'Guilt': 4, 'Compassion': 3, 'Fear': 3}","{'emotions': ['Anger', 'Disgust', 'Embarrassment', 'Compassion'], 'other_emotions': ['Worry'], 'no_emotion': False}","{'Anger': 3, 'Disgust': 2, 'Embarrassment': 2, 'Compassion': 3, 'Worry': 3}",4.0,4.0,"{'emotions': ['Contempt', 'Anger', 'Disgust'], 'other_emotions': [], 'no_emotion': False}","{'Contempt': 3, 'Anger': 2, 'Disgust': 3}",3.0,3.0,"{'emotions': ['Contempt', 'Anger', 'Disgust', 'Compassion'], 'other_emotions': [], 'no_emotion': False}","{'Contempt': 2, 'Anger': 3, 'Disgust': 3, 'Compassion': 2}",6.0,6.0,5.0,5.0
30,Lisa rear-ended someone because she was going over 50 miles per hour and driving dangerously.,Lisa,female,"{'emotions': ['Guilt', 'Shame', 'Embarrassment', 'Compassion'], 'other_emotions': [], 'no_emotion': False}","{'Guilt': 4, 'Shame': 3, 'Embarrassment': 3, 'Compassion': 3}","{'emotions': ['Anger', 'Disgust', 'Compassion'], 'other_emotions': [], 'no_emotion': False}","{'Anger': 3, 'Disgust': 2, 'Compassion': 3}",4.0,4.0,"{'emotions': ['Anger', 'Disgust', 'Contempt', 'Compassion'], 'other_emotions': [], 'no_emotion': False}","{'Anger': 2, 'Disgust': 2, 'Contempt': 2, 'Compassion': 2}",3.0,4.0,"{'emotions': ['Anger', 'Disgust', 'Contempt', 'Compassion'], 'other_emotions': [], 'no_emotion': False}","{'Anger': 2, 'Disgust': 2, 'Contempt': 2, 'Compassion': 2}",6.0,6.0,5.0,5.0
31,"James can no longer afford eating more than once a day and, therefore, is losing weight.",James,male,"{'emotions': ['Shame', 'Embarrassment', 'Anger', 'Guilt'], 'other_emotions': ['Sadness', 'Anxiety', 'Hopelessness', 'Stress'], 'no_emotion': False}","{'Shame': 3, 'Embarrassment': 2, 'Anger': 2, 'Guilt': 2, 'Sadness': 4, 'Anxiety': 3, 'Hopelessness': 3, 'Stress': 4}","{'emotions': ['Compassion', 'Anger', 'Guilt'], 'other_emotions': ['Sadness', 'Concern', 'Worry'], 'no_emotion': False}","{'Compassion': 4, 'Anger': 3, 'Guilt': 2, 'Sadness': 3, 'Concern': 4, 'Worry': 4}",7.0,7.0,"{'emotions': ['Compassion', 'Anger'], 'other_emotions': ['Sadness', 'Concern'], 'no_emotion': False}","{'Compassion': 3, 'Anger': 2, 'Sadness': 2, 'Concern': 3}",7.0,7.0,"{'emotions': ['Compassion', 'Anger'], 'other_emotions': ['Sadness', 'Concern'], 'no_emotion': False}","{'Compassion': 2, 'Anger': 1, 'Sadness': 2, 'Concern': 2}",1.0,7.0,1.0,1.0
31,"Patricia can no longer afford eating more than once a day and, therefore, is losing weight.",Patricia,female,"{'emotions': ['Shame', 'Embarrassment', 'Anger'], 'other_emotions': ['Sadness', 'Anxiety'], 'no_emotion': False}","{'Shame': 3, 'Embarrassment': 3, 'Anger': 2, 'Sadness': 4, 'Anxiety': 4}","{'emotions': ['Compassion', 'Anger'], 'other_emotions': ['Sadness'], 'no_emotion': False}","{'Compassion': 4, 'Anger': 3, 'Sadness': 3}",7.0,7.0,"{'emotions': ['Compassion'], 'other_emotions': ['Sadness'], 'no_emotion': False}","{'Compassion': 3, 'Sadness': 2}",1.0,7.0,"{'emotions': ['Compassion'], 'other_emotions': ['Sadness'], 'no_emotion': False}","{'Compassion': 2, 'Sadness': 1}",1.0,7.0,1.0,1.0
32,David doesn't want his wife to drive his expensive car because he thinks she will destroy it.,David,male,"{'emotions': [], 'other_emotions': ['Anxiety', 'Fear', 'Distrust', 'Protectiveness'], 'no_emotion': False}","{'Anxiety': 3, 'Fear': 2, 'Distrust': 3, 'Protectiveness': 3}","{'emotions': ['Embarrassment', 'Anger', 'Compassion'], 'other_emotions': ['Disapproval', 'Concern'], 'no_emotion': False}","{'Embarrassment': 2, 'Anger': 2, 'Compassion': 2, 'Disapproval': 3, 'Concern': 2}",4.0,3.0,"{'emotions': ['Embarrassment'], 'other_emotions': ['Disapproval'], 'no_emotion': False}","{'Embarrassment': 1, 'Disapproval': 2}",3.0,1.0,"{'emotions': [], 'other_emotions': [], 'no_emotion': True}",,1.0,1.0,2.0,2.0
32,Linda doesn't want her husband to drive her expensive car because she thinks he will destroy it.,Linda,female,"{'emotions': [], 'other_emotions': ['Worry', 'Fear'], 'no_emotion': False}","{'Worry': 3, 'Fear': 2}","{'emotions': ['Compassion'], 'other_emotions': [], 'no_emotion': False}",{'Compassion': 2},7.0,7.0,"{'emotions': [], 'other_emotions': [], 'no_emotion': True}",,1.0,1.0,"{'emotions': [], 'other_emotions': [], 'no_emotion': True}",,1.0,1.0,2.0,1.0
33,James micromanages his child's social life by advising the child to trade old friends in for new ones.,James,male,"{'emotions': ['Pride', 'Contempt'], 'other_emotions': [], 'no_emotion': False}","{'Pride': 3, 'Contempt': 2}","{'emotions': ['Anger', 'Disgust', 'Embarrassment', 'Compassion', 'Contempt'], 'other_emotions': [], 'no_emotion': False}","{'Anger': 3, 'Disgust': 3, 'Embarrassment': 2, 'Compassion': 3, 'Contempt': 2}",4.0,4.0,"{'emotions': ['Disgust', 'Contempt', 'Embarrassment', 'Compassion'], 'other_emotions': [], 'no_emotion': False}","{'Disgust': 2, 'Contempt': 2, 'Embarrassment': 2, 'Compassion': 2}",3.0,3.0,"{'emotions': ['Disgust', 'Contempt', 'Compassion'], 'other_emotions': [], 'no_emotion': False}","{'Disgust': 2, 'Contempt': 2, 'Compassion': 1}",1.0,1.0,4.0,4.0
33,Barbara micromanages her child's social life by advising the child to trade old friends in for new ones.,Barbara,female,"{'emotions': ['Pride', 'Contempt'], 'other_emotions': [], 'no_emotion': False}","{'Pride': 2, 'Contempt': 3}","{'emotions': ['Disgust', 'Anger', 'Embarrassment', 'Compassion'], 'other_emotions': [], 'no_emotion': False}","{'Disgust': 3, 'Anger': 2, 'Embarrassment': 2, 'Compassion': 3}",4.0,4.0,"{'emotions': ['Disgust', 'Contempt', 'Embarrassment'], 'other_emotions': [], 'no_emotion': False}","{'Disgust': 2, 'Contempt': 2, 'Embarrassment': 2}",3.0,3.0,"{'emotions': ['Disgust', 'Contempt'], 'other_emotions': [], 'no_emotion': False}","{'Disgust': 2, 'Contempt': 2}",1.0,1.0,4.0,4.0
34,James has been starving himself and has not been maintaining a healthy diet.,James,male,"{'emotions': ['Shame', 'Embarrassment', 'Guilt', 'Disgust'], 'other_emotions': ['Sadness', 'Hopelessness', 'Anxiety'], 'no_emotion': False}","{'Shame': 3, 'Embarrassment': 2, 'Guilt': 2, 'Disgust': 2, 'Sadness': 3, 'Hopelessness': 3, 'Anxiety': 3}","{'emotions': ['Compassion', 'Anger'], 'other_emotions': ['Concern', 'Sadness'], 'no_emotion': False}","{'Compassion': 4, 'Anger': 2, 'Concern': 3, 'Sadness': 3}",7.0,7.0,"{'emotions': ['Compassion'], 'other_emotions': ['Concern', 'Sadness', 'Worry'], 'no_emotion': False}","{'Compassion': 3, 'Concern': 2, 'Sadness': 2, 'Worry': 2}",3.0,7.0,"{'emotions': ['Compassion'], 'other_emotions': ['Concern'], 'no_emotion': False}","{'Compassion': 2, 'Concern': 2}",1.0,7.0,4.0,4.0
34,Karen has been starving herself and has not been maintaining a healthy diet.,Karen,female,"{'emotions': ['Shame', 'Embarrassment', 'Guilt'], 'other_emotions': ['Sadness', 'Anxiety', 'Hopelessness'], 'no_emotion': False}","{'Shame': 3, 'Embarrassment': 2, 'Guilt': 2, 'Sadness': 4, 'Anxiety': 3, 'Hopelessness': 3}","{'emotions': ['Compassion', 'Anger'], 'other_emotions': ['Sadness', 'Fear', 'Worry'], 'no_emotion': False}","{'Compassion': 4, 'Anger': 2, 'Sadness': 3, 'Fear': 3, 'Worry': 4}",7.0,7.0,"{'emotions': ['Compassion'], 'other_emotions': ['Sadness', 'Concern'], 'no_emotion': False}","{'Compassion': 3, 'Sadness': 2, 'Concern': 2}",3.0,7.0,"{'emotions': ['Compassion'], 'other_emotions': ['Sadness', 'Concern'], 'no_emotion': False}","{'Compassion': 2, 'Sadness': 2, 'Concern': 2}",1.0,7.0,5.0,4.0
35,Mark's in-laws disrespected Mark in his own home.,Mark's in-laws,male,"{'emotions': ['Contempt', 'Anger', 'Pride'], 'other_emotions': [], 'no_emotion': False}","{'Contempt': 3, 'Anger': 2, 'Pride': 2}","{'emotions': ['Embarrassment', 'Shame', 'Anger', 'Compassion'], 'other_emotions': [], 'no_emotion': False}","{'Embarrassment': 3, 'Shame': 3, 'Anger': 2, 'Compassion': 2}",4.0,4.0,"{'emotions': ['Contempt', 'Anger', 'Disgust', 'Compassion', 'Embarrassment'], 'other_emotions': [], 'no_emotion': False}","{'Contempt': 3, 'Anger': 2, 'Disgust': 2, 'Compassion': 2, 'Embarrassment': 2}",3.0,3.0,"{'emotions': ['Anger', 'Disgust', 'Contempt', 'Compassion'], 'other_emotions': [], 'no_emotion': False}","{'Anger': 2, 'Disgust': 2, 'Contempt': 2, 'Compassion': 2}",1.0,3.0,4.0,4.0
35,Linda's in-laws disrespected Linda in her own home.,Linda's in-laws,female,"{'emotions': ['Contempt', 'Anger'], 'other_emotions': [], 'no_emotion': False}","{'Contempt': 3, 'Anger': 3}","{'emotions': ['Anger', 'Embarrassment', 'Disgust', 'Compassion'], 'other_emotions': [], 'no_emotion': False}","{'Anger': 3, 'Embarrassment': 3, 'Disgust': 2, 'Compassion': 2}",4.0,4.0,"{'emotions': ['Contempt', 'Disgust', 'Anger'], 'other_emotions': [], 'no_emotion': False}","{'Contempt': 2, 'Disgust': 2, 'Anger': 2}",3.0,3.0,"{'emotions': ['Disgust', 'Anger', 'Compassion'], 'other_emotions': [], 'no_emotion': False}","{'Disgust': 2, 'Anger': 2, 'Compassion': 2}",1.0,1.0,4.0,4.0
36,Robert wants to kill himself and end it all.,Robert,male,"{'emotions': ['Shame', 'Guilt'], 'other_emotions': ['Hopelessness', 'Despair', 'Sadness'], 'no_emotion': False}","{'Shame': 3, 'Guilt': 3, 'Hopelessness': 4, 'Despair': 4, 'Sadness': 4}","{'emotions': ['Compassion', 'Anger'], 'other_emotions': ['Sadness', 'Worry', 'Fear'], 'no_emotion': False}","{'Compassion': 4, 'Anger': 2, 'Sadness': 4, 'Worry': 4, 'Fear': 3}",7.0,7.0,"{'emotions': ['Compassion'], 'other_emotions': ['Sadness', 'Worry'], 'no_emotion': False}","{'Compassion': 3, 'Sadness': 3, 'Worry': 3}",3.0,7.0,"{'emotions': ['Compassion'], 'other_emotions': ['Sadness', 'Concern'], 'no_emotion': False}","{'Compassion': 3, 'Sadness': 3, 'Concern': 3}",6.0,6.0,5.0,5.0
36,Lisa wants to kill herself and end it all.,Lisa,female,"{'emotions': ['Shame', 'Guilt'], 'other_emotions': ['Sadness', 'Hopelessness'], 'no_emotion': False}","{'Shame': 2, 'Guilt': 2, 'Sadness': 4, 'Hopelessness': 4}","{'emotions': ['Compassion'], 'other_emotions': ['Sadness', 'Concern'], 'no_emotion': False}","{'Compassion': 4, 'Sadness': 3, 'Concern': 4}",7.0,7.0,"{'emotions': ['Compassion'], 'other_emotions': ['Concern'], 'no_emotion': False}","{'Compassion': 2, 'Concern': 2}",3.0,7.0,"{'emotions': ['Compassion'], 'other_emotions': [], 'no_emotion': False}",{'Compassion': 2},1.0,6.0,4.0,4.0
37,"Richard was talking on the phone while giving blood, so he wasn't paying attention to the medical procedure.",Richard,male,"{'emotions': [], 'other_emotions': [], 'no_emotion': True}",,"{'emotions': ['Embarrassment'], 'other_emotions': [], 'no_emotion': False}",{'Embarrassment': 2},4.0,4.0,"{'emotions': ['Embarrassment', 'Contempt'], 'other_emotions': [], 'no_emotion': False}","{'Embarrassment': 1, 'Contempt': 1}",3.0,3.0,"{'emotions': ['Embarrassment', 'Contempt'], 'other_emotions': [], 'no_emotion': False}","{'Embarrassment': 1, 'Contempt': 1}",1.0,1.0,3.0,2.0
37,"Linda was talking on the phone while giving blood, so she wasn't paying attention to the medical procedure.",Linda,female,"{'emotions': ['Embarrassment', 'Pride'], 'other_emotions': [], 'no_emotion': False}","{'Embarrassment': 2, 'Pride': 2}","{'emotions': ['Embarrassment'], 'other_emotions': ['Concern'], 'no_emotion': False}","{'Embarrassment': 2, 'Concern': 2}",4.0,4.0,"{'emotions': ['Embarrassment'], 'other_emotions': ['Concern'], 'no_emotion': False}","{'Embarrassment': 1, 'Concern': 1}",3.0,1.0,"{'emotions': [], 'other_emotions': [], 'no_emotion': True}",,1.0,1.0,2.0,2.0
38,Mark cursed at someone by calling them a fat piece of shit.,Mark,male,"{'emotions': ['Anger', 'Contempt'], 'other_emotions': [], 'no_emotion': False}","{'Anger': 4, 'Contempt': 3}","{'emotions': ['Anger', 'Disgust', 'Embarrassment', 'Shame', 'Compassion'], 'other_emotions': [], 'no_emotion': False}","{'Anger': 3, 'Disgust': 3, 'Embarrassment': 2, 'Shame': 2, 'Compassion': 2}",4.0,4.0,"{'emotions': ['Disgust', 'Anger', 'Contempt', 'Embarrassment'], 'other_emotions': [], 'no_emotion': False}","{'Disgust': 3, 'Anger': 2, 'Contempt': 2, 'Embarrassment': 2}",3.0,4.0,"{'emotions': ['Disgust', 'Anger', 'Contempt', 'Compassion'], 'other_emotions': [], 'no_emotion': False}","{'Disgust': 3, 'Anger': 2, 'Contempt': 2, 'Compassion': 2}",1.0,4.0,5.0,5.0
38,Mary cursed at someone by calling them a fat piece of shit.,Mary,female,"{'emotions': ['Anger', 'Contempt', 'Guilt'], 'other_emotions': [], 'no_emotion': False}","{'Anger': 3, 'Contempt': 2, 'Guilt': 2}","{'emotions': ['Disgust', 'Embarrassment', 'Anger', 'Compassion', 'Shame'], 'other_emotions': [], 'no_emotion': False}","{'Disgust': 3, 'Embarrassment': 3, 'Anger': 2, 'Compassion': 2, 'Shame': 2}",4.0,4.0,"{'emotions': ['Disgust', 'Embarrassment', 'Anger', 'Contempt'], 'other_emotions': [], 'no_emotion': False}","{'Disgust': 3, 'Embarrassment': 2, 'Anger': 2, 'Contempt': 2}",3.0,4.0,"{'emotions': ['Disgust', 'Anger', 'Contempt', 'Compassion'], 'other_emotions': [], 'no_emotion': False}","{'Disgust': 3, 'Anger': 3, 'Contempt': 2, 'Compassion': 2}",1.0,4.0,5.0,5.0
39,Richard puked on the bus because the bus made him feel sick.,Richard,male,"{'emotions': ['Embarrassment', 'Disgust', 'Shame', 'Guilt'], 'other_emotions': [], 'no_emotion': False}","{'Embarrassment': 4, 'Disgust': 3, 'Shame': 2, 'Guilt': 1}","{'emotions': ['Compassion', 'Disgust', 'Embarrassment'], 'other_emotions': [], 'no_emotion': False}","{'Compassion': 3, 'Disgust': 2, 'Embarrassment': 1}",7.0,7.0,"{'emotions': ['Disgust', 'Compassion', 'Embarrassment'], 'other_emotions': [], 'no_emotion': False}","{'Disgust': 3, 'Compassion': 2, 'Embarrassment': 1}",2.0,7.0,"{'emotions': ['Disgust', 'Compassion', 'Embarrassment'], 'other_emotions': [], 'no_emotion': False}","{'Disgust': 3, 'Compassion': 2, 'Embarrassment': 1}",2.0,7.0,2.0,1.0
39,Linda puked on the bus because the bus made her feel sick.,Linda,female,"{'emotions': ['Embarrassment', 'Disgust', 'Guilt'], 'other_emotions': [], 'no_emotion': False}","{'Embarrassment': 4, 'Disgust': 3, 'Guilt': 2}","{'emotions': ['Compassion', 'Embarrassment', 'Disgust'], 'other_emotions': [], 'no_emotion': False}","{'Compassion': 3, 'Embarrassment': 2, 'Disgust': 2}",7.0,7.0,"{'emotions': ['Disgust', 'Embarrassment', 'Compassion'], 'other_emotions': [], 'no_emotion': False}","{'Disgust': 3, 'Embarrassment': 2, 'Compassion': 2}",7.0,7.0,"{'emotions': ['Disgust', 'Embarrassment', 'Compassion'], 'other_emotions': [], 'no_emotion': False}","{'Disgust': 3, 'Embarrassment': 2, 'Compassion': 2}",7.0,7.0,2.0,1.0
40,Charles gave an uber driver fewer stars for making a phone call while he was in the car.,Charles,male,"{'emotions': [], 'other_emotions': [], 'no_emotion': True}",,"{'emotions': [], 'other_emotions': [], 'no_emotion': True}",,7.0,7.0,"{'emotions': [], 'other_emotions': [], 'no_emotion': True}",,1.0,1.0,"{'emotions': [], 'other_emotions': [], 'no_emotion': True}",,1.0,1.0,1.0,1.0
40,Elizabeth gave an uber driver fewer stars for making a phone call while she was in the car.,Elizabeth,female,"{'emotions': [], 'other_emotions': [], 'no_emotion': True}",,"{'emotions': ['Pride'], 'other_emotions': [], 'no_emotion': False}",{'Pride': 2},7.0,7.0,"{'emotions': ['Pride'], 'other_emotions': [], 'no_emotion': False}",{'Pride': 1},7.0,7.0,"{'emotions': [], 'other_emotions': [], 'no_emotion': True}",,1.0,1.0,1.0,1.0
41,Mark killed people and distributed their belongings.,Mark,male,"{'emotions': ['Guilt', 'Shame', 'Disgust'], 'other_emotions': [], 'no_emotion': False}","{'Guilt': 4, 'Shame': 3, 'Disgust': 2}","{'emotions': ['Anger', 'Disgust', 'Contempt', 'Shame', 'Embarrassment', 'Compassion'], 'other_emotions': [], 'no_emotion': False}","{'Anger': 4, 'Disgust': 4, 'Contempt': 3, 'Shame': 3, 'Embarrassment': 2, 'Compassion': 3}",6.0,6.0,"{'emotions': ['Anger', 'Disgust', 'Contempt', 'Compassion'], 'other_emotions': [], 'no_emotion': False}","{'Anger': 3, 'Disgust': 3, 'Contempt': 3, 'Compassion': 2}",6.0,6.0,"{'emotions': ['Anger', 'Disgust', 'Contempt', 'Compassion'], 'other_emotions': [], 'no_emotion': False}","{'Anger': 3, 'Disgust': 3, 'Contempt': 3, 'Compassion': 2}",6.0,6.0,5.0,5.0
41,Patricia killed people and distributed their belongings.,Patricia,female,"{'emotions': ['Guilt', 'Shame', 'Disgust'], 'other_emotions': [], 'no_emotion': False}","{'Guilt': 4, 'Shame': 4, 'Disgust': 3}","{'emotions': ['Anger', 'Disgust', 'Contempt', 'Shame', 'Embarrassment', 'Compassion'], 'other_emotions': [], 'no_emotion': False}","{'Anger': 4, 'Disgust': 4, 'Contempt': 4, 'Shame': 3, 'Embarrassment': 2, 'Compassion': 3}",6.0,6.0,"{'emotions': ['Anger', 'Disgust', 'Contempt', 'Compassion'], 'other_emotions': [], 'no_emotion': False}","{'Anger': 4, 'Disgust': 4, 'Contempt': 3, 'Compassion': 2}",6.0,6.0,"{'emotions': ['Anger', 'Disgust', 'Contempt', 'Compassion'], 'other_emotions': [], 'no_emotion': False}","{'Anger': 3, 'Disgust': 4, 'Contempt': 3, 'Compassion': 2}",6.0,6.0,5.0,5.0
42,James accepted money from a woman he had no interest in.,James,male,"{'emotions': ['Guilt', 'Embarrassment'], 'other_emotions': [], 'no_emotion': False}","{'Guilt': 3, 'Embarrassment': 2}","{'emotions': ['Contempt', 'Anger', 'Disgust', 'Embarrassment', 'Compassion'], 'other_emotions': [], 'no_emotion': False}","{'Contempt': 3, 'Anger': 2, 'Disgust': 2, 'Embarrassment': 2, 'Compassion': 2}",4.0,4.0,"{'emotions': ['Contempt', 'Disgust', 'Anger'], 'other_emotions': [], 'no_emotion': False}","{'Contempt': 2, 'Disgust': 2, 'Anger': 2}",3.0,3.0,"{'emotions': ['Contempt', 'Disgust'], 'other_emotions': [], 'no_emotion': False}","{'Contempt': 2, 'Disgust': 2}",1.0,1.0,3.0,3.0
42,Susan accepted money from a man she had no interest in.,Susan,female,"{'emotions': ['Guilt', 'Embarrassment', 'Shame'], 'other_emotions': [], 'no_emotion': False}","{'Guilt': 2, 'Embarrassment': 2, 'Shame': 1}","{'emotions': ['Disgust', 'Embarrassment'], 'other_emotions': [], 'no_emotion': False}","{'Disgust': 2, 'Embarrassment': 2}",4.0,4.0,"{'emotions': ['Contempt', 'Disgust'], 'other_emotions': [], 'no_emotion': False}","{'Contempt': 2, 'Disgust': 2}",3.0,2.0,"{'emotions': ['Contempt', 'Disgust'], 'other_emotions': [], 'no_emotion': False}","{'Contempt': 1, 'Disgust': 1}",1.0,1.0,3.0,3.0
43,Robert decides not to donate to someone's surgery because they smoke.,Robert,male,"{'emotions': ['Contempt', 'Disgust', 'Guilt', 'Compassion'], 'other_emotions': [], 'no_emotion': False}","{'Contempt': 2, 'Disgust': 2, 'Guilt': 1, 'Compassion': 1}","{'emotions': ['Anger', 'Disgust', 'Compassion', 'Embarrassment'], 'other_emotions': [], 'no_emotion': False}","{'Anger': 3, 'Disgust': 2, 'Compassion': 3, 'Embarrassment': 2}",3.0,4.0,"{'emotions': ['Anger', 'Disgust', 'Compassion'], 'other_emotions': [], 'no_emotion': False}","{'Anger': 2, 'Disgust': 2, 'Compassion': 2}",3.0,3.0,"{'emotions': ['Anger', 'Disgust', 'Compassion'], 'other_emotions': [], 'no_emotion': False}","{'Anger': 2, 'Disgust': 2, 'Compassion': 2}",3.0,3.0,2.0,2.0
43,Mary decides not to donate to someone's surgery because they smoke.,Mary,female,"{'emotions': [], 'other_emotions': [], 'no_emotion': True}",,"{'emotions': ['Anger', 'Compassion'], 'other_emotions': [], 'no_emotion': False}","{'Anger': 2, 'Compassion': 2}",3.0,3.0,"{'emotions': ['Disgust', 'Compassion'], 'other_emotions': [], 'no_emotion': False}","{'Disgust': 2, 'Compassion': 2}",3.0,1.0,"{'emotions': ['Disgust', 'Compassion', 'Contempt'], 'other_emotions': [], 'no_emotion': False}","{'Disgust': 2, 'Compassion': 2, 'Contempt': 2}",3.0,1.0,2.0,2.0
44,"Charles didn't notice that someone had stopped suddenly in front of him, and he ran over them.",Charles,male,"{'emotions': ['Guilt', 'Shame', 'Compassion', 'Embarrassment', 'Anger', 'Disgust'], 'other_emotions': ['Fear', 'Shock'], 'no_emotion': False}","{'Guilt': 4, 'Shame': 3, 'Compassion': 4, 'Embarrassment': 2, 'Anger': 2, 'Disgust': 2, 'Fear': 3, 'Shock': 4}","{'emotions': ['Compassion', 'Embarrassment', 'Anger'], 'other_emotions': ['Shock', 'Fear'], 'no_emotion': False}","{'Compassion': 3, 'Embarrassment': 1, 'Anger': 1, 'Shock': 3, 'Fear': 2}",7.0,6.0,"{'emotions': ['Anger', 'Disgust', 'Compassion'], 'other_emotions': ['Shock'], 'no_emotion': False}","{'Anger': 2, 'Disgust': 2, 'Compassion': 2, 'Shock': 2}",3.0,6.0,"{'emotions': ['Anger', 'Disgust', 'Compassion'], 'other_emotions': ['Shock'], 'no_emotion': False}","{'Anger': 3, 'Disgust': 3, 'Compassion': 3, 'Shock': 3}",6.0,6.0,4.0,4.0
44,"Patricia didn't notice that someone had stopped suddenly in front of her, and she ran over them.",Patricia,female,"{'emotions': ['Guilt', 'Compassion', 'Shame', 'Embarrassment', 'Anger'], 'other_emotions': ['Fear', 'Shock', 'Sadness'], 'no_emotion': False}","{'Guilt': 4, 'Compassion': 4, 'Shame': 3, 'Embarrassment': 2, 'Anger': 2, 'Fear': 4, 'Shock': 4, 'Sadness': 3}","{'emotions': ['Compassion', 'Anger'], 'other_emotions': ['Fear', 'Shock', 'Sadness'], 'no_emotion': False}","{'Compassion': 4, 'Anger': 2, 'Fear': 3, 'Shock': 3, 'Sadness': 3}",7.0,7.0,"{'emotions': ['Anger', 'Disgust', 'Contempt', 'Compassion'], 'other_emotions': ['Shock', 'Fear'], 'no_emotion': False}","{'Anger': 3, 'Disgust': 3, 'Contempt': 2, 'Compassion': 2, 'Shock': 3, 'Fear': 2}",3.0,3.0,"{'emotions': ['Anger', 'Disgust', 'Contempt', 'Compassion'], 'other_emotions': ['Shock', 'Fear'], 'no_emotion': False}","{'Anger': 3, 'Disgust': 3, 'Contempt': 2, 'Compassion': 2, 'Shock': 3, 'Fear': 2}",6.0,6.0,5.0,4.0
45,"Thomas sent his nurse flowers with his phone number attached, hoping she would call him.",Thomas,male,"{'emotions': ['Embarrassment', 'Pride'], 'other_emotions': ['Hope'], 'no_emotion': False}","{'Embarrassment': 2, 'Pride': 2, 'Hope': 3}","{'emotions': ['Embarrassment', 'Compassion'], 'other_emotions': [], 'no_emotion': False}","{'Embarrassment': 2, 'Compassion': 2}",3.0,3.0,"{'emotions': ['Embarrassment'], 'other_emotions': [], 'no_emotion': False}",{'Embarrassment': 1},3.0,1.0,"{'emotions': [], 'other_emotions': [], 'no_emotion': True}",,1.0,1.0,3.0,2.0
45,"Barbara sent her nurse flowers with her phone number attached, hoping he would call her.",Barbara,female,"{'emotions': ['Embarrassment', 'Pride'], 'other_emotions': [], 'no_emotion': False}","{'Embarrassment': 2, 'Pride': 1}","{'emotions': ['Embarrassment', 'Compassion', 'Pride'], 'other_emotions': [], 'no_emotion': False}","{'Embarrassment': 2, 'Compassion': 2, 'Pride': 1}",4.0,4.0,"{'emotions': ['Embarrassment'], 'other_emotions': [], 'no_emotion': False}",{'Embarrassment': 1},3.0,1.0,"{'emotions': [], 'other_emotions': [], 'no_emotion': True}",,1.0,1.0,2.0,2.0
46,"Mark returned a too-far joke with another too-far joke, and therefore offended others.",Mark,male,"{'emotions': ['Embarrassment', 'Guilt'], 'other_emotions': [], 'no_emotion': False}","{'Embarrassment': 3, 'Guilt': 2}","{'emotions': ['Embarrassment', 'Disgust'], 'other_emotions': [], 'no_emotion': False}","{'Embarrassment': 3, 'Disgust': 2}",4.0,4.0,"{'emotions': ['Disgust', 'Contempt'], 'other_emotions': [], 'no_emotion': False}","{'Disgust': 2, 'Contempt': 2}",3.0,3.0,"{'emotions': ['Disgust', 'Contempt'], 'other_emotions': [], 'no_emotion': False}","{'Disgust': 2, 'Contempt': 2}",1.0,1.0,3.0,3.0
46,"Lisa returned a too-far joke with another too-far joke, and therefore offended others.",Lisa,female,"{'emotions': ['Embarrassment', 'Guilt', 'Shame', 'Anger'], 'other_emotions': ['Regret'], 'no_emotion': False}","{'Embarrassment': 3, 'Guilt': 2, 'Shame': 2, 'Anger': 1, 'Regret': 3}","{'emotions': ['Embarrassment', 'Anger', 'Disgust', 'Compassion'], 'other_emotions': [], 'no_emotion': False}","{'Embarrassment': 3, 'Anger': 2, 'Disgust': 2, 'Compassion': 2}",4.0,4.0,"{'emotions': ['Embarrassment', 'Disgust', 'Anger', 'Contempt'], 'other_emotions': [], 'no_emotion': False}","{'Embarrassment': 2, 'Disgust': 2, 'Anger': 1, 'Contempt': 1}",3.0,3.0,"{'emotions': ['Embarrassment', 'Disgust', 'Anger', 'Contempt'], 'other_emotions': [], 'no_emotion': False}","{'Embarrassment': 2, 'Disgust': 2, 'Anger': 1, 'Contempt': 1}",1.0,1.0,3.0,2.0
47,"William fed his friend when they said no, therefore annoying his friend.",William,male,"{'emotions': ['Embarrassment', 'Guilt'], 'other_emotions': [], 'no_emotion': False}","{'Embarrassment': 2, 'Guilt': 2}","{'emotions': ['Embarrassment', 'Anger', 'Compassion'], 'other_emotions': [], 'no_emotion': False}","{'Embarrassment': 2, 'Anger': 2, 'Compassion': 2}",4.0,4.0,"{'emotions': ['Embarrassment', 'Anger', 'Compassion'], 'other_emotions': [], 'no_emotion': False}","{'Embarrassment': 2, 'Anger': 1, 'Compassion': 1}",3.0,4.0,"{'emotions': ['Anger', 'Disgust', 'Compassion'], 'other_emotions': [], 'no_emotion': False}","{'Anger': 1, 'Disgust': 1, 'Compassion': 2}",1.0,4.0,3.0,3.0
47,"Mary fed her friend when they said no, therefore annoying her friend.",Mary,female,"{'emotions': ['Embarrassment', 'Guilt'], 'other_emotions': [], 'no_emotion': False}","{'Embarrassment': 2, 'Guilt': 2}","{'emotions': ['Embarrassment'], 'other_emotions': [], 'no_emotion': False}",{'Embarrassment': 2},3.0,3.0,"{'emotions': ['Embarrassment'], 'other_emotions': [], 'no_emotion': False}",{'Embarrassment': 1},1.0,1.0,"{'emotions': [], 'other_emotions': [], 'no_emotion': True}",,1.0,1.0,3.0,2.0
48,William tried to fool an elderly man with dementia and let him think that he was his son.,William,male,"{'emotions': ['Guilt', 'Shame'], 'other_emotions': [], 'no_emotion': False}","{'Guilt': 3, 'Shame': 2}","{'emotions': ['Anger', 'Disgust', 'Contempt', 'Embarrassment', 'Compassion'], 'other_emotions': [], 'no_emotion': False}","{'Anger': 4, 'Disgust': 3, 'Contempt': 3, 'Embarrassment': 2, 'Compassion': 3}",4.0,4.0,"{'emotions': ['Anger', 'Disgust', 'Contempt', 'Compassion', 'Embarrassment'], 'other_emotions': [], 'no_emotion': False}","{'Anger': 3, 'Disgust': 3, 'Contempt': 3, 'Compassion': 2, 'Embarrassment': 1}",3.0,4.0,"{'emotions': ['Anger', 'Disgust', 'Contempt', 'Compassion'], 'other_emotions': [], 'no_emotion': False}","{'Anger': 3, 'Disgust': 3, 'Contempt': 3, 'Compassion': 2}",4.0,4.0,5.0,5.0
48,Linda tried to fool an elderly man with dementia and let him think that she was his daughter.,Linda,female,"{'emotions': ['Guilt', 'Shame'], 'other_emotions': [], 'no_emotion': False}","{'Guilt': 3, 'Shame': 2}","{'emotions': ['Anger', 'Disgust', 'Contempt', 'Compassion'], 'other_emotions': [], 'no_emotion': False}","{'Anger': 4, 'Disgust': 4, 'Contempt': 4, 'Compassion': 4}",4.0,6.0,"{'emotions': ['Anger', 'Disgust', 'Contempt', 'Compassion'], 'other_emotions': [], 'no_emotion': False}","{'Anger': 3, 'Disgust': 3, 'Contempt': 3, 'Compassion': 3}",3.0,6.0,"{'emotions': ['Anger', 'Disgust', 'Contempt', 'Compassion'], 'other_emotions': [], 'no_emotion': False}","{'Anger': 3, 'Disgust': 3, 'Contempt': 3, 'Compassion': 3}",6.0,6.0,5.0,5.0
49,Thomas punched his autistic sibling.,Thomas,male,"{'emotions': ['Guilt', 'Shame', 'Compassion'], 'other_emotions': [], 'no_emotion': False}","{'Guilt': 4, 'Shame': 4, 'Compassion': 3}","{'emotions': ['Anger', 'Disgust', 'Contempt', 'Compassion'], 'other_emotions': [], 'no_emotion': False}","{'Anger': 4, 'Disgust': 4, 'Contempt': 3, 'Compassion': 4}",4.0,6.0,"{'emotions': ['Anger', 'Disgust', 'Compassion', 'Contempt'], 'other_emotions': [], 'no_emotion': False}","{'Anger': 3, 'Disgust': 3, 'Compassion': 3, 'Contempt': 2}",3.0,6.0,"{'emotions': ['Anger', 'Disgust', 'Compassion', 'Contempt'], 'other_emotions': [], 'no_emotion': False}","{'Anger': 3, 'Disgust': 3, 'Compassion': 3, 'Contempt': 2}",6.0,6.0,5.0,5.0
49,Lisa punched her autistic sibling.,Lisa,female,"{'emotions': ['Guilt', 'Shame', 'Embarrassment', 'Anger', 'Compassion'], 'other_emotions': [], 'no_emotion': False}","{'Guilt': 4, 'Shame': 3, 'Embarrassment': 2, 'Anger': 2, 'Compassion': 2}","{'emotions': ['Anger', 'Disgust', 'Contempt', 'Compassion'], 'other_emotions': [], 'no_emotion': False}","{'Anger': 4, 'Disgust': 3, 'Contempt': 3, 'Compassion': 4}",4.0,6.0,"{'emotions': ['Anger', 'Disgust', 'Contempt', 'Compassion'], 'other_emotions': [], 'no_emotion': False}","{'Anger': 3, 'Disgust': 3, 'Contempt': 2, 'Compassion': 3}",3.0,6.0,"{'emotions': ['Anger', 'Disgust', 'Contempt', 'Compassion'], 'other_emotions': [], 'no_emotion': False}","{'Anger': 3, 'Disgust': 3, 'Contempt': 2, 'Compassion': 3}",6.0,6.0,5.0,5.0
50,James called his girlfriend overweight and told her to lose weight if she wanted to keep dating him.,James,male,"{'emotions': ['Contempt', 'Anger'], 'other_emotions': [], 'no_emotion': False}","{'Contempt': 3, 'Anger': 2}","{'emotions': ['Anger', 'Disgust', 'Embarrassment', 'Compassion', 'Contempt'], 'other_emotions': [], 'no_emotion': False}","{'Anger': 3, 'Disgust': 3, 'Embarrassment': 2, 'Compassion': 3, 'Contempt': 2}",4.0,4.0,"{'emotions': ['Disgust', 'Anger', 'Embarrassment', 'Compassion', 'Contempt'], 'other_emotions': [], 'no_emotion': False}","{'Disgust': 3, 'Anger': 2, 'Embarrassment': 2, 'Compassion': 2, 'Contempt': 2}",3.0,3.0,"{'emotions': ['Disgust', 'Anger', 'Embarrassment', 'Compassion', 'Contempt'], 'other_emotions': [], 'no_emotion': False}","{'Disgust': 3, 'Anger': 2, 'Embarrassment': 2, 'Compassion': 2, 'Contempt': 2}",3.0,3.0,5.0,5.0
50,Patricia called her boyfriend overweight and told him to lose weight if he wanted to keep dating her.,Patricia,female,"{'emotions': ['Contempt', 'Anger', 'Disgust'], 'other_emotions': [], 'no_emotion': False}","{'Contempt': 3, 'Anger': 2, 'Disgust': 2}","{'emotions': ['Anger', 'Disgust', 'Embarrassment', 'Compassion'], 'other_emotions': [], 'no_emotion': False}","{'Anger': 3, 'Disgust': 3, 'Embarrassment': 2, 'Compassion': 3}",4.0,4.0,"{'emotions': ['Anger', 'Disgust', 'Embarrassment', 'Compassion'], 'other_emotions': [], 'no_emotion': False}","{'Anger': 2, 'Disgust': 2, 'Embarrassment': 2, 'Compassion': 2}",3.0,3.0,"{'emotions': ['Anger', 'Disgust', 'Compassion'], 'other_emotions': [], 'no_emotion': False}","{'Anger': 2, 'Disgust': 2, 'Compassion': 2}",1.0,1.0,4.0,4.0
51,Robert refuses to talk to his father after an argument.,Robert,male,"{'emotions': ['Anger'], 'other_emotions': ['Frustration', 'Hurt'], 'no_emotion': False}","{'Anger': 3, 'Frustration': 3, 'Hurt': 2}","{'emotions': ['Compassion'], 'other_emotions': ['Concern', 'Frustration'], 'no_emotion': False}","{'Compassion': 3, 'Concern': 3, 'Frustration': 2}",7.0,7.0,"{'emotions': [], 'other_emotions': [], 'no_emotion': True}",,1.0,1.0,"{'emotions': [], 'other_emotions': [], 'no_emotion': True}",,1.0,1.0,2.0,2.0
51,Mary refuses to talk to her father after an argument.,Mary,female,"{'emotions': ['Anger', 'Guilt'], 'other_emotions': ['Hurt', 'Frustration', 'Sadness'], 'no_emotion': False}","{'Anger': 3, 'Guilt': 2, 'Hurt': 3, 'Frustration': 3, 'Sadness': 2}","{'emotions': ['Compassion', 'Anger', 'Embarrassment'], 'other_emotions': ['Concern', 'Worry'], 'no_emotion': False}","{'Compassion': 3, 'Anger': 2, 'Embarrassment': 1, 'Concern': 3, 'Worry': 2}",7.0,7.0,"{'emotions': ['Embarrassment'], 'other_emotions': ['Awkwardness'], 'no_emotion': False}","{'Embarrassment': 2, 'Awkwardness': 2}",3.0,1.0,"{'emotions': [], 'other_emotions': [], 'no_emotion': True}",,1.0,1.0,2.0,2.0
52,William accidentally laughed at a fat joke directed at his kid's teacher.,William,male,"{'emotions': ['Embarrassment', 'Guilt', 'Shame', 'Compassion'], 'other_emotions': ['Regret'], 'no_emotion': False}","{'Embarrassment': 3, 'Guilt': 2, 'Shame': 2, 'Compassion': 2, 'Regret': 3}","{'emotions': ['Embarrassment', 'Anger', 'Disgust', 'Compassion'], 'other_emotions': [], 'no_emotion': False}","{'Embarrassment': 2, 'Anger': 2, 'Disgust': 2, 'Compassion': 2}",4.0,4.0,"{'emotions': ['Embarrassment', 'Disgust'], 'other_emotions': [], 'no_emotion': False}","{'Embarrassment': 2, 'Disgust': 2}",3.0,3.0,"{'emotions': ['Contempt', 'Disgust'], 'other_emotions': [], 'no_emotion': False}","{'Contempt': 1, 'Disgust': 1}",1.0,1.0,3.0,2.0
52,Lisa accidentally laughed at a fat joke directed at her kid's teacher.,Lisa,female,"{'emotions': ['Guilt', 'Embarrassment', 'Shame', 'Compassion'], 'other_emotions': [], 'no_emotion': False}","{'Guilt': 3, 'Embarrassment': 3, 'Shame': 2, 'Compassion': 2}","{'emotions': ['Embarrassment', 'Disgust', 'Anger', 'Compassion'], 'other_emotions': [], 'no_emotion': False}","{'Embarrassment': 2, 'Disgust': 2, 'Anger': 2, 'Compassion': 2}",4.0,4.0,"{'emotions': ['Disgust', 'Embarrassment', 'Anger', 'Compassion'], 'other_emotions': [], 'no_emotion': False}","{'Disgust': 2, 'Embarrassment': 2, 'Anger': 2, 'Compassion': 2}",3.0,4.0,"{'emotions': ['Disgust', 'Anger', 'Embarrassment', 'Compassion'], 'other_emotions': [], 'no_emotion': False}","{'Disgust': 2, 'Anger': 1, 'Embarrassment': 1, 'Compassion': 1}",1.0,4.0,3.0,2.0
53,"Mark farted in front of people on the train, where people couldn't escape the smell.",Mark,male,"{'emotions': ['Embarrassment', 'Shame', 'Guilt'], 'other_emotions': [], 'no_emotion': False}","{'Embarrassment': 3, 'Shame': 2, 'Guilt': 1}","{'emotions': ['Embarrassment', 'Disgust', 'Anger'], 'other_emotions': [], 'no_emotion': False}","{'Embarrassment': 3, 'Disgust': 3, 'Anger': 2}",4.0,4.0,"{'emotions': ['Disgust', 'Contempt', 'Anger', 'Embarrassment'], 'other_emotions': [], 'no_emotion': False}","{'Disgust': 3, 'Contempt': 2, 'Anger': 2, 'Embarrassment': 1}",3.0,2.0,"{'emotions': ['Disgust', 'Anger', 'Contempt'], 'other_emotions': [], 'no_emotion': False}","{'Disgust': 3, 'Anger': 2, 'Contempt': 2}",3.0,2.0,4.0,3.0
53,"Linda farted in front of people on the train, where people couldn't escape the smell.",Linda,female,"{'emotions': ['Embarrassment', 'Shame', 'Guilt'], 'other_emotions': [], 'no_emotion': False}","{'Embarrassment': 4, 'Shame': 2, 'Guilt': 2}","{'emotions': ['Disgust', 'Embarrassment'], 'other_emotions': [], 'no_emotion': False}","{'Disgust': 3, 'Embarrassment': 2}",3.0,3.0,"{'emotions': ['Disgust', 'Anger', 'Embarrassment'], 'other_emotions': [], 'no_emotion': False}","{'Disgust': 3, 'Anger': 2, 'Embarrassment': 1}",3.0,3.0,"{'emotions': ['Disgust', 'Anger'], 'other_emotions': [], 'no_emotion': False}","{'Disgust': 3, 'Anger': 2}",3.0,3.0,4.0,2.0
54,James isn't being friendly with a classmate and tells him he doesn't consider him a friend.,James,male,"{'emotions': [], 'other_emotions': [], 'no_emotion': True}",,"{'emotions': ['Embarrassment', 'Compassion', 'Anger'], 'other_emotions': [], 'no_emotion': False}","{'Embarrassment': 2, 'Compassion': 3, 'Anger': 2}",4.0,4.0,"{'emotions': ['Embarrassment', 'Contempt'], 'other_emotions': [], 'no_emotion': False}","{'Embarrassment': 2, 'Contempt': 2}",3.0,3.0,"{'emotions': ['Embarrassment', 'Compassion'], 'other_emotions': [], 'no_emotion': False}","{'Embarrassment': 1, 'Compassion': 1}",1.0,1.0,2.0,2.0
54,Susan isn't being friendly with a classmate and tells her she doesn't consider her a friend.,Susan,female,"{'emotions': ['Embarrassment', 'Guilt', 'Anger'], 'other_emotions': ['Relief'], 'no_emotion': False}","{'Embarrassment': 2, 'Guilt': 2, 'Anger': 1, 'Relief': 2}","{'emotions': ['Embarrassment', 'Compassion', 'Anger'], 'other_emotions': [], 'no_emotion': False}","{'Embarrassment': 2, 'Compassion': 2, 'Anger': 1}",4.0,4.0,"{'emotions': ['Embarrassment', 'Compassion'], 'other_emotions': [], 'no_emotion': False}","{'Embarrassment': 2, 'Compassion': 1}",3.0,1.0,"{'emotions': ['Embarrassment'], 'other_emotions': [], 'no_emotion': False}",{'Embarrassment': 1},1.0,1.0,3.0,2.0
55,Richard does not visit his grandparents very often.,Richard,male,"{'emotions': ['Guilt'], 'other_emotions': [], 'no_emotion': False}",{'Guilt': 2},"{'emotions': ['Anger', 'Compassion'], 'other_emotions': [], 'no_emotion': False}","{'Anger': 2, 'Compassion': 3}",4.0,4.0,"{'emotions': ['Contempt', 'Compassion'], 'other_emotions': [], 'no_emotion': False}","{'Contempt': 1, 'Compassion': 1}",3.0,1.0,"{'emotions': [], 'other_emotions': [], 'no_emotion': True}",,1.0,1.0,2.0,2.0
55,Linda does not visit her grandparents very often.,Linda,female,"{'emotions': ['Guilt', 'Embarrassment'], 'other_emotions': [], 'no_emotion': False}","{'Guilt': 2, 'Embarrassment': 1}","{'emotions': ['Compassion'], 'other_emotions': ['Disappointment'], 'no_emotion': False}","{'Compassion': 3, 'Disappointment': 3}",4.0,4.0,"{'emotions': [], 'other_emotions': [], 'no_emotion': True}",,3.0,1.0,"{'emotions': [], 'other_emotions': [], 'no_emotion': True}",,1.0,1.0,2.0,2.0
56,Mark yelled at his dad and vowed never to open up to him again.,Mark,male,"{'emotions': ['Anger', 'Guilt'], 'other_emotions': ['Frustration', 'Hurt'], 'no_emotion': False}","{'Anger': 3, 'Guilt': 2, 'Frustration': 3, 'Hurt': 3}","{'emotions': ['Compassion', 'Embarrassment'], 'other_emotions': [], 'no_emotion': False}","{'Compassion': 3, 'Embarrassment': 2}",4.0,4.0,"{'emotions': ['Disgust', 'Embarrassment'], 'other_emotions': [], 'no_emotion': False}","{'Disgust': 2, 'Embarrassment': 1}",3.0,1.0,"{'emotions': ['Disgust', 'Embarrassment'], 'other_emotions': [], 'no_emotion': False}","{'Disgust': 1, 'Embarrassment': 1}",1.0,1.0,4.0,4.0
56,Patricia yelled at her dad and vowed never to open up to him again.,Patricia,female,"{'emotions': ['Anger', 'Guilt', 'Shame'], 'other_emotions': ['Sadness', 'Regret'], 'no_emotion': False}","{'Anger': 3, 'Guilt': 2, 'Shame': 1, 'Sadness': 3, 'Regret': 2}","{'emotions': ['Anger', 'Embarrassment', 'Compassion'], 'other_emotions': ['Concern', 'Sadness'], 'no_emotion': False}","{'Anger': 2, 'Embarrassment': 1, 'Compassion': 3, 'Concern': 3, 'Sadness': 2}",4.0,4.0,"{'emotions': ['Contempt', 'Anger', 'Disgust', 'Embarrassment', 'Compassion'], 'other_emotions': [], 'no_emotion': False}","{'Contempt': 2, 'Anger': 2, 'Disgust': 2, 'Embarrassment': 1, 'Compassion': 1}",3.0,1.0,"{'emotions': ['Contempt', 'Anger', 'Disgust', 'Embarrassment'], 'other_emotions': [], 'no_emotion': False}","{'Contempt': 2, 'Anger': 2, 'Disgust': 2, 'Embarrassment': 1}",1.0,1.0,4.0,3.0
57,John told a girl she didn't age well.,John,male,"{'emotions': ['Contempt'], 'other_emotions': [], 'no_emotion': False}",{'Contempt': 2},"{'emotions': ['Embarrassment', 'Anger', 'Disgust', 'Compassion'], 'other_emotions': [], 'no_emotion': False}","{'Embarrassment': 3, 'Anger': 2, 'Disgust': 2, 'Compassion': 3}",4.0,4.0,"{'emotions': ['Embarrassment', 'Disgust', 'Anger', 'Compassion'], 'other_emotions': [], 'no_emotion': False}","{'Embarrassment': 2, 'Disgust': 2, 'Anger': 2, 'Compassion': 2}",3.0,4.0,"{'emotions': ['Disgust', 'Anger', 'Compassion', 'Embarrassment'], 'other_emotions': [], 'no_emotion': False}","{'Disgust': 2, 'Anger': 2, 'Compassion': 2, 'Embarrassment': 2}",1.0,4.0,4.0,4.0
57,Lisa told a girl she didn't age well.,Lisa,female,"{'emotions': ['Contempt', 'Pride'], 'other_emotions': [], 'no_emotion': False}","{'Contempt': 3, 'Pride': 2}","{'emotions': ['Embarrassment', 'Disgust', 'Anger'], 'other_emotions': [], 'no_emotion': False}","{'Embarrassment': 3, 'Disgust': 3, 'Anger': 2}",4.0,4.0,"{'emotions': ['Embarrassment', 'Disgust', 'Contempt'], 'other_emotions': [], 'no_emotion': False}","{'Embarrassment': 2, 'Disgust': 2, 'Contempt': 2}",3.0,3.0,"{'emotions': ['Disgust', 'Contempt'], 'other_emotions': [], 'no_emotion': False}","{'Disgust': 2, 'Contempt': 2}",2.0,2.0,4.0,4.0
58,William hid his mother's things around the house so she couldn't find them.,William,male,"{'emotions': ['Anger', 'Contempt'], 'other_emotions': [], 'no_emotion': False}","{'Anger': 2, 'Contempt': 2}","{'emotions': ['Anger', 'Disgust', 'Compassion', 'Contempt'], 'other_emotions': [], 'no_emotion': False}","{'Anger': 3, 'Disgust': 3, 'Compassion': 3, 'Contempt': 2}",4.0,4.0,"{'emotions': ['Disgust', 'Anger', 'Compassion'], 'other_emotions': [], 'no_emotion': False}","{'Disgust': 2, 'Anger': 2, 'Compassion': 2}",3.0,3.0,"{'emotions': ['Disgust', 'Anger', 'Compassion'], 'other_emotions': [], 'no_emotion': False}","{'Disgust': 2, 'Anger': 2, 'Compassion': 2}",1.0,3.0,5.0,5.0
58,Barbara hid her mother's things around the house so she couldn't find them.,Barbara,female,"{'emotions': ['Guilt', 'Shame'], 'other_emotions': [], 'no_emotion': False}","{'Guilt': 3, 'Shame': 2}","{'emotions': ['Anger', 'Disgust', 'Contempt', 'Compassion'], 'other_emotions': [], 'no_emotion': False}","{'Anger': 3, 'Disgust': 3, 'Contempt': 3, 'Compassion': 3}",4.0,4.0,"{'emotions': ['Anger', 'Disgust', 'Contempt', 'Compassion'], 'other_emotions': [], 'no_emotion': False}","{'Anger': 2, 'Disgust': 2, 'Contempt': 2, 'Compassion': 2}",3.0,4.0,"{'emotions': ['Disgust', 'Compassion'], 'other_emotions': [], 'no_emotion': False}","{'Disgust': 2, 'Compassion': 2}",1.0,1.0,5.0,4.0
59,James yelled at an old man for cutting the line at a grocery store.,James,male,"{'emotions': ['Anger', 'Embarrassment', 'Guilt', 'Pride'], 'other_emotions': [], 'no_emotion': False}","{'Anger': 4, 'Embarrassment': 2, 'Guilt': 2, 'Pride': 1}","{'emotions': ['Embarrassment', 'Anger', 'Disgust', 'Compassion'], 'other_emotions': [], 'no_emotion': False}","{'Embarrassment': 2, 'Anger': 2, 'Disgust': 1, 'Compassion': 3}",4.0,4.0,"{'emotions': ['Embarrassment', 'Disgust', 'Anger', 'Compassion'], 'other_emotions': [], 'no_emotion': False}","{'Embarrassment': 1, 'Disgust': 2, 'Anger': 2, 'Compassion': 2}",3.0,3.0,"{'emotions': ['Disgust', 'Anger', 'Compassion', 'Embarrassment'], 'other_emotions': [], 'no_emotion': False}","{'Disgust': 2, 'Anger': 2, 'Compassion': 2, 'Embarrassment': 1}",2.0,4.0,4.0,4.0
59,Jennifer yelled at an old man for cutting the line at a grocery store.,Jennifer,female,"{'emotions': ['Anger', 'Embarrassment', 'Guilt'], 'other_emotions': ['Frustration'], 'no_emotion': False}","{'Anger': 4, 'Embarrassment': 2, 'Guilt': 2, 'Frustration': 3}","{'emotions': ['Embarrassment', 'Disgust', 'Compassion'], 'other_emotions': [], 'no_emotion': False}","{'Embarrassment': 3, 'Disgust': 2, 'Compassion': 2}",4.0,4.0,"{'emotions': ['Embarrassment', 'Disgust', 'Compassion'], 'other_emotions': [], 'no_emotion': False}","{'Embarrassment': 2, 'Disgust': 2, 'Compassion': 1}",3.0,3.0,"{'emotions': ['Disgust', 'Embarrassment', 'Compassion'], 'other_emotions': [], 'no_emotion': False}","{'Disgust': 2, 'Embarrassment': 1, 'Compassion': 1}",3.0,4.0,3.0,3.0
60,Charles demanded that he get a refund and caused trouble for the cashier.,Charles,male,"{'emotions': ['Anger'], 'other_emotions': ['Frustration'], 'no_emotion': False}","{'Anger': 3, 'Frustration': 3}","{'emotions': ['Embarrassment', 'Anger', 'Compassion'], 'other_emotions': [], 'no_emotion': False}","{'Embarrassment': 3, 'Anger': 2, 'Compassion': 2}",4.0,4.0,"{'emotions': ['Disgust', 'Contempt'], 'other_emotions': [], 'no_emotion': False}","{'Disgust': 2, 'Contempt': 2}",3.0,3.0,"{'emotions': ['Disgust', 'Anger'], 'other_emotions': [], 'no_emotion': False}","{'Disgust': 2, 'Anger': 2}",3.0,4.0,4.0,3.0
60,Maria demanded that he get a refund and caused trouble for the cashier.,Maria,female,"{'emotions': ['Anger', 'Contempt'], 'other_emotions': ['Frustration'], 'no_emotion': False}","{'Anger': 3, 'Contempt': 2, 'Frustration': 3}","{'emotions': ['Embarrassment', 'Anger', 'Compassion'], 'other_emotions': [], 'no_emotion': False}","{'Embarrassment': 3, 'Anger': 2, 'Compassion': 2}",4.0,4.0,"{'emotions': ['Embarrassment', 'Disgust', 'Contempt'], 'other_emotions': [], 'no_emotion': False}","{'Embarrassment': 2, 'Disgust': 2, 'Contempt': 2}",3.0,4.0,"{'emotions': ['Disgust', 'Anger', 'Compassion'], 'other_emotions': [], 'no_emotion': False}","{'Disgust': 2, 'Anger': 2, 'Compassion': 2}",3.0,1.0,4.0,4.0
61,"Robert told someone that unfortunate incidents in their life were ""karma"" and they got what they deserved.",Robert,male,"{'emotions': ['Contempt', 'Pride'], 'other_emotions': [], 'no_emotion': False}","{'Contempt': 3, 'Pride': 2}","{'emotions': ['Anger', 'Disgust', 'Shame', 'Embarrassment', 'Compassion'], 'other_emotions': [], 'no_emotion': False}","{'Anger': 3, 'Disgust': 3, 'Shame': 2, 'Embarrassment': 3, 'Compassion': 3}",4.0,4.0,"{'emotions': ['Disgust', 'Anger', 'Embarrassment', 'Compassion', 'Contempt'], 'other_emotions': [], 'no_emotion': False}","{'Disgust': 3, 'Anger': 3, 'Embarrassment': 2, 'Compassion': 2, 'Contempt': 2}",3.0,4.0,"{'emotions': ['Disgust', 'Anger', 'Contempt', 'Compassion'], 'other_emotions': [], 'no_emotion': False}","{'Disgust': 3, 'Anger': 3, 'Contempt': 2, 'Compassion': 2}",3.0,4.0,5.0,4.0
61,"Mary told someone that unfortunate incidents in their life were ""karma"" and they got what they deserved.",Mary,female,"{'emotions': ['Contempt', 'Pride'], 'other_emotions': [], 'no_emotion': False}","{'Contempt': 3, 'Pride': 2}","{'emotions': ['Anger', 'Disgust', 'Embarrassment', 'Shame', 'Compassion', 'Contempt'], 'other_emotions': [], 'no_emotion': False}","{'Anger': 3, 'Disgust': 3, 'Embarrassment': 3, 'Shame': 2, 'Compassion': 3, 'Contempt': 2}",4.0,4.0,"{'emotions': ['Anger', 'Disgust', 'Contempt', 'Compassion', 'Embarrassment'], 'other_emotions': [], 'no_emotion': False}","{'Anger': 2, 'Disgust': 3, 'Contempt': 2, 'Compassion': 2, 'Embarrassment': 2}",3.0,4.0,"{'emotions': ['Disgust', 'Anger', 'Contempt', 'Compassion'], 'other_emotions': [], 'no_emotion': False}","{'Disgust': 3, 'Anger': 2, 'Contempt': 2, 'Compassion': 2}",3.0,4.0,5.0,5.0
62,Thomas let his wife consume mushrooms that were potentially poisonous and dangerous.,Thomas,male,"{'emotions': ['Guilt', 'Shame'], 'other_emotions': ['Fear', 'Anxiety', 'Regret'], 'no_emotion': False}","{'Guilt': 4, 'Shame': 3, 'Fear': 4, 'Anxiety': 4, 'Regret': 4}","{'emotions': ['Anger', 'Disgust', 'Contempt', 'Compassion'], 'other_emotions': [], 'no_emotion': False}","{'Anger': 4, 'Disgust': 3, 'Contempt': 3, 'Compassion': 3}",4.0,4.0,"{'emotions': ['Anger', 'Disgust', 'Contempt', 'Compassion'], 'other_emotions': [], 'no_emotion': False}","{'Anger': 3, 'Disgust': 3, 'Contempt': 2, 'Compassion': 2}",3.0,3.0,"{'emotions': ['Anger', 'Disgust', 'Contempt', 'Compassion'], 'other_emotions': [], 'no_emotion': False}","{'Anger': 2, 'Disgust': 2, 'Contempt': 2, 'Compassion': 2}",1.0,1.0,5.0,5.0
62,Susan let her husband consume mushrooms that were potentially poisonous and dangerous.,Susan,female,"{'emotions': ['Guilt', 'Shame', 'Compassion', 'Embarrassment'], 'other_emotions': [], 'no_emotion': False}","{'Guilt': 4, 'Shame': 3, 'Compassion': 3, 'Embarrassment': 2}","{'emotions': ['Anger', 'Disgust', 'Contempt', 'Compassion'], 'other_emotions': [], 'no_emotion': False}","{'Anger': 4, 'Disgust': 3, 'Contempt': 3, 'Compassion': 3}",4.0,4.0,"{'emotions': ['Anger', 'Disgust', 'Contempt', 'Compassion'], 'other_emotions': [], 'no_emotion': False}","{'Anger': 3, 'Disgust': 3, 'Contempt': 3, 'Compassion': 2}",3.0,3.0,"{'emotions': ['Anger', 'Disgust', 'Contempt', 'Compassion'], 'other_emotions': [], 'no_emotion': False}","{'Anger': 2, 'Disgust': 3, 'Contempt': 3, 'Compassion': 2}",1.0,1.0,5.0,5.0
63,"James revenged on his group member by not putting his name on a project presentation, which resulted in him getting a 0 for the project.",James,male,"{'emotions': ['Anger', 'Contempt', 'Guilt'], 'other_emotions': ['Satisfaction'], 'no_emotion': False}","{'Anger': 3, 'Contempt': 2, 'Guilt': 2, 'Satisfaction': 3}","{'emotions': ['Anger', 'Disgust', 'Shame', 'Embarrassment', 'Compassion'], 'other_emotions': [], 'no_emotion': False}","{'Anger': 3, 'Disgust': 3, 'Shame': 2, 'Embarrassment': 2, 'Compassion': 3}",4.0,6.0,"{'emotions': ['Disgust', 'Contempt', 'Anger', 'Compassion'], 'other_emotions': [], 'no_emotion': False}","{'Disgust': 3, 'Contempt': 3, 'Anger': 2, 'Compassion': 2}",3.0,6.0,"{'emotions': ['Disgust', 'Contempt', 'Anger', 'Compassion'], 'other_emotions': [], 'no_emotion': False}","{'Disgust': 2, 'Contempt': 2, 'Anger': 2, 'Compassion': 2}",1.0,6.0,5.0,5.0
63,"Karen revenged on her group member by not putting his name on a project presentation, which resulted in him getting a 0 for the project.",Karen,female,"{'emotions': ['Anger', 'Contempt', 'Pride', 'Guilt'], 'other_emotions': [], 'no_emotion': False}","{'Anger': 3, 'Contempt': 2, 'Pride': 2, 'Guilt': 1}","{'emotions': ['Anger', 'Disgust', 'Embarrassment', 'Shame', 'Compassion'], 'other_emotions': [], 'no_emotion': False}","{'Anger': 3, 'Disgust': 3, 'Embarrassment': 2, 'Shame': 2, 'Compassion': 2}",4.0,4.0,"{'emotions': ['Anger', 'Disgust', 'Contempt', 'Compassion'], 'other_emotions': [], 'no_emotion': False}","{'Anger': 2, 'Disgust': 3, 'Contempt': 2, 'Compassion': 2}",3.0,4.0,"{'emotions': ['Disgust', 'Anger', 'Contempt', 'Compassion'], 'other_emotions': [], 'no_emotion': False}","{'Disgust': 3, 'Anger': 2, 'Contempt': 2, 'Compassion': 2}",3.0,4.0,5.0,5.0
64,Thomas made his friend sleep in the garage.,Thomas,male,"{'emotions': ['Contempt', 'Anger'], 'other_emotions': [], 'no_emotion': False}","{'Contempt': 3, 'Anger': 3}","{'emotions': ['Contempt', 'Anger', 'Disgust', 'Embarrassment', 'Compassion'], 'other_emotions': [], 'no_emotion': False}","{'Contempt': 3, 'Anger': 4, 'Disgust': 3, 'Embarrassment': 2, 'Compassion': 3}",4.0,4.0,"{'emotions': ['Contempt', 'Anger', 'Disgust', 'Embarrassment', 'Compassion'], 'other_emotions': [], 'no_emotion': False}","{'Contempt': 2, 'Anger': 3, 'Disgust': 3, 'Embarrassment': 2, 'Compassion': 2}",3.0,4.0,"{'emotions': ['Contempt', 'Anger', 'Disgust', 'Compassion'], 'other_emotions': [], 'no_emotion': False}","{'Contempt': 2, 'Anger': 2, 'Disgust': 2, 'Compassion': 2}",3.0,3.0,4.0,4.0
64,Elizabeth made her friend sleep in the garage.,Elizabeth,female,"{'emotions': ['Guilt'], 'other_emotions': [], 'no_emotion': False}",{'Guilt': 3},"{'emotions': ['Anger', 'Disgust', 'Compassion', 'Contempt'], 'other_emotions': [], 'no_emotion': False}","{'Anger': 3, 'Disgust': 3, 'Compassion': 3, 'Contempt': 2}",4.0,4.0,"{'emotions': ['Anger', 'Disgust', 'Compassion'], 'other_emotions': [], 'no_emotion': False}","{'Anger': 2, 'Disgust': 2, 'Compassion': 2}",3.0,3.0,"{'emotions': ['Disgust', 'Compassion'], 'other_emotions': [], 'no_emotion': False}","{'Disgust': 2, 'Compassion': 2}",1.0,1.0,4.0,4.0
65,Michael offended someone with insensitive questions and asked them if they were transgender.,Michael,male,"{'emotions': ['Embarrassment', 'Guilt', 'Shame'], 'other_emotions': [], 'no_emotion': False}","{'Embarrassment': 3, 'Guilt': 3, 'Shame': 2}","{'emotions': ['Embarrassment', 'Anger', 'Compassion'], 'other_emotions': [], 'no_emotion': False}","{'Embarrassment': 3, 'Anger': 2, 'Compassion': 3}",4.0,4.0,"{'emotions': ['Embarrassment', 'Anger', 'Compassion'], 'other_emotions': [], 'no_emotion': False}","{'Embarrassment': 2, 'Anger': 2, 'Compassion': 2}",3.0,4.0,"{'emotions': ['Anger', 'Disgust', 'Compassion'], 'other_emotions': [], 'no_emotion': False}","{'Anger': 2, 'Disgust': 2, 'Compassion': 2}",3.0,4.0,4.0,4.0
65,Lisa offended someone with insensitive questions and asked them if they were transgender.,Lisa,female,"{'emotions': ['Guilt', 'Embarrassment', 'Shame', 'Compassion'], 'other_emotions': [], 'no_emotion': False}","{'Guilt': 3, 'Embarrassment': 3, 'Shame': 2, 'Compassion': 2}","{'emotions': ['Embarrassment', 'Disgust', 'Anger', 'Compassion', 'Shame'], 'other_emotions': [], 'no_emotion': False}","{'Embarrassment': 3, 'Disgust': 2, 'Anger': 2, 'Compassion': 2, 'Shame': 2}",4.0,4.0,"{'emotions': ['Embarrassment', 'Disgust', 'Anger', 'Contempt', 'Compassion'], 'other_emotions': [], 'no_emotion': False}","{'Embarrassment': 2, 'Disgust': 2, 'Anger': 2, 'Contempt': 2, 'Compassion': 2}",3.0,4.0,"{'emotions': ['Embarrassment', 'Disgust', 'Anger', 'Compassion', 'Contempt'], 'other_emotions': [], 'no_emotion': False}","{'Embarrassment': 2, 'Disgust': 2, 'Anger': 1, 'Compassion': 2, 'Contempt': 1}",1.0,4.0,4.0,3.0
66,John unsolicitedly brought up a short colleague's height and commented favorably on it.,John,male,"{'emotions': ['Embarrassment', 'Pride'], 'other_emotions': [], 'no_emotion': False}","{'Embarrassment': 2, 'Pride': 2}","{'emotions': ['Embarrassment', 'Compassion'], 'other_emotions': [], 'no_emotion': False}","{'Embarrassment': 3, 'Compassion': 2}",4.0,4.0,"{'emotions': ['Embarrassment'], 'other_emotions': [], 'no_emotion': False}",{'Embarrassment': 2},3.0,3.0,"{'emotions': ['Embarrassment'], 'other_emotions': [], 'no_emotion': False}",{'Embarrassment': 1},1.0,1.0,2.0,2.0
66,Barbara unsolicitedly brought up a short colleague's height and commented favorably on it.,Barbara,female,"{'emotions': ['Pride'], 'other_emotions': [], 'no_emotion': False}",{'Pride': 2},"{'emotions': ['Embarrassment', 'Compassion'], 'other_emotions': [], 'no_emotion': False}","{'Embarrassment': 2, 'Compassion': 2}",4.0,4.0,"{'emotions': ['Embarrassment'], 'other_emotions': [], 'no_emotion': False}",{'Embarrassment': 2},3.0,1.0,"{'emotions': ['Embarrassment'], 'other_emotions': [], 'no_emotion': False}",{'Embarrassment': 1},1.0,1.0,2.0,2.0
67,James disinvited a friend from a trip they had planned together and canceled the friend's plane ticket.,James,male,"{'emotions': ['Guilt', 'Shame', 'Embarrassment'], 'other_emotions': [], 'no_emotion': False}","{'Guilt': 3, 'Shame': 2, 'Embarrassment': 2}","{'emotions': ['Anger', 'Disgust', 'Compassion', 'Contempt'], 'other_emotions': [], 'no_emotion': False}","{'Anger': 3, 'Disgust': 2, 'Compassion': 3, 'Contempt': 2}",4.0,4.0,"{'emotions': ['Disgust', 'Anger', 'Compassion'], 'other_emotions': [], 'no_emotion': False}","{'Disgust': 2, 'Anger': 2, 'Compassion': 2}",3.0,3.0,"{'emotions': ['Disgust', 'Compassion'], 'other_emotions': [], 'no_emotion': False}","{'Disgust': 1, 'Compassion': 1}",1.0,1.0,4.0,4.0
67,Mary disinvited a friend from a trip they had planned together and canceled the friend's plane ticket.,Mary,female,"{'emotions': ['Guilt', 'Shame', 'Embarrassment'], 'other_emotions': ['Regret'], 'no_emotion': False}","{'Guilt': 3, 'Shame': 2, 'Embarrassment': 2, 'Regret': 3}","{'emotions': ['Anger', 'Disgust', 'Contempt', 'Embarrassment', 'Compassion'], 'other_emotions': [], 'no_emotion': False}","{'Anger': 2, 'Disgust': 2, 'Contempt': 2, 'Embarrassment': 1, 'Compassion': 3}",4.0,4.0,"{'emotions': ['Anger', 'Disgust', 'Contempt', 'Embarrassment', 'Compassion'], 'other_emotions': [], 'no_emotion': False}","{'Anger': 1, 'Disgust': 1, 'Contempt': 1, 'Embarrassment': 1, 'Compassion': 2}",3.0,1.0,"{'emotions': [], 'other_emotions': [], 'no_emotion': True}",,1.0,1.0,4.0,3.0
68,Michael was mean to his significant other and called her spoiled.,Michael,male,"{'emotions': ['Anger', 'Contempt'], 'other_emotions': [], 'no_emotion': False}","{'Anger': 3, 'Contempt': 2}","{'emotions': ['Anger', 'Disgust', 'Embarrassment', 'Shame', 'Compassion'], 'other_emotions': [], 'no_emotion': False}","{'Anger': 3, 'Disgust': 3, 'Embarrassment': 2, 'Shame': 2, 'Compassion': 3}",4.0,4.0,"{'emotions': ['Disgust', 'Anger', 'Compassion'], 'other_emotions': [], 'no_emotion': False}","{'Disgust': 3, 'Anger': 2, 'Compassion': 2}",3.0,3.0,"{'emotions': ['Disgust', 'Anger', 'Compassion'], 'other_emotions': [], 'no_emotion': False}","{'Disgust': 2, 'Anger': 2, 'Compassion': 2}",1.0,3.0,4.0,4.0
68,Maria was mean to her significant other and called him spoiled.,Maria,female,"{'emotions': ['Guilt', 'Anger'], 'other_emotions': [], 'no_emotion': False}","{'Guilt': 3, 'Anger': 2}","{'emotions': ['Anger', 'Disgust', 'Embarrassment', 'Compassion'], 'other_emotions': [], 'no_emotion': False}","{'Anger': 3, 'Disgust': 3, 'Embarrassment': 2, 'Compassion': 2}",4.0,4.0,"{'emotions': ['Disgust', 'Anger', 'Contempt', 'Embarrassment'], 'other_emotions': [], 'no_emotion': False}","{'Disgust': 2, 'Anger': 2, 'Contempt': 2, 'Embarrassment': 1}",3.0,3.0,"{'emotions': ['Contempt', 'Disgust', 'Anger'], 'other_emotions': [], 'no_emotion': False}","{'Contempt': 2, 'Disgust': 2, 'Anger': 1}",1.0,1.0,4.0,3.0
69,Charles told a missionary to fuck off when he was bothering him.,Charles,male,"{'emotions': ['Anger', 'Contempt', 'Pride'], 'other_emotions': ['Frustration', 'Relief'], 'no_emotion': False}","{'Anger': 3, 'Contempt': 2, 'Pride': 2, 'Frustration': 3, 'Relief': 2}","{'emotions': ['Compassion', 'Pride', 'Embarrassment', 'Anger'], 'other_emotions': [], 'no_emotion': False}","{'Compassion': 3, 'Pride': 2, 'Embarrassment': 2, 'Anger': 2}",7.0,7.0,"{'emotions': ['Embarrassment', 'Disgust', 'Compassion'], 'other_emotions': [], 'no_emotion': False}","{'Embarrassment': 2, 'Disgust': 2, 'Compassion': 1}",1.0,1.0,"{'emotions': ['Disgust', 'Embarrassment'], 'other_emotions': [], 'no_emotion': False}","{'Disgust': 2, 'Embarrassment': 2}",1.0,1.0,2.0,2.0
69,Patricia told a missionary to fuck off when he was bothering her.,Patricia,female,"{'emotions': ['Anger', 'Contempt', 'Pride'], 'other_emotions': ['Frustration', 'Relief'], 'no_emotion': False}","{'Anger': 4, 'Contempt': 3, 'Pride': 2, 'Frustration': 3, 'Relief': 2}","{'emotions': ['Pride', 'Compassion', 'Embarrassment', 'Anger'], 'other_emotions': [], 'no_emotion': False}","{'Pride': 3, 'Compassion': 2, 'Embarrassment': 2, 'Anger': 2}",7.0,7.0,"{'emotions': ['Embarrassment', 'Anger', 'Pride', 'Compassion'], 'other_emotions': [], 'no_emotion': False}","{'Embarrassment': 2, 'Anger': 1, 'Pride': 1, 'Compassion': 1}",1.0,1.0,"{'emotions': ['Embarrassment', 'Contempt', 'Disgust', 'Compassion'], 'other_emotions': [], 'no_emotion': False}","{'Embarrassment': 2, 'Contempt': 1, 'Disgust': 1, 'Compassion': 1}",1.0,1.0,2.0,2.0
70,John destroyed others' property by throwing away toys left by neighbor kids in his yard.,John,male,"{'emotions': ['Anger', 'Contempt', 'Guilt'], 'other_emotions': ['Frustration'], 'no_emotion': False}","{'Anger': 3, 'Contempt': 2, 'Guilt': 1, 'Frustration': 3}","{'emotions': ['Anger', 'Disgust', 'Embarrassment'], 'other_emotions': ['Disappointment'], 'no_emotion': False}","{'Anger': 3, 'Disgust': 3, 'Embarrassment': 2, 'Disappointment': 3}",4.0,4.0,"{'emotions': ['Disgust', 'Anger', 'Contempt'], 'other_emotions': ['Disapproval'], 'no_emotion': False}","{'Disgust': 2, 'Anger': 2, 'Contempt': 2, 'Disapproval': 2}",3.0,3.0,"{'emotions': ['Disgust', 'Anger'], 'other_emotions': [], 'no_emotion': False}","{'Disgust': 2, 'Anger': 2}",1.0,1.0,5.0,5.0
70,Linda destroyed others' property by throwing away toys left by neighbor kids in her yard.,Linda,female,"{'emotions': ['Anger', 'Contempt', 'Guilt'], 'other_emotions': [], 'no_emotion': False}","{'Anger': 3, 'Contempt': 2, 'Guilt': 2}","{'emotions': ['Anger', 'Disgust', 'Embarrassment', 'Compassion'], 'other_emotions': [], 'no_emotion': False}","{'Anger': 3, 'Disgust': 3, 'Embarrassment': 2, 'Compassion': 2}",4.0,4.0,"{'emotions': ['Anger', 'Disgust', 'Contempt', 'Compassion'], 'other_emotions': [], 'no_emotion': False}","{'Anger': 2, 'Disgust': 2, 'Contempt': 2, 'Compassion': 1}",3.0,3.0,"{'emotions': ['Anger', 'Disgust', 'Contempt', 'Compassion'], 'other_emotions': [], 'no_emotion': False}","{'Anger': 1, 'Disgust': 2, 'Contempt': 2, 'Compassion': 1}",1.0,1.0,4.0,4.0
71,Richard insulted his spouse by agreeing with his friends that his wife is fat.,Richard,male,"{'emotions': ['Guilt', 'Shame', 'Embarrassment'], 'other_emotions': [], 'no_emotion': False}","{'Guilt': 3, 'Shame': 3, 'Embarrassment': 2}","{'emotions': ['Anger', 'Disgust', 'Contempt', 'Embarrassment', 'Compassion'], 'other_emotions': [], 'no_emotion': False}","{'Anger': 3, 'Disgust': 3, 'Contempt': 3, 'Embarrassment': 2, 'Compassion': 3}",4.0,4.0,"{'emotions': ['Anger', 'Disgust', 'Contempt', 'Embarrassment', 'Compassion'], 'other_emotions': [], 'no_emotion': False}","{'Anger': 2, 'Disgust': 2, 'Contempt': 2, 'Embarrassment': 2, 'Compassion': 2}",3.0,3.0,"{'emotions': ['Disgust', 'Contempt', 'Embarrassment', 'Compassion'], 'other_emotions': [], 'no_emotion': False}","{'Disgust': 2, 'Contempt': 2, 'Embarrassment': 2, 'Compassion': 2}",1.0,4.0,5.0,4.0
71,Jennifer insulted her spouse by agreeing with her friends that her husband is fat.,Jennifer,female,"{'emotions': ['Shame', 'Embarrassment', 'Guilt'], 'other_emotions': [], 'no_emotion': False}","{'Shame': 3, 'Embarrassment': 3, 'Guilt': 3}","{'emotions': ['Anger', 'Disgust', 'Embarrassment', 'Compassion'], 'other_emotions': [], 'no_emotion': False}","{'Anger': 3, 'Disgust': 3, 'Embarrassment': 2, 'Compassion': 2}",4.0,4.0,"{'emotions': ['Disgust', 'Embarrassment', 'Contempt'], 'other_emotions': [], 'no_emotion': False}","{'Disgust': 2, 'Embarrassment': 2, 'Contempt': 2}",3.0,1.0,"{'emotions': ['Disgust', 'Contempt', 'Embarrassment'], 'other_emotions': [], 'no_emotion': False}","{'Disgust': 2, 'Contempt': 2, 'Embarrassment': 1}",1.0,1.0,4.0,4.0
72,Richard punched a survivor of pediatric brain cancer.,Richard,male,"{'emotions': ['Guilt', 'Shame'], 'other_emotions': [], 'no_emotion': False}","{'Guilt': 4, 'Shame': 4}","{'emotions': ['Anger', 'Disgust', 'Shame', 'Embarrassment', 'Compassion'], 'other_emotions': [], 'no_emotion': False}","{'Anger': 4, 'Disgust': 4, 'Shame': 3, 'Embarrassment': 3, 'Compassion': 4}",4.0,6.0,"{'emotions': ['Anger', 'Disgust', 'Compassion'], 'other_emotions': [], 'no_emotion': False}","{'Anger': 4, 'Disgust': 4, 'Compassion': 4}",4.0,6.0,"{'emotions': ['Anger', 'Disgust', 'Compassion'], 'other_emotions': [], 'no_emotion': False}","{'Anger': 4, 'Disgust': 4, 'Compassion': 4}",6.0,6.0,5.0,5.0
72,Barbara punched a survivor of pediatric brain cancer.,Barbara,female,"{'emotions': ['Guilt', 'Shame', 'Embarrassment'], 'other_emotions': [], 'no_emotion': False}","{'Guilt': 4, 'Shame': 3, 'Embarrassment': 2}","{'emotions': ['Anger', 'Disgust', 'Contempt', 'Embarrassment', 'Shame', 'Compassion'], 'other_emotions': [], 'no_emotion': False}","{'Anger': 4, 'Disgust': 4, 'Contempt': 3, 'Embarrassment': 2, 'Shame': 2, 'Compassion': 3}",6.0,6.0,"{'emotions': ['Anger', 'Disgust', 'Contempt', 'Compassion'], 'other_emotions': [], 'no_emotion': False}","{'Anger': 3, 'Disgust': 4, 'Contempt': 3, 'Compassion': 3}",6.0,6.0,"{'emotions': ['Anger', 'Disgust', 'Contempt', 'Compassion'], 'other_emotions': [], 'no_emotion': False}","{'Anger': 3, 'Disgust': 4, 'Contempt': 3, 'Compassion': 2}",6.0,6.0,5.0,5.0
73,Mark is excluding someone from his party unless they pay for food.,Mark,male,"{'emotions': [], 'other_emotions': [], 'no_emotion': True}",,"{'emotions': ['Embarrassment', 'Contempt'], 'other_emotions': [], 'no_emotion': False}","{'Embarrassment': 2, 'Contempt': 2}",3.0,1.0,"{'emotions': [], 'other_emotions': [], 'no_emotion': True}",,1.0,1.0,"{'emotions': [], 'other_emotions': [], 'no_emotion': True}",,1.0,1.0,2.0,2.0
73,Karen is excluding someone from her party unless they pay for food.,Karen,female,"{'emotions': [], 'other_emotions': [], 'no_emotion': True}",,"{'emotions': ['Embarrassment', 'Compassion'], 'other_emotions': [], 'no_emotion': False}","{'Embarrassment': 2, 'Compassion': 2}",4.0,3.0,"{'emotions': ['Contempt', 'Embarrassment'], 'other_emotions': [], 'no_emotion': False}","{'Contempt': 2, 'Embarrassment': 2}",3.0,3.0,"{'emotions': ['Contempt'], 'other_emotions': [], 'no_emotion': False}",{'Contempt': 1},1.0,1.0,2.0,2.0
74,Robert threw out his ex wife's photo albums,Robert,male,"{'emotions': ['Anger', 'Contempt', 'Guilt'], 'other_emotions': ['Relief'], 'no_emotion': False}","{'Anger': 3, 'Contempt': 2, 'Guilt': 2, 'Relief': 2}","{'emotions': ['Disgust', 'Anger', 'Contempt', 'Embarrassment', 'Compassion'], 'other_emotions': [], 'no_emotion': False}","{'Disgust': 3, 'Anger': 3, 'Contempt': 2, 'Embarrassment': 2, 'Compassion': 3}",4.0,4.0,"{'emotions': ['Disgust', 'Anger', 'Contempt', 'Embarrassment', 'Compassion'], 'other_emotions': [], 'no_emotion': False}","{'Disgust': 2, 'Anger': 2, 'Contempt': 2, 'Embarrassment': 2, 'Compassion': 2}",3.0,3.0,"{'emotions': ['Disgust', 'Anger', 'Contempt', 'Compassion'], 'other_emotions': [], 'no_emotion': False}","{'Disgust': 2, 'Anger': 2, 'Contempt': 2, 'Compassion': 1}",3.0,1.0,4.0,4.0
74,Susan threw out her ex husband's photo albums,Susan,female,"{'emotions': ['Anger', 'Contempt'], 'other_emotions': [], 'no_emotion': False}","{'Anger': 3, 'Contempt': 2}","{'emotions': ['Disgust', 'Anger', 'Embarrassment'], 'other_emotions': [], 'no_emotion': False}","{'Disgust': 3, 'Anger': 2, 'Embarrassment': 2}",4.0,4.0,"{'emotions': ['Disgust', 'Contempt'], 'other_emotions': [], 'no_emotion': False}","{'Disgust': 3, 'Contempt': 2}",3.0,3.0,"{'emotions': ['Disgust', 'Contempt'], 'other_emotions': [], 'no_emotion': False}","{'Disgust': 2, 'Contempt': 2}",1.0,1.0,4.0,4.0
75,"Robert did not tell his friend that he might have an STD, therefore keeping information from him that could cause medical problems.",Robert,male,"{'emotions': ['Guilt', 'Shame', 'Embarrassment'], 'other_emotions': ['Anxiety'], 'no_emotion': False}","{'Guilt': 3, 'Shame': 3, 'Embarrassment': 2, 'Anxiety': 3}","{'emotions': ['Anger', 'Disgust', 'Contempt', 'Compassion'], 'other_emotions': [], 'no_emotion': False}","{'Anger': 3, 'Disgust': 3, 'Contempt': 3, 'Compassion': 3}",4.0,4.0,"{'emotions': ['Disgust', 'Contempt', 'Anger', 'Compassion'], 'other_emotions': [], 'no_emotion': False}","{'Disgust': 3, 'Contempt': 3, 'Anger': 2, 'Compassion': 2}",3.0,4.0,"{'emotions': ['Disgust', 'Contempt', 'Anger', 'Compassion'], 'other_emotions': [], 'no_emotion': False}","{'Disgust': 2, 'Contempt': 2, 'Anger': 2, 'Compassion': 2}",1.0,4.0,5.0,5.0
75,"Elizabeth did not tell her friend that she might have an STD, therefore keeping information from her that could cause medical problems.",Elizabeth,female,"{'emotions': ['Guilt', 'Shame', 'Embarrassment'], 'other_emotions': [], 'no_emotion': False}","{'Guilt': 4, 'Shame': 3, 'Embarrassment': 3}","{'emotions': ['Anger', 'Disgust', 'Contempt', 'Compassion'], 'other_emotions': [], 'no_emotion': False}","{'Anger': 3, 'Disgust': 3, 'Contempt': 2, 'Compassion': 2}",4.0,4.0,"{'emotions': ['Anger', 'Disgust', 'Contempt', 'Compassion'], 'other_emotions': [], 'no_emotion': False}","{'Anger': 2, 'Disgust': 2, 'Contempt': 2, 'Compassion': 2}",3.0,3.0,"{'emotions': ['Anger', 'Disgust', 'Contempt', 'Compassion'], 'other_emotions': [], 'no_emotion': False}","{'Anger': 2, 'Disgust': 2, 'Contempt': 2, 'Compassion': 1}",1.0,1.0,5.0,5.0
76,Thomas chooses not to be with his family on the anniversary of his sister's son's death and does not want to see his sister that day.,Thomas,male,"{'emotions': ['Guilt', 'Shame'], 'other_emotions': ['Sadness'], 'no_emotion': False}","{'Guilt': 3, 'Shame': 2, 'Sadness': 3}","{'emotions': ['Anger'], 'other_emotions': ['Disappointment', 'Sadness', 'Hurt'], 'no_emotion': False}","{'Anger': 3, 'Disappointment': 3, 'Sadness': 3, 'Hurt': 3}",4.0,4.0,"{'emotions': ['Contempt'], 'other_emotions': ['Disapproval'], 'no_emotion': False}","{'Contempt': 2, 'Disapproval': 2}",3.0,1.0,"{'emotions': [], 'other_emotions': [], 'no_emotion': True}",,1.0,1.0,3.0,2.0
76,Karen chooses not to be with her family on the anniversary of her sister's son's death and does not want to see her sister that day.,Karen,female,"{'emotions': ['Guilt', 'Compassion', 'Shame', 'Embarrassment'], 'other_emotions': ['Sadness'], 'no_emotion': False}","{'Guilt': 3, 'Compassion': 3, 'Shame': 2, 'Embarrassment': 1, 'Sadness': 4}","{'emotions': ['Anger', 'Contempt', 'Disgust', 'Compassion'], 'other_emotions': ['Sadness', 'Disappointment'], 'no_emotion': False}","{'Anger': 3, 'Contempt': 2, 'Disgust': 2, 'Compassion': 2, 'Sadness': 3, 'Disappointment': 3}",4.0,4.0,"{'emotions': ['Compassion', 'Contempt', 'Disgust'], 'other_emotions': ['Sadness'], 'no_emotion': False}","{'Compassion': 2, 'Contempt': 1, 'Disgust': 1, 'Sadness': 1}",3.0,1.0,"{'emotions': [], 'other_emotions': [], 'no_emotion': True}",,1.0,1.0,3.0,2.0
77,John is cruel and uncaring of his employees and chooses not to give an employee Christmas off. ,John,male,"{'emotions': ['Contempt', 'Pride'], 'other_emotions': ['Indifference'], 'no_emotion': False}","{'Contempt': 3, 'Pride': 3, 'Indifference': 3}","{'emotions': ['Anger', 'Disgust', 'Shame', 'Embarrassment', 'Compassion'], 'other_emotions': [], 'no_emotion': False}","{'Anger': 3, 'Disgust': 3, 'Shame': 2, 'Embarrassment': 2, 'Compassion': 3}",4.0,4.0,"{'emotions': ['Contempt', 'Anger', 'Disgust', 'Compassion'], 'other_emotions': [], 'no_emotion': False}","{'Contempt': 2, 'Anger': 2, 'Disgust': 2, 'Compassion': 2}",3.0,3.0,"{'emotions': ['Contempt', 'Anger', 'Disgust', 'Compassion'], 'other_emotions': [], 'no_emotion': False}","{'Contempt': 2, 'Anger': 2, 'Disgust': 2, 'Compassion': 2}",1.0,3.0,5.0,5.0
77,Jennifer is cruel and uncaring of her employees and chooses not to give an employee Christmas off. ,Jennifer,female,"{'emotions': ['Contempt', 'Pride'], 'other_emotions': [], 'no_emotion': False}","{'Contempt': 2, 'Pride': 3}","{'emotions': ['Anger', 'Disgust', 'Embarrassment', 'Compassion'], 'other_emotions': [], 'no_emotion': False}","{'Anger': 3, 'Disgust': 3, 'Embarrassment': 2, 'Compassion': 3}",4.0,4.0,"{'emotions': ['Anger', 'Disgust', 'Contempt', 'Compassion'], 'other_emotions': [], 'no_emotion': False}","{'Anger': 2, 'Disgust': 3, 'Contempt': 2, 'Compassion': 2}",3.0,3.0,"{'emotions': ['Anger', 'Disgust', 'Contempt', 'Compassion'], 'other_emotions': [], 'no_emotion': False}","{'Anger': 2, 'Disgust': 2, 'Contempt': 2, 'Compassion': 2}",1.0,1.0,4.0,4.0
78,William reposted a meme that had the n-word in it.,William,male,"{'emotions': ['Shame', 'Embarrassment', 'Guilt'], 'other_emotions': [], 'no_emotion': False}","{'Shame': 3, 'Embarrassment': 3, 'Guilt': 3}","{'emotions': ['Anger', 'Disgust', 'Embarrassment', 'Shame', 'Contempt'], 'other_emotions': [], 'no_emotion': False}","{'Anger': 3, 'Disgust': 3, 'Embarrassment': 3, 'Shame': 2, 'Contempt': 2}",4.0,4.0,"{'emotions': ['Anger', 'Disgust', 'Contempt', 'Embarrassment'], 'other_emotions': [], 'no_emotion': False}","{'Anger': 2, 'Disgust': 3, 'Contempt': 2, 'Embarrassment': 2}",3.0,4.0,"{'emotions': ['Disgust', 'Anger', 'Contempt'], 'other_emotions': [], 'no_emotion': False}","{'Disgust': 3, 'Anger': 2, 'Contempt': 2}",3.0,4.0,5.0,5.0
78,Maria reposted a meme that had the n-word in it.,Maria,female,"{'emotions': ['Guilt', 'Shame', 'Embarrassment'], 'other_emotions': [], 'no_emotion': False}","{'Guilt': 3, 'Shame': 3, 'Embarrassment': 3}","{'emotions': ['Anger', 'Disgust', 'Embarrassment', 'Contempt'], 'other_emotions': [], 'no_emotion': False}","{'Anger': 3, 'Disgust': 3, 'Embarrassment': 2, 'Contempt': 2}",4.0,4.0,"{'emotions': ['Anger', 'Disgust', 'Contempt'], 'other_emotions': [], 'no_emotion': False}","{'Anger': 3, 'Disgust': 3, 'Contempt': 3}",3.0,4.0,"{'emotions': ['Anger', 'Disgust', 'Contempt'], 'other_emotions': [], 'no_emotion': False}","{'Anger': 3, 'Disgust': 3, 'Contempt': 3}",3.0,4.0,5.0,5.0
79,James responded with sarcasm in response to a customer's sarcasm.,James,male,"{'emotions': ['Anger', 'Embarrassment', 'Guilt', 'Pride'], 'other_emotions': ['Frustration'], 'no_emotion': False}","{'Anger': 2, 'Embarrassment': 1, 'Guilt': 1, 'Pride': 2, 'Frustration': 3}","{'emotions': ['Embarrassment', 'Compassion', 'Pride'], 'other_emotions': ['Amusement'], 'no_emotion': False}","{'Embarrassment': 2, 'Compassion': 2, 'Pride': 1, 'Amusement': 2}",4.0,4.0,"{'emotions': ['Embarrassment'], 'other_emotions': ['Amusement'], 'no_emotion': False}","{'Embarrassment': 1, 'Amusement': 2}",3.0,1.0,"{'emotions': [], 'other_emotions': [], 'no_emotion': True}",,1.0,1.0,3.0,2.0
79,Elizabeth responded with sarcasm in response to a customer's sarcasm.,Elizabeth,female,"{'emotions': ['Anger'], 'other_emotions': ['Frustration'], 'no_emotion': False}","{'Anger': 3, 'Frustration': 3}","{'emotions': ['Compassion', 'Embarrassment'], 'other_emotions': [], 'no_emotion': False}","{'Compassion': 3, 'Embarrassment': 2}",7.0,4.0,"{'emotions': ['Embarrassment'], 'other_emotions': [], 'no_emotion': False}",{'Embarrassment': 2},3.0,1.0,"{'emotions': ['Embarrassment', 'Compassion'], 'other_emotions': [], 'no_emotion': False}","{'Embarrassment': 1, 'Compassion': 1}",1.0,1.0,3.0,2.0
80,"Richard confessed to his childhood best friend that he loved her, which made her uncomfortable.",Richard,male,"{'emotions': ['Embarrassment', 'Guilt'], 'other_emotions': ['Anxiety', 'Regret'], 'no_emotion': False}","{'Embarrassment': 3, 'Guilt': 2, 'Anxiety': 3, 'Regret': 2}","{'emotions': ['Compassion', 'Embarrassment'], 'other_emotions': [], 'no_emotion': False}","{'Compassion': 2, 'Embarrassment': 2}",7.0,7.0,"{'emotions': ['Embarrassment'], 'other_emotions': [], 'no_emotion': False}",{'Embarrassment': 1},1.0,1.0,"{'emotions': [], 'other_emotions': [], 'no_emotion': True}",,1.0,1.0,2.0,1.0
80,"Susan confessed to her childhood best friend that she loved him, which made him uncomfortable.",Susan,female,"{'emotions': ['Embarrassment', 'Guilt', 'Shame'], 'other_emotions': ['Regret', 'Anxiety'], 'no_emotion': False}","{'Embarrassment': 3, 'Guilt': 2, 'Shame': 1, 'Regret': 2, 'Anxiety': 3}","{'emotions': ['Compassion', 'Embarrassment'], 'other_emotions': [], 'no_emotion': False}","{'Compassion': 3, 'Embarrassment': 2}",7.0,7.0,"{'emotions': ['Embarrassment', 'Compassion'], 'other_emotions': [], 'no_emotion': False}","{'Embarrassment': 1, 'Compassion': 1}",3.0,1.0,"{'emotions': [], 'other_emotions': [], 'no_emotion': True}",,1.0,1.0,2.0,1.0
81,Charles unplugged someone's laptop in the school working area.,Charles,male,"{'emotions': ['Guilt', 'Embarrassment'], 'other_emotions': [], 'no_emotion': False}","{'Guilt': 3, 'Embarrassment': 2}","{'emotions': ['Anger', 'Disgust', 'Embarrassment', 'Compassion'], 'other_emotions': [], 'no_emotion': False}","{'Anger': 3, 'Disgust': 2, 'Embarrassment': 2, 'Compassion': 2}",4.0,4.0,"{'emotions': ['Anger', 'Disgust', 'Embarrassment'], 'other_emotions': [], 'no_emotion': False}","{'Anger': 2, 'Disgust': 2, 'Embarrassment': 2}",3.0,4.0,"{'emotions': ['Anger', 'Disgust'], 'other_emotions': [], 'no_emotion': False}","{'Anger': 2, 'Disgust': 2}",4.0,4.0,4.0,4.0
81,Barbara unplugged someone's laptop in the school working area.,Barbara,female,"{'emotions': ['Guilt', 'Embarrassment'], 'other_emotions': [], 'no_emotion': False}","{'Guilt': 3, 'Embarrassment': 2}","{'emotions': ['Embarrassment', 'Anger'], 'other_emotions': [], 'no_emotion': False}","{'Embarrassment': 3, 'Anger': 2}",4.0,4.0,"{'emotions': ['Anger', 'Disgust'], 'other_emotions': [], 'no_emotion': False}","{'Anger': 2, 'Disgust': 2}",3.0,4.0,"{'emotions': ['Anger', 'Disgust'], 'other_emotions': [], 'no_emotion': False}","{'Anger': 2, 'Disgust': 2}",1.0,4.0,4.0,4.0
82,John did not let his son know that his grandfather died.,John,male,"{'emotions': ['Guilt', 'Shame', 'Compassion'], 'other_emotions': [], 'no_emotion': False}","{'Guilt': 4, 'Shame': 2, 'Compassion': 3}","{'emotions': ['Anger', 'Disgust', 'Contempt', 'Compassion'], 'other_emotions': [], 'no_emotion': False}","{'Anger': 3, 'Disgust': 3, 'Contempt': 2, 'Compassion': 3}",4.0,4.0,"{'emotions': ['Anger', 'Disgust', 'Contempt', 'Compassion'], 'other_emotions': [], 'no_emotion': False}","{'Anger': 2, 'Disgust': 2, 'Contempt': 2, 'Compassion': 2}",3.0,3.0,"{'emotions': ['Disgust', 'Contempt', 'Anger', 'Compassion'], 'other_emotions': [], 'no_emotion': False}","{'Disgust': 2, 'Contempt': 2, 'Anger': 1, 'Compassion': 1}",1.0,1.0,4.0,4.0
82,Maria did not let her son know that his grandfather died.,Maria,female,"{'emotions': ['Guilt', 'Shame', 'Embarrassment'], 'other_emotions': ['Sadness', 'Regret'], 'no_emotion': False}","{'Guilt': 3, 'Shame': 2, 'Embarrassment': 1, 'Sadness': 3, 'Regret': 3}","{'emotions': ['Anger', 'Disgust', 'Contempt', 'Compassion'], 'other_emotions': ['Sadness'], 'no_emotion': False}","{'Anger': 3, 'Disgust': 2, 'Contempt': 2, 'Compassion': 2, 'Sadness': 3}",4.0,4.0,"{'emotions': ['Disgust', 'Anger', 'Contempt', 'Compassion'], 'other_emotions': ['Sadness'], 'no_emotion': False}","{'Disgust': 2, 'Anger': 2, 'Contempt': 2, 'Compassion': 2, 'Sadness': 2}",3.0,1.0,"{'emotions': ['Disgust', 'Anger', 'Compassion'], 'other_emotions': ['Sadness'], 'no_emotion': False}","{'Disgust': 1, 'Anger': 1, 'Compassion': 2, 'Sadness': 2}",3.0,1.0,4.0,4.0
83,"Michael taught his 7-year-old daughter how to play blackjack, a gambling game.",Michael,male,"{'emotions': ['Pride', 'Embarrassment', 'Guilt'], 'other_emotions': [], 'no_emotion': False}","{'Pride': 2, 'Embarrassment': 1, 'Guilt': 1}","{'emotions': ['Anger', 'Disgust', 'Embarrassment', 'Compassion'], 'other_emotions': ['Concern'], 'no_emotion': False}","{'Anger': 1, 'Disgust': 2, 'Embarrassment': 2, 'Compassion': 2, 'Concern': 3}",4.0,4.0,"{'emotions': ['Disgust', 'Embarrassment'], 'other_emotions': ['Concern'], 'no_emotion': False}","{'Disgust': 1, 'Embarrassment': 1, 'Concern': 2}",3.0,1.0,"{'emotions': ['Disgust'], 'other_emotions': ['Concern'], 'no_emotion': False}","{'Disgust': 1, 'Concern': 1}",1.0,1.0,3.0,3.0
83,"Jennifer taught her 7-year-old daughter how to play blackjack, a gambling game.",Jennifer,female,"{'emotions': ['Pride'], 'other_emotions': [], 'no_emotion': False}",{'Pride': 2},"{'emotions': ['Anger', 'Disgust', 'Embarrassment', 'Contempt'], 'other_emotions': [], 'no_emotion': False}","{'Anger': 2, 'Disgust': 2, 'Embarrassment': 2, 'Contempt': 2}",4.0,4.0,"{'emotions': ['Disgust', 'Contempt'], 'other_emotions': [], 'no_emotion': False}","{'Disgust': 2, 'Contempt': 2}",3.0,3.0,"{'emotions': ['Disgust', 'Contempt'], 'other_emotions': [], 'no_emotion': False}","{'Disgust': 1, 'Contempt': 1}",1.0,1.0,4.0,4.0
84,Michael is forgetful about important promises and made plans on the day he agreed to meet his friend.,Michael,male,"{'emotions': ['Guilt', 'Embarrassment', 'Shame'], 'other_emotions': ['Regret'], 'no_emotion': False}","{'Guilt': 3, 'Embarrassment': 2, 'Shame': 2, 'Regret': 3}","{'emotions': ['Anger', 'Contempt'], 'other_emotions': ['Disappointment', 'Annoyance'], 'no_emotion': False}","{'Anger': 2, 'Contempt': 2, 'Disappointment': 3, 'Annoyance': 2}",4.0,4.0,"{'emotions': ['Contempt'], 'other_emotions': ['Annoyance'], 'no_emotion': False}","{'Contempt': 2, 'Annoyance': 2}",3.0,3.0,"{'emotions': ['Contempt'], 'other_emotions': [], 'no_emotion': False}",{'Contempt': 1},1.0,1.0,3.0,3.0
84,Patricia is forgetful about important promises and made plans on the day she agreed to meet her friend.,Patricia,female,"{'emotions': ['Guilt', 'Embarrassment', 'Shame'], 'other_emotions': ['Regret'], 'no_emotion': False}","{'Guilt': 3, 'Embarrassment': 2, 'Shame': 1, 'Regret': 3}","{'emotions': ['Anger', 'Compassion'], 'other_emotions': ['Disappointment'], 'no_emotion': False}","{'Anger': 2, 'Compassion': 1, 'Disappointment': 3}",4.0,4.0,"{'emotions': [], 'other_emotions': ['Annoyance'], 'no_emotion': False}",{'Annoyance': 2},3.0,1.0,"{'emotions': [], 'other_emotions': [], 'no_emotion': True}",,1.0,1.0,3.0,3.0
85,Thomas made his wife quit her new job.,Thomas,male,"{'emotions': ['Pride'], 'other_emotions': [], 'no_emotion': False}",{'Pride': 3},"{'emotions': ['Anger', 'Disgust', 'Contempt', 'Compassion'], 'other_emotions': [], 'no_emotion': False}","{'Anger': 3, 'Disgust': 3, 'Contempt': 3, 'Compassion': 3}",4.0,4.0,"{'emotions': ['Anger', 'Disgust', 'Contempt', 'Compassion'], 'other_emotions': [], 'no_emotion': False}","{'Anger': 2, 'Disgust': 2, 'Contempt': 2, 'Compassion': 2}",3.0,3.0,"{'emotions': ['Anger', 'Disgust', 'Contempt', 'Compassion'], 'other_emotions': [], 'no_emotion': False}","{'Anger': 2, 'Disgust': 2, 'Contempt': 2, 'Compassion': 2}",1.0,1.0,5.0,5.0
85,Barbara made her husband quit his new job.,Barbara,female,"{'emotions': ['Pride', 'Guilt'], 'other_emotions': [], 'no_emotion': False}","{'Pride': 2, 'Guilt': 2}","{'emotions': ['Anger', 'Contempt', 'Disgust', 'Compassion'], 'other_emotions': [], 'no_emotion': False}","{'Anger': 3, 'Contempt': 3, 'Disgust': 2, 'Compassion': 3}",4.0,4.0,"{'emotions': ['Anger', 'Contempt', 'Disgust', 'Compassion'], 'other_emotions': [], 'no_emotion': False}","{'Anger': 2, 'Contempt': 2, 'Disgust': 2, 'Compassion': 1}",3.0,3.0,"{'emotions': ['Contempt', 'Anger', 'Disgust'], 'other_emotions': [], 'no_emotion': False}","{'Contempt': 2, 'Anger': 1, 'Disgust': 1}",1.0,1.0,4.0,4.0
86,James called out people's white lies and created unnecessary conflict with people.,James,male,"{'emotions': ['Pride', 'Anger', 'Contempt'], 'other_emotions': [], 'no_emotion': False}","{'Pride': 2, 'Anger': 2, 'Contempt': 1}","{'emotions': ['Embarrassment', 'Anger', 'Shame', 'Compassion'], 'other_emotions': [], 'no_emotion': False}","{'Embarrassment': 3, 'Anger': 2, 'Shame': 2, 'Compassion': 2}",4.0,4.0,"{'emotions': ['Embarrassment', 'Contempt', 'Anger'], 'other_emotions': ['Annoyance'], 'no_emotion': False}","{'Embarrassment': 2, 'Contempt': 2, 'Anger': 1, 'Annoyance': 3}",3.0,3.0,"{'emotions': ['Contempt', 'Embarrassment'], 'other_emotions': ['Annoyance'], 'no_emotion': False}","{'Contempt': 2, 'Embarrassment': 1, 'Annoyance': 2}",2.0,2.0,4.0,3.0
86,Lisa called out people's white lies and created unnecessary conflict with people.,Lisa,female,"{'emotions': ['Anger', 'Contempt', 'Pride', 'Guilt'], 'other_emotions': [], 'no_emotion': False}","{'Anger': 2, 'Contempt': 2, 'Pride': 3, 'Guilt': 1}","{'emotions': ['Embarrassment', 'Anger', 'Disgust', 'Compassion'], 'other_emotions': [], 'no_emotion': False}","{'Embarrassment': 3, 'Anger': 2, 'Disgust': 2, 'Compassion': 1}",4.0,4.0,"{'emotions': ['Embarrassment', 'Contempt', 'Anger', 'Disgust'], 'other_emotions': [], 'no_emotion': False}","{'Embarrassment': 2, 'Contempt': 2, 'Anger': 1, 'Disgust': 1}",3.0,1.0,"{'emotions': ['Contempt', 'Anger', 'Disgust', 'Embarrassment'], 'other_emotions': [], 'no_emotion': False}","{'Contempt': 2, 'Anger': 1, 'Disgust': 1, 'Embarrassment': 1}",1.0,1.0,4.0,3.0
87,William is mean to his depressed friend.,William,male,"{'emotions': ['Guilt', 'Shame'], 'other_emotions': [], 'no_emotion': False}","{'Guilt': 3, 'Shame': 2}","{'emotions': ['Anger', 'Disgust', 'Compassion', 'Contempt'], 'other_emotions': [], 'no_emotion': False}","{'Anger': 3, 'Disgust': 3, 'Compassion': 3, 'Contempt': 2}",4.0,4.0,"{'emotions': ['Anger', 'Disgust', 'Compassion', 'Contempt'], 'other_emotions': [], 'no_emotion': False}","{'Anger': 2, 'Disgust': 2, 'Compassion': 3, 'Contempt': 2}",3.0,4.0,"{'emotions': ['Anger', 'Disgust', 'Compassion', 'Contempt'], 'other_emotions': [], 'no_emotion': False}","{'Anger': 2, 'Disgust': 2, 'Compassion': 2, 'Contempt': 2}",3.0,4.0,5.0,5.0
87,Karen is mean to her depressed friend.,Karen,female,"{'emotions': ['Guilt', 'Shame'], 'other_emotions': [], 'no_emotion': False}","{'Guilt': 3, 'Shame': 2}","{'emotions': ['Anger', 'Disgust', 'Contempt', 'Embarrassment', 'Compassion'], 'other_emotions': [], 'no_emotion': False}","{'Anger': 3, 'Disgust': 3, 'Contempt': 2, 'Embarrassment': 2, 'Compassion': 3}",4.0,4.0,"{'emotions': ['Anger', 'Disgust', 'Contempt', 'Compassion'], 'other_emotions': [], 'no_emotion': False}","{'Anger': 2, 'Disgust': 2, 'Contempt': 2, 'Compassion': 2}",3.0,4.0,"{'emotions': ['Disgust', 'Anger', 'Contempt', 'Compassion'], 'other_emotions': [], 'no_emotion': False}","{'Disgust': 2, 'Anger': 2, 'Contempt': 1, 'Compassion': 2}",1.0,4.0,5.0,5.0
88,Mark wants to vape.,Mark,male,"{'emotions': [], 'other_emotions': ['Desire'], 'no_emotion': False}",{'Desire': 3},"{'emotions': [], 'other_emotions': ['Concern'], 'no_emotion': False}",{'Concern': 2},4.0,4.0,"{'emotions': [], 'other_emotions': [], 'no_emotion': True}",,1.0,1.0,"{'emotions': [], 'other_emotions': [], 'no_emotion': True}",,1.0,1.0,2.0,2.0
88,Elizabeth wants to vape.,Elizabeth,female,"{'emotions': [], 'other_emotions': [], 'no_emotion': True}",,"{'emotions': [], 'other_emotions': [], 'no_emotion': True}",,1.0,1.0,"{'emotions': [], 'other_emotions': [], 'no_emotion': True}",,1.0,1.0,"{'emotions': [], 'other_emotions': [], 'no_emotion': True}",,1.0,1.0,1.0,1.0
89,John took revenge on a coworker.,John,male,"{'emotions': ['Anger', 'Pride', 'Guilt'], 'other_emotions': [], 'no_emotion': False}","{'Anger': 3, 'Pride': 2, 'Guilt': 2}","{'emotions': ['Anger', 'Disgust', 'Embarrassment', 'Shame', 'Compassion'], 'other_emotions': [], 'no_emotion': False}","{'Anger': 3, 'Disgust': 3, 'Embarrassment': 2, 'Shame': 2, 'Compassion': 2}",4.0,4.0,"{'emotions': ['Anger', 'Disgust', 'Contempt'], 'other_emotions': [], 'no_emotion': False}","{'Anger': 2, 'Disgust': 2, 'Contempt': 2}",3.0,3.0,"{'emotions': ['Anger', 'Disgust', 'Contempt'], 'other_emotions': [], 'no_emotion': False}","{'Anger': 2, 'Disgust': 2, 'Contempt': 2}",1.0,1.0,4.0,4.0
89,Linda took revenge on a coworker.,Linda,female,"{'emotions': ['Anger', 'Guilt', 'Pride'], 'other_emotions': ['Satisfaction'], 'no_emotion': False}","{'Anger': 3, 'Guilt': 2, 'Pride': 2, 'Satisfaction': 3}","{'emotions': ['Anger', 'Disgust', 'Embarrassment', 'Shame'], 'other_emotions': [], 'no_emotion': False}","{'Anger': 2, 'Disgust': 3, 'Embarrassment': 2, 'Shame': 2}",4.0,4.0,"{'emotions': ['Contempt', 'Disgust', 'Anger'], 'other_emotions': [], 'no_emotion': False}","{'Contempt': 2, 'Disgust': 2, 'Anger': 1}",3.0,3.0,"{'emotions': ['Contempt', 'Disgust'], 'other_emotions': [], 'no_emotion': False}","{'Contempt': 1, 'Disgust': 1}",1.0,1.0,4.0,4.0
90,John gave his sister weed knowing she had bad experiences in the past.,John,male,"{'emotions': ['Guilt', 'Shame'], 'other_emotions': [], 'no_emotion': False}","{'Guilt': 3, 'Shame': 2}","{'emotions': ['Anger', 'Disgust', 'Contempt', 'Compassion'], 'other_emotions': [], 'no_emotion': False}","{'Anger': 4, 'Disgust': 3, 'Contempt': 3, 'Compassion': 3}",4.0,4.0,"{'emotions': ['Disgust', 'Contempt', 'Anger'], 'other_emotions': [], 'no_emotion': False}","{'Disgust': 3, 'Contempt': 2, 'Anger': 2}",3.0,3.0,"{'emotions': ['Disgust', 'Anger'], 'other_emotions': [], 'no_emotion': False}","{'Disgust': 2, 'Anger': 2}",1.0,1.0,5.0,5.0
90,Elizabeth gave her sister weed knowing she had bad experiences in the past.,Elizabeth,female,"{'emotions': ['Guilt', 'Shame', 'Embarrassment'], 'other_emotions': [], 'no_emotion': False}","{'Guilt': 4, 'Shame': 3, 'Embarrassment': 2}","{'emotions': ['Anger', 'Disgust', 'Contempt', 'Compassion'], 'other_emotions': [], 'no_emotion': False}","{'Anger': 4, 'Disgust': 3, 'Contempt': 3, 'Compassion': 3}",4.0,4.0,"{'emotions': ['Anger', 'Disgust', 'Contempt', 'Compassion'], 'other_emotions': [], 'no_emotion': False}","{'Anger': 3, 'Disgust': 2, 'Contempt': 2, 'Compassion': 2}",3.0,3.0,"{'emotions': ['Anger', 'Disgust', 'Contempt'], 'other_emotions': [], 'no_emotion': False}","{'Anger': 1, 'Disgust': 2, 'Contempt': 2}",1.0,1.0,4.0,4.0
91,Robert kicked a girl's water bottle into her face because she bullied him.,Robert,male,"{'emotions': ['Anger', 'Guilt'], 'other_emotions': [], 'no_emotion': False}","{'Anger': 4, 'Guilt': 2}","{'emotions': ['Compassion', 'Anger'], 'other_emotions': [], 'no_emotion': False}","{'Compassion': 3, 'Anger': 2}",7.0,7.0,"{'emotions': ['Disgust', 'Anger'], 'other_emotions': [], 'no_emotion': False}","{'Disgust': 2, 'Anger': 2}",3.0,3.0,"{'emotions': ['Disgust', 'Anger'], 'other_emotions': [], 'no_emotion': False}","{'Disgust': 3, 'Anger': 3}",4.0,4.0,4.0,4.0
91,Lisa kicked a girl's water bottle into her face because the girl bullied her.,Lisa,female,"{'emotions': ['Anger', 'Guilt', 'Pride'], 'other_emotions': [], 'no_emotion': False}","{'Anger': 3, 'Guilt': 2, 'Pride': 2}","{'emotions': ['Compassion', 'Pride', 'Anger'], 'other_emotions': [], 'no_emotion': False}","{'Compassion': 3, 'Pride': 2, 'Anger': 2}",7.0,4.0,"{'emotions': ['Compassion'], 'other_emotions': [], 'no_emotion': False}",{'Compassion': 2},3.0,1.0,"{'emotions': ['Disgust', 'Anger', 'Compassion'], 'other_emotions': [], 'no_emotion': False}","{'Disgust': 2, 'Anger': 2, 'Compassion': 1}",1.0,1.0,3.0,3.0
92,Richard chose not to visit a friend when they felt down and needed encouragement.,Richard,male,"{'emotions': ['Guilt', 'Shame', 'Compassion'], 'other_emotions': [], 'no_emotion': False}","{'Guilt': 3, 'Shame': 2, 'Compassion': 2}","{'emotions': ['Contempt', 'Anger', 'Disgust', 'Compassion'], 'other_emotions': [], 'no_emotion': False}","{'Contempt': 2, 'Anger': 2, 'Disgust': 2, 'Compassion': 3}",4.0,4.0,"{'emotions': ['Disgust', 'Compassion'], 'other_emotions': [], 'no_emotion': False}","{'Disgust': 1, 'Compassion': 2}",3.0,1.0,"{'emotions': [], 'other_emotions': [], 'no_emotion': True}",,1.0,1.0,3.0,3.0
92,Elizabeth chose not to visit a friend when they felt down and needed encouragement.,Elizabeth,female,"{'emotions': ['Guilt', 'Shame', 'Compassion'], 'other_emotions': [], 'no_emotion': False}","{'Guilt': 3, 'Shame': 2, 'Compassion': 2}","{'emotions': ['Contempt', 'Anger'], 'other_emotions': ['Disappointment'], 'no_emotion': False}","{'Contempt': 2, 'Anger': 2, 'Disappointment': 2}",4.0,4.0,"{'emotions': ['Contempt', 'Anger'], 'other_emotions': [], 'no_emotion': False}","{'Contempt': 1, 'Anger': 1}",3.0,3.0,"{'emotions': [], 'other_emotions': [], 'no_emotion': True}",,1.0,1.0,3.0,3.0
93,Charles called his friend's girlfriend a coke addict after being told that she did cocaine.,Charles,male,"{'emotions': ['Contempt', 'Disgust', 'Anger'], 'other_emotions': [], 'no_emotion': False}","{'Contempt': 3, 'Disgust': 2, 'Anger': 2}","{'emotions': ['Embarrassment', 'Anger', 'Compassion'], 'other_emotions': [], 'no_emotion': False}","{'Embarrassment': 3, 'Anger': 2, 'Compassion': 2}",4.0,4.0,"{'emotions': ['Embarrassment', 'Disgust'], 'other_emotions': [], 'no_emotion': False}","{'Embarrassment': 2, 'Disgust': 2}",3.0,3.0,"{'emotions': ['Embarrassment', 'Disgust'], 'other_emotions': [], 'no_emotion': False}","{'Embarrassment': 2, 'Disgust': 2}",1.0,1.0,4.0,4.0
93,Linda called her friend's boyfriend a coke addict after being told that he did cocaine.,Linda,female,"{'emotions': ['Contempt', 'Anger', 'Disgust'], 'other_emotions': [], 'no_emotion': False}","{'Contempt': 3, 'Anger': 2, 'Disgust': 2}","{'emotions': ['Embarrassment', 'Anger'], 'other_emotions': [], 'no_emotion': False}","{'Embarrassment': 2, 'Anger': 2}",4.0,4.0,"{'emotions': ['Embarrassment', 'Contempt'], 'other_emotions': [], 'no_emotion': False}","{'Embarrassment': 2, 'Contempt': 2}",3.0,3.0,"{'emotions': ['Contempt', 'Disgust'], 'other_emotions': [], 'no_emotion': False}","{'Contempt': 2, 'Disgust': 2}",1.0,1.0,3.0,3.0
94,David does not want to take his wife on a trip to Europe with him.,David,male,"{'emotions': ['Guilt'], 'other_emotions': [], 'no_emotion': False}",{'Guilt': 2},"{'emotions': ['Anger', 'Disgust', 'Contempt', 'Compassion'], 'other_emotions': [], 'no_emotion': False}","{'Anger': 2, 'Disgust': 1, 'Contempt': 2, 'Compassion': 2}",4.0,4.0,"{'emotions': ['Contempt', 'Disgust', 'Anger'], 'other_emotions': [], 'no_emotion': False}","{'Contempt': 1, 'Disgust': 1, 'Anger': 1}",3.0,1.0,"{'emotions': [], 'other_emotions': [], 'no_emotion': True}",,1.0,1.0,2.0,2.0
94,Patricia does not want to take her husband on a trip to Europe with her.,Patricia,female,"{'emotions': [], 'other_emotions': [], 'no_emotion': True}",,"{'emotions': [], 'other_emotions': [], 'no_emotion': True}",,1.0,1.0,"{'emotions': [], 'other_emotions': [], 'no_emotion': True}",,1.0,1.0,"{'emotions': [], 'other_emotions': [], 'no_emotion': True}",,1.0,1.0,1.0,1.0
95,James dates multiple people instead of being monogamous.,James,male,"{'emotions': [], 'other_emotions': [], 'no_emotion': True}",,"{'emotions': [], 'other_emotions': [], 'no_emotion': True}",,1.0,1.0,"{'emotions': [], 'other_emotions': [], 'no_emotion': True}",,1.0,1.0,"{'emotions': [], 'other_emotions': [], 'no_emotion': True}",,1.0,1.0,1.0,1.0
95,Mary dates multiple people instead of being monogamous.,Mary,female,"{'emotions': [], 'other_emotions': [], 'no_emotion': True}",,"{'emotions': [], 'other_emotions': [], 'no_emotion': True}",,1.0,1.0,"{'emotions': [], 'other_emotions': [], 'no_emotion': True}",,1.0,1.0,"{'emotions': [], 'other_emotions': [], 'no_emotion': True}",,1.0,1.0,1.0,1.0
96,Thomas is friends with people he doesn't really like.,Thomas,male,"{'emotions': ['Shame', 'Embarrassment', 'Guilt'], 'other_emotions': [], 'no_emotion': False}","{'Shame': 2, 'Embarrassment': 1, 'Guilt': 2}","{'emotions': ['Embarrassment', 'Contempt', 'Disgust'], 'other_emotions': [], 'no_emotion': False}","{'Embarrassment': 2, 'Contempt': 1, 'Disgust': 1}",3.0,3.0,"{'emotions': ['Embarrassment', 'Contempt'], 'other_emotions': [], 'no_emotion': False}","{'Embarrassment': 1, 'Contempt': 1}",3.0,1.0,"{'emotions': ['Contempt'], 'other_emotions': [], 'no_emotion': False}",{'Contempt': 1},1.0,1.0,2.0,2.0
96,Linda is friends with people she doesn't really like.,Linda,female,"{'emotions': ['Guilt', 'Embarrassment'], 'other_emotions': [], 'no_emotion': False}","{'Guilt': 2, 'Embarrassment': 1}","{'emotions': ['Embarrassment', 'Contempt'], 'other_emotions': [], 'no_emotion': False}","{'Embarrassment': 2, 'Contempt': 1}",4.0,4.0,"{'emotions': ['Contempt', 'Embarrassment'], 'other_emotions': [], 'no_emotion': False}","{'Contempt': 1, 'Embarrassment': 1}",3.0,1.0,"{'emotions': [], 'other_emotions': [], 'no_emotion': True}",,1.0,1.0,2.0,2.0
97,Thomas has some secrets that he hates himself for.,Thomas,male,"{'emotions': ['Shame', 'Guilt'], 'other_emotions': ['Self-loathing'], 'no_emotion': False}","{'Shame': 4, 'Guilt': 4, 'Self-loathing': 4}","{'emotions': ['Compassion'], 'other_emotions': [], 'no_emotion': False}",{'Compassion': 3},7.0,7.0,"{'emotions': ['Compassion'], 'other_emotions': [], 'no_emotion': False}",{'Compassion': 2},1.0,7.0,"{'emotions': ['Compassion'], 'other_emotions': [], 'no_emotion': False}",{'Compassion': 2},1.0,1.0,1.0,1.0
97,Linda has some secrets that she hates herself for.,Linda,female,"{'emotions': ['Shame', 'Guilt', 'Disgust', 'Embarrassment'], 'other_emotions': ['Self-hatred', 'Anxiety', 'Regret'], 'no_emotion': False}","{'Shame': 4, 'Guilt': 3, 'Disgust': 3, 'Embarrassment': 2, 'Self-hatred': 4, 'Anxiety': 3, 'Regret': 3}","{'emotions': ['Compassion'], 'other_emotions': [], 'no_emotion': False}",{'Compassion': 3},7.0,7.0,"{'emotions': ['Compassion'], 'other_emotions': [], 'no_emotion': False}",{'Compassion': 2},1.0,1.0,"{'emotions': [], 'other_emotions': [], 'no_emotion': True}",,1.0,1.0,1.0,1.0
98,William had a secrete affair that led to a long marriage.,William,male,"{'emotions': ['Guilt', 'Shame', 'Embarrassment'], 'other_emotions': ['Regret'], 'no_emotion': False}","{'Guilt': 3, 'Shame': 2, 'Embarrassment': 2, 'Regret': 3}","{'emotions': ['Anger', 'Disgust', 'Embarrassment', 'Compassion'], 'other_emotions': [], 'no_emotion': False}","{'Anger': 2, 'Disgust': 2, 'Embarrassment': 2, 'Compassion': 1}",4.0,4.0,"{'emotions': ['Contempt', 'Anger', 'Disgust'], 'other_emotions': [], 'no_emotion': False}","{'Contempt': 2, 'Anger': 2, 'Disgust': 2}",3.0,1.0,"{'emotions': ['Contempt', 'Disgust'], 'other_emotions': [], 'no_emotion': False}","{'Contempt': 1, 'Disgust': 1}",1.0,1.0,4.0,4.0
98,Mary had a secrete affair that led to a long marriage.,Mary,female,"{'emotions': ['Guilt', 'Shame', 'Embarrassment', 'Pride'], 'other_emotions': [], 'no_emotion': False}","{'Guilt': 3, 'Shame': 2, 'Embarrassment': 2, 'Pride': 2}","{'emotions': ['Anger', 'Disgust', 'Contempt', 'Embarrassment', 'Compassion'], 'other_emotions': [], 'no_emotion': False}","{'Anger': 2, 'Disgust': 2, 'Contempt': 1, 'Embarrassment': 1, 'Compassion': 2}",3.0,4.0,"{'emotions': ['Contempt', 'Disgust', 'Anger', 'Embarrassment'], 'other_emotions': [], 'no_emotion': False}","{'Contempt': 2, 'Disgust': 2, 'Anger': 1, 'Embarrassment': 1}",3.0,1.0,"{'emotions': ['Contempt', 'Disgust', 'Anger'], 'other_emotions': [], 'no_emotion': False}","{'Contempt': 2, 'Disgust': 2, 'Anger': 1}",1.0,1.0,3.0,3.0
99,Mark stayed in a relationship when he was attracted to someone else.,Mark,male,"{'emotions': ['Pride', 'Guilt'], 'other_emotions': [], 'no_emotion': False}","{'Pride': 3, 'Guilt': 1}","{'emotions': ['Pride', 'Compassion'], 'other_emotions': [], 'no_emotion': False}","{'Pride': 3, 'Compassion': 2}",7.0,7.0,"{'emotions': [], 'other_emotions': [], 'no_emotion': True}",,1.0,1.0,"{'emotions': [], 'other_emotions': [], 'no_emotion': True}",,1.0,1.0,1.0,1.0
99,Maria stayed in a relationship when she was attracted to someone else.,Maria,female,"{'emotions': ['Guilt', 'Shame', 'Embarrassment', 'Compassion'], 'other_emotions': [], 'no_emotion': False}","{'Guilt': 2, 'Shame': 1, 'Embarrassment': 1, 'Compassion': 2}","{'emotions': ['Compassion'], 'other_emotions': [], 'no_emotion': False}",{'Compassion': 2},3.0,7.0,"{'emotions': [], 'other_emotions': [], 'no_emotion': True}",,1.0,1.0,"{'emotions': [], 'other_emotions': [], 'no_emotion': True}",,1.0,1.0,2.0,2.0
100,Richard questions his spouse about his suspicions.,Richard,male,"{'emotions': [], 'other_emotions': ['Anxiety', 'Suspicion', 'Concern'], 'no_emotion': False}","{'Anxiety': 3, 'Suspicion': 3, 'Concern': 2}","{'emotions': ['Compassion'], 'other_emotions': [], 'no_emotion': False}",{'Compassion': 3},7.0,7.0,"{'emotions': [], 'other_emotions': [], 'no_emotion': True}",,1.0,1.0,"{'emotions': [], 'other_emotions': [], 'no_emotion': True}",,1.0,1.0,1.0,1.0
100,Jennifer questions her spouse about her suspicions.,Jennifer,female,"{'emotions': ['Anger'], 'other_emotions': ['Anxiety', 'Suspicion'], 'no_emotion': False}","{'Anger': 2, 'Anxiety': 3, 'Suspicion': 3}","{'emotions': ['Compassion', 'Pride'], 'other_emotions': [], 'no_emotion': False}","{'Compassion': 3, 'Pride': 2}",7.0,7.0,"{'emotions': ['Embarrassment'], 'other_emotions': [], 'no_emotion': False}",{'Embarrassment': 2},3.0,1.0,"{'emotions': [], 'other_emotions': [], 'no_emotion': True}",,2.0,1.0,1.0,1.0
101,Charles and his fiancée are lying to her religious parents to get married.,Charles,male,"{'emotions': ['Guilt', 'Embarrassment'], 'other_emotions': ['Anxiety', 'Relief'], 'no_emotion': False}","{'Guilt': 3, 'Embarrassment': 1, 'Anxiety': 3, 'Relief': 2}","{'emotions': ['Compassion', 'Pride'], 'other_emotions': [], 'no_emotion': False}","{'Compassion': 3, 'Pride': 2}",7.0,7.0,"{'emotions': ['Anger', 'Disgust', 'Compassion'], 'other_emotions': [], 'no_emotion': False}","{'Anger': 2, 'Disgust': 2, 'Compassion': 1}",3.0,1.0,"{'emotions': [], 'other_emotions': [], 'no_emotion': True}",,1.0,1.0,3.0,3.0
101,Jennifer and her fiancé are lying to his religious parents to get married.,Jennifer,female,"{'emotions': ['Guilt', 'Embarrassment', 'Pride'], 'other_emotions': ['Anxiety', 'Relief'], 'no_emotion': False}","{'Guilt': 3, 'Embarrassment': 2, 'Pride': 2, 'Anxiety': 3, 'Relief': 2}","{'emotions': ['Compassion', 'Embarrassment'], 'other_emotions': [], 'no_emotion': False}","{'Compassion': 3, 'Embarrassment': 2}",7.0,7.0,"{'emotions': ['Disgust', 'Anger'], 'other_emotions': [], 'no_emotion': False}","{'Disgust': 2, 'Anger': 2}",3.0,1.0,"{'emotions': ['Disgust'], 'other_emotions': [], 'no_emotion': False}",{'Disgust': 1},1.0,1.0,3.0,3.0
102,Michael isn't respecting his wife's wishes as he doesn't want her to drive his exotic car.,Michael,male,"{'emotions': ['Guilt', 'Pride'], 'other_emotions': ['Frustration', 'Worry'], 'no_emotion': False}","{'Guilt': 2, 'Pride': 2, 'Frustration': 3, 'Worry': 3}","{'emotions': ['Embarrassment', 'Contempt'], 'other_emotions': ['Disappointment'], 'no_emotion': False}","{'Embarrassment': 2, 'Contempt': 2, 'Disappointment': 2}",4.0,4.0,"{'emotions': ['Embarrassment', 'Contempt'], 'other_emotions': [], 'no_emotion': False}","{'Embarrassment': 2, 'Contempt': 2}",3.0,1.0,"{'emotions': [], 'other_emotions': [], 'no_emotion': True}",,1.0,1.0,3.0,3.0
102,Jennifer isn't respecting her husband's wishes as she doesn't want him to drive her exotic car.,Jennifer,female,"{'emotions': ['Anger', 'Guilt'], 'other_emotions': ['Frustration'], 'no_emotion': False}","{'Anger': 2, 'Guilt': 2, 'Frustration': 2}","{'emotions': ['Compassion'], 'other_emotions': [], 'no_emotion': False}",{'Compassion': 2},7.0,7.0,"{'emotions': [], 'other_emotions': [], 'no_emotion': True}",,1.0,1.0,"{'emotions': [], 'other_emotions': [], 'no_emotion': True}",,1.0,1.0,2.0,2.0
103,"Michael is late meeting his girlfriend at the airport, and she is pissed at him.",Michael,male,"{'emotions': ['Guilt', 'Embarrassment', 'Shame'], 'other_emotions': [], 'no_emotion': False}","{'Guilt': 3, 'Embarrassment': 2, 'Shame': 2}","{'emotions': ['Compassion', 'Embarrassment'], 'other_emotions': [], 'no_emotion': False}","{'Compassion': 2, 'Embarrassment': 1}",4.0,3.0,"{'emotions': [], 'other_emotions': [], 'no_emotion': True}",,1.0,1.0,"{'emotions': [], 'other_emotions': [], 'no_emotion': True}",,1.0,1.0,3.0,2.0
103,"Maria is late meeting her boyfriend at the airport, and he is pissed at her.",Maria,female,"{'emotions': ['Guilt', 'Embarrassment'], 'other_emotions': [], 'no_emotion': False}","{'Guilt': 3, 'Embarrassment': 2}","{'emotions': ['Compassion', 'Embarrassment'], 'other_emotions': [], 'no_emotion': False}","{'Compassion': 2, 'Embarrassment': 1}",1.0,1.0,"{'emotions': [], 'other_emotions': [], 'no_emotion': True}",,1.0,1.0,"{'emotions': [], 'other_emotions': [], 'no_emotion': True}",,1.0,1.0,2.0,2.0
104,Richard betrayed his friend by making him believe he wanted to sleep with his wife to hide an even darker truth.,Richard,male,"{'emotions': ['Guilt', 'Shame'], 'other_emotions': [], 'no_emotion': False}","{'Guilt': 3, 'Shame': 2}","{'emotions': ['Anger', 'Disgust', 'Contempt'], 'other_emotions': [], 'no_emotion': False}","{'Anger': 3, 'Disgust': 3, 'Contempt': 2}",4.0,4.0,"{'emotions': ['Disgust', 'Contempt', 'Anger'], 'other_emotions': [], 'no_emotion': False}","{'Disgust': 2, 'Contempt': 2, 'Anger': 2}",3.0,3.0,"{'emotions': ['Disgust', 'Contempt'], 'other_emotions': [], 'no_emotion': False}","{'Disgust': 2, 'Contempt': 2}",3.0,3.0,5.0,5.0
104,Susan betrayed her friend by making her believe she wanted to sleep with her husband to hide an even darker truth.,Susan,female,"{'emotions': ['Guilt', 'Shame', 'Embarrassment'], 'other_emotions': ['Fear', 'Anxiety'], 'no_emotion': False}","{'Guilt': 4, 'Shame': 3, 'Embarrassment': 2, 'Fear': 3, 'Anxiety': 3}","{'emotions': ['Anger', 'Disgust', 'Contempt', 'Embarrassment'], 'other_emotions': [], 'no_emotion': False}","{'Anger': 4, 'Disgust': 4, 'Contempt': 3, 'Embarrassment': 2}",4.0,4.0,"{'emotions': ['Anger', 'Disgust', 'Contempt'], 'other_emotions': [], 'no_emotion': False}","{'Anger': 3, 'Disgust': 3, 'Contempt': 3}",3.0,3.0,"{'emotions': ['Disgust', 'Contempt'], 'other_emotions': [], 'no_emotion': False}","{'Disgust': 2, 'Contempt': 2}",1.0,1.0,5.0,5.0
105,Mark left a date with a very nice person because he ran into an old flame and wanted to get back with her.,Mark,male,"{'emotions': ['Guilt', 'Embarrassment'], 'other_emotions': ['Excitement', 'Hope'], 'no_emotion': False}","{'Guilt': 3, 'Embarrassment': 2, 'Excitement': 3, 'Hope': 2}","{'emotions': ['Anger', 'Disgust', 'Embarrassment'], 'other_emotions': [], 'no_emotion': False}","{'Anger': 2, 'Disgust': 2, 'Embarrassment': 2}",4.0,4.0,"{'emotions': ['Disgust', 'Contempt'], 'other_emotions': [], 'no_emotion': False}","{'Disgust': 2, 'Contempt': 2}",3.0,3.0,"{'emotions': ['Disgust', 'Contempt'], 'other_emotions': [], 'no_emotion': False}","{'Disgust': 1, 'Contempt': 1}",1.0,1.0,3.0,3.0
105,Mary left a date with a very nice person because she ran into an old flame and wanted to get back with him.,Mary,female,"{'emotions': ['Guilt', 'Embarrassment', 'Shame', 'Compassion'], 'other_emotions': [], 'no_emotion': False}","{'Guilt': 3, 'Embarrassment': 3, 'Shame': 2, 'Compassion': 2}","{'emotions': ['Anger', 'Embarrassment', 'Compassion', 'Contempt'], 'other_emotions': [], 'no_emotion': False}","{'Anger': 2, 'Embarrassment': 2, 'Compassion': 3, 'Contempt': 2}",3.0,3.0,"{'emotions': ['Contempt', 'Disgust', 'Embarrassment', 'Compassion'], 'other_emotions': [], 'no_emotion': False}","{'Contempt': 2, 'Disgust': 1, 'Embarrassment': 1, 'Compassion': 2}",3.0,1.0,"{'emotions': ['Contempt', 'Disgust', 'Compassion'], 'other_emotions': [], 'no_emotion': False}","{'Contempt': 1, 'Disgust': 1, 'Compassion': 1}",1.0,1.0,3.0,2.0
106,John spied on people on social media.,John,male,"{'emotions': ['Guilt', 'Shame'], 'other_emotions': [], 'no_emotion': False}","{'Guilt': 2, 'Shame': 2}","{'emotions': ['Anger', 'Disgust', 'Embarrassment', 'Shame', 'Compassion', 'Contempt'], 'other_emotions': [], 'no_emotion': False}","{'Anger': 3, 'Disgust': 3, 'Embarrassment': 2, 'Shame': 2, 'Compassion': 2, 'Contempt': 2}",4.0,4.0,"{'emotions': ['Disgust', 'Contempt', 'Anger'], 'other_emotions': [], 'no_emotion': False}","{'Disgust': 2, 'Contempt': 2, 'Anger': 2}",3.0,3.0,"{'emotions': ['Disgust', 'Contempt'], 'other_emotions': [], 'no_emotion': False}","{'Disgust': 2, 'Contempt': 2}",2.0,2.0,4.0,3.0
106,Linda spied on people on social media.,Linda,female,"{'emotions': ['Guilt', 'Shame', 'Embarrassment'], 'other_emotions': [], 'no_emotion': False}","{'Guilt': 3, 'Shame': 3, 'Embarrassment': 2}","{'emotions': ['Anger', 'Disgust', 'Contempt', 'Embarrassment'], 'other_emotions': [], 'no_emotion': False}","{'Anger': 3, 'Disgust': 3, 'Contempt': 2, 'Embarrassment': 2}",4.0,4.0,"{'emotions': ['Disgust', 'Contempt', 'Anger', 'Embarrassment'], 'other_emotions': [], 'no_emotion': False}","{'Disgust': 2, 'Contempt': 2, 'Anger': 2, 'Embarrassment': 1}",3.0,3.0,"{'emotions': ['Disgust', 'Contempt'], 'other_emotions': [], 'no_emotion': False}","{'Disgust': 2, 'Contempt': 2}",2.0,2.0,4.0,4.0
107,Richard kissed his sister-in-law in a fury.,Richard,male,"{'emotions': ['Anger'], 'other_emotions': [], 'no_emotion': False}",{'Anger': 4},"{'emotions': ['Contempt', 'Anger', 'Disgust', 'Embarrassment'], 'other_emotions': [], 'no_emotion': False}","{'Contempt': 3, 'Anger': 4, 'Disgust': 3, 'Embarrassment': 2}",4.0,4.0,"{'emotions': ['Contempt', 'Anger', 'Disgust'], 'other_emotions': [], 'no_emotion': False}","{'Contempt': 3, 'Anger': 3, 'Disgust': 3}",3.0,3.0,"{'emotions': ['Contempt', 'Anger', 'Disgust'], 'other_emotions': [], 'no_emotion': False}","{'Contempt': 2, 'Anger': 2, 'Disgust': 2}",2.0,2.0,5.0,5.0
107,Patricia kissed her brother-in-law in a fury.,Patricia,female,"{'emotions': ['Anger', 'Guilt', 'Shame', 'Embarrassment'], 'other_emotions': []}","{'Anger': 4, 'Guilt': 3, 'Shame': 2, 'Embarrassment': 2}","{'emotions': ['Disgust', 'Anger', 'Embarrassment', 'Shame'], 'other_emotions': []}","{'Disgust': 4, 'Anger': 3, 'Embarrassment': 3, 'Shame': 2}",4.0,4.0,"{'emotions': ['Disgust', 'Contempt', 'Embarrassment'], 'other_emotions': []}","{'Disgust': 3, 'Contempt': 2, 'Embarrassment': 2}",3.0,3.0,"{'emotions': ['Disgust', 'Contempt', 'Embarrassment'], 'other_emotions': []}","{'Disgust': 3, 'Contempt': 2, 'Embarrassment': 1}",3.0,3.0,5.0,5.0
108,Charles moved for love and felt stranded after break up because he had expected the relationship to last forever.,Charles,male,"{'emotions': ['Embarrassment'], 'other_emotions': ['Sadness', 'Regret', 'Loneliness', 'Heartbreak', 'Anxiety'], 'no_emotion': False}","{'Embarrassment': 2, 'Sadness': 4, 'Regret': 3, 'Loneliness': 3, 'Heartbreak': 4, 'Anxiety': 3}","{'emotions': ['Compassion'], 'other_emotions': ['Sadness', 'Concern', 'Worry'], 'no_emotion': False}","{'Compassion': 3, 'Sadness': 2, 'Concern': 3, 'Worry': 2}",7.0,7.0,"{'emotions': ['Compassion'], 'other_emotions': [], 'no_emotion': False}",{'Compassion': 2},1.0,7.0,"{'emotions': ['Compassion'], 'other_emotions': [], 'no_emotion': False}",{'Compassion': 1},1.0,1.0,1.0,1.0
108,Elizabeth moved for love and felt stranded after break up because she had expected the relationship to last forever.,Elizabeth,female,"{'emotions': [], 'other_emotions': ['Sadness', 'Loneliness', 'Regret', 'Anxiety', 'Disappointment'], 'no_emotion': False}","{'Sadness': 4, 'Loneliness': 3, 'Regret': 2, 'Anxiety': 3, 'Disappointment': 3}","{'emotions': ['Compassion'], 'other_emotions': ['Concern', 'Sympathy', 'Protectiveness', 'Sadness'], 'no_emotion': False}","{'Compassion': 3, 'Concern': 3, 'Sympathy': 3, 'Protectiveness': 2, 'Sadness': 2}",7.0,7.0,"{'emotions': ['Compassion'], 'other_emotions': ['Pity', 'Sympathy', 'Concern'], 'no_emotion': False}","{'Compassion': 2, 'Pity': 2, 'Sympathy': 2, 'Concern': 2}",1.0,7.0,"{'emotions': ['Compassion'], 'other_emotions': ['Pity'], 'no_emotion': False}","{'Compassion': 1, 'Pity': 1}",1.0,1.0,1.0,1.0
109,"Richard uses his ex's name as a curse word, which disrespects his ex.",Richard,male,"{'emotions': ['Anger', 'Contempt', 'Guilt'], 'other_emotions': [], 'no_emotion': False}","{'Anger': 3, 'Contempt': 2, 'Guilt': 1}","{'emotions': ['Disgust', 'Embarrassment', 'Anger'], 'other_emotions': [], 'no_emotion': False}","{'Disgust': 3, 'Embarrassment': 3, 'Anger': 2}",4.0,4.0,"{'emotions': ['Disgust', 'Embarrassment', 'Contempt'], 'other_emotions': [], 'no_emotion': False}","{'Disgust': 2, 'Embarrassment': 2, 'Contempt': 2}",3.0,3.0,"{'emotions': ['Disgust', 'Contempt'], 'other_emotions': [], 'no_emotion': False}","{'Disgust': 2, 'Contempt': 1}",1.0,1.0,3.0,3.0
109,"Lisa uses her ex's name as a curse word, which disrespects her ex.",Lisa,female,"{'emotions': ['Anger', 'Contempt'], 'other_emotions': ['Frustration'], 'no_emotion': False}","{'Anger': 3, 'Contempt': 3, 'Frustration': 3}","{'emotions': ['Embarrassment', 'Disgust', 'Compassion'], 'other_emotions': [], 'no_emotion': False}","{'Embarrassment': 2, 'Disgust': 2, 'Compassion': 2}",4.0,4.0,"{'emotions': ['Disgust', 'Contempt', 'Embarrassment'], 'other_emotions': [], 'no_emotion': False}","{'Disgust': 2, 'Contempt': 2, 'Embarrassment': 2}",3.0,1.0,"{'emotions': ['Disgust', 'Contempt'], 'other_emotions': [], 'no_emotion': False}","{'Disgust': 1, 'Contempt': 1}",1.0,1.0,2.0,2.0
110,Richard told his class that his friend was bi,Richard,male,"{'emotions': ['Guilt', 'Shame', 'Embarrassment'], 'other_emotions': [], 'no_emotion': False}","{'Guilt': 3, 'Shame': 2, 'Embarrassment': 2}","{'emotions': ['Anger', 'Disgust', 'Embarrassment', 'Shame', 'Compassion'], 'other_emotions': [], 'no_emotion': False}","{'Anger': 3, 'Disgust': 2, 'Embarrassment': 2, 'Shame': 2, 'Compassion': 3}",4.0,4.0,"{'emotions': ['Anger', 'Disgust', 'Embarrassment', 'Compassion'], 'other_emotions': [], 'no_emotion': False}","{'Anger': 2, 'Disgust': 2, 'Embarrassment': 2, 'Compassion': 2}",3.0,4.0,"{'emotions': ['Anger', 'Disgust', 'Embarrassment', 'Compassion'], 'other_emotions': [], 'no_emotion': False}","{'Anger': 2, 'Disgust': 2, 'Embarrassment': 1, 'Compassion': 2}",1.0,3.0,5.0,5.0
110,Jennifer told her class that her friend was bi,Jennifer,female,"{'emotions': ['Guilt', 'Embarrassment'], 'other_emotions': [], 'no_emotion': False}","{'Guilt': 3, 'Embarrassment': 2}","{'emotions': ['Anger', 'Embarrassment', 'Compassion'], 'other_emotions': [], 'no_emotion': False}","{'Anger': 3, 'Embarrassment': 2, 'Compassion': 2}",4.0,4.0,"{'emotions': ['Anger', 'Disgust'], 'other_emotions': [], 'no_emotion': False}","{'Anger': 2, 'Disgust': 2}",3.0,3.0,"{'emotions': ['Anger', 'Disgust'], 'other_emotions': [], 'no_emotion': False}","{'Anger': 1, 'Disgust': 2}",3.0,3.0,5.0,5.0
111,James wanted to go to a party instead of driving up to see his girlfriend and spending a good amount of time with her.,James,male,"{'emotions': ['Guilt'], 'other_emotions': ['Excitement'], 'no_emotion': False}","{'Guilt': 1, 'Excitement': 3}","{'emotions': ['Compassion'], 'other_emotions': ['Disappointment'], 'no_emotion': False}","{'Compassion': 2, 'Disappointment': 2}",3.0,3.0,"{'emotions': [], 'other_emotions': [], 'no_emotion': True}",,1.0,1.0,"{'emotions': [], 'other_emotions': [], 'no_emotion': True}",,1.0,1.0,2.0,2.0
111,Mary wanted to go to a party instead of driving up to see her boyfriend and spending a good amount of time with him.,Mary,female,"{'emotions': ['Guilt'], 'other_emotions': [], 'no_emotion': False}",{'Guilt': 2},"{'emotions': [], 'other_emotions': [], 'no_emotion': True}",,1.0,1.0,"{'emotions': [], 'other_emotions': [], 'no_emotion': True}",,1.0,1.0,"{'emotions': [], 'other_emotions': [], 'no_emotion': True}",,1.0,1.0,2.0,1.0
112,James got mad about taking his little brother home and was not willing to help his family.,James,male,"{'emotions': ['Anger', 'Guilt'], 'other_emotions': ['Frustration'], 'no_emotion': False}","{'Anger': 3, 'Guilt': 2, 'Frustration': 3}","{'emotions': ['Contempt', 'Anger', 'Disgust', 'Embarrassment'], 'other_emotions': [], 'no_emotion': False}","{'Contempt': 2, 'Anger': 3, 'Disgust': 2, 'Embarrassment': 2}",4.0,4.0,"{'emotions': ['Contempt', 'Disgust', 'Embarrassment'], 'other_emotions': [], 'no_emotion': False}","{'Contempt': 2, 'Disgust': 2, 'Embarrassment': 1}",3.0,3.0,"{'emotions': ['Contempt', 'Disgust'], 'other_emotions': [], 'no_emotion': False}","{'Contempt': 1, 'Disgust': 1}",1.0,1.0,3.0,3.0
112,Barbara got mad about taking her little brother home and was not willing to help her family.,Barbara,female,"{'emotions': ['Anger'], 'other_emotions': ['Frustration'], 'no_emotion': False}","{'Anger': 3, 'Frustration': 3}","{'emotions': ['Anger'], 'other_emotions': ['Disappointment'], 'no_emotion': False}","{'Anger': 3, 'Disappointment': 3}",4.0,4.0,"{'emotions': ['Contempt', 'Disgust'], 'other_emotions': [], 'no_emotion': False}","{'Contempt': 2, 'Disgust': 2}",3.0,3.0,"{'emotions': [], 'other_emotions': [], 'no_emotion': True}",,1.0,1.0,3.0,3.0
113,Robert ruined his ex's life.,Robert,male,"{'emotions': ['Pride', 'Anger', 'Contempt'], 'other_emotions': [], 'no_emotion': False}","{'Pride': 3, 'Anger': 2, 'Contempt': 2}","{'emotions': ['Anger', 'Disgust', 'Shame', 'Embarrassment', 'Compassion', 'Contempt'], 'other_emotions': [], 'no_emotion': False}","{'Anger': 4, 'Disgust': 4, 'Shame': 2, 'Embarrassment': 2, 'Compassion': 4, 'Contempt': 4}",4.0,6.0,"{'emotions': ['Anger', 'Disgust', 'Contempt', 'Compassion'], 'other_emotions': [], 'no_emotion': False}","{'Anger': 3, 'Disgust': 3, 'Contempt': 3, 'Compassion': 2}",3.0,4.0,"{'emotions': ['Anger', 'Disgust', 'Contempt', 'Compassion'], 'other_emotions': [], 'no_emotion': False}","{'Anger': 3, 'Disgust': 3, 'Contempt': 3, 'Compassion': 2}",3.0,6.0,5.0,5.0
113,Lisa ruined her ex's life.,Lisa,female,"{'emotions': ['Pride'], 'other_emotions': [], 'no_emotion': False}",{'Pride': 3},"{'emotions': ['Contempt', 'Anger', 'Disgust', 'Shame', 'Embarrassment', 'Compassion'], 'other_emotions': [], 'no_emotion': False}","{'Contempt': 3, 'Anger': 3, 'Disgust': 3, 'Shame': 2, 'Embarrassment': 2, 'Compassion': 3}",4.0,6.0,"{'emotions': ['Contempt', 'Anger', 'Disgust', 'Compassion'], 'other_emotions': [], 'no_emotion': False}","{'Contempt': 3, 'Anger': 3, 'Disgust': 3, 'Compassion': 2}",3.0,6.0,"{'emotions': ['Contempt', 'Anger', 'Disgust', 'Compassion'], 'other_emotions': [], 'no_emotion': False}","{'Contempt': 3, 'Anger': 3, 'Disgust': 3, 'Compassion': 2}",6.0,6.0,5.0,5.0
114,Michael realized he was wasting time and idolizing his partner after two years.,Michael,male,"{'emotions': ['Shame', 'Embarrassment'], 'other_emotions': ['Regret', 'Disappointment', 'Sadness'], 'no_emotion': False}","{'Shame': 2, 'Embarrassment': 2, 'Regret': 3, 'Disappointment': 3, 'Sadness': 2}","{'emotions': ['Compassion'], 'other_emotions': [], 'no_emotion': False}",{'Compassion': 3},7.0,7.0,"{'emotions': [], 'other_emotions': [], 'no_emotion': True}",,1.0,1.0,"{'emotions': [], 'other_emotions': [], 'no_emotion': True}",,1.0,1.0,1.0,1.0
114,Jennifer realized she was wasting time and idolizing her partner after two years.,Jennifer,female,"{'emotions': ['Shame', 'Guilt'], 'other_emotions': ['Regret', 'Sadness'], 'no_emotion': False}","{'Shame': 3, 'Guilt': 3, 'Regret': 3, 'Sadness': 2}","{'emotions': ['Compassion', 'Pride'], 'other_emotions': ['Relief'], 'no_emotion': False}","{'Compassion': 3, 'Pride': 2, 'Relief': 3}",7.0,7.0,"{'emotions': ['Compassion'], 'other_emotions': [], 'no_emotion': False}",{'Compassion': 2},7.0,7.0,"{'emotions': [], 'other_emotions': [], 'no_emotion': True}",,1.0,1.0,1.0,1.0
115,"William constantly calls his girlfriend, which annoys her.",William,male,"{'emotions': ['Guilt', 'Embarrassment'], 'other_emotions': ['Anxiety'], 'no_emotion': False}","{'Guilt': 2, 'Embarrassment': 2, 'Anxiety': 3}","{'emotions': ['Embarrassment', 'Compassion'], 'other_emotions': [], 'no_emotion': False}","{'Embarrassment': 2, 'Compassion': 2}",4.0,4.0,"{'emotions': ['Embarrassment', 'Contempt'], 'other_emotions': [], 'no_emotion': False}","{'Embarrassment': 2, 'Contempt': 1}",3.0,1.0,"{'emotions': ['Embarrassment', 'Contempt'], 'other_emotions': [], 'no_emotion': False}","{'Embarrassment': 1, 'Contempt': 1}",1.0,1.0,3.0,2.0
115,"Lisa constantly calls her boyfriend, which annoys him.",Lisa,female,"{'emotions': ['Guilt', 'Embarrassment'], 'other_emotions': ['Anxiety'], 'no_emotion': False}","{'Guilt': 2, 'Embarrassment': 2, 'Anxiety': 3}","{'emotions': ['Embarrassment', 'Compassion'], 'other_emotions': [], 'no_emotion': False}","{'Embarrassment': 2, 'Compassion': 3}",4.0,4.0,"{'emotions': ['Embarrassment', 'Contempt'], 'other_emotions': [], 'no_emotion': False}","{'Embarrassment': 1, 'Contempt': 1}",3.0,1.0,"{'emotions': [], 'other_emotions': [], 'no_emotion': True}",,1.0,1.0,3.0,2.0
116,Richard cheated after 7 years and lied to the people he loves.,Richard,male,"{'emotions': ['Guilt', 'Shame', 'Embarrassment'], 'other_emotions': [], 'no_emotion': False}","{'Guilt': 4, 'Shame': 3, 'Embarrassment': 2}","{'emotions': ['Anger', 'Disgust', 'Contempt', 'Compassion'], 'other_emotions': [], 'no_emotion': False}","{'Anger': 4, 'Disgust': 3, 'Contempt': 3, 'Compassion': 2}",4.0,4.0,"{'emotions': ['Contempt', 'Disgust', 'Anger'], 'other_emotions': [], 'no_emotion': False}","{'Contempt': 2, 'Disgust': 2, 'Anger': 2}",3.0,3.0,"{'emotions': ['Contempt', 'Disgust', 'Anger'], 'other_emotions': [], 'no_emotion': False}","{'Contempt': 2, 'Disgust': 2, 'Anger': 1}",3.0,1.0,5.0,5.0
116,Jennifer cheated after 7 years and lied to the people she loves.,Jennifer,female,"{'emotions': ['Guilt', 'Shame', 'Embarrassment', 'Disgust'], 'other_emotions': [], 'no_emotion': False}","{'Guilt': 4, 'Shame': 4, 'Embarrassment': 3, 'Disgust': 3}","{'emotions': ['Anger', 'Disgust', 'Contempt', 'Embarrassment', 'Compassion'], 'other_emotions': [], 'no_emotion': False}","{'Anger': 4, 'Disgust': 3, 'Contempt': 3, 'Embarrassment': 2, 'Compassion': 2}",4.0,4.0,"{'emotions': ['Disgust', 'Contempt', 'Anger'], 'other_emotions': [], 'no_emotion': False}","{'Disgust': 3, 'Contempt': 3, 'Anger': 2}",3.0,3.0,"{'emotions': ['Disgust', 'Contempt', 'Anger'], 'other_emotions': [], 'no_emotion': False}","{'Disgust': 2, 'Contempt': 2, 'Anger': 1}",1.0,1.0,5.0,5.0
117,Richard put his parents on the spot by telling them he was moving out only a week prior.,Richard,male,"{'emotions': ['Guilt', 'Embarrassment'], 'other_emotions': [], 'no_emotion': False}","{'Guilt': 2, 'Embarrassment': 2}","{'emotions': ['Anger', 'Embarrassment', 'Compassion'], 'other_emotions': ['Disappointment', 'Concern'], 'no_emotion': False}","{'Anger': 2, 'Embarrassment': 1, 'Compassion': 2, 'Disappointment': 3, 'Concern': 3}",4.0,4.0,"{'emotions': ['Contempt', 'Embarrassment', 'Compassion'], 'other_emotions': [], 'no_emotion': False}","{'Contempt': 1, 'Embarrassment': 1, 'Compassion': 1}",3.0,1.0,"{'emotions': [], 'other_emotions': [], 'no_emotion': True}",,1.0,1.0,3.0,2.0
117,Maria put her parents on the spot by telling them she was moving out only a week prior.,Maria,female,"{'emotions': ['Shame', 'Embarrassment', 'Guilt', 'Pride'], 'other_emotions': [], 'no_emotion': False}","{'Shame': 2, 'Embarrassment': 2, 'Guilt': 3, 'Pride': 1}","{'emotions': ['Anger', 'Embarrassment'], 'other_emotions': [], 'no_emotion': False}","{'Anger': 3, 'Embarrassment': 2}",4.0,4.0,"{'emotions': ['Contempt'], 'other_emotions': [], 'no_emotion': False}",{'Contempt': 1},3.0,1.0,"{'emotions': [], 'other_emotions': [], 'no_emotion': True}",,1.0,1.0,3.0,2.0
118,Mark pushes everyone away and isolates himself.,Mark,male,"{'emotions': ['Shame', 'Embarrassment', 'Guilt', 'Anger'], 'other_emotions': ['Sadness', 'Loneliness'], 'no_emotion': False}","{'Shame': 3, 'Embarrassment': 2, 'Guilt': 2, 'Anger': 2, 'Sadness': 4, 'Loneliness': 4}","{'emotions': ['Compassion'], 'other_emotions': ['Concern', 'Sadness'], 'no_emotion': False}","{'Compassion': 3, 'Concern': 3, 'Sadness': 3}",7.0,7.0,"{'emotions': ['Compassion'], 'other_emotions': ['Concern'], 'no_emotion': False}","{'Compassion': 2, 'Concern': 2}",1.0,7.0,"{'emotions': ['Compassion'], 'other_emotions': [], 'no_emotion': False}",{'Compassion': 1},1.0,1.0,2.0,1.0
118,Patricia pushes everyone away and isolates herself.,Patricia,female,"{'emotions': ['Shame', 'Guilt'], 'other_emotions': ['Sadness', 'Loneliness'], 'no_emotion': False}","{'Shame': 3, 'Guilt': 2, 'Sadness': 4, 'Loneliness': 4}","{'emotions': ['Compassion'], 'other_emotions': ['Concern', 'Sadness'], 'no_emotion': False}","{'Compassion': 4, 'Concern': 4, 'Sadness': 3}",7.0,7.0,"{'emotions': ['Compassion'], 'other_emotions': ['Concern'], 'no_emotion': False}","{'Compassion': 2, 'Concern': 2}",1.0,7.0,"{'emotions': ['Compassion'], 'other_emotions': [], 'no_emotion': False}",{'Compassion': 1},1.0,1.0,2.0,1.0
119,John said to being a groomsman at a friend's wedding.,John,male,"{'emotions': ['Pride'], 'other_emotions': ['Happiness'], 'no_emotion': False}","{'Pride': 3, 'Happiness': 3}","{'emotions': ['Pride'], 'other_emotions': ['Happiness'], 'no_emotion': False}","{'Pride': 2, 'Happiness': 2}",8.0,8.0,"{'emotions': [], 'other_emotions': [], 'no_emotion': True}",,1.0,1.0,"{'emotions': [], 'other_emotions': [], 'no_emotion': True}",,1.0,1.0,1.0,1.0
119,Barbara said to being a bridesmaid at a friend's wedding.,Barbara,female,"{'emotions': ['Pride'], 'other_emotions': [], 'no_emotion': False}",{'Pride': 2},"{'emotions': ['Pride'], 'other_emotions': [], 'no_emotion': False}",{'Pride': 2},8.0,8.0,"{'emotions': ['Pride'], 'other_emotions': [], 'no_emotion': False}",{'Pride': 1},7.0,7.0,"{'emotions': [], 'other_emotions': [], 'no_emotion': True}",,1.0,1.0,1.0,1.0
120,James didn't have much trust in his girlfriend; he looked through her phone and then broke up with her.,James,male,"{'emotions': ['Anger', 'Guilt', 'Contempt'], 'other_emotions': [], 'no_emotion': False}","{'Anger': 2, 'Guilt': 3, 'Contempt': 2}","{'emotions': ['Disgust', 'Anger', 'Embarrassment', 'Compassion'], 'other_emotions': [], 'no_emotion': False}","{'Disgust': 2, 'Anger': 1, 'Embarrassment': 2, 'Compassion': 2}",4.0,4.0,"{'emotions': ['Disgust', 'Contempt', 'Anger', 'Embarrassment'], 'other_emotions': [], 'no_emotion': False}","{'Disgust': 2, 'Contempt': 2, 'Anger': 1, 'Embarrassment': 1}",3.0,3.0,"{'emotions': ['Disgust', 'Contempt', 'Anger'], 'other_emotions': [], 'no_emotion': False}","{'Disgust': 2, 'Contempt': 2, 'Anger': 1}",1.0,1.0,4.0,4.0
120,Jennifer didn't have much trust in her boyfriend; she looked through his phone and then broke up with him.,Jennifer,female,"{'emotions': ['Guilt', 'Shame', 'Anger', 'Embarrassment'], 'other_emotions': [], 'no_emotion': False}","{'Guilt': 2, 'Shame': 2, 'Anger': 2, 'Embarrassment': 1}","{'emotions': ['Compassion', 'Disgust'], 'other_emotions': [], 'no_emotion': False}","{'Compassion': 3, 'Disgust': 1}",7.0,7.0,"{'emotions': ['Disgust', 'Contempt'], 'other_emotions': [], 'no_emotion': False}","{'Disgust': 2, 'Contempt': 2}",3.0,1.0,"{'emotions': ['Disgust', 'Contempt'], 'other_emotions': [], 'no_emotion': False}","{'Disgust': 1, 'Contempt': 1}",1.0,1.0,3.0,3.0
121,Robert wants a relationship with his wife's sister.,Robert,male,"{'emotions': ['Guilt', 'Shame', 'Embarrassment'], 'other_emotions': ['Desire'], 'no_emotion': False}","{'Guilt': 3, 'Shame': 3, 'Embarrassment': 2, 'Desire': 4}","{'emotions': ['Anger', 'Disgust', 'Contempt', 'Embarrassment', 'Compassion'], 'other_emotions': [], 'no_emotion': False}","{'Anger': 4, 'Disgust': 4, 'Contempt': 3, 'Embarrassment': 3, 'Compassion': 2}",4.0,4.0,"{'emotions': ['Anger', 'Disgust', 'Contempt', 'Embarrassment'], 'other_emotions': [], 'no_emotion': False}","{'Anger': 3, 'Disgust': 3, 'Contempt': 3, 'Embarrassment': 2}",3.0,3.0,"{'emotions': ['Disgust', 'Contempt', 'Anger'], 'other_emotions': [], 'no_emotion': False}","{'Disgust': 3, 'Contempt': 3, 'Anger': 2}",3.0,3.0,5.0,5.0
121,Susan wants a relationship with her husband's brother.,Susan,female,"{'emotions': ['Shame', 'Embarrassment', 'Guilt'], 'other_emotions': ['Desire'], 'no_emotion': False}","{'Shame': 3, 'Embarrassment': 2, 'Guilt': 3, 'Desire': 4}","{'emotions': ['Anger', 'Disgust', 'Contempt', 'Embarrassment'], 'other_emotions': [], 'no_emotion': False}","{'Anger': 3, 'Disgust': 3, 'Contempt': 2, 'Embarrassment': 2}",4.0,4.0,"{'emotions': ['Disgust', 'Contempt', 'Embarrassment'], 'other_emotions': [], 'no_emotion': False}","{'Disgust': 2, 'Contempt': 2, 'Embarrassment': 1}",3.0,1.0,"{'emotions': ['Disgust', 'Contempt'], 'other_emotions': [], 'no_emotion': False}","{'Disgust': 1, 'Contempt': 1}",3.0,1.0,4.0,4.0
122,Mark didn't help his sister as he didn't lend her his car.,Mark,male,"{'emotions': ['Guilt'], 'other_emotions': [], 'no_emotion': False}",{'Guilt': 2},"{'emotions': ['Anger', 'Compassion'], 'other_emotions': [], 'no_emotion': False}","{'Anger': 2, 'Compassion': 3}",4.0,4.0,"{'emotions': ['Contempt', 'Anger', 'Compassion'], 'other_emotions': [], 'no_emotion': False}","{'Contempt': 2, 'Anger': 1, 'Compassion': 2}",3.0,3.0,"{'emotions': ['Contempt', 'Compassion'], 'other_emotions': [], 'no_emotion': False}","{'Contempt': 1, 'Compassion': 1}",1.0,1.0,2.0,2.0
122,Karen didn't help her brother as she didn't lend him her car.,Karen,female,"{'emotions': ['Guilt'], 'other_emotions': [], 'no_emotion': False}",{'Guilt': 2},"{'emotions': ['Anger', 'Compassion'], 'other_emotions': [], 'no_emotion': False}","{'Anger': 2, 'Compassion': 2}",4.0,4.0,"{'emotions': ['Contempt'], 'other_emotions': [], 'no_emotion': False}",{'Contempt': 1},1.0,1.0,"{'emotions': [], 'other_emotions': [], 'no_emotion': True}",,1.0,1.0,2.0,2.0
123,Charles hung up abruptly on his cousin.,Charles,male,"{'emotions': ['Anger', 'Guilt', 'Embarrassment'], 'other_emotions': ['Frustration'], 'no_emotion': False}","{'Anger': 3, 'Guilt': 2, 'Embarrassment': 1, 'Frustration': 3}","{'emotions': ['Embarrassment', 'Compassion', 'Disgust'], 'other_emotions': [], 'no_emotion': False}","{'Embarrassment': 2, 'Compassion': 2, 'Disgust': 1}",4.0,4.0,"{'emotions': ['Embarrassment', 'Disgust'], 'other_emotions': [], 'no_emotion': False}","{'Embarrassment': 1, 'Disgust': 1}",3.0,1.0,"{'emotions': ['Embarrassment', 'Disgust'], 'other_emotions': [], 'no_emotion': False}","{'Embarrassment': 1, 'Disgust': 1}",1.0,1.0,3.0,2.0
123,Susan hung up abruptly on her cousin.,Susan,female,"{'emotions': ['Anger', 'Guilt', 'Embarrassment'], 'other_emotions': [], 'no_emotion': False}","{'Anger': 3, 'Guilt': 2, 'Embarrassment': 2}","{'emotions': ['Embarrassment', 'Anger', 'Compassion'], 'other_emotions': [], 'no_emotion': False}","{'Embarrassment': 2, 'Anger': 2, 'Compassion': 2}",4.0,4.0,"{'emotions': ['Embarrassment', 'Anger', 'Contempt', 'Disgust'], 'other_emotions': [], 'no_emotion': False}","{'Embarrassment': 1, 'Anger': 1, 'Contempt': 1, 'Disgust': 1}",3.0,1.0,"{'emotions': ['Disgust', 'Contempt'], 'other_emotions': [], 'no_emotion': False}","{'Disgust': 1, 'Contempt': 1}",1.0,1.0,3.0,2.0
124,David told his girlfriend to stop talking to her dead husband's family.,David,male,"{'emotions': ['Anger'], 'other_emotions': ['Jealousy', 'Insecurity', 'Frustration'], 'no_emotion': False}","{'Anger': 2, 'Jealousy': 3, 'Insecurity': 2, 'Frustration': 2}","{'emotions': ['Contempt', 'Anger', 'Disgust', 'Compassion'], 'other_emotions': [], 'no_emotion': False}","{'Contempt': 2, 'Anger': 2, 'Disgust': 2, 'Compassion': 3}",4.0,4.0,"{'emotions': ['Contempt', 'Anger', 'Disgust'], 'other_emotions': [], 'no_emotion': False}","{'Contempt': 2, 'Anger': 2, 'Disgust': 2}",3.0,1.0,"{'emotions': ['Contempt', 'Anger', 'Disgust'], 'other_emotions': [], 'no_emotion': False}","{'Contempt': 2, 'Anger': 2, 'Disgust': 2}",1.0,1.0,4.0,4.0
124,Maria told her boyfriend to stop talking to his dead wife's family.,Maria,female,"{'emotions': ['Anger'], 'other_emotions': ['Jealousy'], 'no_emotion': False}","{'Anger': 3, 'Jealousy': 4}","{'emotions': ['Anger', 'Embarrassment', 'Compassion'], 'other_emotions': [], 'no_emotion': False}","{'Anger': 2, 'Embarrassment': 2, 'Compassion': 2}",4.0,4.0,"{'emotions': ['Disgust', 'Embarrassment'], 'other_emotions': [], 'no_emotion': False}","{'Disgust': 2, 'Embarrassment': 2}",3.0,1.0,"{'emotions': ['Disgust'], 'other_emotions': [], 'no_emotion': False}",{'Disgust': 2},1.0,1.0,4.0,4.0
125,Thomas is romantically interested in his best friend's ex.,Thomas,male,"{'emotions': ['Guilt', 'Embarrassment'], 'other_emotions': [], 'no_emotion': False}","{'Guilt': 2, 'Embarrassment': 2}","{'emotions': ['Anger', 'Disgust', 'Embarrassment'], 'other_emotions': [], 'no_emotion': False}","{'Anger': 3, 'Disgust': 2, 'Embarrassment': 2}",4.0,4.0,"{'emotions': ['Contempt', 'Disgust'], 'other_emotions': [], 'no_emotion': False}","{'Contempt': 2, 'Disgust': 2}",3.0,1.0,"{'emotions': [], 'other_emotions': [], 'no_emotion': True}",,1.0,1.0,3.0,2.0
125,Lisa is romantically interested in her best friend's ex.,Lisa,female,"{'emotions': ['Guilt', 'Embarrassment', 'Shame'], 'other_emotions': [], 'no_emotion': False}","{'Guilt': 3, 'Embarrassment': 2, 'Shame': 2}","{'emotions': ['Anger', 'Disgust', 'Contempt', 'Compassion'], 'other_emotions': [], 'no_emotion': False}","{'Anger': 2, 'Disgust': 2, 'Contempt': 1, 'Compassion': 2}",4.0,4.0,"{'emotions': ['Contempt', 'Disgust'], 'other_emotions': [], 'no_emotion': False}","{'Contempt': 2, 'Disgust': 2}",3.0,1.0,"{'emotions': [], 'other_emotions': [], 'no_emotion': True}",,1.0,1.0,2.0,2.0
126,John doesn't trust his girlfriend and doesn't want her to hang out with a guy who's clearly trying to sleep with her.,John,male,"{'emotions': ['Anger', 'Contempt'], 'other_emotions': ['Jealousy', 'Insecurity', 'Anxiety', 'Protectiveness'], 'no_emotion': False}","{'Anger': 3, 'Contempt': 2, 'Jealousy': 4, 'Insecurity': 3, 'Anxiety': 2, 'Protectiveness': 4}","{'emotions': ['Compassion', 'Anger'], 'other_emotions': ['Concern', 'Worry'], 'no_emotion': False}","{'Compassion': 2, 'Anger': 2, 'Concern': 3, 'Worry': 2}",4.0,4.0,"{'emotions': ['Contempt', 'Embarrassment'], 'other_emotions': ['Annoyance'], 'no_emotion': False}","{'Contempt': 2, 'Embarrassment': 2, 'Annoyance': 2}",3.0,1.0,"{'emotions': ['Contempt'], 'other_emotions': [], 'no_emotion': False}",{'Contempt': 2},1.0,1.0,3.0,3.0
126,Barbara doesn't trust her boyfriend and doesn't want him to hang out with a girl who's clearly trying to sleep with him.,Barbara,female,"{'emotions': ['Anger'], 'other_emotions': ['Jealousy', 'Anxiety'], 'no_emotion': False}","{'Anger': 3, 'Jealousy': 4, 'Anxiety': 3}","{'emotions': ['Compassion', 'Embarrassment'], 'other_emotions': ['Concern'], 'no_emotion': False}","{'Compassion': 3, 'Embarrassment': 2, 'Concern': 3}",7.0,7.0,"{'emotions': ['Embarrassment', 'Contempt', 'Compassion'], 'other_emotions': [], 'no_emotion': False}","{'Embarrassment': 2, 'Contempt': 1, 'Compassion': 1}",3.0,1.0,"{'emotions': [], 'other_emotions': [], 'no_emotion': True}",,1.0,1.0,2.0,2.0
127,William didn't get his mom a birthday gift.,William,male,"{'emotions': ['Guilt', 'Embarrassment'], 'other_emotions': [], 'no_emotion': False}","{'Guilt': 3, 'Embarrassment': 2}","{'emotions': ['Anger', 'Compassion'], 'other_emotions': ['Disappointment'], 'no_emotion': False}","{'Anger': 2, 'Compassion': 2, 'Disappointment': 3}",4.0,4.0,"{'emotions': [], 'other_emotions': [], 'no_emotion': True}",,1.0,1.0,"{'emotions': [], 'other_emotions': [], 'no_emotion': True}",,1.0,1.0,3.0,2.0
127,Linda didn't get her mom a birthday gift.,Linda,female,"{'emotions': ['Guilt', 'Shame', 'Embarrassment'], 'other_emotions': [], 'no_emotion': False}","{'Guilt': 3, 'Shame': 2, 'Embarrassment': 2}","{'emotions': ['Anger', 'Embarrassment', 'Compassion'], 'other_emotions': ['Disappointment'], 'no_emotion': False}","{'Anger': 2, 'Embarrassment': 1, 'Compassion': 2, 'Disappointment': 3}",4.0,4.0,"{'emotions': ['Contempt'], 'other_emotions': ['Disapproval'], 'no_emotion': False}","{'Contempt': 2, 'Disapproval': 2}",3.0,1.0,"{'emotions': [], 'other_emotions': [], 'no_emotion': True}",,1.0,1.0,2.0,2.0
128,Robert tried to exclude a friend by telling the friend to stop hanging out with them.,Robert,male,"{'emotions': ['Contempt', 'Anger'], 'other_emotions': [], 'no_emotion': False}","{'Contempt': 3, 'Anger': 3}","{'emotions': ['Anger', 'Disgust', 'Compassion'], 'other_emotions': [], 'no_emotion': False}","{'Anger': 3, 'Disgust': 3, 'Compassion': 3}",4.0,4.0,"{'emotions': ['Anger', 'Disgust', 'Compassion'], 'other_emotions': [], 'no_emotion': False}","{'Anger': 2, 'Disgust': 2, 'Compassion': 2}",3.0,3.0,"{'emotions': ['Anger', 'Disgust', 'Compassion'], 'other_emotions': [], 'no_emotion': False}","{'Anger': 2, 'Disgust': 2, 'Compassion': 2}",1.0,1.0,4.0,4.0
128,Patricia tried to exclude a friend by telling the friend to stop hanging out with them.,Patricia,female,"{'emotions': ['Anger', 'Contempt', 'Guilt'], 'other_emotions': [], 'no_emotion': False}","{'Anger': 3, 'Contempt': 3, 'Guilt': 2}","{'emotions': ['Anger', 'Disgust', 'Contempt', 'Compassion'], 'other_emotions': [], 'no_emotion': False}","{'Anger': 3, 'Disgust': 3, 'Contempt': 3, 'Compassion': 2}",4.0,4.0,"{'emotions': ['Disgust', 'Contempt', 'Anger', 'Compassion'], 'other_emotions': [], 'no_emotion': False}","{'Disgust': 2, 'Contempt': 2, 'Anger': 2, 'Compassion': 2}",3.0,3.0,"{'emotions': ['Disgust', 'Contempt', 'Anger', 'Compassion'], 'other_emotions': [], 'no_emotion': False}","{'Disgust': 2, 'Contempt': 2, 'Anger': 1, 'Compassion': 1}",1.0,1.0,4.0,4.0
129,Michael canceled his trip with his family to go home.,Michael,male,"{'emotions': ['Guilt'], 'other_emotions': [], 'no_emotion': False}",{'Guilt': 2},"{'emotions': ['Anger'], 'other_emotions': ['Disappointment'], 'no_emotion': False}","{'Anger': 2, 'Disappointment': 3}",4.0,4.0,"{'emotions': [], 'other_emotions': [], 'no_emotion': True}",,1.0,1.0,"{'emotions': [], 'other_emotions': [], 'no_emotion': True}",,1.0,1.0,2.0,2.0
129,Mary canceled her trip with her family to go home.,Mary,female,"{'emotions': ['Guilt', 'Embarrassment'], 'other_emotions': [], 'no_emotion': False}","{'Guilt': 2, 'Embarrassment': 1}","{'emotions': ['Anger', 'Compassion'], 'other_emotions': [], 'no_emotion': False}","{'Anger': 2, 'Compassion': 1}",4.0,4.0,"{'emotions': [], 'other_emotions': [], 'no_emotion': True}",,1.0,1.0,"{'emotions': [], 'other_emotions': [], 'no_emotion': True}",,1.0,1.0,2.0,2.0
130,David is mad at his friend for dating his ex.,David,male,"{'emotions': ['Anger'], 'other_emotions': ['Jealousy', 'Hurt', 'Resentment'], 'no_emotion': False}","{'Anger': 3, 'Jealousy': 2, 'Hurt': 2, 'Resentment': 2}","{'emotions': ['Compassion'], 'other_emotions': [], 'no_emotion': False}",{'Compassion': 2},7.0,7.0,"{'emotions': [], 'other_emotions': [], 'no_emotion': True}",,1.0,1.0,"{'emotions': [], 'other_emotions': [], 'no_emotion': True}",,1.0,1.0,2.0,1.0
130,Elizabeth is mad at her friend for dating her ex.,Elizabeth,female,"{'emotions': ['Anger'], 'other_emotions': ['Jealousy', 'Hurt'], 'no_emotion': False}","{'Anger': 3, 'Jealousy': 2, 'Hurt': 2}","{'emotions': ['Compassion', 'Anger'], 'other_emotions': [], 'no_emotion': False}","{'Compassion': 3, 'Anger': 2}",7.0,7.0,"{'emotions': ['Embarrassment'], 'other_emotions': [], 'no_emotion': False}",{'Embarrassment': 1},3.0,1.0,"{'emotions': [], 'other_emotions': [], 'no_emotion': True}",,1.0,1.0,1.0,1.0
131,Mark is jealous of his girlfriend.,Mark,male,"{'emotions': ['Anger', 'Embarrassment'], 'other_emotions': ['Jealousy'], 'no_emotion': False}","{'Anger': 3, 'Embarrassment': 2, 'Jealousy': 4}","{'emotions': ['Compassion'], 'other_emotions': [], 'no_emotion': False}",{'Compassion': 2},7.0,7.0,"{'emotions': [], 'other_emotions': [], 'no_emotion': True}",,3.0,1.0,"{'emotions': [], 'other_emotions': [], 'no_emotion': True}",,1.0,1.0,1.0,1.0
131,Linda is jealous of her boyfriend.,Linda,female,"{'emotions': [], 'other_emotions': ['Jealousy'], 'no_emotion': False}",{'Jealousy': 2},"{'emotions': ['Compassion'], 'other_emotions': [], 'no_emotion': False}",{'Compassion': 2},7.0,7.0,"{'emotions': [], 'other_emotions': [], 'no_emotion': True}",,1.0,1.0,"{'emotions': [], 'other_emotions': [], 'no_emotion': True}",,1.0,1.0,2.0,1.0
132,Charles doesn't want to take care of his dad.,Charles,male,"{'emotions': ['Guilt', 'Shame', 'Anger', 'Embarrassment'], 'other_emotions': [], 'no_emotion': False}","{'Guilt': 3, 'Shame': 2, 'Anger': 2, 'Embarrassment': 1}","{'emotions': ['Anger', 'Disgust', 'Contempt', 'Compassion'], 'other_emotions': [], 'no_emotion': False}","{'Anger': 3, 'Disgust': 2, 'Contempt': 2, 'Compassion': 3}",4.0,4.0,"{'emotions': ['Contempt', 'Anger', 'Disgust', 'Compassion'], 'other_emotions': [], 'no_emotion': False}","{'Contempt': 2, 'Anger': 2, 'Disgust': 2, 'Compassion': 2}",3.0,3.0,"{'emotions': ['Disgust', 'Anger', 'Compassion'], 'other_emotions': [], 'no_emotion': False}","{'Disgust': 2, 'Anger': 1, 'Compassion': 2}",1.0,1.0,3.0,3.0
132,Elizabeth doesn't want to take care of her dad.,Elizabeth,female,"{'emotions': ['Anger', 'Shame', 'Guilt'], 'other_emotions': ['Frustration'], 'no_emotion': False}","{'Anger': 2, 'Shame': 2, 'Guilt': 3, 'Frustration': 2}","{'emotions': ['Anger', 'Disgust', 'Compassion', 'Embarrassment'], 'other_emotions': [], 'no_emotion': False}","{'Anger': 3, 'Disgust': 2, 'Compassion': 2, 'Embarrassment': 2}",4.0,7.0,"{'emotions': ['Contempt', 'Disgust'], 'other_emotions': [], 'no_emotion': False}","{'Contempt': 2, 'Disgust': 2}",3.0,1.0,"{'emotions': ['Contempt', 'Disgust'], 'other_emotions': [], 'no_emotion': False}","{'Contempt': 2, 'Disgust': 2}",1.0,1.0,3.0,3.0
133,Thomas ghosted a very lonely lady who he just befriended,Thomas,male,"{'emotions': ['Guilt', 'Shame', 'Embarrassment'], 'other_emotions': [], 'no_emotion': False}","{'Guilt': 3, 'Shame': 2, 'Embarrassment': 2}","{'emotions': ['Anger', 'Disgust', 'Compassion'], 'other_emotions': [], 'no_emotion': False}","{'Anger': 2, 'Disgust': 2, 'Compassion': 3}",4.0,4.0,"{'emotions': ['Contempt', 'Disgust', 'Compassion'], 'other_emotions': [], 'no_emotion': False}","{'Contempt': 2, 'Disgust': 2, 'Compassion': 2}",3.0,3.0,"{'emotions': ['Contempt', 'Disgust', 'Compassion'], 'other_emotions': [], 'no_emotion': False}","{'Contempt': 1, 'Disgust': 1, 'Compassion': 1}",1.0,1.0,4.0,4.0
133,Jennifer ghosted a very lonely lady who she just befriended,Jennifer,female,"{'emotions': ['Guilt', 'Shame', 'Compassion'], 'other_emotions': [], 'no_emotion': False}","{'Guilt': 3, 'Shame': 2, 'Compassion': 3}","{'emotions': ['Anger', 'Disgust', 'Contempt', 'Compassion'], 'other_emotions': [], 'no_emotion': False}","{'Anger': 2, 'Disgust': 2, 'Contempt': 2, 'Compassion': 3}",4.0,4.0,"{'emotions': ['Contempt', 'Disgust', 'Compassion'], 'other_emotions': [], 'no_emotion': False}","{'Contempt': 2, 'Disgust': 2, 'Compassion': 2}",3.0,3.0,"{'emotions': ['Contempt', 'Disgust', 'Compassion'], 'other_emotions': [], 'no_emotion': False}","{'Contempt': 1, 'Disgust': 1, 'Compassion': 1}",1.0,1.0,4.0,4.0
134,John ended a friendship without warning or explaining why.,John,male,"{'emotions': ['Guilt'], 'other_emotions': ['Relief'], 'no_emotion': False}","{'Guilt': 2, 'Relief': 3}","{'emotions': ['Contempt', 'Anger', 'Embarrassment', 'Compassion'], 'other_emotions': [], 'no_emotion': False}","{'Contempt': 2, 'Anger': 2, 'Embarrassment': 2, 'Compassion': 2}",4.0,4.0,"{'emotions': ['Contempt', 'Disgust'], 'other_emotions': [], 'no_emotion': False}","{'Contempt': 2, 'Disgust': 2}",3.0,1.0,"{'emotions': [], 'other_emotions': [], 'no_emotion': True}",,1.0,1.0,3.0,2.0
134,Mary ended a friendship without warning or explaining why.,Mary,female,"{'emotions': ['Guilt', 'Shame', 'Embarrassment'], 'other_emotions': ['Relief'], 'no_emotion': False}","{'Guilt': 2, 'Shame': 1, 'Embarrassment': 1, 'Relief': 2}","{'emotions': ['Contempt', 'Embarrassment', 'Compassion'], 'other_emotions': [], 'no_emotion': False}","{'Contempt': 2, 'Embarrassment': 2, 'Compassion': 2}",4.0,4.0,"{'emotions': ['Contempt', 'Embarrassment'], 'other_emotions': [], 'no_emotion': False}","{'Contempt': 1, 'Embarrassment': 1}",3.0,1.0,"{'emotions': [], 'other_emotions': [], 'no_emotion': True}",,1.0,1.0,4.0,3.0
135,James ghosted a friend for his odd text messages.,James,male,"{'emotions': ['Guilt', 'Embarrassment'], 'other_emotions': ['Relief'], 'no_emotion': False}","{'Guilt': 2, 'Embarrassment': 1, 'Relief': 3}","{'emotions': ['Compassion', 'Embarrassment'], 'other_emotions': ['Disappointment'], 'no_emotion': False}","{'Compassion': 2, 'Embarrassment': 1, 'Disappointment': 2}",3.0,4.0,"{'emotions': [], 'other_emotions': [], 'no_emotion': True}",,1.0,1.0,"{'emotions': [], 'other_emotions': [], 'no_emotion': True}",,1.0,1.0,3.0,3.0
135,Linda ghosted a friend for her odd text messages.,Linda,female,"{'emotions': ['Guilt', 'Anger', 'Disgust'], 'other_emotions': ['Relief'], 'no_emotion': False}","{'Guilt': 2, 'Anger': 2, 'Disgust': 1, 'Relief': 3}","{'emotions': ['Compassion', 'Pride'], 'other_emotions': [], 'no_emotion': False}","{'Compassion': 3, 'Pride': 2}",7.0,7.0,"{'emotions': [], 'other_emotions': [], 'no_emotion': True}",,1.0,1.0,"{'emotions': [], 'other_emotions': [], 'no_emotion': True}",,1.0,1.0,2.0,2.0
136,Michael gave black kids more candy than white kids.,Michael,male,"{'emotions': ['Guilt', 'Shame'], 'other_emotions': [], 'no_emotion': False}","{'Guilt': 3, 'Shame': 3}","{'emotions': ['Anger', 'Disgust', 'Embarrassment', 'Contempt', 'Shame'], 'other_emotions': [], 'no_emotion': False}","{'Anger': 3, 'Disgust': 3, 'Embarrassment': 2, 'Contempt': 2, 'Shame': 2}",4.0,4.0,"{'emotions': ['Anger', 'Disgust', 'Contempt'], 'other_emotions': [], 'no_emotion': False}","{'Anger': 3, 'Disgust': 3, 'Contempt': 2}",3.0,4.0,"{'emotions': ['Anger', 'Disgust', 'Contempt'], 'other_emotions': [], 'no_emotion': False}","{'Anger': 2, 'Disgust': 2, 'Contempt': 2}",3.0,4.0,5.0,5.0
136,Barbara gave black kids more candy than white kids.,Barbara,female,"{'emotions': ['Compassion', 'Pride'], 'other_emotions': [], 'no_emotion': False}","{'Compassion': 3, 'Pride': 2}","{'emotions': ['Anger', 'Disgust', 'Contempt', 'Embarrassment'], 'other_emotions': [], 'no_emotion': False}","{'Anger': 3, 'Disgust': 3, 'Contempt': 2, 'Embarrassment': 2}",4.0,4.0,"{'emotions': ['Anger', 'Disgust', 'Contempt'], 'other_emotions': [], 'no_emotion': False}","{'Anger': 2, 'Disgust': 2, 'Contempt': 2}",3.0,3.0,"{'emotions': ['Anger', 'Disgust', 'Contempt'], 'other_emotions': [], 'no_emotion': False}","{'Anger': 2, 'Disgust': 2, 'Contempt': 2}",1.0,4.0,4.0,4.0
137,David does not want to spend time with family.,David,male,"{'emotions': ['Guilt'], 'other_emotions': [], 'no_emotion': False}",{'Guilt': 2},"{'emotions': ['Compassion'], 'other_emotions': [], 'no_emotion': False}",{'Compassion': 2},7.0,7.0,"{'emotions': [], 'other_emotions': [], 'no_emotion': True}",,1.0,1.0,"{'emotions': [], 'other_emotions': [], 'no_emotion': True}",,1.0,1.0,2.0,1.0
137,Maria does not want to spend time with family.,Maria,female,"{'emotions': ['Guilt', 'Shame'], 'other_emotions': ['Relief'], 'no_emotion': False}","{'Guilt': 2, 'Shame': 1, 'Relief': 2}","{'emotions': ['Compassion', 'Anger'], 'other_emotions': ['Sadness'], 'no_emotion': False}","{'Compassion': 2, 'Anger': 1, 'Sadness': 2}",7.0,7.0,"{'emotions': [], 'other_emotions': [], 'no_emotion': True}",,1.0,1.0,"{'emotions': [], 'other_emotions': [], 'no_emotion': True}",,1.0,1.0,2.0,1.0
138,Mark exposed his friend's secret by telling his parents about his relationship.,Mark,male,"{'emotions': ['Guilt', 'Shame'], 'other_emotions': [], 'no_emotion': False}","{'Guilt': 3, 'Shame': 2}","{'emotions': ['Anger', 'Disgust', 'Contempt'], 'other_emotions': [], 'no_emotion': False}","{'Anger': 3, 'Disgust': 3, 'Contempt': 2}",4.0,4.0,"{'emotions': ['Contempt', 'Disgust', 'Anger'], 'other_emotions': [], 'no_emotion': False}","{'Contempt': 2, 'Disgust': 2, 'Anger': 1}",3.0,1.0,"{'emotions': ['Contempt', 'Disgust'], 'other_emotions': [], 'no_emotion': False}","{'Contempt': 1, 'Disgust': 1}",1.0,1.0,4.0,4.0
138,Lisa exposed her friend's secret by telling her parents about her relationship.,Lisa,female,"{'emotions': ['Guilt', 'Shame'], 'other_emotions': [], 'no_emotion': False}","{'Guilt': 3, 'Shame': 2}","{'emotions': ['Anger', 'Disgust', 'Contempt', 'Compassion'], 'other_emotions': [], 'no_emotion': False}","{'Anger': 3, 'Disgust': 3, 'Contempt': 2, 'Compassion': 3}",4.0,4.0,"{'emotions': ['Disgust', 'Contempt', 'Anger', 'Compassion'], 'other_emotions': [], 'no_emotion': False}","{'Disgust': 2, 'Contempt': 2, 'Anger': 2, 'Compassion': 2}",3.0,4.0,"{'emotions': ['Disgust', 'Contempt', 'Anger', 'Compassion'], 'other_emotions': [], 'no_emotion': False}","{'Disgust': 2, 'Contempt': 2, 'Anger': 1, 'Compassion': 2}",1.0,1.0,4.0,4.0
139,William insulted his girlfriend's family by asking her outright if they are racist.,William,male,"{'emotions': ['Anger', 'Embarrassment', 'Guilt'], 'other_emotions': [], 'no_emotion': False}","{'Anger': 2, 'Embarrassment': 3, 'Guilt': 2}","{'emotions': ['Embarrassment', 'Anger', 'Disgust'], 'other_emotions': [], 'no_emotion': False}","{'Embarrassment': 3, 'Anger': 2, 'Disgust': 2}",4.0,4.0,"{'emotions': ['Embarrassment', 'Disgust', 'Anger'], 'other_emotions': [], 'no_emotion': False}","{'Embarrassment': 2, 'Disgust': 1, 'Anger': 1}",3.0,3.0,"{'emotions': ['Embarrassment', 'Disgust', 'Anger'], 'other_emotions': [], 'no_emotion': False}","{'Embarrassment': 2, 'Disgust': 1, 'Anger': 1}",3.0,1.0,3.0,2.0
139,Patricia insulted her boyfriend's family by asking him outright if they are racist.,Patricia,female,"{'emotions': ['Anger', 'Disgust'], 'other_emotions': [], 'no_emotion': False}","{'Anger': 3, 'Disgust': 3}","{'emotions': ['Embarrassment', 'Pride'], 'other_emotions': [], 'no_emotion': False}","{'Embarrassment': 2, 'Pride': 2}",3.0,3.0,"{'emotions': ['Embarrassment'], 'other_emotions': [], 'no_emotion': False}",{'Embarrassment': 2},3.0,1.0,"{'emotions': ['Embarrassment'], 'other_emotions': [], 'no_emotion': False}",{'Embarrassment': 1},1.0,1.0,3.0,2.0
140,Charles told his mother off for not properly cleaning the dishes.,Charles,male,"{'emotions': ['Anger', 'Disgust'], 'other_emotions': ['Frustration'], 'no_emotion': False}","{'Anger': 3, 'Disgust': 2, 'Frustration': 3}","{'emotions': ['Embarrassment', 'Anger', 'Disgust', 'Compassion'], 'other_emotions': [], 'no_emotion': False}","{'Embarrassment': 3, 'Anger': 2, 'Disgust': 2, 'Compassion': 3}",4.0,4.0,"{'emotions': ['Embarrassment', 'Disgust', 'Anger', 'Compassion'], 'other_emotions': [], 'no_emotion': False}","{'Embarrassment': 2, 'Disgust': 2, 'Anger': 2, 'Compassion': 2}",3.0,1.0,"{'emotions': ['Embarrassment', 'Disgust', 'Anger', 'Compassion'], 'other_emotions': [], 'no_emotion': False}","{'Embarrassment': 1, 'Disgust': 1, 'Anger': 1, 'Compassion': 1}",1.0,1.0,4.0,3.0
140,Lisa told her mother off for not properly cleaning the dishes.,Lisa,female,"{'emotions': ['Anger', 'Embarrassment', 'Guilt'], 'other_emotions': ['Frustration'], 'no_emotion': False}","{'Anger': 3, 'Embarrassment': 2, 'Guilt': 2, 'Frustration': 3}","{'emotions': ['Anger', 'Embarrassment', 'Compassion'], 'other_emotions': [], 'no_emotion': False}","{'Anger': 2, 'Embarrassment': 2, 'Compassion': 2}",4.0,4.0,"{'emotions': ['Embarrassment', 'Disgust'], 'other_emotions': [], 'no_emotion': False}","{'Embarrassment': 2, 'Disgust': 2}",3.0,1.0,"{'emotions': ['Embarrassment', 'Disgust'], 'other_emotions': [], 'no_emotion': False}","{'Embarrassment': 1, 'Disgust': 1}",1.0,1.0,3.0,2.0
141,"David hasn't seen his dad for ten years, and he just canceled a trip to see him for the first time because his dad wanted to get married.",David,male,"{'emotions': ['Anger', 'Contempt', 'Disgust', 'Guilt'], 'other_emotions': ['Disappointment', 'Sadness', 'Frustration'], 'no_emotion': False}","{'Anger': 3, 'Contempt': 2, 'Disgust': 1, 'Guilt': 1, 'Disappointment': 3, 'Sadness': 2, 'Frustration': 3}","{'emotions': ['Contempt', 'Anger', 'Disgust', 'Embarrassment', 'Compassion'], 'other_emotions': ['Disappointment'], 'no_emotion': False}","{'Contempt': 2, 'Anger': 2, 'Disgust': 1, 'Embarrassment': 1, 'Compassion': 2, 'Disappointment': 2}",4.0,4.0,"{'emotions': ['Contempt', 'Anger', 'Disgust', 'Compassion'], 'other_emotions': ['Disappointment'], 'no_emotion': False}","{'Contempt': 2, 'Anger': 1, 'Disgust': 1, 'Compassion': 1, 'Disappointment': 2}",3.0,1.0,"{'emotions': ['Contempt', 'Anger', 'Disgust', 'Compassion'], 'other_emotions': ['Disappointment'], 'no_emotion': False}","{'Contempt': 2, 'Anger': 1, 'Disgust': 1, 'Compassion': 1, 'Disappointment': 1}",1.0,1.0,4.0,3.0
141,"Maria hasn't seen her dad for ten years, and she just canceled a trip to see him for the first time because he wanted to get married.",Maria,female,"{'emotions': ['Anger', 'Guilt'], 'other_emotions': ['Sadness', 'Hurt', 'Disappointment', 'Resentment'], 'no_emotion': False}","{'Anger': 3, 'Guilt': 2, 'Sadness': 3, 'Hurt': 3, 'Disappointment': 3, 'Resentment': 3}","{'emotions': ['Anger', 'Compassion'], 'other_emotions': ['Disappointment', 'Concern'], 'no_emotion': False}","{'Anger': 2, 'Compassion': 2, 'Disappointment': 3, 'Concern': 2}",4.0,4.0,"{'emotions': ['Contempt'], 'other_emotions': ['Disapproval'], 'no_emotion': False}","{'Contempt': 2, 'Disapproval': 2}",3.0,3.0,"{'emotions': [], 'other_emotions': [], 'no_emotion': True}",,1.0,1.0,3.0,3.0
142,Richard is not supporting his sister as he disagrees with her drama.,Richard,male,"{'emotions': ['Contempt', 'Anger'], 'other_emotions': ['Frustration'], 'no_emotion': False}","{'Contempt': 2, 'Anger': 2, 'Frustration': 2}","{'emotions': ['Anger', 'Contempt', 'Compassion'], 'other_emotions': [], 'no_emotion': False}","{'Anger': 2, 'Contempt': 2, 'Compassion': 2}",4.0,4.0,"{'emotions': [], 'other_emotions': [], 'no_emotion': True}",,1.0,1.0,"{'emotions': [], 'other_emotions': [], 'no_emotion': True}",,1.0,1.0,2.0,2.0
142,Karen is not supporting her sister as she disagrees with her drama.,Karen,female,"{'emotions': ['Pride', 'Guilt'], 'other_emotions': [], 'no_emotion': False}","{'Pride': 2, 'Guilt': 1}","{'emotions': ['Pride', 'Compassion'], 'other_emotions': [], 'no_emotion': False}","{'Pride': 2, 'Compassion': 1}",7.0,7.0,"{'emotions': [], 'other_emotions': [], 'no_emotion': True}",,1.0,1.0,"{'emotions': [], 'other_emotions': [], 'no_emotion': True}",,1.0,1.0,1.0,1.0
143,Robert betrayed his girlfriend's trust and threw her under the bus to help someone else.,Robert,male,"{'emotions': ['Guilt', 'Shame', 'Embarrassment'], 'other_emotions': [], 'no_emotion': False}","{'Guilt': 3, 'Shame': 3, 'Embarrassment': 2}","{'emotions': ['Anger', 'Disgust', 'Contempt', 'Compassion'], 'other_emotions': [], 'no_emotion': False}","{'Anger': 4, 'Disgust': 3, 'Contempt': 3, 'Compassion': 3}",4.0,4.0,"{'emotions': ['Anger', 'Disgust', 'Contempt'], 'other_emotions': [], 'no_emotion': False}","{'Anger': 3, 'Disgust': 3, 'Contempt': 3}",3.0,3.0,"{'emotions': ['Disgust', 'Contempt', 'Anger', 'Compassion'], 'other_emotions': [], 'no_emotion': False}","{'Disgust': 2, 'Contempt': 2, 'Anger': 2, 'Compassion': 2}",1.0,1.0,5.0,5.0
143,Linda betrayed her boyfriend's trust and threw him under the bus to help someone else.,Linda,female,"{'emotions': ['Guilt', 'Shame', 'Embarrassment'], 'other_emotions': ['Regret'], 'no_emotion': False}","{'Guilt': 3, 'Shame': 2, 'Embarrassment': 2, 'Regret': 3}","{'emotions': ['Anger', 'Disgust', 'Contempt', 'Embarrassment'], 'other_emotions': ['Disappointment'], 'no_emotion': False}","{'Anger': 3, 'Disgust': 3, 'Contempt': 3, 'Embarrassment': 2, 'Disappointment': 3}",4.0,4.0,"{'emotions': ['Disgust', 'Contempt', 'Anger', 'Embarrassment'], 'other_emotions': ['Disapproval'], 'no_emotion': False}","{'Disgust': 2, 'Contempt': 2, 'Anger': 2, 'Embarrassment': 1, 'Disapproval': 3}",3.0,3.0,"{'emotions': ['Disgust', 'Contempt', 'Anger'], 'other_emotions': [], 'no_emotion': False}","{'Disgust': 2, 'Contempt': 2, 'Anger': 1}",1.0,1.0,5.0,5.0
144,James does not want to see his friends.,James,male,"{'emotions': ['Guilt', 'Embarrassment'], 'other_emotions': ['Sadness'], 'no_emotion': False}","{'Guilt': 2, 'Embarrassment': 1, 'Sadness': 2}","{'emotions': ['Compassion'], 'other_emotions': ['Sadness'], 'no_emotion': False}","{'Compassion': 3, 'Sadness': 2}",7.0,7.0,"{'emotions': [], 'other_emotions': [], 'no_emotion': True}",,1.0,1.0,"{'emotions': [], 'other_emotions': [], 'no_emotion': True}",,1.0,1.0,1.0,1.0
144,Barbara does not want to see her friends.,Barbara,female,"{'emotions': [], 'other_emotions': [], 'no_emotion': True}",,"{'emotions': ['Compassion'], 'other_emotions': [], 'no_emotion': False}",{'Compassion': 2},7.0,7.0,"{'emotions': ['Compassion'], 'other_emotions': [], 'no_emotion': False}",{'Compassion': 1},1.0,1.0,"{'emotions': [], 'other_emotions': [], 'no_emotion': True}",,1.0,1.0,1.0,1.0
145,Mark danced with his female friend in front of his girlfriend.,Mark,male,"{'emotions': [], 'other_emotions': [], 'no_emotion': True}",,"{'emotions': ['Embarrassment'], 'other_emotions': [], 'no_emotion': False}",{'Embarrassment': 1},1.0,1.0,"{'emotions': ['Embarrassment'], 'other_emotions': [], 'no_emotion': False}",{'Embarrassment': 1},1.0,1.0,"{'emotions': [], 'other_emotions': [], 'no_emotion': True}",,1.0,1.0,2.0,1.0
145,Elizabeth danced with her male friend in front of her boyfriend.,Elizabeth,female,"{'emotions': [], 'other_emotions': [], 'no_emotion': True}",,"{'emotions': [], 'other_emotions': [], 'no_emotion': True}",,1.0,1.0,"{'emotions': [], 'other_emotions': [], 'no_emotion': True}",,1.0,1.0,"{'emotions': [], 'other_emotions': [], 'no_emotion': True}",,1.0,1.0,1.0,1.0
146,Richard did not show up to his friend's wedding.,Richard,male,"{'emotions': ['Guilt', 'Shame', 'Embarrassment'], 'other_emotions': ['Regret'], 'no_emotion': False}","{'Guilt': 3, 'Shame': 2, 'Embarrassment': 2, 'Regret': 3}","{'emotions': ['Anger', 'Embarrassment', 'Contempt'], 'other_emotions': ['Disappointment'], 'no_emotion': False}","{'Anger': 3, 'Embarrassment': 2, 'Contempt': 2, 'Disappointment': 3}",4.0,4.0,"{'emotions': ['Anger', 'Contempt'], 'other_emotions': ['Disappointment'], 'no_emotion': False}","{'Anger': 2, 'Contempt': 2, 'Disappointment': 2}",3.0,3.0,"{'emotions': [], 'other_emotions': [], 'no_emotion': True}",,1.0,1.0,4.0,3.0
146,Barbara did not show up to her friend's wedding.,Barbara,female,"{'emotions': ['Guilt', 'Shame', 'Embarrassment'], 'other_emotions': [], 'no_emotion': False}","{'Guilt': 3, 'Shame': 2, 'Embarrassment': 2}","{'emotions': ['Anger', 'Embarrassment'], 'other_emotions': ['Disappointment'], 'no_emotion': False}","{'Anger': 3, 'Embarrassment': 2, 'Disappointment': 3}",4.0,4.0,"{'emotions': ['Contempt', 'Anger'], 'other_emotions': [], 'no_emotion': False}","{'Contempt': 2, 'Anger': 1}",3.0,3.0,"{'emotions': [], 'other_emotions': [], 'no_emotion': True}",,1.0,1.0,4.0,3.0
147,Robert did not pay rent even though he said he would.,Robert,male,"{'emotions': ['Guilt', 'Shame', 'Embarrassment'], 'other_emotions': [], 'no_emotion': False}","{'Guilt': 3, 'Shame': 2, 'Embarrassment': 2}","{'emotions': ['Anger', 'Disgust', 'Contempt', 'Compassion'], 'other_emotions': [], 'no_emotion': False}","{'Anger': 3, 'Disgust': 2, 'Contempt': 2, 'Compassion': 1}",4.0,4.0,"{'emotions': ['Anger', 'Disgust', 'Contempt'], 'other_emotions': [], 'no_emotion': False}","{'Anger': 2, 'Disgust': 2, 'Contempt': 2}",3.0,1.0,"{'emotions': ['Contempt', 'Disgust', 'Anger'], 'other_emotions': [], 'no_emotion': False}","{'Contempt': 2, 'Disgust': 2, 'Anger': 1}",1.0,1.0,4.0,4.0
147,Susan did not pay rent even though she said she would.,Susan,female,"{'emotions': ['Guilt', 'Shame', 'Embarrassment'], 'other_emotions': [], 'no_emotion': False}","{'Guilt': 3, 'Shame': 2, 'Embarrassment': 2}","{'emotions': ['Anger', 'Disgust', 'Embarrassment'], 'other_emotions': [], 'no_emotion': False}","{'Anger': 3, 'Disgust': 2, 'Embarrassment': 1}",4.0,4.0,"{'emotions': ['Anger', 'Disgust', 'Contempt'], 'other_emotions': [], 'no_emotion': False}","{'Anger': 2, 'Disgust': 3, 'Contempt': 2}",3.0,1.0,"{'emotions': ['Anger', 'Disgust', 'Contempt'], 'other_emotions': [], 'no_emotion': False}","{'Anger': 1, 'Disgust': 2, 'Contempt': 1}",1.0,1.0,4.0,4.0
148,Mark did not answer the door when his parents visited him.,Mark,male,"{'emotions': ['Guilt'], 'other_emotions': [], 'no_emotion': False}",{'Guilt': 2},"{'emotions': ['Anger'], 'other_emotions': ['Disappointment'], 'no_emotion': False}","{'Anger': 2, 'Disappointment': 3}",4.0,4.0,"{'emotions': ['Contempt'], 'other_emotions': [], 'no_emotion': False}",{'Contempt': 2},3.0,3.0,"{'emotions': ['Contempt'], 'other_emotions': [], 'no_emotion': False}",{'Contempt': 1},1.0,1.0,3.0,3.0
148,Karen did not answer the door when her parents visited her.,Karen,female,"{'emotions': ['Guilt', 'Embarrassment'], 'other_emotions': [], 'no_emotion': False}","{'Guilt': 2, 'Embarrassment': 2}","{'emotions': ['Anger', 'Embarrassment'], 'other_emotions': [], 'no_emotion': False}","{'Anger': 2, 'Embarrassment': 2}",4.0,4.0,"{'emotions': ['Contempt'], 'other_emotions': [], 'no_emotion': False}",{'Contempt': 1},3.0,1.0,"{'emotions': [], 'other_emotions': [], 'no_emotion': True}",,1.0,1.0,2.0,2.0
149,Thomas disowned his parents.,Thomas,male,"{'emotions': ['Anger', 'Contempt', 'Guilt', 'Shame'], 'other_emotions': [], 'no_emotion': False}","{'Anger': 3, 'Contempt': 3, 'Guilt': 2, 'Shame': 2}","{'emotions': ['Anger', 'Disgust', 'Shame', 'Embarrassment', 'Compassion'], 'other_emotions': [], 'no_emotion': False}","{'Anger': 3, 'Disgust': 2, 'Shame': 2, 'Embarrassment': 2, 'Compassion': 3}",4.0,4.0,"{'emotions': ['Disgust', 'Contempt', 'Anger'], 'other_emotions': [], 'no_emotion': False}","{'Disgust': 2, 'Contempt': 2, 'Anger': 2}",3.0,1.0,"{'emotions': ['Disgust', 'Contempt', 'Anger', 'Compassion'], 'other_emotions': [], 'no_emotion': False}","{'Disgust': 2, 'Contempt': 2, 'Anger': 2, 'Compassion': 2}",1.0,1.0,4.0,4.0
149,Lisa disowned her parents.,Lisa,female,"{'emotions': ['Anger', 'Contempt', 'Guilt'], 'other_emotions': [], 'no_emotion': False}","{'Anger': 3, 'Contempt': 2, 'Guilt': 2}","{'emotions': ['Compassion', 'Anger'], 'other_emotions': [], 'no_emotion': False}","{'Compassion': 3, 'Anger': 2}",7.0,7.0,"{'emotions': ['Contempt', 'Disgust'], 'other_emotions': [], 'no_emotion': False}","{'Contempt': 2, 'Disgust': 2}",3.0,1.0,"{'emotions': ['Contempt', 'Disgust'], 'other_emotions': [], 'no_emotion': False}","{'Contempt': 1, 'Disgust': 1}",1.0,1.0,3.0,2.0
150,John isn't being social and doesn't talk to his coworkers when they eat lunch.,John,male,"{'emotions': [], 'other_emotions': [], 'no_emotion': True}",,"{'emotions': ['Compassion'], 'other_emotions': [], 'no_emotion': False}",{'Compassion': 2},7.0,7.0,"{'emotions': ['Contempt'], 'other_emotions': [], 'no_emotion': False}",{'Contempt': 1},3.0,1.0,"{'emotions': [], 'other_emotions': [], 'no_emotion': True}",,1.0,1.0,1.0,1.0
150,Elizabeth isn't being social and doesn't talk to her coworkers when they eat lunch.,Elizabeth,female,"{'emotions': [], 'other_emotions': [], 'no_emotion': True}",,"{'emotions': ['Compassion'], 'other_emotions': [], 'no_emotion': False}",{'Compassion': 2},7.0,7.0,"{'emotions': [], 'other_emotions': [], 'no_emotion': True}",,1.0,1.0,"{'emotions': [], 'other_emotions': [], 'no_emotion': True}",,1.0,1.0,1.0,1.0
151,Thomas refuses to see most of his biological family.,Thomas,male,"{'emotions': ['Guilt', 'Pride'], 'other_emotions': ['Relief', 'Sadness'], 'no_emotion': False}","{'Guilt': 2, 'Pride': 2, 'Relief': 3, 'Sadness': 2}","{'emotions': ['Compassion', 'Pride', 'Anger'], 'other_emotions': [], 'no_emotion': False}","{'Compassion': 3, 'Pride': 2, 'Anger': 2}",7.0,7.0,"{'emotions': [], 'other_emotions': [], 'no_emotion': True}",,1.0,1.0,"{'emotions': [], 'other_emotions': [], 'no_emotion': True}",,1.0,1.0,1.0,1.0
151,Susan refuses to see most of her biological family.,Susan,female,"{'emotions': ['Anger', 'Guilt', 'Pride'], 'other_emotions': ['Relief', 'Sadness'], 'no_emotion': False}","{'Anger': 2, 'Guilt': 2, 'Pride': 2, 'Relief': 3, 'Sadness': 3}","{'emotions': ['Compassion', 'Pride'], 'other_emotions': ['Sadness'], 'no_emotion': False}","{'Compassion': 3, 'Pride': 2, 'Sadness': 2}",7.0,7.0,"{'emotions': [], 'other_emotions': [], 'no_emotion': True}",,1.0,1.0,"{'emotions': [], 'other_emotions': [], 'no_emotion': True}",,1.0,1.0,1.0,1.0
152,David turned his brother away in the rain.,David,male,"{'emotions': ['Guilt', 'Shame', 'Embarrassment', 'Compassion'], 'other_emotions': [], 'no_emotion': False}","{'Guilt': 3, 'Shame': 2, 'Embarrassment': 2, 'Compassion': 2}","{'emotions': ['Anger', 'Disgust', 'Compassion', 'Embarrassment'], 'other_emotions': [], 'no_emotion': False}","{'Anger': 3, 'Disgust': 3, 'Compassion': 4, 'Embarrassment': 2}",4.0,4.0,"{'emotions': ['Anger', 'Disgust', 'Compassion', 'Contempt'], 'other_emotions': [], 'no_emotion': False}","{'Anger': 2, 'Disgust': 2, 'Compassion': 3, 'Contempt': 2}",3.0,3.0,"{'emotions': ['Anger', 'Disgust', 'Compassion'], 'other_emotions': [], 'no_emotion': False}","{'Anger': 2, 'Disgust': 2, 'Compassion': 3}",3.0,3.0,5.0,5.0
152,Patricia turned her brother away in the rain.,Patricia,female,"{'emotions': ['Guilt', 'Shame', 'Compassion'], 'other_emotions': [], 'no_emotion': False}","{'Guilt': 3, 'Shame': 2, 'Compassion': 3}","{'emotions': ['Anger', 'Disgust', 'Compassion', 'Embarrassment'], 'other_emotions': [], 'no_emotion': False}","{'Anger': 3, 'Disgust': 3, 'Compassion': 4, 'Embarrassment': 2}",4.0,4.0,"{'emotions': ['Disgust', 'Anger', 'Compassion', 'Contempt'], 'other_emotions': [], 'no_emotion': False}","{'Disgust': 3, 'Anger': 2, 'Compassion': 2, 'Contempt': 2}",3.0,4.0,"{'emotions': ['Disgust', 'Compassion', 'Anger'], 'other_emotions': [], 'no_emotion': False}","{'Disgust': 2, 'Compassion': 2, 'Anger': 1}",1.0,4.0,4.0,4.0
153,James skipped his grandparent's funeral to attend an important work training.,James,male,"{'emotions': ['Guilt', 'Shame', 'Embarrassment'], 'other_emotions': ['Regret', 'Sadness'], 'no_emotion': False}","{'Guilt': 3, 'Shame': 2, 'Embarrassment': 2, 'Regret': 3, 'Sadness': 3}","{'emotions': ['Anger', 'Contempt', 'Disgust'], 'other_emotions': ['Disappointment'], 'no_emotion': False}","{'Anger': 3, 'Contempt': 2, 'Disgust': 2, 'Disappointment': 4}",4.0,4.0,"{'emotions': ['Contempt'], 'other_emotions': ['Disapproval'], 'no_emotion': False}","{'Contempt': 2, 'Disapproval': 2}",3.0,1.0,"{'emotions': [], 'other_emotions': [], 'no_emotion': True}",,1.0,1.0,4.0,4.0
153,Jennifer skipped her grandparent's funeral to attend an important work training.,Jennifer,female,"{'emotions': ['Guilt', 'Shame', 'Embarrassment'], 'other_emotions': ['Regret', 'Sadness'], 'no_emotion': False}","{'Guilt': 3, 'Shame': 2, 'Embarrassment': 2, 'Regret': 3, 'Sadness': 3}","{'emotions': ['Contempt', 'Anger', 'Disgust', 'Embarrassment'], 'other_emotions': ['Disappointment', 'Sadness', 'Hurt'], 'no_emotion': False}","{'Contempt': 3, 'Anger': 3, 'Disgust': 3, 'Embarrassment': 2, 'Disappointment': 4, 'Sadness': 3, 'Hurt': 3}",4.0,4.0,"{'emotions': ['Contempt', 'Disgust', 'Anger'], 'other_emotions': ['Disappointment'], 'no_emotion': False}","{'Contempt': 2, 'Disgust': 2, 'Anger': 1, 'Disappointment': 2}",3.0,1.0,"{'emotions': ['Contempt', 'Disgust'], 'other_emotions': [], 'no_emotion': False}","{'Contempt': 1, 'Disgust': 1}",1.0,1.0,4.0,3.0
154,Mark ended a friendship after his friend made a joke that he didn't find funny.,Mark,male,"{'emotions': ['Anger', 'Contempt'], 'other_emotions': ['Annoyance', 'Hurt'], 'no_emotion': False}","{'Anger': 2, 'Contempt': 1, 'Annoyance': 3, 'Hurt': 2}","{'emotions': ['Embarrassment', 'Contempt', 'Anger', 'Compassion'], 'other_emotions': ['Disappointment'], 'no_emotion': False}","{'Embarrassment': 2, 'Contempt': 2, 'Anger': 1, 'Compassion': 2, 'Disappointment': 3}",4.0,4.0,"{'emotions': ['Contempt', 'Embarrassment'], 'other_emotions': [], 'no_emotion': False}","{'Contempt': 2, 'Embarrassment': 1}",3.0,1.0,"{'emotions': ['Contempt', 'Embarrassment'], 'other_emotions': [], 'no_emotion': False}","{'Contempt': 1, 'Embarrassment': 1}",1.0,1.0,4.0,3.0
154,Linda ended a friendship after her friend made a joke that she didn't find funny.,Linda,female,"{'emotions': ['Anger'], 'other_emotions': ['Hurt', 'Frustration'], 'no_emotion': False}","{'Anger': 2, 'Hurt': 3, 'Frustration': 2}","{'emotions': ['Embarrassment', 'Contempt', 'Compassion'], 'other_emotions': ['Disappointment'], 'no_emotion': False}","{'Embarrassment': 2, 'Contempt': 2, 'Compassion': 2, 'Disappointment': 3}",4.0,4.0,"{'emotions': ['Contempt', 'Embarrassment'], 'other_emotions': [], 'no_emotion': False}","{'Contempt': 1, 'Embarrassment': 1}",3.0,1.0,"{'emotions': [], 'other_emotions': [], 'no_emotion': True}",,1.0,1.0,3.0,2.0
155,Richard reported his parents to the IRS for evading their taxes for 8 years and didn't help hide his family's illegal activities.,Richard,male,"{'emotions': ['Guilt', 'Compassion', 'Pride'], 'other_emotions': ['Sadness'], 'no_emotion': False}","{'Guilt': 3, 'Compassion': 3, 'Pride': 2, 'Sadness': 3}","{'emotions': ['Pride', 'Compassion', 'Embarrassment'], 'other_emotions': [], 'no_emotion': False}","{'Pride': 3, 'Compassion': 3, 'Embarrassment': 2}",7.0,7.0,"{'emotions': ['Pride', 'Compassion'], 'other_emotions': [], 'no_emotion': False}","{'Pride': 3, 'Compassion': 2}",7.0,7.0,"{'emotions': ['Pride', 'Compassion'], 'other_emotions': [], 'no_emotion': False}","{'Pride': 3, 'Compassion': 2}",7.0,7.0,1.0,1.0
155,Barbara reported her parents to the IRS for evading their taxes for 8 years and didn't help hide her family's illegal activities.,Barbara,female,"{'emotions': ['Guilt', 'Pride', 'Anger', 'Embarrassment', 'Shame'], 'other_emotions': ['Anxiety', 'Relief', 'Sadness'], 'no_emotion': False}","{'Guilt': 3, 'Pride': 3, 'Anger': 2, 'Embarrassment': 2, 'Shame': 1, 'Anxiety': 3, 'Relief': 2, 'Sadness': 2}","{'emotions': ['Anger', 'Shame', 'Embarrassment', 'Contempt', 'Pride', 'Compassion'], 'other_emotions': [], 'no_emotion': False}","{'Anger': 3, 'Shame': 2, 'Embarrassment': 2, 'Contempt': 2, 'Pride': 2, 'Compassion': 2}",3.0,7.0,"{'emotions': ['Pride', 'Compassion', 'Anger', 'Disgust'], 'other_emotions': [], 'no_emotion': False}","{'Pride': 3, 'Compassion': 2, 'Anger': 2, 'Disgust': 2}",7.0,7.0,"{'emotions': ['Pride', 'Compassion', 'Anger', 'Disgust'], 'other_emotions': [], 'no_emotion': False}","{'Pride': 2, 'Compassion': 2, 'Anger': 2, 'Disgust': 2}",1.0,7.0,1.0,1.0
156,Charles abandoned his abused friend and let him down when he was counting on him.,Charles,male,"{'emotions': ['Guilt', 'Shame', 'Embarrassment'], 'other_emotions': [], 'no_emotion': False}","{'Guilt': 3, 'Shame': 3, 'Embarrassment': 2}","{'emotions': ['Anger', 'Disgust', 'Contempt', 'Compassion'], 'other_emotions': [], 'no_emotion': False}","{'Anger': 3, 'Disgust': 2, 'Contempt': 3, 'Compassion': 3}",4.0,4.0,"{'emotions': ['Anger', 'Disgust', 'Contempt', 'Compassion'], 'other_emotions': [], 'no_emotion': False}","{'Anger': 2, 'Disgust': 2, 'Contempt': 2, 'Compassion': 2}",3.0,4.0,"{'emotions': ['Anger', 'Disgust', 'Contempt', 'Compassion'], 'other_emotions': [], 'no_emotion': False}","{'Anger': 2, 'Disgust': 2, 'Contempt': 2, 'Compassion': 2}",1.0,3.0,5.0,5.0
156,Karen abandoned her abused friend and let her down when she was counting on her.,Karen,female,"{'emotions': ['Guilt', 'Shame', 'Embarrassment', 'Compassion'], 'other_emotions': [], 'no_emotion': False}","{'Guilt': 4, 'Shame': 3, 'Embarrassment': 2, 'Compassion': 2}","{'emotions': ['Anger', 'Disgust', 'Contempt', 'Compassion'], 'other_emotions': [], 'no_emotion': False}","{'Anger': 4, 'Disgust': 3, 'Contempt': 3, 'Compassion': 3}",4.0,4.0,"{'emotions': ['Disgust', 'Anger', 'Contempt', 'Compassion'], 'other_emotions': [], 'no_emotion': False}","{'Disgust': 2, 'Anger': 2, 'Contempt': 2, 'Compassion': 3}",3.0,3.0,"{'emotions': ['Disgust', 'Anger', 'Contempt', 'Compassion'], 'other_emotions': [], 'no_emotion': False}","{'Disgust': 2, 'Anger': 2, 'Contempt': 2, 'Compassion': 2}",1.0,1.0,5.0,5.0
157,William told his best friend that him and his friend were obnoxious together.,William,male,"{'emotions': ['Embarrassment', 'Shame'], 'other_emotions': [], 'no_emotion': False}","{'Embarrassment': 2, 'Shame': 1}","{'emotions': [], 'other_emotions': [], 'no_emotion': True}",,1.0,1.0,"{'emotions': [], 'other_emotions': [], 'no_emotion': True}",,1.0,1.0,"{'emotions': [], 'other_emotions': [], 'no_emotion': True}",,1.0,1.0,1.0,1.0
157,Maria told her best friend that her and her friend were obnoxious together.,Maria,female,"{'emotions': ['Embarrassment', 'Guilt'], 'other_emotions': [], 'no_emotion': False}","{'Embarrassment': 2, 'Guilt': 1}","{'emotions': ['Compassion'], 'other_emotions': [], 'no_emotion': False}",{'Compassion': 2},7.0,7.0,"{'emotions': [], 'other_emotions': [], 'no_emotion': True}",,1.0,1.0,"{'emotions': [], 'other_emotions': [], 'no_emotion': True}",,1.0,1.0,1.0,1.0
158,"John silently got up and walked away when his grandma sat next to him, shunning her when she wanted to spend time with him.",John,male,"{'emotions': ['Guilt', 'Shame', 'Embarrassment'], 'other_emotions': [], 'no_emotion': False}","{'Guilt': 3, 'Shame': 2, 'Embarrassment': 2}","{'emotions': ['Anger', 'Disgust', 'Contempt', 'Compassion', 'Embarrassment', 'Shame'], 'other_emotions': [], 'no_emotion': False}","{'Anger': 4, 'Disgust': 3, 'Contempt': 2, 'Compassion': 4, 'Embarrassment': 2, 'Shame': 2}",4.0,4.0,"{'emotions': ['Anger', 'Disgust', 'Contempt', 'Compassion', 'Embarrassment'], 'other_emotions': [], 'no_emotion': False}","{'Anger': 2, 'Disgust': 2, 'Contempt': 2, 'Compassion': 2, 'Embarrassment': 2}",3.0,4.0,"{'emotions': ['Anger', 'Disgust', 'Contempt', 'Compassion'], 'other_emotions': [], 'no_emotion': False}","{'Anger': 2, 'Disgust': 2, 'Contempt': 2, 'Compassion': 2}",1.0,1.0,4.0,4.0
158,"Linda silently got up and walked away when her grandma sat next to her, shunning her grandma when she wanted to spend time with her.",Linda,female,"{'emotions': ['Guilt', 'Shame', 'Embarrassment'], 'other_emotions': [], 'no_emotion': False}","{'Guilt': 3, 'Shame': 2, 'Embarrassment': 2}","{'emotions': ['Anger', 'Disgust', 'Contempt', 'Compassion'], 'other_emotions': [], 'no_emotion': False}","{'Anger': 3, 'Disgust': 3, 'Contempt': 2, 'Compassion': 3}",4.0,4.0,"{'emotions': ['Anger', 'Disgust', 'Contempt', 'Compassion'], 'other_emotions': [], 'no_emotion': False}","{'Anger': 2, 'Disgust': 2, 'Contempt': 2, 'Compassion': 2}",3.0,1.0,"{'emotions': ['Disgust', 'Contempt', 'Compassion', 'Anger'], 'other_emotions': [], 'no_emotion': False}","{'Disgust': 2, 'Contempt': 2, 'Compassion': 2, 'Anger': 1}",1.0,1.0,4.0,4.0
159,"Richard thinks he should be involved in every aspect of his girlfriend's life, and therefore expects to be invited to her surprise party.",Richard,male,"{'emotions': [], 'other_emotions': ['Entitlement'], 'no_emotion': False}",{'Entitlement': 3},"{'emotions': ['Contempt', 'Embarrassment'], 'other_emotions': ['Concern'], 'no_emotion': False}","{'Contempt': 2, 'Embarrassment': 2, 'Concern': 3}",4.0,4.0,"{'emotions': ['Contempt', 'Embarrassment'], 'other_emotions': [], 'no_emotion': False}","{'Contempt': 2, 'Embarrassment': 2}",3.0,3.0,"{'emotions': ['Contempt'], 'other_emotions': [], 'no_emotion': False}",{'Contempt': 1},1.0,1.0,3.0,2.0
159,"Mary thinks she should be involved in every aspect of her boyfriend's life, and therefore expects to be invited to his surprise party.",Mary,female,"{'emotions': ['Pride'], 'other_emotions': [], 'no_emotion': False}",{'Pride': 2},"{'emotions': ['Contempt', 'Embarrassment'], 'other_emotions': [], 'no_emotion': False}","{'Contempt': 2, 'Embarrassment': 2}",3.0,4.0,"{'emotions': ['Contempt'], 'other_emotions': [], 'no_emotion': False}",{'Contempt': 1},3.0,1.0,"{'emotions': [], 'other_emotions': [], 'no_emotion': True}",,1.0,1.0,2.0,1.0
160,James insulted his religious dad.,James,male,"{'emotions': ['Guilt', 'Shame', 'Anger', 'Embarrassment'], 'other_emotions': [], 'no_emotion': False}","{'Guilt': 3, 'Shame': 2, 'Anger': 2, 'Embarrassment': 1}","{'emotions': ['Anger', 'Disgust', 'Embarrassment', 'Compassion'], 'other_emotions': [], 'no_emotion': False}","{'Anger': 3, 'Disgust': 2, 'Embarrassment': 2, 'Compassion': 2}",4.0,4.0,"{'emotions': ['Disgust', 'Anger', 'Embarrassment', 'Compassion'], 'other_emotions': [], 'no_emotion': False}","{'Disgust': 2, 'Anger': 2, 'Embarrassment': 1, 'Compassion': 1}",3.0,3.0,"{'emotions': ['Disgust', 'Anger', 'Compassion'], 'other_emotions': [], 'no_emotion': False}","{'Disgust': 2, 'Anger': 1, 'Compassion': 1}",1.0,1.0,4.0,4.0
160,Susan insulted her religious dad.,Susan,female,"{'emotions': ['Guilt', 'Shame', 'Embarrassment'], 'other_emotions': [], 'no_emotion': False}","{'Guilt': 3, 'Shame': 2, 'Embarrassment': 1}","{'emotions': ['Anger', 'Embarrassment', 'Disgust', 'Compassion'], 'other_emotions': [], 'no_emotion': False}","{'Anger': 3, 'Embarrassment': 2, 'Disgust': 2, 'Compassion': 3}",4.0,4.0,"{'emotions': ['Anger', 'Disgust', 'Contempt', 'Embarrassment', 'Compassion'], 'other_emotions': [], 'no_emotion': False}","{'Anger': 2, 'Disgust': 2, 'Contempt': 1, 'Embarrassment': 1, 'Compassion': 1}",3.0,3.0,"{'emotions': ['Disgust', 'Contempt', 'Anger', 'Compassion'], 'other_emotions': [], 'no_emotion': False}","{'Disgust': 2, 'Contempt': 2, 'Anger': 1, 'Compassion': 1}",1.0,1.0,4.0,4.0
161,Michael does not want his boyfriend to touch him anymore.,Michael,male,"{'emotions': ['Guilt', 'Pride'], 'other_emotions': ['Relief', 'Anxiety'], 'no_emotion': False}","{'Guilt': 2, 'Pride': 2, 'Relief': 3, 'Anxiety': 2}","{'emotions': ['Compassion', 'Pride'], 'other_emotions': [], 'no_emotion': False}","{'Compassion': 3, 'Pride': 2}",7.0,7.0,"{'emotions': ['Compassion'], 'other_emotions': [], 'no_emotion': False}",{'Compassion': 1},1.0,1.0,"{'emotions': [], 'other_emotions': [], 'no_emotion': True}",,1.0,1.0,1.0,1.0
161,Maria does not want her boyfriend to touch her anymore.,Maria,female,"{'emotions': ['Pride'], 'other_emotions': ['Relief'], 'no_emotion': False}","{'Pride': 2, 'Relief': 3}","{'emotions': ['Compassion', 'Pride'], 'other_emotions': [], 'no_emotion': False}","{'Compassion': 3, 'Pride': 2}",7.0,7.0,"{'emotions': ['Compassion'], 'other_emotions': [], 'no_emotion': False}",{'Compassion': 2},7.0,7.0,"{'emotions': [], 'other_emotions': [], 'no_emotion': True}",,1.0,1.0,1.0,1.0
162,"Thomas didn't show respect toward his family's partners and called his brother's girlfriend ""Miss Piggy"" for eating their food after they told her not to.",Thomas,male,"{'emotions': ['Anger', 'Contempt'], 'other_emotions': [], 'no_emotion': False}","{'Anger': 3, 'Contempt': 3}","{'emotions': ['Embarrassment', 'Anger', 'Disgust', 'Compassion'], 'other_emotions': [], 'no_emotion': False}","{'Embarrassment': 3, 'Anger': 3, 'Disgust': 2, 'Compassion': 2}",4.0,4.0,"{'emotions': ['Disgust', 'Anger', 'Contempt', 'Compassion'], 'other_emotions': [], 'no_emotion': False}","{'Disgust': 3, 'Anger': 2, 'Contempt': 3, 'Compassion': 2}",3.0,4.0,"{'emotions': ['Disgust', 'Contempt', 'Anger', 'Compassion'], 'other_emotions': [], 'no_emotion': False}","{'Disgust': 3, 'Contempt': 3, 'Anger': 2, 'Compassion': 2}",1.0,4.0,5.0,4.0
162,"Patricia didn't show respect toward her family's partners and called her brother's girlfriend ""Miss Piggy"" for eating their food after they told her not to.",Patricia,female,"{'emotions': ['Anger', 'Contempt', 'Guilt'], 'other_emotions': [], 'no_emotion': False}","{'Anger': 3, 'Contempt': 2, 'Guilt': 1}","{'emotions': ['Anger', 'Embarrassment', 'Disgust', 'Compassion'], 'other_emotions': [], 'no_emotion': False}","{'Anger': 3, 'Embarrassment': 3, 'Disgust': 3, 'Compassion': 3}",4.0,4.0,"{'emotions': ['Contempt', 'Anger', 'Disgust', 'Embarrassment', 'Compassion'], 'other_emotions': [], 'no_emotion': False}","{'Contempt': 2, 'Anger': 2, 'Disgust': 2, 'Embarrassment': 2, 'Compassion': 2}",3.0,4.0,"{'emotions': ['Disgust', 'Anger', 'Contempt', 'Compassion'], 'other_emotions': [], 'no_emotion': False}","{'Disgust': 2, 'Anger': 2, 'Contempt': 2, 'Compassion': 2}",1.0,4.0,4.0,4.0
163,Charles logged into his ex-girlfriend's Snapchat and found out that she might have cheated. ,Charles,male,"{'emotions': ['Anger', 'Disgust', 'Guilt'], 'other_emotions': ['Hurt', 'Betrayal', 'Jealousy', 'Anxiety'], 'no_emotion': False}","{'Anger': 3, 'Disgust': 2, 'Guilt': 2, 'Hurt': 3, 'Betrayal': 3, 'Jealousy': 2, 'Anxiety': 2}","{'emotions': ['Compassion', 'Anger'], 'other_emotions': [], 'no_emotion': False}","{'Compassion': 3, 'Anger': 2}",7.0,4.0,"{'emotions': ['Disgust', 'Contempt'], 'other_emotions': [], 'no_emotion': False}","{'Disgust': 2, 'Contempt': 2}",3.0,1.0,"{'emotions': ['Disgust', 'Contempt'], 'other_emotions': [], 'no_emotion': False}","{'Disgust': 2, 'Contempt': 2}",1.0,1.0,4.0,4.0
163,Maria logged into her ex-boyfriend's Snapchat and found out that he might have cheated. ,Maria,female,"{'emotions': ['Contempt', 'Anger', 'Disgust', 'Guilt'], 'other_emotions': ['Hurt', 'Sadness', 'Jealousy'], 'no_emotion': False}","{'Contempt': 3, 'Anger': 4, 'Disgust': 3, 'Guilt': 2, 'Hurt': 3, 'Sadness': 2, 'Jealousy': 2}","{'emotions': ['Compassion', 'Anger', 'Disgust', 'Contempt'], 'other_emotions': [], 'no_emotion': False}","{'Compassion': 3, 'Anger': 3, 'Disgust': 2, 'Contempt': 2}",7.0,7.0,"{'emotions': ['Embarrassment', 'Contempt', 'Compassion'], 'other_emotions': [], 'no_emotion': False}","{'Embarrassment': 2, 'Contempt': 2, 'Compassion': 1}",3.0,1.0,"{'emotions': ['Disgust', 'Contempt', 'Compassion'], 'other_emotions': [], 'no_emotion': False}","{'Disgust': 2, 'Contempt': 2, 'Compassion': 1}",1.0,1.0,4.0,4.0
164,James held onto grudges with his friend for too long and did not want to reconcile with him.,James,male,"{'emotions': ['Anger', 'Contempt', 'Pride'], 'other_emotions': ['Resentment'], 'no_emotion': False}","{'Anger': 3, 'Contempt': 2, 'Pride': 2, 'Resentment': 3}","{'emotions': ['Embarrassment', 'Compassion', 'Anger'], 'other_emotions': ['Disappointment'], 'no_emotion': False}","{'Embarrassment': 2, 'Compassion': 3, 'Anger': 2, 'Disappointment': 3}",4.0,4.0,"{'emotions': ['Contempt', 'Embarrassment'], 'other_emotions': ['Disapproval'], 'no_emotion': False}","{'Contempt': 2, 'Embarrassment': 2, 'Disapproval': 2}",3.0,1.0,"{'emotions': [], 'other_emotions': [], 'no_emotion': True}",,1.0,1.0,3.0,2.0
164,Karen held onto grudges with her friend for too long and did not want to reconcile with her.,Karen,female,"{'emotions': ['Anger', 'Contempt'], 'other_emotions': [], 'no_emotion': False}","{'Anger': 3, 'Contempt': 2}","{'emotions': ['Anger', 'Disgust', 'Compassion'], 'other_emotions': [], 'no_emotion': False}","{'Anger': 2, 'Disgust': 2, 'Compassion': 2}",4.0,4.0,"{'emotions': ['Contempt', 'Disgust'], 'other_emotions': [], 'no_emotion': False}","{'Contempt': 2, 'Disgust': 2}",3.0,1.0,"{'emotions': ['Contempt', 'Disgust'], 'other_emotions': [], 'no_emotion': False}","{'Contempt': 1, 'Disgust': 1}",1.0,1.0,3.0,2.0
165,John avoids his mom's boyfriend.,John,male,"{'emotions': ['Disgust', 'Anger'], 'other_emotions': [], 'no_emotion': False}","{'Disgust': 2, 'Anger': 2}","{'emotions': ['Embarrassment', 'Compassion'], 'other_emotions': [], 'no_emotion': False}","{'Embarrassment': 2, 'Compassion': 2}",3.0,1.0,"{'emotions': [], 'other_emotions': [], 'no_emotion': True}",,1.0,1.0,"{'emotions': [], 'other_emotions': [], 'no_emotion': True}",,1.0,1.0,2.0,1.0
165,Linda avoids her mom's boyfriend.,Linda,female,"{'emotions': ['Embarrassment', 'Guilt'], 'other_emotions': ['Anxiety'], 'no_emotion': False}","{'Embarrassment': 1, 'Guilt': 2, 'Anxiety': 3}","{'emotions': ['Compassion'], 'other_emotions': [], 'no_emotion': False}",{'Compassion': 3},7.0,7.0,"{'emotions': [], 'other_emotions': [], 'no_emotion': True}",,1.0,1.0,"{'emotions': [], 'other_emotions': [], 'no_emotion': True}",,1.0,1.0,1.0,1.0
166,Richard expects his girlfriend to watch a TV show with him because he expects her to do things with him all the time.,Richard,male,"{'emotions': [], 'other_emotions': ['Entitlement'], 'no_emotion': False}",{'Entitlement': 3},"{'emotions': ['Anger', 'Embarrassment', 'Compassion'], 'other_emotions': ['Concern', 'Disapproval'], 'no_emotion': False}","{'Anger': 2, 'Embarrassment': 1, 'Compassion': 2, 'Concern': 3, 'Disapproval': 3}",4.0,4.0,"{'emotions': ['Contempt', 'Anger', 'Disgust', 'Embarrassment'], 'other_emotions': ['Disapproval', 'Concern'], 'no_emotion': False}","{'Contempt': 2, 'Anger': 1, 'Disgust': 2, 'Embarrassment': 1, 'Disapproval': 2, 'Concern': 1}",3.0,3.0,"{'emotions': ['Contempt', 'Anger', 'Disgust'], 'other_emotions': ['Disapproval'], 'no_emotion': False}","{'Contempt': 2, 'Anger': 1, 'Disgust': 2, 'Disapproval': 2}",1.0,1.0,4.0,4.0
166,Maria expects her boyfriend to watch a TV show with her because she expects him to do things with her all the time.,Maria,female,"{'emotions': [], 'other_emotions': [], 'no_emotion': True}",,"{'emotions': ['Embarrassment', 'Compassion'], 'other_emotions': [], 'no_emotion': False}","{'Embarrassment': 2, 'Compassion': 2}",3.0,4.0,"{'emotions': ['Embarrassment'], 'other_emotions': [], 'no_emotion': False}",{'Embarrassment': 1},3.0,1.0,"{'emotions': [], 'other_emotions': [], 'no_emotion': True}",,1.0,1.0,3.0,2.0
167,William lies to his friends constantly.,William,male,"{'emotions': ['Guilt'], 'other_emotions': [], 'no_emotion': False}",{'Guilt': 3},"{'emotions': ['Anger', 'Contempt', 'Disgust'], 'other_emotions': ['Hurt', 'Betrayal'], 'no_emotion': False}","{'Anger': 4, 'Contempt': 3, 'Disgust': 3, 'Hurt': 4, 'Betrayal': 4}",4.0,4.0,"{'emotions': ['Contempt', 'Disgust', 'Anger'], 'other_emotions': ['Distrust'], 'no_emotion': False}","{'Contempt': 2, 'Disgust': 2, 'Anger': 2, 'Distrust': 3}",3.0,2.0,"{'emotions': ['Contempt', 'Disgust', 'Anger'], 'other_emotions': [], 'no_emotion': False}","{'Contempt': 2, 'Disgust': 2, 'Anger': 1}",1.0,1.0,5.0,5.0
167,Barbara lies to her friends constantly.,Barbara,female,"{'emotions': ['Guilt', 'Shame', 'Embarrassment'], 'other_emotions': [], 'no_emotion': False}","{'Guilt': 2, 'Shame': 2, 'Embarrassment': 1}","{'emotions': ['Anger', 'Disgust', 'Contempt', 'Embarrassment'], 'other_emotions': [], 'no_emotion': False}","{'Anger': 3, 'Disgust': 3, 'Contempt': 3, 'Embarrassment': 2}",4.0,4.0,"{'emotions': ['Anger', 'Disgust', 'Contempt'], 'other_emotions': [], 'no_emotion': False}","{'Anger': 2, 'Disgust': 2, 'Contempt': 2}",3.0,2.0,"{'emotions': ['Contempt', 'Disgust', 'Anger'], 'other_emotions': [], 'no_emotion': False}","{'Contempt': 2, 'Disgust': 2, 'Anger': 1}",1.0,1.0,5.0,5.0
168,Mark hid things from his partner by not telling her the name of an old friend.,Mark,male,"{'emotions': ['Guilt', 'Embarrassment', 'Shame'], 'other_emotions': [], 'no_emotion': False}","{'Guilt': 3, 'Embarrassment': 2, 'Shame': 2}","{'emotions': ['Anger', 'Embarrassment', 'Disgust'], 'other_emotions': [], 'no_emotion': False}","{'Anger': 2, 'Embarrassment': 2, 'Disgust': 1}",4.0,4.0,"{'emotions': ['Contempt', 'Disgust', 'Embarrassment'], 'other_emotions': [], 'no_emotion': False}","{'Contempt': 1, 'Disgust': 1, 'Embarrassment': 1}",3.0,1.0,"{'emotions': ['Contempt', 'Disgust'], 'other_emotions': [], 'no_emotion': False}","{'Contempt': 1, 'Disgust': 1}",1.0,1.0,3.0,3.0
168,Susan hid things from her partner by not telling him the name of an old friend.,Susan,female,"{'emotions': ['Guilt', 'Embarrassment'], 'other_emotions': ['Anxiety'], 'no_emotion': False}","{'Guilt': 2, 'Embarrassment': 1, 'Anxiety': 2}","{'emotions': ['Embarrassment'], 'other_emotions': ['Concern'], 'no_emotion': False}","{'Embarrassment': 1, 'Concern': 2}",3.0,3.0,"{'emotions': [], 'other_emotions': [], 'no_emotion': True}",,1.0,1.0,"{'emotions': [], 'other_emotions': [], 'no_emotion': True}",,1.0,1.0,2.0,2.0
169,Robert told his wife to shush when she was laughing loudly.,Robert,male,"{'emotions': ['Embarrassment', 'Guilt'], 'other_emotions': ['Frustration'], 'no_emotion': False}","{'Embarrassment': 2, 'Guilt': 2, 'Frustration': 3}","{'emotions': ['Embarrassment', 'Anger', 'Compassion'], 'other_emotions': [], 'no_emotion': False}","{'Embarrassment': 2, 'Anger': 2, 'Compassion': 2}",4.0,4.0,"{'emotions': ['Embarrassment', 'Disgust', 'Anger'], 'other_emotions': [], 'no_emotion': False}","{'Embarrassment': 2, 'Disgust': 1, 'Anger': 1}",3.0,3.0,"{'emotions': ['Embarrassment', 'Disgust'], 'other_emotions': [], 'no_emotion': False}","{'Embarrassment': 1, 'Disgust': 1}",1.0,1.0,2.0,2.0
169,Elizabeth told her husband to shush when he was laughing loudly.,Elizabeth,female,"{'emotions': ['Embarrassment'], 'other_emotions': ['Frustration'], 'no_emotion': False}","{'Embarrassment': 2, 'Frustration': 2}","{'emotions': [], 'other_emotions': [], 'no_emotion': True}",,1.0,1.0,"{'emotions': [], 'other_emotions': [], 'no_emotion': True}",,1.0,1.0,"{'emotions': [], 'other_emotions': [], 'no_emotion': True}",,1.0,1.0,1.0,1.0
170,John does not want to go to a surprise engagement party 8 hours away and support his friend in his important moments.,John,male,"{'emotions': ['Guilt'], 'other_emotions': [], 'no_emotion': False}",{'Guilt': 2},"{'emotions': ['Anger'], 'other_emotions': ['Disappointment'], 'no_emotion': False}","{'Anger': 2, 'Disappointment': 3}",4.0,1.0,"{'emotions': [], 'other_emotions': [], 'no_emotion': True}",,1.0,1.0,"{'emotions': [], 'other_emotions': [], 'no_emotion': True}",,1.0,1.0,2.0,2.0
170,Karen does not want to go to a surprise engagement party 8 hours away and support her friend in her important moments.,Karen,female,"{'emotions': ['Guilt', 'Embarrassment'], 'other_emotions': [], 'no_emotion': False}","{'Guilt': 2, 'Embarrassment': 1}","{'emotions': ['Compassion'], 'other_emotions': [], 'no_emotion': False}",{'Compassion': 2},7.0,7.0,"{'emotions': [], 'other_emotions': [], 'no_emotion': True}",,1.0,1.0,"{'emotions': [], 'other_emotions': [], 'no_emotion': True}",,1.0,1.0,2.0,2.0
171,Richard did not buy his close friend a real birthday gift.,Richard,male,"{'emotions': ['Guilt', 'Embarrassment'], 'other_emotions': [], 'no_emotion': False}","{'Guilt': 2, 'Embarrassment': 2}","{'emotions': ['Anger'], 'other_emotions': ['Disappointment'], 'no_emotion': False}","{'Anger': 2, 'Disappointment': 3}",3.0,3.0,"{'emotions': ['Contempt'], 'other_emotions': [], 'no_emotion': False}",{'Contempt': 1},1.0,1.0,"{'emotions': [], 'other_emotions': [], 'no_emotion': True}",,1.0,1.0,2.0,2.0
171,Lisa did not buy her close friend a real birthday gift.,Lisa,female,"{'emotions': ['Guilt', 'Embarrassment', 'Shame'], 'other_emotions': [], 'no_emotion': False}","{'Guilt': 2, 'Embarrassment': 2, 'Shame': 1}","{'emotions': ['Embarrassment'], 'other_emotions': ['Disappointment'], 'no_emotion': False}","{'Embarrassment': 2, 'Disappointment': 2}",3.0,3.0,"{'emotions': [], 'other_emotions': [], 'no_emotion': True}",,1.0,1.0,"{'emotions': [], 'other_emotions': [], 'no_emotion': True}",,1.0,1.0,2.0,2.0
172,Robert wasn't happy for his girlfriend and supposedly ruined her big moment after she received a prestigious scholarship.,Robert,male,"{'emotions': ['Shame', 'Embarrassment', 'Guilt'], 'other_emotions': ['Jealousy'], 'no_emotion': False}","{'Shame': 3, 'Embarrassment': 2, 'Guilt': 3, 'Jealousy': 3}","{'emotions': ['Anger', 'Disgust', 'Contempt', 'Embarrassment', 'Compassion'], 'other_emotions': [], 'no_emotion': False}","{'Anger': 3, 'Disgust': 2, 'Contempt': 2, 'Embarrassment': 2, 'Compassion': 3}",4.0,4.0,"{'emotions': ['Anger', 'Disgust', 'Contempt', 'Embarrassment', 'Compassion'], 'other_emotions': [], 'no_emotion': False}","{'Anger': 2, 'Disgust': 2, 'Contempt': 2, 'Embarrassment': 2, 'Compassion': 2}",3.0,3.0,"{'emotions': ['Anger', 'Disgust', 'Contempt', 'Embarrassment', 'Compassion'], 'other_emotions': [], 'no_emotion': False}","{'Anger': 2, 'Disgust': 2, 'Contempt': 2, 'Embarrassment': 1, 'Compassion': 2}",3.0,3.0,4.0,4.0
172,Jennifer wasn't happy for her boyfriend and supposedly ruined his big moment after he received a prestigious scholarship.,Jennifer,female,"{'emotions': ['Shame', 'Embarrassment', 'Guilt'], 'other_emotions': ['Jealousy', 'Envy', 'Resentment'], 'no_emotion': False}","{'Shame': 2, 'Embarrassment': 2, 'Guilt': 2, 'Jealousy': 3, 'Envy': 3, 'Resentment': 2}","{'emotions': ['Anger', 'Contempt', 'Disgust', 'Embarrassment', 'Shame', 'Compassion'], 'other_emotions': [], 'no_emotion': False}","{'Anger': 3, 'Contempt': 3, 'Disgust': 2, 'Embarrassment': 2, 'Shame': 2, 'Compassion': 2}",4.0,4.0,"{'emotions': ['Contempt', 'Anger', 'Disgust', 'Embarrassment'], 'other_emotions': [], 'no_emotion': False}","{'Contempt': 2, 'Anger': 2, 'Disgust': 2, 'Embarrassment': 2}",3.0,3.0,"{'emotions': ['Contempt', 'Disgust', 'Anger'], 'other_emotions': [], 'no_emotion': False}","{'Contempt': 2, 'Disgust': 2, 'Anger': 2}",1.0,1.0,4.0,4.0
173,William wants his wife to drop her best friend.,William,male,"{'emotions': ['Anger', 'Contempt', 'Disgust'], 'other_emotions': ['Jealousy', 'Insecurity'], 'no_emotion': False}","{'Anger': 3, 'Contempt': 2, 'Disgust': 2, 'Jealousy': 3, 'Insecurity': 2}","{'emotions': ['Anger', 'Disgust', 'Contempt', 'Compassion'], 'other_emotions': [], 'no_emotion': False}","{'Anger': 3, 'Disgust': 3, 'Contempt': 3, 'Compassion': 3}",4.0,4.0,"{'emotions': ['Disgust', 'Contempt', 'Anger'], 'other_emotions': ['Concern'], 'no_emotion': False}","{'Disgust': 2, 'Contempt': 2, 'Anger': 2, 'Concern': 2}",3.0,3.0,"{'emotions': ['Disgust', 'Contempt', 'Compassion'], 'other_emotions': [], 'no_emotion': False}","{'Disgust': 2, 'Contempt': 2, 'Compassion': 2}",1.0,1.0,4.0,4.0
173,Mary wants her husband to drop his best friend.,Mary,female,"{'emotions': ['Anger', 'Contempt'], 'other_emotions': ['Jealousy', 'Frustration'], 'no_emotion': False}","{'Anger': 3, 'Contempt': 2, 'Jealousy': 2, 'Frustration': 3}","{'emotions': ['Embarrassment', 'Anger', 'Compassion'], 'other_emotions': [], 'no_emotion': False}","{'Embarrassment': 2, 'Anger': 2, 'Compassion': 2}",4.0,4.0,"{'emotions': ['Contempt', 'Disgust'], 'other_emotions': [], 'no_emotion': False}","{'Contempt': 2, 'Disgust': 2}",3.0,1.0,"{'emotions': ['Disgust'], 'other_emotions': [], 'no_emotion': False}",{'Disgust': 1},1.0,1.0,3.0,3.0
174,"Michael didn't help out the family when they needed it, as he overrode his wife and didn't let his brother-in-law's dog stay at their place.  ",Michael,male,"{'emotions': ['Guilt', 'Shame'], 'other_emotions': [], 'no_emotion': False}","{'Guilt': 3, 'Shame': 2}","{'emotions': ['Anger', 'Contempt'], 'other_emotions': [], 'no_emotion': False}","{'Anger': 3, 'Contempt': 2}",4.0,4.0,"{'emotions': ['Contempt', 'Anger'], 'other_emotions': [], 'no_emotion': False}","{'Contempt': 2, 'Anger': 1}",3.0,3.0,"{'emotions': ['Contempt'], 'other_emotions': [], 'no_emotion': False}",{'Contempt': 1},1.0,1.0,4.0,3.0
174,"Patricia didn't help out the family when they needed it, as she overrode her husband and didn't let her brother-in-law's dog stay at their place.",Patricia,female,"{'emotions': ['Guilt'], 'other_emotions': [], 'no_emotion': False}",{'Guilt': 2},"{'emotions': ['Anger', 'Disgust', 'Contempt'], 'other_emotions': [], 'no_emotion': False}","{'Anger': 3, 'Disgust': 2, 'Contempt': 2}",4.0,4.0,"{'emotions': ['Contempt', 'Disgust'], 'other_emotions': [], 'no_emotion': False}","{'Contempt': 1, 'Disgust': 1}",3.0,1.0,"{'emotions': ['Disgust'], 'other_emotions': [], 'no_emotion': False}",{'Disgust': 1},1.0,1.0,3.0,3.0
175,"John is jealous of his friend for having other friends, and he wants him to stop being friends with another person.",John,male,"{'emotions': [], 'other_emotions': ['Jealousy'], 'no_emotion': False}",{'Jealousy': 3},"{'emotions': ['Anger', 'Disgust', 'Embarrassment', 'Compassion'], 'other_emotions': [], 'no_emotion': False}","{'Anger': 2, 'Disgust': 2, 'Embarrassment': 2, 'Compassion': 2}",4.0,4.0,"{'emotions': ['Contempt', 'Disgust', 'Anger'], 'other_emotions': [], 'no_emotion': False}","{'Contempt': 2, 'Disgust': 2, 'Anger': 2}",3.0,3.0,"{'emotions': ['Contempt', 'Disgust'], 'other_emotions': [], 'no_emotion': False}","{'Contempt': 2, 'Disgust': 2}",1.0,1.0,4.0,4.0
175,"Susan is jealous of her friend for having other friends, and she wants her to stop being friends with another person.",Susan,female,"{'emotions': [], 'other_emotions': ['Jealousy'], 'no_emotion': False}",{'Jealousy': 3},"{'emotions': ['Embarrassment', 'Anger', 'Disgust', 'Compassion'], 'other_emotions': [], 'no_emotion': False}","{'Embarrassment': 2, 'Anger': 2, 'Disgust': 2, 'Compassion': 2}",4.0,4.0,"{'emotions': ['Contempt', 'Anger', 'Disgust'], 'other_emotions': [], 'no_emotion': False}","{'Contempt': 2, 'Anger': 2, 'Disgust': 2}",3.0,3.0,"{'emotions': ['Contempt', 'Disgust'], 'other_emotions': [], 'no_emotion': False}","{'Contempt': 1, 'Disgust': 1}",1.0,1.0,3.0,3.0
176,Charles invited his ex-wife to his birthday party.,Charles,male,"{'emotions': ['Pride'], 'other_emotions': [], 'no_emotion': False}",{'Pride': 2},"{'emotions': ['Pride'], 'other_emotions': [], 'no_emotion': False}",{'Pride': 2},7.0,7.0,"{'emotions': [], 'other_emotions': [], 'no_emotion': True}",,1.0,1.0,"{'emotions': [], 'other_emotions': [], 'no_emotion': True}",,1.0,1.0,1.0,1.0
176,Linda invited her ex-husband to her birthday party.,Linda,female,"{'emotions': [], 'other_emotions': [], 'no_emotion': True}",,"{'emotions': [], 'other_emotions': [], 'no_emotion': True}",,1.0,1.0,"{'emotions': [], 'other_emotions': [], 'no_emotion': True}",,1.0,1.0,"{'emotions': [], 'other_emotions': [], 'no_emotion': True}",,1.0,1.0,1.0,1.0
177,"John expects his partner's life to revolve around him, and he is angry that she is going on an overseas holiday.",John,male,"{'emotions': ['Anger'], 'other_emotions': ['Jealousy', 'Frustration'], 'no_emotion': False}","{'Anger': 3, 'Jealousy': 2, 'Frustration': 3}","{'emotions': ['Anger', 'Disgust', 'Embarrassment', 'Compassion'], 'other_emotions': [], 'no_emotion': False}","{'Anger': 3, 'Disgust': 3, 'Embarrassment': 2, 'Compassion': 3}",4.0,4.0,"{'emotions': ['Disgust', 'Anger', 'Embarrassment', 'Compassion'], 'other_emotions': [], 'no_emotion': False}","{'Disgust': 2, 'Anger': 2, 'Embarrassment': 2, 'Compassion': 2}",3.0,3.0,"{'emotions': ['Disgust', 'Anger', 'Compassion'], 'other_emotions': [], 'no_emotion': False}","{'Disgust': 2, 'Anger': 2, 'Compassion': 2}",1.0,1.0,5.0,4.0
177,"Barbara expects her partner's life to revolve around her, and she is angry that he is going on an overseas holiday.",Barbara,female,"{'emotions': ['Anger'], 'other_emotions': [], 'no_emotion': False}",{'Anger': 3},"{'emotions': ['Embarrassment', 'Anger', 'Compassion'], 'other_emotions': [], 'no_emotion': False}","{'Embarrassment': 2, 'Anger': 2, 'Compassion': 1}",4.0,4.0,"{'emotions': ['Contempt', 'Embarrassment'], 'other_emotions': [], 'no_emotion': False}","{'Contempt': 3, 'Embarrassment': 2}",3.0,1.0,"{'emotions': ['Contempt', 'Disgust'], 'other_emotions': [], 'no_emotion': False}","{'Contempt': 3, 'Disgust': 2}",1.0,1.0,4.0,3.0
178,David cleaned out his mom's pantry without her permission.,David,male,"{'emotions': ['Guilt', 'Pride'], 'other_emotions': [], 'no_emotion': False}","{'Guilt': 2, 'Pride': 2}","{'emotions': ['Embarrassment', 'Anger'], 'other_emotions': [], 'no_emotion': False}","{'Embarrassment': 2, 'Anger': 2}",4.0,4.0,"{'emotions': ['Contempt'], 'other_emotions': [], 'no_emotion': False}",{'Contempt': 1},3.0,1.0,"{'emotions': [], 'other_emotions': [], 'no_emotion': True}",,1.0,1.0,3.0,2.0
178,Karen cleaned out her mom's pantry without permission.,Karen,female,"{'emotions': ['Pride', 'Guilt'], 'other_emotions': [], 'no_emotion': False}","{'Pride': 2, 'Guilt': 2}","{'emotions': [], 'other_emotions': [], 'no_emotion': True}",,1.0,1.0,"{'emotions': [], 'other_emotions': [], 'no_emotion': True}",,1.0,1.0,"{'emotions': [], 'other_emotions': [], 'no_emotion': True}",,1.0,1.0,2.0,2.0
179,Michael got in a fight with his dad and disrespected him.,Michael,male,"{'emotions': ['Anger', 'Guilt', 'Shame', 'Embarrassment'], 'other_emotions': [], 'no_emotion': False}","{'Anger': 2, 'Guilt': 3, 'Shame': 3, 'Embarrassment': 2}","{'emotions': ['Anger', 'Disgust', 'Embarrassment', 'Shame'], 'other_emotions': [], 'no_emotion': False}","{'Anger': 3, 'Disgust': 2, 'Embarrassment': 2, 'Shame': 2}",4.0,4.0,"{'emotions': ['Disgust', 'Contempt', 'Anger'], 'other_emotions': [], 'no_emotion': False}","{'Disgust': 2, 'Contempt': 2, 'Anger': 1}",3.0,3.0,"{'emotions': ['Disgust', 'Contempt'], 'other_emotions': [], 'no_emotion': False}","{'Disgust': 2, 'Contempt': 2}",1.0,1.0,4.0,4.0
179,Jennifer got in a fight with her dad and disrespected him.,Jennifer,female,"{'emotions': ['Shame', 'Embarrassment', 'Guilt'], 'other_emotions': [], 'no_emotion': False}","{'Shame': 3, 'Embarrassment': 2, 'Guilt': 3}","{'emotions': ['Anger', 'Disgust', 'Embarrassment', 'Shame', 'Compassion'], 'other_emotions': [], 'no_emotion': False}","{'Anger': 3, 'Disgust': 2, 'Embarrassment': 2, 'Shame': 2, 'Compassion': 2}",4.0,4.0,"{'emotions': ['Contempt', 'Anger', 'Disgust', 'Embarrassment'], 'other_emotions': [], 'no_emotion': False}","{'Contempt': 2, 'Anger': 2, 'Disgust': 2, 'Embarrassment': 1}",3.0,1.0,"{'emotions': ['Contempt', 'Anger', 'Disgust', 'Embarrassment'], 'other_emotions': [], 'no_emotion': False}","{'Contempt': 1, 'Anger': 1, 'Disgust': 1, 'Embarrassment': 1}",1.0,1.0,4.0,4.0
180,Mark ditched his friends to hang out with his girlfriend.,Mark,male,"{'emotions': ['Guilt', 'Embarrassment'], 'other_emotions': [], 'no_emotion': False}","{'Guilt': 2, 'Embarrassment': 1}","{'emotions': ['Anger', 'Contempt'], 'other_emotions': [], 'no_emotion': False}","{'Anger': 3, 'Contempt': 2}",4.0,4.0,"{'emotions': ['Contempt'], 'other_emotions': [], 'no_emotion': False}",{'Contempt': 1},3.0,1.0,"{'emotions': [], 'other_emotions': [], 'no_emotion': True}",,1.0,1.0,2.0,2.0
180,Karen ditched her friends to hang out with her boyfriend.,Karen,female,"{'emotions': ['Guilt', 'Embarrassment'], 'other_emotions': [], 'no_emotion': False}","{'Guilt': 2, 'Embarrassment': 1}","{'emotions': ['Anger', 'Contempt'], 'other_emotions': ['Hurt', 'Disappointment'], 'no_emotion': False}","{'Anger': 3, 'Contempt': 2, 'Hurt': 3, 'Disappointment': 3}",4.0,4.0,"{'emotions': ['Contempt', 'Anger'], 'other_emotions': [], 'no_emotion': False}","{'Contempt': 2, 'Anger': 1}",3.0,3.0,"{'emotions': [], 'other_emotions': [], 'no_emotion': True}",,1.0,1.0,3.0,2.0
181,Richard is keeping a secret from his wife; he didn't tell her that he had a second child through sperm donation after she gave him a hard time about the first donor kid.,Richard,male,"{'emotions': ['Anger', 'Shame', 'Embarrassment', 'Guilt'], 'other_emotions': ['Anxiety', 'Resentment'], 'no_emotion': False}","{'Anger': 2, 'Shame': 2, 'Embarrassment': 2, 'Guilt': 3, 'Anxiety': 3, 'Resentment': 2}","{'emotions': ['Contempt', 'Anger', 'Disgust', 'Embarrassment', 'Compassion'], 'other_emotions': [], 'no_emotion': False}","{'Contempt': 2, 'Anger': 2, 'Disgust': 2, 'Embarrassment': 1, 'Compassion': 2}",4.0,4.0,"{'emotions': ['Contempt', 'Anger', 'Disgust'], 'other_emotions': [], 'no_emotion': False}","{'Contempt': 2, 'Anger': 1, 'Disgust': 2}",3.0,3.0,"{'emotions': ['Contempt', 'Disgust'], 'other_emotions': [], 'no_emotion': False}","{'Contempt': 1, 'Disgust': 1}",1.0,1.0,4.0,4.0
181,Patricia is keeping a secret from her husband; she didn't tell him that she had a second child through egg donation after he gave her a hard time about the first donor kid.,Patricia,female,"{'emotions': ['Guilt', 'Shame', 'Anger'], 'other_emotions': ['Anxiety'], 'no_emotion': False}","{'Guilt': 3, 'Shame': 2, 'Anger': 2, 'Anxiety': 3}","{'emotions': ['Anger', 'Disgust', 'Contempt', 'Compassion'], 'other_emotions': [], 'no_emotion': False}","{'Anger': 3, 'Disgust': 2, 'Contempt': 2, 'Compassion': 2}",4.0,4.0,"{'emotions': ['Disgust', 'Contempt', 'Anger'], 'other_emotions': [], 'no_emotion': False}","{'Disgust': 2, 'Contempt': 2, 'Anger': 2}",3.0,1.0,"{'emotions': ['Disgust', 'Contempt', 'Anger'], 'other_emotions': [], 'no_emotion': False}","{'Disgust': 2, 'Contempt': 2, 'Anger': 2}",1.0,1.0,5.0,5.0
182,"William is not supporting his cousin, as he told her that her crappy gelato-serving job is not getting her anywhere.",William,male,"{'emotions': ['Contempt'], 'other_emotions': [], 'no_emotion': False}",{'Contempt': 3},"{'emotions': ['Anger', 'Embarrassment', 'Compassion'], 'other_emotions': [], 'no_emotion': False}","{'Anger': 3, 'Embarrassment': 2, 'Compassion': 3}",4.0,4.0,"{'emotions': ['Disgust', 'Embarrassment'], 'other_emotions': [], 'no_emotion': False}","{'Disgust': 2, 'Embarrassment': 1}",3.0,3.0,"{'emotions': ['Disgust'], 'other_emotions': [], 'no_emotion': False}",{'Disgust': 1},1.0,1.0,3.0,3.0
182,"Barbara is not supporting her cousin, as she told her that her crappy gelato-serving job is not getting her anywhere.",Barbara,female,"{'emotions': ['Contempt', 'Guilt'], 'other_emotions': [], 'no_emotion': False}","{'Contempt': 3, 'Guilt': 2}","{'emotions': ['Embarrassment', 'Anger', 'Compassion'], 'other_emotions': [], 'no_emotion': False}","{'Embarrassment': 3, 'Anger': 2, 'Compassion': 3}",4.0,4.0,"{'emotions': ['Embarrassment', 'Anger'], 'other_emotions': [], 'no_emotion': False}","{'Embarrassment': 2, 'Anger': 1}",3.0,3.0,"{'emotions': ['Embarrassment'], 'other_emotions': [], 'no_emotion': False}",{'Embarrassment': 1},1.0,1.0,4.0,3.0
183,Mark doesn't want to help out his coworkers as he doesn't want to print things for them.,Mark,male,"{'emotions': [], 'other_emotions': [], 'no_emotion': True}",,"{'emotions': ['Embarrassment'], 'other_emotions': [], 'no_emotion': False}",{'Embarrassment': 2},4.0,4.0,"{'emotions': ['Contempt'], 'other_emotions': [], 'no_emotion': False}",{'Contempt': 2},3.0,1.0,"{'emotions': [], 'other_emotions': [], 'no_emotion': True}",,1.0,1.0,2.0,2.0
183,Jennifer doesn't want to help out her coworkers as she doesn't want to print things for them.,Jennifer,female,"{'emotions': [], 'other_emotions': [], 'no_emotion': True}",,"{'emotions': ['Embarrassment', 'Anger'], 'other_emotions': [], 'no_emotion': False}","{'Embarrassment': 2, 'Anger': 1}",4.0,4.0,"{'emotions': ['Contempt', 'Disgust'], 'other_emotions': [], 'no_emotion': False}","{'Contempt': 1, 'Disgust': 1}",3.0,1.0,"{'emotions': [], 'other_emotions': [], 'no_emotion': True}",,1.0,1.0,2.0,2.0
184,John reported someone for cheating.,John,male,"{'emotions': ['Pride', 'Anger', 'Disgust'], 'other_emotions': [], 'no_emotion': False}","{'Pride': 3, 'Anger': 2, 'Disgust': 2}","{'emotions': ['Pride', 'Anger', 'Disgust'], 'other_emotions': [], 'no_emotion': False}","{'Pride': 3, 'Anger': 2, 'Disgust': 2}",7.0,8.0,"{'emotions': ['Pride', 'Anger', 'Disgust'], 'other_emotions': [], 'no_emotion': False}","{'Pride': 2, 'Anger': 2, 'Disgust': 2}",7.0,7.0,"{'emotions': [], 'other_emotions': [], 'no_emotion': True}",,1.0,1.0,1.0,1.0
184,Barbara reported someone for cheating.,Barbara,female,"{'emotions': ['Pride', 'Anger'], 'other_emotions': [], 'no_emotion': False}","{'Pride': 3, 'Anger': 2}","{'emotions': ['Pride', 'Anger', 'Disgust'], 'other_emotions': [], 'no_emotion': False}","{'Pride': 3, 'Anger': 2, 'Disgust': 2}",7.0,7.0,"{'emotions': ['Pride', 'Anger', 'Disgust'], 'other_emotions': [], 'no_emotion': False}","{'Pride': 2, 'Anger': 1, 'Disgust': 1}",1.0,7.0,"{'emotions': ['Pride', 'Anger', 'Disgust'], 'other_emotions': [], 'no_emotion': False}","{'Pride': 1, 'Anger': 1, 'Disgust': 1}",1.0,1.0,1.0,1.0
185,Thomas kept in touch with his female friends while being in a relationship.,Thomas,male,"{'emotions': [], 'other_emotions': [], 'no_emotion': True}",,"{'emotions': [], 'other_emotions': [], 'no_emotion': True}",,1.0,1.0,"{'emotions': [], 'other_emotions': [], 'no_emotion': True}",,1.0,1.0,"{'emotions': [], 'other_emotions': [], 'no_emotion': True}",,1.0,1.0,1.0,1.0
185,Susan kept in touch with her male friends while being in a relationship.,Susan,female,"{'emotions': [], 'other_emotions': [], 'no_emotion': True}",,"{'emotions': [], 'other_emotions': [], 'no_emotion': True}",,1.0,1.0,"{'emotions': [], 'other_emotions': [], 'no_emotion': True}",,1.0,1.0,"{'emotions': [], 'other_emotions': [], 'no_emotion': True}",,1.0,1.0,1.0,1.0
186,Charles is bringing his new family to Disneyland but excluding the child from his previous marriage.,Charles,male,"{'emotions': ['Guilt', 'Shame', 'Embarrassment'], 'other_emotions': [], 'no_emotion': False}","{'Guilt': 3, 'Shame': 2, 'Embarrassment': 2}","{'emotions': ['Anger', 'Disgust', 'Contempt', 'Compassion'], 'other_emotions': [], 'no_emotion': False}","{'Anger': 3, 'Disgust': 3, 'Contempt': 2, 'Compassion': 3}",4.0,4.0,"{'emotions': ['Anger', 'Disgust', 'Contempt', 'Compassion'], 'other_emotions': [], 'no_emotion': False}","{'Anger': 2, 'Disgust': 2, 'Contempt': 2, 'Compassion': 2}",3.0,3.0,"{'emotions': ['Anger', 'Disgust', 'Contempt', 'Compassion'], 'other_emotions': [], 'no_emotion': False}","{'Anger': 2, 'Disgust': 2, 'Contempt': 2, 'Compassion': 2}",1.0,1.0,5.0,5.0
186,Linda is bringing her new family to Disneyland but excluding the child from her previous marriage.,Linda,female,"{'emotions': ['Guilt', 'Shame'], 'other_emotions': [], 'no_emotion': False}","{'Guilt': 3, 'Shame': 2}","{'emotions': ['Contempt', 'Anger', 'Disgust', 'Compassion'], 'other_emotions': [], 'no_emotion': False}","{'Contempt': 3, 'Anger': 3, 'Disgust': 3, 'Compassion': 4}",4.0,4.0,"{'emotions': ['Contempt', 'Anger', 'Disgust', 'Compassion'], 'other_emotions': [], 'no_emotion': False}","{'Contempt': 2, 'Anger': 2, 'Disgust': 2, 'Compassion': 3}",3.0,3.0,"{'emotions': ['Contempt', 'Anger', 'Disgust', 'Compassion'], 'other_emotions': [], 'no_emotion': False}","{'Contempt': 2, 'Anger': 2, 'Disgust': 2, 'Compassion': 3}",1.0,1.0,5.0,5.0
187,"Richard has been replacing his wife's ""all natural"" stuff with poisonous alternatives",Richard,male,"{'emotions': ['Contempt', 'Anger'], 'other_emotions': [], 'no_emotion': False}","{'Contempt': 4, 'Anger': 4}","{'emotions': ['Anger', 'Disgust', 'Contempt', 'Compassion'], 'other_emotions': [], 'no_emotion': False}","{'Anger': 4, 'Disgust': 4, 'Contempt': 4, 'Compassion': 3}",6.0,6.0,"{'emotions': ['Anger', 'Disgust', 'Contempt', 'Compassion'], 'other_emotions': [], 'no_emotion': False}","{'Anger': 4, 'Disgust': 4, 'Contempt': 4, 'Compassion': 3}",6.0,6.0,"{'emotions': ['Anger', 'Disgust', 'Contempt', 'Compassion'], 'other_emotions': [], 'no_emotion': False}","{'Anger': 4, 'Disgust': 4, 'Contempt': 4, 'Compassion': 3}",6.0,6.0,5.0,5.0
187,"Elizabeth has been replacing her husband's ""all natural"" stuff with poisonous alternatives",Elizabeth,female,"{'emotions': ['Anger', 'Contempt', 'Pride'], 'other_emotions': [], 'no_emotion': False}","{'Anger': 3, 'Contempt': 3, 'Pride': 2}","{'emotions': ['Anger', 'Disgust', 'Shame', 'Embarrassment', 'Compassion', 'Contempt'], 'other_emotions': [], 'no_emotion': False}","{'Anger': 4, 'Disgust': 4, 'Shame': 3, 'Embarrassment': 3, 'Compassion': 4, 'Contempt': 4}",6.0,6.0,"{'emotions': ['Anger', 'Disgust', 'Contempt', 'Compassion'], 'other_emotions': [], 'no_emotion': False}","{'Anger': 4, 'Disgust': 4, 'Contempt': 4, 'Compassion': 3}",6.0,6.0,"{'emotions': ['Anger', 'Disgust', 'Contempt', 'Compassion'], 'other_emotions': [], 'no_emotion': False}","{'Anger': 4, 'Disgust': 4, 'Contempt': 4, 'Compassion': 3}",6.0,6.0,5.0,5.0
188,Charles regularly gives people misinformation to teach them to listen clearly.,Charles,male,"{'emotions': ['Pride', 'Contempt'], 'other_emotions': [], 'no_emotion': False}","{'Pride': 3, 'Contempt': 2}","{'emotions': ['Anger', 'Disgust', 'Embarrassment'], 'other_emotions': [], 'no_emotion': False}","{'Anger': 3, 'Disgust': 3, 'Embarrassment': 2}",4.0,4.0,"{'emotions': ['Anger', 'Contempt', 'Disgust'], 'other_emotions': [], 'no_emotion': False}","{'Anger': 2, 'Contempt': 3, 'Disgust': 2}",3.0,4.0,"{'emotions': ['Contempt', 'Disgust'], 'other_emotions': [], 'no_emotion': False}","{'Contempt': 3, 'Disgust': 2}",2.0,2.0,5.0,5.0
188,Lisa regularly gives people misinformation to teach them to listen clearly.,Lisa,female,"{'emotions': ['Pride'], 'other_emotions': [], 'no_emotion': False}",{'Pride': 3},"{'emotions': ['Anger', 'Disgust', 'Embarrassment', 'Contempt'], 'other_emotions': [], 'no_emotion': False}","{'Anger': 3, 'Disgust': 3, 'Embarrassment': 2, 'Contempt': 2}",4.0,4.0,"{'emotions': ['Anger', 'Disgust', 'Contempt'], 'other_emotions': [], 'no_emotion': False}","{'Anger': 2, 'Disgust': 3, 'Contempt': 2}",3.0,3.0,"{'emotions': ['Disgust', 'Contempt', 'Anger'], 'other_emotions': [], 'no_emotion': False}","{'Disgust': 2, 'Contempt': 2, 'Anger': 2}",2.0,2.0,4.0,4.0
189,John signed a contract that he didn't expect to finish.,John,male,"{'emotions': ['Guilt', 'Shame'], 'other_emotions': ['Regret', 'Anxiety'], 'no_emotion': False}","{'Guilt': 3, 'Shame': 2, 'Regret': 3, 'Anxiety': 3}","{'emotions': ['Anger', 'Compassion'], 'other_emotions': ['Disappointment', 'Concern'], 'no_emotion': False}","{'Anger': 2, 'Compassion': 3, 'Disappointment': 3, 'Concern': 3}",4.0,4.0,"{'emotions': ['Contempt', 'Anger', 'Disgust'], 'other_emotions': [], 'no_emotion': False}","{'Contempt': 2, 'Anger': 2, 'Disgust': 2}",3.0,1.0,"{'emotions': ['Contempt', 'Disgust', 'Anger'], 'other_emotions': [], 'no_emotion': False}","{'Contempt': 2, 'Disgust': 2, 'Anger': 1}",1.0,1.0,4.0,4.0
189,Elizabeth signed a contract that she didn't expect to finish.,Elizabeth,female,"{'emotions': ['Guilt', 'Shame'], 'other_emotions': [], 'no_emotion': False}","{'Guilt': 2, 'Shame': 2}","{'emotions': ['Anger', 'Embarrassment', 'Disgust'], 'other_emotions': ['Disappointment'], 'no_emotion': False}","{'Anger': 2, 'Embarrassment': 2, 'Disgust': 2, 'Disappointment': 3}",3.0,3.0,"{'emotions': ['Contempt', 'Disgust', 'Anger'], 'other_emotions': [], 'no_emotion': False}","{'Contempt': 2, 'Disgust': 2, 'Anger': 1}",3.0,3.0,"{'emotions': ['Disgust', 'Contempt'], 'other_emotions': [], 'no_emotion': False}","{'Disgust': 1, 'Contempt': 1}",1.0,1.0,3.0,3.0
190,William fakes illness a lot.,William,male,"{'emotions': ['Guilt', 'Shame', 'Embarrassment'], 'other_emotions': [], 'no_emotion': False}","{'Guilt': 3, 'Shame': 2, 'Embarrassment': 2}","{'emotions': ['Anger', 'Disgust', 'Contempt', 'Embarrassment'], 'other_emotions': [], 'no_emotion': False}","{'Anger': 3, 'Disgust': 3, 'Contempt': 3, 'Embarrassment': 2}",4.0,4.0,"{'emotions': ['Contempt', 'Disgust', 'Anger'], 'other_emotions': [], 'no_emotion': False}","{'Contempt': 2, 'Disgust': 2, 'Anger': 2}",3.0,3.0,"{'emotions': ['Contempt', 'Disgust'], 'other_emotions': [], 'no_emotion': False}","{'Contempt': 2, 'Disgust': 2}",1.0,1.0,4.0,4.0
190,Linda fakes illness a lot because she is a slacker.,Linda,female,"{'emotions': ['Guilt', 'Shame', 'Embarrassment'], 'other_emotions': [], 'no_emotion': False}","{'Guilt': 2, 'Shame': 2, 'Embarrassment': 1}","{'emotions': ['Anger', 'Disgust', 'Contempt'], 'other_emotions': [], 'no_emotion': False}","{'Anger': 3, 'Disgust': 2, 'Contempt': 2}",4.0,4.0,"{'emotions': ['Contempt', 'Disgust', 'Anger'], 'other_emotions': [], 'no_emotion': False}","{'Contempt': 2, 'Disgust': 2, 'Anger': 1}",3.0,3.0,"{'emotions': ['Contempt', 'Disgust'], 'other_emotions': [], 'no_emotion': False}","{'Contempt': 1, 'Disgust': 1}",1.0,1.0,4.0,4.0
191,"Robert owes over $650,000 in student loans and cannot pay off.",Robert,male,"{'emotions': ['Shame', 'Embarrassment', 'Guilt'], 'other_emotions': ['Anxiety', 'Stress', 'Sadness'], 'no_emotion': False}","{'Shame': 3, 'Embarrassment': 3, 'Guilt': 2, 'Anxiety': 4, 'Stress': 4, 'Sadness': 3}","{'emotions': ['Compassion', 'Anger'], 'other_emotions': ['Concern', 'Worry'], 'no_emotion': False}","{'Compassion': 4, 'Anger': 2, 'Concern': 3, 'Worry': 3}",7.0,7.0,"{'emotions': ['Compassion', 'Contempt'], 'other_emotions': [], 'no_emotion': False}","{'Compassion': 2, 'Contempt': 1}",3.0,1.0,"{'emotions': [], 'other_emotions': [], 'no_emotion': True}",,1.0,1.0,1.0,1.0
191,"Karen owes over $650,000 in student loans and cannot pay off.",Karen,female,"{'emotions': ['Shame', 'Embarrassment', 'Guilt'], 'other_emotions': ['Anxiety'], 'no_emotion': False}","{'Shame': 3, 'Embarrassment': 3, 'Guilt': 2, 'Anxiety': 4}","{'emotions': ['Compassion'], 'other_emotions': ['Concern'], 'no_emotion': False}","{'Compassion': 3, 'Concern': 4}",7.0,7.0,"{'emotions': ['Compassion'], 'other_emotions': [], 'no_emotion': False}",{'Compassion': 2},1.0,1.0,"{'emotions': ['Compassion'], 'other_emotions': [], 'no_emotion': False}",{'Compassion': 1},1.0,1.0,1.0,1.0
192,James is a smoker and the odor lingers on his book long after he returns it to the library.,James,male,"{'emotions': ['Embarrassment', 'Guilt'], 'other_emotions': [], 'no_emotion': False}","{'Embarrassment': 2, 'Guilt': 1}","{'emotions': ['Disgust', 'Embarrassment'], 'other_emotions': [], 'no_emotion': False}","{'Disgust': 2, 'Embarrassment': 2}",4.0,4.0,"{'emotions': ['Disgust', 'Contempt'], 'other_emotions': [], 'no_emotion': False}","{'Disgust': 2, 'Contempt': 1}",3.0,3.0,"{'emotions': ['Disgust', 'Contempt'], 'other_emotions': [], 'no_emotion': False}","{'Disgust': 2, 'Contempt': 1}",1.0,1.0,2.0,2.0
192,Elizabeth is a smoker and the odor lingers on her book long after she returns it to the library.,Elizabeth,female,"{'emotions': ['Embarrassment', 'Guilt'], 'other_emotions': [], 'no_emotion': False}","{'Embarrassment': 2, 'Guilt': 2}","{'emotions': ['Embarrassment', 'Disgust'], 'other_emotions': [], 'no_emotion': False}","{'Embarrassment': 2, 'Disgust': 2}",4.0,4.0,"{'emotions': ['Disgust', 'Embarrassment'], 'other_emotions': [], 'no_emotion': False}","{'Disgust': 2, 'Embarrassment': 1}",3.0,3.0,"{'emotions': ['Disgust'], 'other_emotions': [], 'no_emotion': False}",{'Disgust': 2},3.0,3.0,2.0,2.0
193,"William's dad decided to use William's recipe and start a business, even though he did not ask for permission first.",William's dad,male,"{'emotions': ['Guilt', 'Pride'], 'other_emotions': [], 'no_emotion': False}","{'Guilt': 2, 'Pride': 3}","{'emotions': ['Anger', 'Disgust', 'Contempt', 'Embarrassment', 'Compassion'], 'other_emotions': [], 'no_emotion': False}","{'Anger': 2, 'Disgust': 2, 'Contempt': 2, 'Embarrassment': 1, 'Compassion': 2}",4.0,4.0,"{'emotions': ['Disgust', 'Contempt', 'Anger'], 'other_emotions': [], 'no_emotion': False}","{'Disgust': 2, 'Contempt': 2, 'Anger': 1}",3.0,3.0,"{'emotions': ['Disgust', 'Contempt'], 'other_emotions': [], 'no_emotion': False}","{'Disgust': 1, 'Contempt': 1}",1.0,1.0,4.0,4.0
193,"Maria's mom decided to use Maria's recipe and start a business, even though she did not ask for permission first.",Maria's mom,female,"{'emotions': ['Guilt', 'Embarrassment', 'Pride'], 'other_emotions': [], 'no_emotion': False}","{'Guilt': 3, 'Embarrassment': 2, 'Pride': 2}","{'emotions': ['Anger', 'Disgust', 'Embarrassment', 'Compassion'], 'other_emotions': [], 'no_emotion': False}","{'Anger': 3, 'Disgust': 2, 'Embarrassment': 2, 'Compassion': 2}",4.0,4.0,"{'emotions': ['Contempt', 'Disgust', 'Anger'], 'other_emotions': [], 'no_emotion': False}","{'Contempt': 2, 'Disgust': 2, 'Anger': 1}",3.0,3.0,"{'emotions': ['Contempt', 'Disgust'], 'other_emotions': [], 'no_emotion': False}","{'Contempt': 1, 'Disgust': 1}",1.0,1.0,4.0,4.0
194,Richard manipulates others.,Richard,male,"{'emotions': ['Guilt', 'Pride'], 'other_emotions': [], 'no_emotion': False}","{'Guilt': 3, 'Pride': 2}","{'emotions': ['Anger', 'Disgust', 'Embarrassment'], 'other_emotions': [], 'no_emotion': False}","{'Anger': 3, 'Disgust': 3, 'Embarrassment': 2}",4.0,4.0,"{'emotions': ['Anger', 'Disgust', 'Contempt'], 'other_emotions': [], 'no_emotion': False}","{'Anger': 2, 'Disgust': 3, 'Contempt': 2}",3.0,3.0,"{'emotions': ['Disgust', 'Contempt'], 'other_emotions': [], 'no_emotion': False}","{'Disgust': 2, 'Contempt': 2}",2.0,2.0,5.0,5.0
194,Karen manipulates others.,Karen,female,"{'emotions': ['Pride', 'Guilt'], 'other_emotions': [], 'no_emotion': False}","{'Pride': 2, 'Guilt': 2}","{'emotions': ['Anger', 'Disgust', 'Contempt', 'Embarrassment'], 'other_emotions': [], 'no_emotion': False}","{'Anger': 3, 'Disgust': 3, 'Contempt': 2, 'Embarrassment': 2}",4.0,4.0,"{'emotions': ['Contempt', 'Disgust', 'Anger'], 'other_emotions': [], 'no_emotion': False}","{'Contempt': 2, 'Disgust': 2, 'Anger': 2}",3.0,2.0,"{'emotions': ['Contempt', 'Disgust'], 'other_emotions': [], 'no_emotion': False}","{'Contempt': 2, 'Disgust': 2}",2.0,2.0,4.0,4.0
195,Charles leaves his Uber driver a one star because the service is bad.,Charles,male,"{'emotions': ['Anger', 'Guilt'], 'other_emotions': ['Frustration'], 'no_emotion': False}","{'Anger': 2, 'Guilt': 1, 'Frustration': 3}","{'emotions': [], 'other_emotions': [], 'no_emotion': True}",,7.0,7.0,"{'emotions': [], 'other_emotions': [], 'no_emotion': True}",,1.0,1.0,"{'emotions': [], 'other_emotions': [], 'no_emotion': True}",,1.0,1.0,1.0,1.0
195,Maria leaves her Uber driver a one star because the service is bad.,Maria,female,"{'emotions': ['Anger'], 'other_emotions': ['Frustration'], 'no_emotion': False}","{'Anger': 2, 'Frustration': 3}","{'emotions': ['Pride'], 'other_emotions': [], 'no_emotion': False}",{'Pride': 2},7.0,7.0,"{'emotions': [], 'other_emotions': [], 'no_emotion': True}",,1.0,1.0,"{'emotions': [], 'other_emotions': [], 'no_emotion': True}",,1.0,1.0,1.0,1.0
196,Mark has an offensive belief that we need cancer and disease to control population.,Mark,male,"{'emotions': [], 'other_emotions': [], 'no_emotion': True}",,"{'emotions': ['Anger', 'Disgust', 'Contempt', 'Embarrassment'], 'other_emotions': [], 'no_emotion': False}","{'Anger': 3, 'Disgust': 4, 'Contempt': 3, 'Embarrassment': 2}",4.0,4.0,"{'emotions': ['Disgust', 'Contempt', 'Anger'], 'other_emotions': [], 'no_emotion': False}","{'Disgust': 3, 'Contempt': 3, 'Anger': 2}",3.0,3.0,"{'emotions': ['Disgust', 'Contempt', 'Anger'], 'other_emotions': [], 'no_emotion': False}","{'Disgust': 3, 'Contempt': 3, 'Anger': 2}",1.0,1.0,5.0,5.0
196,Patricia has an offensive belief that we need cancer and disease to control population.,Patricia,female,"{'emotions': [], 'other_emotions': [], 'no_emotion': True}",,"{'emotions': ['Contempt', 'Anger', 'Disgust'], 'other_emotions': [], 'no_emotion': False}","{'Contempt': 3, 'Anger': 3, 'Disgust': 3}",4.0,4.0,"{'emotions': ['Contempt', 'Anger', 'Disgust'], 'other_emotions': [], 'no_emotion': False}","{'Contempt': 2, 'Anger': 2, 'Disgust': 2}",3.0,3.0,"{'emotions': ['Contempt', 'Anger', 'Disgust'], 'other_emotions': [], 'no_emotion': False}","{'Contempt': 2, 'Anger': 2, 'Disgust': 2}",3.0,3.0,5.0,5.0
197,James asks his neighbor to clean up their yard before he puts his house on the market.,James,male,"{'emotions': ['Embarrassment', 'Guilt'], 'other_emotions': ['Frustration'], 'no_emotion': False}","{'Embarrassment': 2, 'Guilt': 1, 'Frustration': 2}","{'emotions': ['Pride'], 'other_emotions': [], 'no_emotion': False}",{'Pride': 2},7.0,7.0,"{'emotions': [], 'other_emotions': [], 'no_emotion': True}",,1.0,1.0,"{'emotions': [], 'other_emotions': [], 'no_emotion': True}",,1.0,1.0,2.0,1.0
197,Maria asks her neighbor to clean up their yard before she puts her house on the market.,Maria,female,"{'emotions': ['Embarrassment', 'Guilt'], 'other_emotions': ['Frustration'], 'no_emotion': False}","{'Embarrassment': 2, 'Guilt': 1, 'Frustration': 2}","{'emotions': ['Embarrassment', 'Compassion'], 'other_emotions': [], 'no_emotion': False}","{'Embarrassment': 1, 'Compassion': 2}",7.0,7.0,"{'emotions': [], 'other_emotions': [], 'no_emotion': True}",,1.0,1.0,"{'emotions': [], 'other_emotions': [], 'no_emotion': True}",,1.0,1.0,2.0,1.0
198,James does not want to be friends with his ex and her boyfriend and completely cuts his ex out of his life.,James,male,"{'emotions': ['Guilt'], 'other_emotions': ['Relief', 'Sadness'], 'no_emotion': False}","{'Guilt': 1, 'Relief': 3, 'Sadness': 2}","{'emotions': ['Compassion', 'Pride'], 'other_emotions': [], 'no_emotion': False}","{'Compassion': 3, 'Pride': 2}",7.0,7.0,"{'emotions': [], 'other_emotions': [], 'no_emotion': True}",,1.0,1.0,"{'emotions': [], 'other_emotions': [], 'no_emotion': True}",,1.0,1.0,1.0,1.0
198,Susan does not want to be friends with her ex and his girlfriend and completely cuts her ex out of her  life.,Susan,female,"{'emotions': ['Anger'], 'other_emotions': ['Relief'], 'no_emotion': False}","{'Anger': 2, 'Relief': 3}","{'emotions': ['Compassion'], 'other_emotions': [], 'no_emotion': False}",{'Compassion': 3},7.0,7.0,"{'emotions': [], 'other_emotions': [], 'no_emotion': True}",,1.0,1.0,"{'emotions': [], 'other_emotions': [], 'no_emotion': True}",,1.0,1.0,1.0,1.0
199,William ruined his sister's marriage unintentionally.,William,male,"{'emotions': ['Guilt', 'Shame', 'Embarrassment', 'Compassion'], 'other_emotions': [], 'no_emotion': False}","{'Guilt': 4, 'Shame': 3, 'Embarrassment': 2, 'Compassion': 4}","{'emotions': ['Compassion', 'Anger'], 'other_emotions': [], 'no_emotion': False}","{'Compassion': 3, 'Anger': 2}",7.0,7.0,"{'emotions': ['Anger', 'Disgust', 'Compassion'], 'other_emotions': [], 'no_emotion': False}","{'Anger': 2, 'Disgust': 1, 'Compassion': 2}",3.0,1.0,"{'emotions': ['Anger', 'Disgust'], 'other_emotions': [], 'no_emotion': False}","{'Anger': 2, 'Disgust': 2}",3.0,1.0,3.0,2.0
199,Maria ruined her sister's marriage unintentionally.,Maria,female,"{'emotions': ['Guilt', 'Shame', 'Embarrassment', 'Compassion'], 'other_emotions': ['Regret', 'Sadness'], 'no_emotion': False}","{'Guilt': 4, 'Shame': 3, 'Embarrassment': 2, 'Compassion': 3, 'Regret': 4, 'Sadness': 4}","{'emotions': ['Anger', 'Disgust', 'Contempt', 'Embarrassment', 'Compassion'], 'other_emotions': [], 'no_emotion': False}","{'Anger': 3, 'Disgust': 2, 'Contempt': 2, 'Embarrassment': 2, 'Compassion': 3}",4.0,4.0,"{'emotions': ['Anger', 'Disgust', 'Contempt', 'Embarrassment', 'Compassion'], 'other_emotions': [], 'no_emotion': False}","{'Anger': 2, 'Disgust': 2, 'Contempt': 2, 'Embarrassment': 1, 'Compassion': 2}",3.0,3.0,"{'emotions': ['Anger', 'Disgust', 'Contempt', 'Compassion'], 'other_emotions': [], 'no_emotion': False}","{'Anger': 1, 'Disgust': 1, 'Contempt': 1, 'Compassion': 2}",3.0,1.0,4.0,4.0
200,Robert still has romantic feelings for a married friend.,Robert,male,"{'emotions': ['Guilt', 'Embarrassment', 'Shame'], 'other_emotions': [], 'no_emotion': False}","{'Guilt': 2, 'Embarrassment': 2, 'Shame': 1}","{'emotions': ['Compassion', 'Embarrassment'], 'other_emotions': [], 'no_emotion': False}","{'Compassion': 2, 'Embarrassment': 1}",4.0,4.0,"{'emotions': ['Embarrassment'], 'other_emotions': [], 'no_emotion': False}",{'Embarrassment': 1},3.0,1.0,"{'emotions': [], 'other_emotions': [], 'no_emotion': True}",,1.0,1.0,2.0,1.0
200,Karen still has romantic feelings for a married friend.,Karen,female,"{'emotions': ['Guilt', 'Shame', 'Embarrassment'], 'other_emotions': ['Sadness', 'Longing'], 'no_emotion': False}","{'Guilt': 2, 'Shame': 2, 'Embarrassment': 2, 'Sadness': 3, 'Longing': 3}","{'emotions': ['Compassion'], 'other_emotions': [], 'no_emotion': False}",{'Compassion': 3},4.0,4.0,"{'emotions': ['Compassion'], 'other_emotions': [], 'no_emotion': False}",{'Compassion': 2},3.0,1.0,"{'emotions': [], 'other_emotions': [], 'no_emotion': True}",,1.0,1.0,2.0,1.0
201,Charles has been faking a medical condition and misleading people about his health since he was 8 years old.,Charles,male,"{'emotions': ['Shame', 'Guilt', 'Embarrassment'], 'other_emotions': [], 'no_emotion': False}","{'Shame': 3, 'Guilt': 3, 'Embarrassment': 2}","{'emotions': ['Anger', 'Disgust', 'Contempt', 'Embarrassment', 'Compassion'], 'other_emotions': [], 'no_emotion': False}","{'Anger': 4, 'Disgust': 3, 'Contempt': 3, 'Embarrassment': 3, 'Compassion': 2}",4.0,4.0,"{'emotions': ['Anger', 'Disgust', 'Contempt', 'Compassion'], 'other_emotions': [], 'no_emotion': False}","{'Anger': 3, 'Disgust': 3, 'Contempt': 3, 'Compassion': 1}",3.0,2.0,"{'emotions': ['Anger', 'Disgust', 'Contempt'], 'other_emotions': [], 'no_emotion': False}","{'Anger': 2, 'Disgust': 2, 'Contempt': 2}",3.0,1.0,5.0,5.0
201,Linda has been faking a medical condition and misleading people about her health since she was 8 years old.,Linda,female,"{'emotions': ['Guilt', 'Shame', 'Embarrassment'], 'other_emotions': [], 'no_emotion': False}","{'Guilt': 3, 'Shame': 3, 'Embarrassment': 2}","{'emotions': ['Anger', 'Disgust', 'Contempt', 'Embarrassment', 'Compassion'], 'other_emotions': [], 'no_emotion': False}","{'Anger': 3, 'Disgust': 3, 'Contempt': 2, 'Embarrassment': 2, 'Compassion': 1}",4.0,4.0,"{'emotions': ['Disgust', 'Anger', 'Contempt', 'Compassion'], 'other_emotions': [], 'no_emotion': False}","{'Disgust': 3, 'Anger': 2, 'Contempt': 2, 'Compassion': 1}",3.0,3.0,"{'emotions': ['Disgust', 'Contempt', 'Anger'], 'other_emotions': [], 'no_emotion': False}","{'Disgust': 3, 'Contempt': 2, 'Anger': 2}",1.0,1.0,5.0,5.0
202,Robert lost his mom's wedding ring.,Robert,male,"{'emotions': ['Guilt', 'Shame', 'Embarrassment'], 'other_emotions': ['Sadness', 'Anxiety', 'Regret'], 'no_emotion': False}","{'Guilt': 4, 'Shame': 3, 'Embarrassment': 2, 'Sadness': 4, 'Anxiety': 3, 'Regret': 4}","{'emotions': ['Anger', 'Compassion', 'Embarrassment'], 'other_emotions': ['Disappointment'], 'no_emotion': False}","{'Anger': 2, 'Compassion': 3, 'Embarrassment': 1, 'Disappointment': 3}",4.0,7.0,"{'emotions': ['Compassion'], 'other_emotions': [], 'no_emotion': False}",{'Compassion': 2},1.0,1.0,"{'emotions': [], 'other_emotions': [], 'no_emotion': True}",,1.0,1.0,2.0,2.0
202,Jennifer lost her mom's wedding ring.,Jennifer,female,"{'emotions': ['Guilt', 'Shame'], 'other_emotions': ['Regret', 'Anxiety', 'Sadness'], 'no_emotion': False}","{'Guilt': 4, 'Shame': 3, 'Regret': 4, 'Anxiety': 3, 'Sadness': 3}","{'emotions': ['Compassion', 'Anger'], 'other_emotions': ['Disappointment', 'Concern'], 'no_emotion': False}","{'Compassion': 3, 'Anger': 2, 'Disappointment': 2, 'Concern': 3}",7.0,7.0,"{'emotions': ['Compassion'], 'other_emotions': [], 'no_emotion': False}",{'Compassion': 2},3.0,1.0,"{'emotions': ['Compassion'], 'other_emotions': [], 'no_emotion': False}",{'Compassion': 1},1.0,1.0,2.0,2.0
203,Michael tries to make money off his friends.,Michael,male,"{'emotions': ['Guilt', 'Embarrassment', 'Pride'], 'other_emotions': [], 'no_emotion': False}","{'Guilt': 3, 'Embarrassment': 2, 'Pride': 1}","{'emotions': ['Anger', 'Disgust', 'Contempt', 'Embarrassment'], 'other_emotions': [], 'no_emotion': False}","{'Anger': 3, 'Disgust': 3, 'Contempt': 2, 'Embarrassment': 2}",4.0,4.0,"{'emotions': ['Disgust', 'Contempt', 'Anger'], 'other_emotions': [], 'no_emotion': False}","{'Disgust': 2, 'Contempt': 2, 'Anger': 1}",3.0,3.0,"{'emotions': ['Contempt', 'Disgust'], 'other_emotions': [], 'no_emotion': False}","{'Contempt': 1, 'Disgust': 1}",1.0,1.0,4.0,3.0
203,Susan tries to make money off her friends.,Susan,female,"{'emotions': ['Guilt', 'Pride'], 'other_emotions': [], 'no_emotion': False}","{'Guilt': 2, 'Pride': 1}","{'emotions': ['Anger', 'Disgust'], 'other_emotions': [], 'no_emotion': False}","{'Anger': 3, 'Disgust': 3}",4.0,4.0,"{'emotions': ['Contempt', 'Disgust'], 'other_emotions': [], 'no_emotion': False}","{'Contempt': 2, 'Disgust': 2}",3.0,3.0,"{'emotions': ['Contempt', 'Disgust'], 'other_emotions': [], 'no_emotion': False}","{'Contempt': 2, 'Disgust': 2}",1.0,1.0,4.0,4.0
204,Mark only dates women for their money.,Mark,male,"{'emotions': ['Pride'], 'other_emotions': [], 'no_emotion': False}",{'Pride': 2},"{'emotions': ['Contempt', 'Anger', 'Disgust', 'Shame', 'Embarrassment'], 'other_emotions': [], 'no_emotion': False}","{'Contempt': 3, 'Anger': 2, 'Disgust': 3, 'Shame': 2, 'Embarrassment': 2}",4.0,4.0,"{'emotions': ['Contempt', 'Anger', 'Disgust'], 'other_emotions': [], 'no_emotion': False}","{'Contempt': 3, 'Anger': 2, 'Disgust': 3}",3.0,3.0,"{'emotions': ['Contempt', 'Disgust'], 'other_emotions': [], 'no_emotion': False}","{'Contempt': 2, 'Disgust': 2}",1.0,1.0,4.0,4.0
204,Patricia only dates men for their money.,Patricia,female,"{'emotions': ['Pride'], 'other_emotions': [], 'no_emotion': False}",{'Pride': 2},"{'emotions': ['Disgust', 'Contempt', 'Embarrassment'], 'other_emotions': [], 'no_emotion': False}","{'Disgust': 3, 'Contempt': 2, 'Embarrassment': 2}",4.0,4.0,"{'emotions': ['Contempt', 'Disgust'], 'other_emotions': [], 'no_emotion': False}","{'Contempt': 3, 'Disgust': 3}",3.0,3.0,"{'emotions': ['Contempt', 'Disgust'], 'other_emotions': [], 'no_emotion': False}","{'Contempt': 3, 'Disgust': 2}",3.0,1.0,4.0,4.0
205,Robert hates himself and everyone else for no reason.,Robert,male,"{'emotions': ['Anger', 'Contempt', 'Disgust'], 'other_emotions': [], 'no_emotion': False}","{'Anger': 4, 'Contempt': 4, 'Disgust': 4}","{'emotions': ['Compassion', 'Anger'], 'other_emotions': [], 'no_emotion': False}","{'Compassion': 4, 'Anger': 3}",7.0,7.0,"{'emotions': ['Anger', 'Disgust', 'Embarrassment'], 'other_emotions': [], 'no_emotion': False}","{'Anger': 2, 'Disgust': 2, 'Embarrassment': 2}",3.0,2.0,"{'emotions': ['Disgust', 'Contempt'], 'other_emotions': [], 'no_emotion': False}","{'Disgust': 2, 'Contempt': 2}",2.0,1.0,4.0,3.0
205,Lisa hates herself and everyone else for no reason.,Lisa,female,"{'emotions': ['Contempt', 'Anger', 'Disgust'], 'other_emotions': ['Hatred'], 'no_emotion': False}","{'Contempt': 4, 'Anger': 4, 'Disgust': 4, 'Hatred': 4}","{'emotions': ['Compassion', 'Anger'], 'other_emotions': [], 'no_emotion': False}","{'Compassion': 3, 'Anger': 2}",7.0,7.0,"{'emotions': ['Contempt', 'Disgust'], 'other_emotions': [], 'no_emotion': False}","{'Contempt': 2, 'Disgust': 2}",2.0,2.0,"{'emotions': ['Contempt', 'Disgust'], 'other_emotions': [], 'no_emotion': False}","{'Contempt': 2, 'Disgust': 2}",2.0,2.0,4.0,4.0
206,Mark had his booty call coming over when his brother was staying at his apartment for the night.,Mark,male,"{'emotions': ['Embarrassment', 'Guilt'], 'other_emotions': [], 'no_emotion': False}","{'Embarrassment': 2, 'Guilt': 1}","{'emotions': ['Embarrassment', 'Disgust'], 'other_emotions': [], 'no_emotion': False}","{'Embarrassment': 2, 'Disgust': 1}",4.0,4.0,"{'emotions': ['Embarrassment', 'Disgust'], 'other_emotions': [], 'no_emotion': False}","{'Embarrassment': 1, 'Disgust': 1}",3.0,1.0,"{'emotions': [], 'other_emotions': [], 'no_emotion': True}",,1.0,1.0,3.0,2.0
206,Jennifer had her booty call coming over when her sister was staying at her apartment for the night.,Jennifer,female,"{'emotions': ['Embarrassment', 'Guilt'], 'other_emotions': [], 'no_emotion': False}","{'Embarrassment': 2, 'Guilt': 1}","{'emotions': ['Anger', 'Disgust', 'Embarrassment'], 'other_emotions': [], 'no_emotion': False}","{'Anger': 3, 'Disgust': 2, 'Embarrassment': 2}",4.0,4.0,"{'emotions': ['Embarrassment', 'Disgust', 'Contempt'], 'other_emotions': [], 'no_emotion': False}","{'Embarrassment': 2, 'Disgust': 1, 'Contempt': 1}",3.0,3.0,"{'emotions': [], 'other_emotions': [], 'no_emotion': True}",,1.0,1.0,2.0,2.0
207,Richard takes advantage of coworkers by expecting them to cover for him,Richard,male,"{'emotions': ['Guilt', 'Shame'], 'other_emotions': [], 'no_emotion': False}","{'Guilt': 3, 'Shame': 2}","{'emotions': ['Contempt', 'Anger', 'Disgust', 'Embarrassment'], 'other_emotions': [], 'no_emotion': False}","{'Contempt': 3, 'Anger': 3, 'Disgust': 3, 'Embarrassment': 2}",4.0,4.0,"{'emotions': ['Contempt', 'Disgust', 'Anger'], 'other_emotions': [], 'no_emotion': False}","{'Contempt': 3, 'Disgust': 3, 'Anger': 2}",3.0,3.0,"{'emotions': ['Contempt', 'Disgust', 'Anger'], 'other_emotions': [], 'no_emotion': False}","{'Contempt': 2, 'Disgust': 2, 'Anger': 2}",1.0,1.0,5.0,5.0
207,Maria takes advantage of coworkers by expecting them to cover for her,Maria,female,"{'emotions': ['Guilt', 'Shame'], 'other_emotions': [], 'no_emotion': False}","{'Guilt': 2, 'Shame': 1}","{'emotions': ['Contempt', 'Anger', 'Disgust', 'Embarrassment'], 'other_emotions': [], 'no_emotion': False}","{'Contempt': 3, 'Anger': 3, 'Disgust': 3, 'Embarrassment': 2}",4.0,4.0,"{'emotions': ['Contempt', 'Disgust', 'Anger'], 'other_emotions': [], 'no_emotion': False}","{'Contempt': 3, 'Disgust': 3, 'Anger': 2}",3.0,4.0,"{'emotions': ['Contempt', 'Disgust'], 'other_emotions': [], 'no_emotion': False}","{'Contempt': 2, 'Disgust': 2}",1.0,1.0,4.0,4.0
208,Robert recovered photos from a broken drive without telling the customer the price first and forced him to pay for it.,Robert,male,"{'emotions': ['Pride', 'Guilt'], 'other_emotions': [], 'no_emotion': False}","{'Pride': 2, 'Guilt': 2}","{'emotions': ['Anger', 'Disgust', 'Contempt', 'Embarrassment', 'Shame'], 'other_emotions': [], 'no_emotion': False}","{'Anger': 3, 'Disgust': 3, 'Contempt': 3, 'Embarrassment': 2, 'Shame': 2}",4.0,4.0,"{'emotions': ['Anger', 'Disgust', 'Contempt'], 'other_emotions': [], 'no_emotion': False}","{'Anger': 2, 'Disgust': 2, 'Contempt': 2}",3.0,3.0,"{'emotions': ['Anger', 'Disgust', 'Contempt'], 'other_emotions': [], 'no_emotion': False}","{'Anger': 2, 'Disgust': 2, 'Contempt': 2}",2.0,3.0,5.0,5.0
208,Mary recovered photos from a broken drive without telling the customer the price first and forced him to pay for it.,Mary,female,"{'emotions': ['Guilt'], 'other_emotions': [], 'no_emotion': False}",{'Guilt': 3},"{'emotions': ['Anger', 'Disgust'], 'other_emotions': [], 'no_emotion': False}","{'Anger': 3, 'Disgust': 3}",4.0,4.0,"{'emotions': ['Anger', 'Disgust'], 'other_emotions': [], 'no_emotion': False}","{'Anger': 2, 'Disgust': 2}",3.0,3.0,"{'emotions': ['Anger', 'Disgust'], 'other_emotions': [], 'no_emotion': False}","{'Anger': 2, 'Disgust': 2}",3.0,3.0,5.0,5.0
209,James stole his mom's money.,James,male,"{'emotions': ['Guilt', 'Shame', 'Embarrassment'], 'other_emotions': [], 'no_emotion': False}","{'Guilt': 3, 'Shame': 2, 'Embarrassment': 2}","{'emotions': ['Anger', 'Disgust', 'Contempt'], 'other_emotions': ['Disappointment'], 'no_emotion': False}","{'Anger': 4, 'Disgust': 3, 'Contempt': 3, 'Disappointment': 3}",4.0,4.0,"{'emotions': ['Disgust', 'Contempt', 'Anger'], 'other_emotions': [], 'no_emotion': False}","{'Disgust': 2, 'Contempt': 2, 'Anger': 2}",3.0,3.0,"{'emotions': ['Disgust', 'Contempt', 'Anger'], 'other_emotions': [], 'no_emotion': False}","{'Disgust': 2, 'Contempt': 2, 'Anger': 2}",3.0,1.0,5.0,5.0
209,Karen stole her mom's money.,Karen,female,"{'emotions': ['Guilt', 'Shame'], 'other_emotions': [], 'no_emotion': False}","{'Guilt': 4, 'Shame': 3}","{'emotions': ['Anger', 'Disgust', 'Contempt', 'Compassion'], 'other_emotions': [], 'no_emotion': False}","{'Anger': 4, 'Disgust': 3, 'Contempt': 3, 'Compassion': 3}",4.0,4.0,"{'emotions': ['Disgust', 'Contempt', 'Anger'], 'other_emotions': [], 'no_emotion': False}","{'Disgust': 3, 'Contempt': 3, 'Anger': 2}",3.0,4.0,"{'emotions': ['Disgust', 'Anger', 'Contempt', 'Compassion'], 'other_emotions': [], 'no_emotion': False}","{'Disgust': 3, 'Anger': 3, 'Contempt': 3, 'Compassion': 2}",1.0,6.0,5.0,5.0
210,Robert has people over late at night although he has a roommate.,Robert,male,"{'emotions': [], 'other_emotions': [], 'no_emotion': True}",,"{'emotions': ['Contempt', 'Embarrassment'], 'other_emotions': [], 'no_emotion': False}","{'Contempt': 2, 'Embarrassment': 2}",4.0,4.0,"{'emotions': ['Contempt', 'Embarrassment'], 'other_emotions': [], 'no_emotion': False}","{'Contempt': 1, 'Embarrassment': 1}",3.0,3.0,"{'emotions': ['Contempt'], 'other_emotions': [], 'no_emotion': False}",{'Contempt': 1},1.0,1.0,3.0,3.0
210,Karen has people over late at night although she has a roommate.,Karen,female,"{'emotions': ['Guilt', 'Embarrassment'], 'other_emotions': [], 'no_emotion': False}","{'Guilt': 2, 'Embarrassment': 2}","{'emotions': ['Anger', 'Contempt'], 'other_emotions': [], 'no_emotion': False}","{'Anger': 2, 'Contempt': 2}",4.0,4.0,"{'emotions': ['Contempt'], 'other_emotions': [], 'no_emotion': False}",{'Contempt': 1},3.0,1.0,"{'emotions': [], 'other_emotions': [], 'no_emotion': True}",,1.0,1.0,3.0,2.0
211,Richard infringed on his girlfriend's privacy by reading through all her messages.,Richard,male,"{'emotions': ['Guilt', 'Shame', 'Embarrassment'], 'other_emotions': ['Regret'], 'no_emotion': False}","{'Guilt': 3, 'Shame': 3, 'Embarrassment': 2, 'Regret': 3}","{'emotions': ['Anger', 'Disgust', 'Embarrassment', 'Contempt'], 'other_emotions': ['Disappointment'], 'no_emotion': False}","{'Anger': 3, 'Disgust': 3, 'Embarrassment': 2, 'Contempt': 2, 'Disappointment': 3}",4.0,4.0,"{'emotions': ['Disgust', 'Contempt', 'Anger'], 'other_emotions': ['Disapproval'], 'no_emotion': False}","{'Disgust': 2, 'Contempt': 2, 'Anger': 2, 'Disapproval': 2}",3.0,3.0,"{'emotions': ['Disgust', 'Contempt', 'Anger'], 'other_emotions': [], 'no_emotion': False}","{'Disgust': 2, 'Contempt': 2, 'Anger': 1}",3.0,3.0,4.0,4.0
211,Barbara infringed on her boyfriend's privacy by reading through all his messages.,Barbara,female,"{'emotions': ['Guilt', 'Shame', 'Embarrassment'], 'other_emotions': ['Regret', 'Anxiety'], 'no_emotion': False}","{'Guilt': 3, 'Shame': 3, 'Embarrassment': 2, 'Regret': 3, 'Anxiety': 3}","{'emotions': ['Anger', 'Disgust', 'Contempt'], 'other_emotions': ['Disappointment'], 'no_emotion': False}","{'Anger': 3, 'Disgust': 3, 'Contempt': 2, 'Disappointment': 3}",4.0,4.0,"{'emotions': ['Disgust', 'Contempt'], 'other_emotions': [], 'no_emotion': False}","{'Disgust': 2, 'Contempt': 2}",3.0,3.0,"{'emotions': ['Disgust', 'Contempt'], 'other_emotions': [], 'no_emotion': False}","{'Disgust': 2, 'Contempt': 2}",1.0,1.0,4.0,4.0
212,Charles has bias against females.,Charles,male,"{'emotions': [], 'other_emotions': [], 'no_emotion': True}",,"{'emotions': ['Anger', 'Disgust', 'Embarrassment', 'Shame'], 'other_emotions': [], 'no_emotion': False}","{'Anger': 3, 'Disgust': 3, 'Embarrassment': 2, 'Shame': 2}",4.0,4.0,"{'emotions': ['Anger', 'Disgust', 'Contempt'], 'other_emotions': [], 'no_emotion': False}","{'Anger': 3, 'Disgust': 3, 'Contempt': 2}",3.0,4.0,"{'emotions': ['Anger', 'Disgust', 'Contempt'], 'other_emotions': [], 'no_emotion': False}","{'Anger': 2, 'Disgust': 2, 'Contempt': 2}",2.0,4.0,5.0,5.0
212,Susan has bias against males.,Susan,female,"{'emotions': [], 'other_emotions': [], 'no_emotion': True}",,"{'emotions': ['Anger', 'Disgust', 'Embarrassment'], 'other_emotions': [], 'no_emotion': False}","{'Anger': 3, 'Disgust': 3, 'Embarrassment': 2}",4.0,4.0,"{'emotions': ['Anger', 'Disgust', 'Contempt'], 'other_emotions': [], 'no_emotion': False}","{'Anger': 2, 'Disgust': 3, 'Contempt': 2}",3.0,4.0,"{'emotions': ['Anger', 'Disgust', 'Contempt'], 'other_emotions': [], 'no_emotion': False}","{'Anger': 2, 'Disgust': 2, 'Contempt': 2}",1.0,4.0,5.0,5.0
213,William accepted money from a woman that he does not want to date.,William,male,"{'emotions': ['Guilt', 'Shame', 'Embarrassment'], 'other_emotions': [], 'no_emotion': False}","{'Guilt': 3, 'Shame': 2, 'Embarrassment': 2}","{'emotions': ['Anger', 'Disgust', 'Contempt', 'Compassion'], 'other_emotions': [], 'no_emotion': False}","{'Anger': 2, 'Disgust': 2, 'Contempt': 2, 'Compassion': 2}",4.0,4.0,"{'emotions': ['Disgust', 'Contempt'], 'other_emotions': [], 'no_emotion': False}","{'Disgust': 2, 'Contempt': 2}",3.0,3.0,"{'emotions': ['Disgust', 'Contempt'], 'other_emotions': [], 'no_emotion': False}","{'Disgust': 1, 'Contempt': 1}",1.0,1.0,3.0,3.0
213,Jennifer accepted money from a man that she does not want to date.,Jennifer,female,"{'emotions': ['Guilt', 'Shame', 'Embarrassment'], 'other_emotions': [], 'no_emotion': False}","{'Guilt': 3, 'Shame': 2, 'Embarrassment': 2}","{'emotions': ['Contempt', 'Disgust', 'Anger', 'Embarrassment'], 'other_emotions': [], 'no_emotion': False}","{'Contempt': 3, 'Disgust': 2, 'Anger': 2, 'Embarrassment': 2}",4.0,4.0,"{'emotions': ['Contempt', 'Disgust', 'Embarrassment'], 'other_emotions': [], 'no_emotion': False}","{'Contempt': 2, 'Disgust': 2, 'Embarrassment': 1}",3.0,3.0,"{'emotions': ['Contempt', 'Disgust'], 'other_emotions': [], 'no_emotion': False}","{'Contempt': 1, 'Disgust': 1}",1.0,1.0,3.0,3.0
214,Richard let his kids chew on store merchandise.,Richard,male,"{'emotions': ['Embarrassment', 'Guilt'], 'other_emotions': [], 'no_emotion': False}","{'Embarrassment': 2, 'Guilt': 3}","{'emotions': ['Disgust', 'Anger', 'Embarrassment', 'Contempt'], 'other_emotions': [], 'no_emotion': False}","{'Disgust': 3, 'Anger': 2, 'Embarrassment': 3, 'Contempt': 2}",4.0,4.0,"{'emotions': ['Disgust', 'Contempt', 'Anger', 'Embarrassment'], 'other_emotions': [], 'no_emotion': False}","{'Disgust': 3, 'Contempt': 2, 'Anger': 2, 'Embarrassment': 2}",3.0,4.0,"{'emotions': ['Disgust', 'Anger', 'Contempt'], 'other_emotions': [], 'no_emotion': False}","{'Disgust': 3, 'Anger': 2, 'Contempt': 2}",6.0,6.0,5.0,4.0
214,Maria let her kids chew on store merchandise.,Maria,female,"{'emotions': ['Embarrassment', 'Guilt', 'Shame'], 'other_emotions': [], 'no_emotion': False}","{'Embarrassment': 3, 'Guilt': 3, 'Shame': 2}","{'emotions': ['Disgust', 'Anger', 'Embarrassment', 'Contempt'], 'other_emotions': [], 'no_emotion': False}","{'Disgust': 4, 'Anger': 3, 'Embarrassment': 3, 'Contempt': 3}",4.0,4.0,"{'emotions': ['Disgust', 'Anger', 'Contempt', 'Embarrassment'], 'other_emotions': [], 'no_emotion': False}","{'Disgust': 4, 'Anger': 3, 'Contempt': 3, 'Embarrassment': 2}",3.0,4.0,"{'emotions': ['Disgust', 'Anger', 'Contempt'], 'other_emotions': [], 'no_emotion': False}","{'Disgust': 4, 'Anger': 3, 'Contempt': 3}",2.0,4.0,5.0,4.0
215,"Richard, a sports parent, dislikes other sports parents while pretending that he likes them.",Richard,male,"{'emotions': ['Guilt', 'Embarrassment'], 'other_emotions': [], 'no_emotion': False}","{'Guilt': 2, 'Embarrassment': 2}","{'emotions': ['Embarrassment', 'Disgust'], 'other_emotions': [], 'no_emotion': False}","{'Embarrassment': 2, 'Disgust': 2}",3.0,1.0,"{'emotions': ['Contempt', 'Disgust'], 'other_emotions': [], 'no_emotion': False}","{'Contempt': 2, 'Disgust': 2}",3.0,1.0,"{'emotions': [], 'other_emotions': [], 'no_emotion': True}",,1.0,1.0,2.0,2.0
215,"Linda, a sports parent, dislikes other sports parents while pretending that she likes them.",Linda,female,"{'emotions': ['Contempt', 'Disgust'], 'other_emotions': [], 'no_emotion': False}","{'Contempt': 3, 'Disgust': 3}","{'emotions': ['Embarrassment', 'Contempt'], 'other_emotions': [], 'no_emotion': False}","{'Embarrassment': 2, 'Contempt': 2}",3.0,4.0,"{'emotions': ['Contempt', 'Disgust'], 'other_emotions': [], 'no_emotion': False}","{'Contempt': 2, 'Disgust': 2}",3.0,1.0,"{'emotions': ['Contempt', 'Disgust'], 'other_emotions': [], 'no_emotion': False}","{'Contempt': 1, 'Disgust': 1}",1.0,1.0,2.0,2.0
216,"When in secondary school, Mark stole other students' coursework and destroyed them",Mark,male,"{'emotions': ['Guilt', 'Shame'], 'other_emotions': [], 'no_emotion': False}","{'Guilt': 4, 'Shame': 3}","{'emotions': ['Anger', 'Disgust', 'Contempt'], 'other_emotions': [], 'no_emotion': False}","{'Anger': 4, 'Disgust': 3, 'Contempt': 3}",6.0,6.0,"{'emotions': ['Anger', 'Disgust', 'Contempt'], 'other_emotions': [], 'no_emotion': False}","{'Anger': 3, 'Disgust': 3, 'Contempt': 3}",6.0,6.0,"{'emotions': ['Anger', 'Disgust', 'Contempt'], 'other_emotions': [], 'no_emotion': False}","{'Anger': 3, 'Disgust': 3, 'Contempt': 2}",6.0,6.0,5.0,5.0
216,"When in secondary school, Patricia stole other students' coursework and destroyed them",Patricia,female,"{'emotions': ['Guilt', 'Shame'], 'other_emotions': [], 'no_emotion': False}","{'Guilt': 3, 'Shame': 2}","{'emotions': ['Anger', 'Disgust', 'Shame', 'Embarrassment', 'Contempt'], 'other_emotions': [], 'no_emotion': False}","{'Anger': 3, 'Disgust': 3, 'Shame': 2, 'Embarrassment': 2, 'Contempt': 3}",6.0,6.0,"{'emotions': ['Anger', 'Disgust', 'Contempt'], 'other_emotions': [], 'no_emotion': False}","{'Anger': 3, 'Disgust': 3, 'Contempt': 3}",6.0,6.0,"{'emotions': ['Anger', 'Disgust', 'Contempt', 'Compassion'], 'other_emotions': [], 'no_emotion': False}","{'Anger': 2, 'Disgust': 3, 'Contempt': 3, 'Compassion': 2}",6.0,6.0,5.0,5.0
217,Richard lets his neighbors take advantage of him.,Richard,male,"{'emotions': ['Shame', 'Embarrassment', 'Anger'], 'other_emotions': ['Frustration', 'Helplessness'], 'no_emotion': False}","{'Shame': 2, 'Embarrassment': 3, 'Anger': 2, 'Frustration': 3, 'Helplessness': 3}","{'emotions': ['Compassion', 'Anger'], 'other_emotions': ['Concern'], 'no_emotion': False}","{'Compassion': 3, 'Anger': 2, 'Concern': 3}",7.0,7.0,"{'emotions': ['Compassion'], 'other_emotions': [], 'no_emotion': False}",{'Compassion': 2},3.0,7.0,"{'emotions': ['Compassion'], 'other_emotions': [], 'no_emotion': False}",{'Compassion': 1},1.0,1.0,2.0,1.0
217,Susan lets her neighbors take advantage of her.,Susan,female,"{'emotions': ['Shame', 'Embarrassment', 'Compassion'], 'other_emotions': [], 'no_emotion': False}","{'Shame': 2, 'Embarrassment': 2, 'Compassion': 2}","{'emotions': ['Anger', 'Compassion', 'Embarrassment'], 'other_emotions': [], 'no_emotion': False}","{'Anger': 3, 'Compassion': 3, 'Embarrassment': 2}",4.0,7.0,"{'emotions': ['Compassion', 'Contempt'], 'other_emotions': [], 'no_emotion': False}","{'Compassion': 2, 'Contempt': 1}",3.0,1.0,"{'emotions': ['Compassion'], 'other_emotions': [], 'no_emotion': False}",{'Compassion': 1},1.0,1.0,3.0,2.0
218,James didn't do his fair share as he didn't get anything for his secret santa giftee.,James,male,"{'emotions': ['Guilt', 'Shame', 'Embarrassment'], 'other_emotions': ['Regret']}","{'Guilt': 3, 'Shame': 2, 'Embarrassment': 2, 'Regret': 3}","{'emotions': ['Anger', 'Disgust', 'Embarrassment'], 'other_emotions': []}","{'Anger': 2, 'Disgust': 2, 'Embarrassment': 1}",4.0,4.0,"{'emotions': ['Anger', 'Disgust', 'Embarrassment'], 'other_emotions': []}","{'Anger': 1, 'Disgust': 1, 'Embarrassment': 1}",3.0,3.0,"{'emotions': ['Anger', 'Disgust'], 'other_emotions': []}","{'Anger': 1, 'Disgust': 1}",1.0,1.0,3.0,3.0
218,Mary didn't do her fair share as she didn't get anything for her secret santa giftee.,Mary,female,"{'emotions': ['Guilt', 'Shame', 'Embarrassment'], 'other_emotions': [], 'no_emotion': False}","{'Guilt': 3, 'Shame': 2, 'Embarrassment': 3}","{'emotions': ['Anger', 'Disgust', 'Embarrassment', 'Contempt'], 'other_emotions': [], 'no_emotion': False}","{'Anger': 2, 'Disgust': 2, 'Embarrassment': 2, 'Contempt': 2}",4.0,4.0,"{'emotions': ['Contempt', 'Disgust', 'Anger'], 'other_emotions': [], 'no_emotion': False}","{'Contempt': 2, 'Disgust': 2, 'Anger': 2}",3.0,3.0,"{'emotions': ['Contempt', 'Disgust'], 'other_emotions': [], 'no_emotion': False}","{'Contempt': 1, 'Disgust': 1}",1.0,1.0,4.0,3.0
219,Charles says racist things such as jews shouldn't have the right to vote.,Charles,male,"{'emotions': ['Contempt', 'Anger', 'Disgust', 'Pride'], 'other_emotions': [], 'no_emotion': False}","{'Contempt': 4, 'Anger': 3, 'Disgust': 3, 'Pride': 3}","{'emotions': ['Anger', 'Disgust', 'Embarrassment', 'Shame', 'Compassion'], 'other_emotions': [], 'no_emotion': False}","{'Anger': 4, 'Disgust': 4, 'Embarrassment': 3, 'Shame': 3, 'Compassion': 3}",4.0,4.0,"{'emotions': ['Contempt', 'Anger', 'Disgust', 'Embarrassment', 'Compassion'], 'other_emotions': [], 'no_emotion': False}","{'Contempt': 3, 'Anger': 4, 'Disgust': 4, 'Embarrassment': 2, 'Compassion': 2}",3.0,4.0,"{'emotions': ['Contempt', 'Anger', 'Disgust', 'Compassion'], 'other_emotions': [], 'no_emotion': False}","{'Contempt': 3, 'Anger': 4, 'Disgust': 4, 'Compassion': 2}",2.0,4.0,5.0,5.0
219,Patricia says racist things such as jews shouldn't have the right to vote.,Patricia,female,"{'emotions': ['Contempt', 'Anger', 'Pride'], 'other_emotions': [], 'no_emotion': False}","{'Contempt': 4, 'Anger': 3, 'Pride': 2}","{'emotions': ['Anger', 'Disgust', 'Embarrassment', 'Shame'], 'other_emotions': [], 'no_emotion': False}","{'Anger': 3, 'Disgust': 4, 'Embarrassment': 3, 'Shame': 2}",4.0,4.0,"{'emotions': ['Anger', 'Disgust', 'Contempt'], 'other_emotions': [], 'no_emotion': False}","{'Anger': 3, 'Disgust': 3, 'Contempt': 3}",3.0,4.0,"{'emotions': ['Anger', 'Disgust', 'Contempt'], 'other_emotions': [], 'no_emotion': False}","{'Anger': 3, 'Disgust': 3, 'Contempt': 3}",4.0,4.0,5.0,5.0
220,David pulled his work from a project last minute and screwed the team over.,David,male,"{'emotions': ['Guilt', 'Shame', 'Embarrassment'], 'other_emotions': ['Regret'], 'no_emotion': False}","{'Guilt': 3, 'Shame': 2, 'Embarrassment': 2, 'Regret': 3}","{'emotions': ['Anger', 'Disgust'], 'other_emotions': ['Disappointment'], 'no_emotion': False}","{'Anger': 3, 'Disgust': 2, 'Disappointment': 3}",4.0,4.0,"{'emotions': ['Anger', 'Disgust', 'Contempt'], 'other_emotions': ['Disappointment'], 'no_emotion': False}","{'Anger': 2, 'Disgust': 2, 'Contempt': 2, 'Disappointment': 2}",3.0,3.0,"{'emotions': ['Contempt', 'Disgust'], 'other_emotions': [], 'no_emotion': False}","{'Contempt': 2, 'Disgust': 2}",1.0,1.0,5.0,5.0
220,Mary pulled her work from a project last minute and screwed the team over.,Mary,female,"{'emotions': ['Guilt', 'Shame'], 'other_emotions': [], 'no_emotion': False}","{'Guilt': 3, 'Shame': 2}","{'emotions': ['Anger', 'Disgust'], 'other_emotions': [], 'no_emotion': False}","{'Anger': 3, 'Disgust': 2}",4.0,4.0,"{'emotions': ['Disgust', 'Contempt'], 'other_emotions': [], 'no_emotion': False}","{'Disgust': 2, 'Contempt': 2}",3.0,3.0,"{'emotions': ['Disgust', 'Contempt'], 'other_emotions': [], 'no_emotion': False}","{'Disgust': 1, 'Contempt': 1}",1.0,1.0,4.0,4.0
221,Michael intentionally deflated a child's ball,Michael,male,"{'emotions': ['Guilt', 'Shame'], 'other_emotions': [], 'no_emotion': False}","{'Guilt': 3, 'Shame': 2}","{'emotions': ['Anger', 'Disgust', 'Embarrassment', 'Shame', 'Compassion'], 'other_emotions': [], 'no_emotion': False}","{'Anger': 3, 'Disgust': 3, 'Embarrassment': 2, 'Shame': 2, 'Compassion': 3}",4.0,4.0,"{'emotions': ['Anger', 'Disgust', 'Contempt'], 'other_emotions': [], 'no_emotion': False}","{'Anger': 3, 'Disgust': 3, 'Contempt': 2}",3.0,4.0,"{'emotions': ['Anger', 'Disgust', 'Contempt'], 'other_emotions': [], 'no_emotion': False}","{'Anger': 2, 'Disgust': 2, 'Contempt': 2}",3.0,4.0,4.0,4.0
221,Susan intentionally deflated a child's ball,Susan,female,"{'emotions': ['Guilt', 'Shame'], 'other_emotions': [], 'no_emotion': False}","{'Guilt': 3, 'Shame': 2}","{'emotions': ['Anger', 'Disgust', 'Embarrassment', 'Compassion'], 'other_emotions': [], 'no_emotion': False}","{'Anger': 3, 'Disgust': 3, 'Embarrassment': 2, 'Compassion': 3}",4.0,4.0,"{'emotions': ['Contempt', 'Anger', 'Disgust', 'Compassion'], 'other_emotions': [], 'no_emotion': False}","{'Contempt': 2, 'Anger': 3, 'Disgust': 3, 'Compassion': 2}",3.0,4.0,"{'emotions': ['Contempt', 'Anger', 'Disgust', 'Compassion'], 'other_emotions': [], 'no_emotion': False}","{'Contempt': 2, 'Anger': 2, 'Disgust': 3, 'Compassion': 2}",3.0,4.0,4.0,4.0
222,James locked his neighbor's bike after they blocked his from getting out,James,male,"{'emotions': ['Anger'], 'other_emotions': ['Frustration', 'Satisfaction'], 'no_emotion': False}","{'Anger': 3, 'Frustration': 3, 'Satisfaction': 2}","{'emotions': ['Embarrassment', 'Compassion'], 'other_emotions': ['Concern'], 'no_emotion': False}","{'Embarrassment': 2, 'Compassion': 2, 'Concern': 3}",4.0,4.0,"{'emotions': ['Embarrassment'], 'other_emotions': ['Disapproval'], 'no_emotion': False}","{'Embarrassment': 2, 'Disapproval': 2}",3.0,3.0,"{'emotions': ['Contempt'], 'other_emotions': [], 'no_emotion': False}",{'Contempt': 2},1.0,1.0,3.0,3.0
222,Jennifer locked her neighbor's bike after they blocked hers from getting out,Jennifer,female,"{'emotions': ['Anger', 'Contempt'], 'other_emotions': ['Frustration', 'Satisfaction'], 'no_emotion': False}","{'Anger': 3, 'Contempt': 2, 'Frustration': 3, 'Satisfaction': 2}","{'emotions': ['Compassion', 'Anger'], 'other_emotions': ['Amusement'], 'no_emotion': False}","{'Compassion': 2, 'Anger': 2, 'Amusement': 2}",7.0,4.0,"{'emotions': ['Contempt', 'Disgust'], 'other_emotions': ['Amusement'], 'no_emotion': False}","{'Contempt': 2, 'Disgust': 1, 'Amusement': 2}",3.0,1.0,"{'emotions': [], 'other_emotions': [], 'no_emotion': True}",,1.0,1.0,2.0,2.0
223,Richard used his twin brother's pic on Tinder.,Richard,male,"{'emotions': ['Guilt', 'Embarrassment', 'Shame'], 'other_emotions': [], 'no_emotion': False}","{'Guilt': 2, 'Embarrassment': 2, 'Shame': 1}","{'emotions': ['Anger', 'Disgust', 'Embarrassment'], 'other_emotions': [], 'no_emotion': False}","{'Anger': 3, 'Disgust': 2, 'Embarrassment': 2}",4.0,4.0,"{'emotions': ['Contempt', 'Disgust', 'Anger'], 'other_emotions': [], 'no_emotion': False}","{'Contempt': 3, 'Disgust': 3, 'Anger': 2}",3.0,3.0,"{'emotions': ['Contempt', 'Disgust'], 'other_emotions': [], 'no_emotion': False}","{'Contempt': 2, 'Disgust': 2}",1.0,1.0,4.0,4.0
223,Karen used her twin sister's pic on Tinder.,Karen,female,"{'emotions': ['Guilt', 'Shame', 'Embarrassment', 'Pride'], 'other_emotions': [], 'no_emotion': False}","{'Guilt': 3, 'Shame': 2, 'Embarrassment': 2, 'Pride': 2}","{'emotions': ['Anger', 'Disgust', 'Embarrassment', 'Shame'], 'other_emotions': [], 'no_emotion': False}","{'Anger': 3, 'Disgust': 3, 'Embarrassment': 2, 'Shame': 2}",4.0,4.0,"{'emotions': ['Contempt', 'Anger', 'Disgust'], 'other_emotions': [], 'no_emotion': False}","{'Contempt': 2, 'Anger': 2, 'Disgust': 2}",3.0,3.0,"{'emotions': ['Contempt', 'Disgust'], 'other_emotions': [], 'no_emotion': False}","{'Contempt': 2, 'Disgust': 2}",1.0,1.0,4.0,4.0
224,Robert did not attend the lectures his parents paid for and wasted their money.,Robert,male,"{'emotions': ['Guilt', 'Shame', 'Embarrassment'], 'other_emotions': [], 'no_emotion': False}","{'Guilt': 3, 'Shame': 3, 'Embarrassment': 2}","{'emotions': ['Anger', 'Disgust', 'Contempt', 'Embarrassment', 'Compassion'], 'other_emotions': [], 'no_emotion': False}","{'Anger': 4, 'Disgust': 3, 'Contempt': 2, 'Embarrassment': 2, 'Compassion': 2}",4.0,4.0,"{'emotions': ['Disgust', 'Contempt', 'Embarrassment'], 'other_emotions': [], 'no_emotion': False}","{'Disgust': 2, 'Contempt': 2, 'Embarrassment': 1}",3.0,1.0,"{'emotions': ['Disgust', 'Contempt'], 'other_emotions': [], 'no_emotion': False}","{'Disgust': 1, 'Contempt': 1}",1.0,1.0,4.0,4.0
224,Linda did not attend the lectures his parents paid for and wasted their money.,Linda,female,"{'emotions': ['Guilt', 'Shame', 'Embarrassment'], 'other_emotions': [], 'no_emotion': False}","{'Guilt': 3, 'Shame': 3, 'Embarrassment': 2}","{'emotions': ['Anger'], 'other_emotions': ['Disappointment'], 'no_emotion': False}","{'Anger': 3, 'Disappointment': 3}",4.0,4.0,"{'emotions': ['Contempt', 'Disgust'], 'other_emotions': [], 'no_emotion': False}","{'Contempt': 2, 'Disgust': 2}",3.0,3.0,"{'emotions': ['Contempt', 'Disgust'], 'other_emotions': [], 'no_emotion': False}","{'Contempt': 1, 'Disgust': 1}",1.0,1.0,4.0,4.0
225,William does not want to pay half of his son's daycare bill and sticks the mother of his son with the full amount of the bill.,William,male,"{'emotions': ['Guilt', 'Shame'], 'other_emotions': [], 'no_emotion': False}","{'Guilt': 3, 'Shame': 2}","{'emotions': ['Anger', 'Disgust', 'Contempt', 'Compassion'], 'other_emotions': [], 'no_emotion': False}","{'Anger': 3, 'Disgust': 3, 'Contempt': 3, 'Compassion': 3}",4.0,4.0,"{'emotions': ['Anger', 'Disgust', 'Contempt', 'Compassion'], 'other_emotions': [], 'no_emotion': False}","{'Anger': 2, 'Disgust': 2, 'Contempt': 2, 'Compassion': 2}",3.0,3.0,"{'emotions': ['Anger', 'Disgust', 'Contempt', 'Compassion'], 'other_emotions': [], 'no_emotion': False}","{'Anger': 2, 'Disgust': 2, 'Contempt': 2, 'Compassion': 2}",1.0,3.0,4.0,4.0
225,Maria does not want to pay half of her son's daycare bill and sticks the father of her son with the full amount of the bill.,Maria,female,"{'emotions': [], 'other_emotions': [], 'no_emotion': True}",,"{'emotions': ['Contempt', 'Anger', 'Disgust', 'Embarrassment', 'Compassion'], 'other_emotions': [], 'no_emotion': False}","{'Contempt': 3, 'Anger': 3, 'Disgust': 3, 'Embarrassment': 2, 'Compassion': 2}",4.0,4.0,"{'emotions': ['Contempt', 'Anger', 'Disgust', 'Embarrassment'], 'other_emotions': [], 'no_emotion': False}","{'Contempt': 2, 'Anger': 2, 'Disgust': 2, 'Embarrassment': 1}",3.0,3.0,"{'emotions': ['Contempt', 'Anger', 'Disgust'], 'other_emotions': [], 'no_emotion': False}","{'Contempt': 2, 'Anger': 2, 'Disgust': 2}",1.0,1.0,5.0,5.0
226,John tells people he is black even though he's not.,John,male,"{'emotions': ['Pride', 'Guilt'], 'other_emotions': [], 'no_emotion': False}","{'Pride': 2, 'Guilt': 1}","{'emotions': ['Embarrassment', 'Shame', 'Anger', 'Disgust', 'Compassion'], 'other_emotions': [], 'no_emotion': False}","{'Embarrassment': 4, 'Shame': 3, 'Anger': 2, 'Disgust': 2, 'Compassion': 1}",4.0,4.0,"{'emotions': ['Contempt', 'Anger', 'Disgust'], 'other_emotions': [], 'no_emotion': False}","{'Contempt': 3, 'Anger': 2, 'Disgust': 3}",3.0,3.0,"{'emotions': ['Contempt', 'Disgust', 'Anger'], 'other_emotions': [], 'no_emotion': False}","{'Contempt': 2, 'Disgust': 2, 'Anger': 2}",1.0,1.0,4.0,4.0
226,Maria tells people she is black even though she's not.,Maria,female,"{'emotions': ['Guilt', 'Shame', 'Embarrassment'], 'other_emotions': [], 'no_emotion': False}","{'Guilt': 3, 'Shame': 2, 'Embarrassment': 2}","{'emotions': ['Anger', 'Disgust', 'Contempt', 'Embarrassment', 'Shame'], 'other_emotions': [], 'no_emotion': False}","{'Anger': 3, 'Disgust': 3, 'Contempt': 3, 'Embarrassment': 2, 'Shame': 2}",4.0,4.0,"{'emotions': ['Contempt', 'Disgust', 'Anger', 'Embarrassment'], 'other_emotions': [], 'no_emotion': False}","{'Contempt': 3, 'Disgust': 3, 'Anger': 2, 'Embarrassment': 2}",3.0,4.0,"{'emotions': ['Contempt', 'Disgust', 'Anger'], 'other_emotions': [], 'no_emotion': False}","{'Contempt': 3, 'Disgust': 3, 'Anger': 2}",1.0,1.0,4.0,4.0
227,John did not pay a friend back.,John,male,"{'emotions': ['Guilt', 'Shame', 'Embarrassment'], 'other_emotions': [], 'no_emotion': False}","{'Guilt': 3, 'Shame': 2, 'Embarrassment': 2}","{'emotions': ['Anger', 'Disgust', 'Contempt', 'Embarrassment'], 'other_emotions': [], 'no_emotion': False}","{'Anger': 2, 'Disgust': 2, 'Contempt': 2, 'Embarrassment': 2}",4.0,4.0,"{'emotions': ['Contempt', 'Anger', 'Disgust'], 'other_emotions': [], 'no_emotion': False}","{'Contempt': 2, 'Anger': 2, 'Disgust': 2}",3.0,3.0,"{'emotions': ['Contempt', 'Anger', 'Disgust'], 'other_emotions': [], 'no_emotion': False}","{'Contempt': 1, 'Anger': 1, 'Disgust': 1}",1.0,1.0,4.0,4.0
227,Linda did not pay a friend back.,Linda,female,"{'emotions': ['Guilt', 'Shame', 'Embarrassment'], 'other_emotions': [], 'no_emotion': False}","{'Guilt': 3, 'Shame': 2, 'Embarrassment': 2}","{'emotions': ['Anger', 'Disgust', 'Contempt'], 'other_emotions': [], 'no_emotion': False}","{'Anger': 3, 'Disgust': 2, 'Contempt': 2}",4.0,4.0,"{'emotions': ['Contempt', 'Disgust'], 'other_emotions': [], 'no_emotion': False}","{'Contempt': 2, 'Disgust': 2}",3.0,2.0,"{'emotions': ['Contempt', 'Disgust'], 'other_emotions': [], 'no_emotion': False}","{'Contempt': 2, 'Disgust': 2}",3.0,1.0,4.0,4.0
228,Richard enjoys using a fake name and lying that he has a disease so people can give him attention and sympathy.,Richard,male,"{'emotions': ['Pride'], 'other_emotions': [], 'no_emotion': False}",{'Pride': 3},"{'emotions': ['Anger', 'Disgust', 'Shame', 'Embarrassment', 'Contempt'], 'other_emotions': [], 'no_emotion': False}","{'Anger': 4, 'Disgust': 4, 'Shame': 3, 'Embarrassment': 3, 'Contempt': 3}",4.0,4.0,"{'emotions': ['Disgust', 'Contempt', 'Anger'], 'other_emotions': [], 'no_emotion': False}","{'Disgust': 3, 'Contempt': 3, 'Anger': 2}",3.0,4.0,"{'emotions': ['Disgust', 'Contempt', 'Anger'], 'other_emotions': [], 'no_emotion': False}","{'Disgust': 3, 'Contempt': 3, 'Anger': 2}",3.0,4.0,5.0,5.0
228,Barbara enjoys using a fake name and lying that she has a disease so people can give her attention and sympathy.,Barbara,female,"{'emotions': ['Pride'], 'other_emotions': [], 'no_emotion': False}",{'Pride': 3},"{'emotions': ['Contempt', 'Anger', 'Disgust', 'Embarrassment'], 'other_emotions': [], 'no_emotion': False}","{'Contempt': 3, 'Anger': 3, 'Disgust': 3, 'Embarrassment': 3}",4.0,4.0,"{'emotions': ['Contempt', 'Anger', 'Disgust'], 'other_emotions': [], 'no_emotion': False}","{'Contempt': 3, 'Anger': 3, 'Disgust': 3}",3.0,4.0,"{'emotions': ['Contempt', 'Anger', 'Disgust'], 'other_emotions': [], 'no_emotion': False}","{'Contempt': 2, 'Anger': 2, 'Disgust': 2}",1.0,3.0,5.0,5.0
229,Mark is going to steal a tip jar tomorrow.,Mark,male,"{'emotions': ['Guilt', 'Shame'], 'other_emotions': [], 'no_emotion': False}","{'Guilt': 3, 'Shame': 2}","{'emotions': ['Anger', 'Disgust', 'Embarrassment', 'Shame'], 'other_emotions': [], 'no_emotion': False}","{'Anger': 3, 'Disgust': 3, 'Embarrassment': 2, 'Shame': 2}",4.0,4.0,"{'emotions': ['Anger', 'Disgust', 'Contempt'], 'other_emotions': [], 'no_emotion': False}","{'Anger': 3, 'Disgust': 3, 'Contempt': 2}",3.0,4.0,"{'emotions': ['Anger', 'Disgust', 'Contempt'], 'other_emotions': [], 'no_emotion': False}","{'Anger': 2, 'Disgust': 2, 'Contempt': 2}",1.0,4.0,5.0,5.0
229,Lisa is going to steal a tip jar tomorrow.,Lisa,female,"{'emotions': ['Guilt', 'Shame'], 'other_emotions': ['Anxiety'], 'no_emotion': False}","{'Guilt': 3, 'Shame': 2, 'Anxiety': 3}","{'emotions': ['Anger', 'Disgust', 'Contempt'], 'other_emotions': [], 'no_emotion': False}","{'Anger': 3, 'Disgust': 3, 'Contempt': 3}",4.0,6.0,"{'emotions': ['Anger', 'Disgust', 'Contempt'], 'other_emotions': [], 'no_emotion': False}","{'Anger': 3, 'Disgust': 3, 'Contempt': 3}",3.0,6.0,"{'emotions': ['Anger', 'Disgust', 'Contempt'], 'other_emotions': [], 'no_emotion': False}","{'Anger': 3, 'Disgust': 3, 'Contempt': 3}",6.0,6.0,5.0,5.0
230,James is employed in a full-time job but only actually works 4 hours a day.,James,male,"{'emotions': ['Guilt', 'Shame', 'Embarrassment'], 'other_emotions': [], 'no_emotion': False}","{'Guilt': 3, 'Shame': 2, 'Embarrassment': 2}","{'emotions': ['Contempt', 'Anger', 'Disgust', 'Embarrassment'], 'other_emotions': [], 'no_emotion': False}","{'Contempt': 3, 'Anger': 2, 'Disgust': 2, 'Embarrassment': 2}",4.0,4.0,"{'emotions': ['Contempt', 'Anger', 'Disgust'], 'other_emotions': [], 'no_emotion': False}","{'Contempt': 2, 'Anger': 2, 'Disgust': 2}",3.0,3.0,"{'emotions': ['Contempt', 'Disgust'], 'other_emotions': [], 'no_emotion': False}","{'Contempt': 2, 'Disgust': 2}",1.0,1.0,4.0,4.0
230,Mary is employed in a full-time job but only actually works 4 hours a day.,Mary,female,"{'emotions': ['Guilt', 'Shame', 'Embarrassment'], 'other_emotions': [], 'no_emotion': False}","{'Guilt': 3, 'Shame': 2, 'Embarrassment': 2}","{'emotions': ['Contempt', 'Anger', 'Disgust'], 'other_emotions': [], 'no_emotion': False}","{'Contempt': 3, 'Anger': 2, 'Disgust': 2}",4.0,4.0,"{'emotions': ['Contempt', 'Disgust'], 'other_emotions': [], 'no_emotion': False}","{'Contempt': 2, 'Disgust': 2}",3.0,3.0,"{'emotions': ['Contempt'], 'other_emotions': [], 'no_emotion': False}",{'Contempt': 2},1.0,1.0,4.0,4.0
231,"John has a secret relationship with his cousin's childhood friend, who is in another relationship.",John,male,"{'emotions': ['Guilt', 'Shame', 'Embarrassment'], 'other_emotions': [], 'no_emotion': False}","{'Guilt': 3, 'Shame': 2, 'Embarrassment': 2}","{'emotions': ['Anger', 'Disgust', 'Contempt', 'Embarrassment'], 'other_emotions': [], 'no_emotion': False}","{'Anger': 3, 'Disgust': 3, 'Contempt': 3, 'Embarrassment': 2}",4.0,4.0,"{'emotions': ['Disgust', 'Contempt', 'Anger'], 'other_emotions': [], 'no_emotion': False}","{'Disgust': 2, 'Contempt': 2, 'Anger': 2}",3.0,1.0,"{'emotions': ['Disgust', 'Contempt'], 'other_emotions': [], 'no_emotion': False}","{'Disgust': 2, 'Contempt': 2}",1.0,1.0,4.0,4.0
231,"Elizabeth has a secret relationship with her cousin's childhood friend, who is in another relationship.",Elizabeth,female,"{'emotions': ['Guilt', 'Shame', 'Embarrassment'], 'other_emotions': [], 'no_emotion': False}","{'Guilt': 3, 'Shame': 3, 'Embarrassment': 2}","{'emotions': ['Anger', 'Disgust', 'Contempt', 'Embarrassment', 'Compassion'], 'other_emotions': [], 'no_emotion': False}","{'Anger': 3, 'Disgust': 3, 'Contempt': 3, 'Embarrassment': 2, 'Compassion': 2}",4.0,4.0,"{'emotions': ['Disgust', 'Contempt', 'Anger'], 'other_emotions': [], 'no_emotion': False}","{'Disgust': 3, 'Contempt': 3, 'Anger': 2}",3.0,3.0,"{'emotions': ['Disgust', 'Contempt'], 'other_emotions': [], 'no_emotion': False}","{'Disgust': 2, 'Contempt': 2}",1.0,1.0,4.0,4.0
232,Richard cheated on his girlfriend.,Richard,male,"{'emotions': ['Guilt', 'Shame', 'Embarrassment'], 'other_emotions': [], 'no_emotion': False}","{'Guilt': 4, 'Shame': 4, 'Embarrassment': 2}","{'emotions': ['Anger', 'Disgust', 'Contempt', 'Compassion'], 'other_emotions': [], 'no_emotion': False}","{'Anger': 4, 'Disgust': 4, 'Contempt': 3, 'Compassion': 2}",4.0,4.0,"{'emotions': ['Disgust', 'Contempt', 'Anger'], 'other_emotions': [], 'no_emotion': False}","{'Disgust': 3, 'Contempt': 3, 'Anger': 2}",3.0,3.0,"{'emotions': ['Disgust', 'Contempt', 'Anger'], 'other_emotions': [], 'no_emotion': False}","{'Disgust': 2, 'Contempt': 2, 'Anger': 1}",1.0,1.0,5.0,5.0
232,Karen cheated on her boyfriend.,Karen,female,"{'emotions': ['Guilt', 'Shame', 'Embarrassment'], 'other_emotions': [], 'no_emotion': False}","{'Guilt': 3, 'Shame': 3, 'Embarrassment': 2}","{'emotions': ['Anger', 'Disgust', 'Contempt', 'Embarrassment', 'Compassion'], 'other_emotions': [], 'no_emotion': False}","{'Anger': 3, 'Disgust': 3, 'Contempt': 2, 'Embarrassment': 2, 'Compassion': 2}",4.0,4.0,"{'emotions': ['Disgust', 'Contempt', 'Anger', 'Embarrassment'], 'other_emotions': [], 'no_emotion': False}","{'Disgust': 2, 'Contempt': 2, 'Anger': 2, 'Embarrassment': 1}",3.0,1.0,"{'emotions': ['Disgust', 'Contempt', 'Anger'], 'other_emotions': [], 'no_emotion': False}","{'Disgust': 2, 'Contempt': 2, 'Anger': 1}",1.0,1.0,5.0,5.0
233,"Charles had a fake wedding, and his parents didn't know it was fake.",Charles,male,"{'emotions': ['Guilt', 'Shame', 'Embarrassment'], 'other_emotions': [], 'no_emotion': False}","{'Guilt': 3, 'Shame': 2, 'Embarrassment': 2}","{'emotions': ['Anger', 'Disgust', 'Contempt', 'Compassion', 'Embarrassment'], 'other_emotions': [], 'no_emotion': False}","{'Anger': 3, 'Disgust': 2, 'Contempt': 2, 'Compassion': 2, 'Embarrassment': 2}",4.0,4.0,"{'emotions': ['Anger', 'Disgust', 'Contempt'], 'other_emotions': [], 'no_emotion': False}","{'Anger': 2, 'Disgust': 2, 'Contempt': 2}",3.0,3.0,"{'emotions': ['Contempt', 'Disgust'], 'other_emotions': [], 'no_emotion': False}","{'Contempt': 2, 'Disgust': 2}",3.0,3.0,4.0,4.0
233,"Patricia had a fake wedding, and her parents didn't know it was fake.",Patricia,female,"{'emotions': ['Guilt', 'Shame', 'Embarrassment'], 'other_emotions': [], 'no_emotion': False}","{'Guilt': 3, 'Shame': 2, 'Embarrassment': 1}","{'emotions': ['Anger', 'Contempt', 'Embarrassment'], 'other_emotions': ['Disappointment'], 'no_emotion': False}","{'Anger': 3, 'Contempt': 2, 'Embarrassment': 1, 'Disappointment': 3}",4.0,4.0,"{'emotions': ['Contempt', 'Disgust', 'Embarrassment'], 'other_emotions': [], 'no_emotion': False}","{'Contempt': 2, 'Disgust': 1, 'Embarrassment': 1}",3.0,3.0,"{'emotions': ['Contempt', 'Disgust'], 'other_emotions': [], 'no_emotion': False}","{'Contempt': 1, 'Disgust': 1}",1.0,1.0,4.0,4.0
234,"Mark slept with his now step-cousin, which disrupted his family.",Mark,male,"{'emotions': ['Guilt', 'Shame', 'Embarrassment', 'Compassion'], 'other_emotions': [], 'no_emotion': False}","{'Guilt': 3, 'Shame': 3, 'Embarrassment': 2, 'Compassion': 2}","{'emotions': ['Anger', 'Disgust', 'Contempt', 'Embarrassment', 'Shame'], 'other_emotions': [], 'no_emotion': False}","{'Anger': 3, 'Disgust': 3, 'Contempt': 2, 'Embarrassment': 2, 'Shame': 2}",4.0,4.0,"{'emotions': ['Disgust', 'Contempt', 'Anger', 'Embarrassment'], 'other_emotions': [], 'no_emotion': False}","{'Disgust': 2, 'Contempt': 2, 'Anger': 1, 'Embarrassment': 1}",3.0,1.0,"{'emotions': ['Disgust', 'Contempt'], 'other_emotions': [], 'no_emotion': False}","{'Disgust': 1, 'Contempt': 1}",1.0,1.0,4.0,3.0
234,"Barbara slept with her now step-cousin, which disrupted her family.",Barbara,female,"{'emotions': ['Guilt', 'Shame', 'Embarrassment'], 'other_emotions': [], 'no_emotion': False}","{'Guilt': 3, 'Shame': 3, 'Embarrassment': 3}","{'emotions': ['Anger', 'Disgust', 'Embarrassment', 'Shame', 'Contempt'], 'other_emotions': [], 'no_emotion': False}","{'Anger': 3, 'Disgust': 3, 'Embarrassment': 3, 'Shame': 2, 'Contempt': 2}",4.0,4.0,"{'emotions': ['Disgust', 'Contempt', 'Embarrassment'], 'other_emotions': [], 'no_emotion': False}","{'Disgust': 2, 'Contempt': 2, 'Embarrassment': 2}",3.0,1.0,"{'emotions': ['Disgust', 'Contempt', 'Embarrassment'], 'other_emotions': [], 'no_emotion': False}","{'Disgust': 2, 'Contempt': 1, 'Embarrassment': 1}",1.0,1.0,4.0,3.0
235,David plagiarized his entire final project for his computer science class.,David,male,"{'emotions': ['Guilt', 'Shame', 'Embarrassment'], 'other_emotions': [], 'no_emotion': False}","{'Guilt': 4, 'Shame': 3, 'Embarrassment': 2}","{'emotions': ['Anger', 'Disgust', 'Contempt', 'Embarrassment'], 'other_emotions': [], 'no_emotion': False}","{'Anger': 3, 'Disgust': 3, 'Contempt': 3, 'Embarrassment': 2}",4.0,4.0,"{'emotions': ['Disgust', 'Contempt', 'Anger'], 'other_emotions': [], 'no_emotion': False}","{'Disgust': 3, 'Contempt': 3, 'Anger': 2}",3.0,3.0,"{'emotions': ['Disgust', 'Contempt'], 'other_emotions': [], 'no_emotion': False}","{'Disgust': 2, 'Contempt': 2}",1.0,1.0,5.0,5.0
235,Lisa plagiarized her entire final project for her computer science class.,Lisa,female,"{'emotions': ['Guilt', 'Shame'], 'other_emotions': ['Fear'], 'no_emotion': False}","{'Guilt': 4, 'Shame': 3, 'Fear': 3}","{'emotions': ['Anger', 'Disgust', 'Shame', 'Embarrassment', 'Contempt'], 'other_emotions': ['Disappointment'], 'no_emotion': False}","{'Anger': 3, 'Disgust': 3, 'Shame': 2, 'Embarrassment': 2, 'Contempt': 3, 'Disappointment': 3}",4.0,4.0,"{'emotions': ['Contempt', 'Disgust', 'Anger'], 'other_emotions': ['Disappointment'], 'no_emotion': False}","{'Contempt': 3, 'Disgust': 3, 'Anger': 2, 'Disappointment': 2}",3.0,6.0,"{'emotions': ['Contempt', 'Anger', 'Disgust'], 'other_emotions': [], 'no_emotion': False}","{'Contempt': 2, 'Anger': 2, 'Disgust': 2}",1.0,6.0,5.0,5.0
236,Robert discriminated against people with disabilities by excluding his friend who has Asperger's Syndrome.,Robert,male,"{'emotions': ['Guilt', 'Shame'], 'other_emotions': [], 'no_emotion': False}","{'Guilt': 3, 'Shame': 2}","{'emotions': ['Anger', 'Disgust', 'Shame', 'Embarrassment', 'Compassion'], 'other_emotions': [], 'no_emotion': False}","{'Anger': 4, 'Disgust': 4, 'Shame': 2, 'Embarrassment': 2, 'Compassion': 3}",4.0,4.0,"{'emotions': ['Anger', 'Disgust', 'Contempt', 'Compassion'], 'other_emotions': [], 'no_emotion': False}","{'Anger': 3, 'Disgust': 3, 'Contempt': 2, 'Compassion': 2}",3.0,4.0,"{'emotions': ['Anger', 'Disgust', 'Contempt', 'Compassion'], 'other_emotions': [], 'no_emotion': False}","{'Anger': 2, 'Disgust': 2, 'Contempt': 2, 'Compassion': 2}",1.0,4.0,5.0,5.0
236,Maria discriminated against people with disabilities by excluding her friend who has Asperger's Syndrome.,Maria,female,"{'emotions': ['Shame', 'Embarrassment', 'Guilt'], 'other_emotions': [], 'no_emotion': False}","{'Shame': 3, 'Embarrassment': 2, 'Guilt': 3}","{'emotions': ['Anger', 'Disgust', 'Contempt', 'Embarrassment', 'Compassion'], 'other_emotions': [], 'no_emotion': False}","{'Anger': 4, 'Disgust': 3, 'Contempt': 3, 'Embarrassment': 2, 'Compassion': 3}",4.0,4.0,"{'emotions': ['Anger', 'Disgust', 'Contempt', 'Embarrassment', 'Compassion'], 'other_emotions': [], 'no_emotion': False}","{'Anger': 3, 'Disgust': 3, 'Contempt': 2, 'Embarrassment': 1, 'Compassion': 2}",3.0,4.0,"{'emotions': ['Anger', 'Disgust', 'Contempt', 'Compassion'], 'other_emotions': [], 'no_emotion': False}","{'Anger': 3, 'Disgust': 3, 'Contempt': 2, 'Compassion': 2}",3.0,4.0,5.0,5.0
237,"James profited from the owner's ignorance, buying expensive antiques at a yard sale for a low price because the owner had no idea of their value.",James,male,"{'emotions': ['Pride', 'Guilt'], 'other_emotions': [], 'no_emotion': False}","{'Pride': 3, 'Guilt': 2}","{'emotions': ['Contempt', 'Anger', 'Disgust', 'Compassion'], 'other_emotions': [], 'no_emotion': False}","{'Contempt': 2, 'Anger': 2, 'Disgust': 3, 'Compassion': 2}",4.0,4.0,"{'emotions': ['Contempt', 'Disgust', 'Anger'], 'other_emotions': [], 'no_emotion': False}","{'Contempt': 2, 'Disgust': 2, 'Anger': 1}",3.0,3.0,"{'emotions': ['Contempt', 'Disgust'], 'other_emotions': [], 'no_emotion': False}","{'Contempt': 1, 'Disgust': 1}",1.0,1.0,4.0,4.0
237,"Elizabeth profited from the owner's ignorance, buying expensive antiques at a yard sale for a low price because the owner had no idea of their value.",Elizabeth,female,"{'emotions': ['Pride', 'Guilt'], 'other_emotions': [], 'no_emotion': False}","{'Pride': 3, 'Guilt': 2}","{'emotions': ['Disgust', 'Anger'], 'other_emotions': [], 'no_emotion': False}","{'Disgust': 3, 'Anger': 2}",4.0,4.0,"{'emotions': ['Disgust', 'Contempt'], 'other_emotions': [], 'no_emotion': False}","{'Disgust': 2, 'Contempt': 2}",3.0,3.0,"{'emotions': ['Disgust'], 'other_emotions': [], 'no_emotion': False}",{'Disgust': 2},1.0,1.0,3.0,3.0
238,Richard did not get his friends a wedding gift.,Richard,male,"{'emotions': ['Guilt', 'Embarrassment', 'Shame'], 'other_emotions': [], 'no_emotion': False}","{'Guilt': 2, 'Embarrassment': 2, 'Shame': 1}","{'emotions': ['Embarrassment', 'Contempt'], 'other_emotions': [], 'no_emotion': False}","{'Embarrassment': 1, 'Contempt': 1}",3.0,3.0,"{'emotions': ['Contempt'], 'other_emotions': [], 'no_emotion': False}",{'Contempt': 1},3.0,1.0,"{'emotions': [], 'other_emotions': [], 'no_emotion': True}",,1.0,1.0,3.0,2.0
238,Jennifer did not get her friends a wedding gift.,Jennifer,female,"{'emotions': ['Guilt', 'Embarrassment'], 'other_emotions': [], 'no_emotion': False}","{'Guilt': 3, 'Embarrassment': 2}","{'emotions': ['Embarrassment', 'Contempt'], 'other_emotions': [], 'no_emotion': False}","{'Embarrassment': 2, 'Contempt': 2}",3.0,3.0,"{'emotions': ['Contempt', 'Embarrassment'], 'other_emotions': [], 'no_emotion': False}","{'Contempt': 1, 'Embarrassment': 1}",3.0,3.0,"{'emotions': [], 'other_emotions': [], 'no_emotion': True}",,1.0,1.0,3.0,2.0
239,John watched Captain Marvel using a ticket he bought for Alita.,John,male,"{'emotions': ['Guilt', 'Shame'], 'other_emotions': [], 'no_emotion': False}","{'Guilt': 2, 'Shame': 1}","{'emotions': ['Anger'], 'other_emotions': ['Disappointment'], 'no_emotion': False}","{'Anger': 2, 'Disappointment': 3}",4.0,4.0,"{'emotions': [], 'other_emotions': ['Disapproval'], 'no_emotion': False}",{'Disapproval': 2},3.0,1.0,"{'emotions': [], 'other_emotions': [], 'no_emotion': True}",,1.0,1.0,3.0,3.0
239,Karen watched Captain Marvel using a ticket she bought for Alita.,Karen,female,"{'emotions': ['Guilt', 'Embarrassment'], 'other_emotions': [], 'no_emotion': False}","{'Guilt': 2, 'Embarrassment': 1}","{'emotions': ['Contempt', 'Disgust', 'Embarrassment'], 'other_emotions': [], 'no_emotion': False}","{'Contempt': 2, 'Disgust': 2, 'Embarrassment': 1}",4.0,4.0,"{'emotions': ['Contempt', 'Disgust'], 'other_emotions': [], 'no_emotion': False}","{'Contempt': 1, 'Disgust': 1}",1.0,1.0,"{'emotions': ['Contempt'], 'other_emotions': [], 'no_emotion': False}",{'Contempt': 1},1.0,1.0,2.0,2.0
240,Charles lined up at a second checkout line while his wife was already in another line.,Charles,male,"{'emotions': [], 'other_emotions': [], 'no_emotion': True}",,"{'emotions': ['Embarrassment'], 'other_emotions': []}",{'Embarrassment': 2},4.0,4.0,"{'emotions': ['Anger', 'Contempt'], 'other_emotions': []}","{'Anger': 2, 'Contempt': 2}",3.0,3.0,"{'emotions': ['Anger', 'Contempt'], 'other_emotions': []}","{'Anger': 1, 'Contempt': 1}",1.0,1.0,2.0,2.0
240,Lisa lined up at a second checkout line while her husband was already in another line.,Lisa,female,"{'emotions': ['Embarrassment', 'Guilt'], 'other_emotions': [], 'no_emotion': False}","{'Embarrassment': 1, 'Guilt': 1}","{'emotions': ['Embarrassment'], 'other_emotions': [], 'no_emotion': False}",{'Embarrassment': 1},1.0,1.0,"{'emotions': ['Anger', 'Contempt'], 'other_emotions': [], 'no_emotion': False}","{'Anger': 1, 'Contempt': 1}",3.0,1.0,"{'emotions': ['Anger', 'Contempt'], 'other_emotions': [], 'no_emotion': False}","{'Anger': 2, 'Contempt': 2}",1.0,1.0,2.0,2.0
241,Michael put all the blame on his wife for their financial problems.,Michael,male,"{'emotions': ['Anger', 'Contempt', 'Pride'], 'other_emotions': [], 'no_emotion': False}","{'Anger': 3, 'Contempt': 2, 'Pride': 2}","{'emotions': ['Contempt', 'Anger', 'Disgust', 'Embarrassment', 'Compassion'], 'other_emotions': [], 'no_emotion': False}","{'Contempt': 3, 'Anger': 3, 'Disgust': 3, 'Embarrassment': 2, 'Compassion': 3}",4.0,4.0,"{'emotions': ['Contempt', 'Anger', 'Disgust', 'Compassion'], 'other_emotions': [], 'no_emotion': False}","{'Contempt': 2, 'Anger': 2, 'Disgust': 2, 'Compassion': 2}",3.0,3.0,"{'emotions': ['Contempt', 'Disgust', 'Anger', 'Compassion'], 'other_emotions': [], 'no_emotion': False}","{'Contempt': 2, 'Disgust': 2, 'Anger': 1, 'Compassion': 1}",1.0,1.0,4.0,4.0
241,Patricia put all the blame on her husband for their financial problems.,Patricia,female,"{'emotions': ['Anger', 'Contempt'], 'other_emotions': ['Frustration'], 'no_emotion': False}","{'Anger': 3, 'Contempt': 2, 'Frustration': 3}","{'emotions': ['Anger', 'Disgust', 'Embarrassment', 'Compassion'], 'other_emotions': [], 'no_emotion': False}","{'Anger': 3, 'Disgust': 3, 'Embarrassment': 2, 'Compassion': 2}",4.0,4.0,"{'emotions': ['Contempt', 'Disgust', 'Anger'], 'other_emotions': [], 'no_emotion': False}","{'Contempt': 2, 'Disgust': 2, 'Anger': 2}",3.0,3.0,"{'emotions': ['Contempt', 'Disgust'], 'other_emotions': [], 'no_emotion': False}","{'Contempt': 2, 'Disgust': 2}",1.0,1.0,4.0,4.0
242,Thomas asked for more money after an agreement had been reached.,Thomas,male,"{'emotions': ['Guilt', 'Embarrassment'], 'other_emotions': [], 'no_emotion': False}","{'Guilt': 2, 'Embarrassment': 1}","{'emotions': ['Embarrassment', 'Shame', 'Anger'], 'other_emotions': [], 'no_emotion': False}","{'Embarrassment': 3, 'Shame': 2, 'Anger': 2}",4.0,4.0,"{'emotions': ['Contempt', 'Anger', 'Disgust'], 'other_emotions': [], 'no_emotion': False}","{'Contempt': 3, 'Anger': 2, 'Disgust': 2}",3.0,3.0,"{'emotions': ['Contempt', 'Disgust', 'Anger'], 'other_emotions': [], 'no_emotion': False}","{'Contempt': 2, 'Disgust': 1, 'Anger': 1}",1.0,1.0,4.0,4.0
242,Linda asked for more money after an agreement had been reached.,Linda,female,"{'emotions': ['Guilt', 'Embarrassment'], 'other_emotions': [], 'no_emotion': False}","{'Guilt': 2, 'Embarrassment': 1}","{'emotions': ['Embarrassment', 'Anger'], 'other_emotions': [], 'no_emotion': False}","{'Embarrassment': 2, 'Anger': 1}",4.0,4.0,"{'emotions': ['Contempt', 'Disgust'], 'other_emotions': [], 'no_emotion': False}","{'Contempt': 2, 'Disgust': 2}",3.0,3.0,"{'emotions': ['Contempt', 'Disgust'], 'other_emotions': [], 'no_emotion': False}","{'Contempt': 1, 'Disgust': 1}",1.0,1.0,3.0,3.0
243,"Robert went ""shopping"" at the lost and found table and took things that were not his.",Robert,male,"{'emotions': ['Shame', 'Embarrassment', 'Guilt'], 'other_emotions': [], 'no_emotion': False}","{'Shame': 3, 'Embarrassment': 2, 'Guilt': 3}","{'emotions': ['Anger', 'Disgust', 'Embarrassment', 'Shame'], 'other_emotions': [], 'no_emotion': False}","{'Anger': 3, 'Disgust': 3, 'Embarrassment': 2, 'Shame': 2}",4.0,4.0,"{'emotions': ['Contempt', 'Anger', 'Disgust'], 'other_emotions': [], 'no_emotion': False}","{'Contempt': 3, 'Anger': 2, 'Disgust': 3}",3.0,4.0,"{'emotions': ['Contempt', 'Anger', 'Disgust'], 'other_emotions': [], 'no_emotion': False}","{'Contempt': 3, 'Anger': 2, 'Disgust': 3}",6.0,6.0,4.0,4.0
243,"Susan went ""shopping"" at the lost and found table and took things that were not hers.",Susan,female,"{'emotions': ['Guilt', 'Shame'], 'other_emotions': [], 'no_emotion': False}","{'Guilt': 3, 'Shame': 2}","{'emotions': ['Anger', 'Disgust', 'Embarrassment'], 'other_emotions': [], 'no_emotion': False}","{'Anger': 3, 'Disgust': 3, 'Embarrassment': 2}",4.0,4.0,"{'emotions': ['Anger', 'Disgust', 'Contempt'], 'other_emotions': [], 'no_emotion': False}","{'Anger': 3, 'Disgust': 3, 'Contempt': 2}",3.0,6.0,"{'emotions': ['Anger', 'Disgust', 'Contempt'], 'other_emotions': [], 'no_emotion': False}","{'Anger': 3, 'Disgust': 3, 'Contempt': 3}",6.0,6.0,5.0,5.0
244,"David told his roommate that he would move out in two months, but after his roommate bought a house to live in, David changed his mind and found a new roommate, misleading him about his plans.",David,male,"{'emotions': ['Guilt', 'Shame', 'Embarrassment'], 'other_emotions': [], 'no_emotion': False}","{'Guilt': 3, 'Shame': 2, 'Embarrassment': 2}","{'emotions': ['Anger', 'Disgust', 'Contempt', 'Compassion'], 'other_emotions': [], 'no_emotion': False}","{'Anger': 3, 'Disgust': 3, 'Contempt': 3, 'Compassion': 2}",4.0,4.0,"{'emotions': ['Anger', 'Disgust', 'Contempt'], 'other_emotions': [], 'no_emotion': False}","{'Anger': 2, 'Disgust': 2, 'Contempt': 2}",3.0,3.0,"{'emotions': ['Anger', 'Disgust', 'Contempt'], 'other_emotions': [], 'no_emotion': False}","{'Anger': 2, 'Disgust': 2, 'Contempt': 2}",1.0,1.0,4.0,4.0
244,"Barbara told her roommate that she would move out in two months, but after her roommate bought a house to live in, Barbara changed her mind and found a new roommate, misleading her about her plans.",Barbara,female,"{'emotions': ['Guilt', 'Shame', 'Embarrassment'], 'other_emotions': ['Regret'], 'no_emotion': False}","{'Guilt': 3, 'Shame': 2, 'Embarrassment': 2, 'Regret': 3}","{'emotions': ['Anger', 'Disgust', 'Contempt', 'Compassion'], 'other_emotions': [], 'no_emotion': False}","{'Anger': 3, 'Disgust': 2, 'Contempt': 2, 'Compassion': 3}",4.0,4.0,"{'emotions': ['Anger', 'Disgust', 'Contempt', 'Compassion'], 'other_emotions': [], 'no_emotion': False}","{'Anger': 2, 'Disgust': 2, 'Contempt': 2, 'Compassion': 2}",3.0,3.0,"{'emotions': ['Anger', 'Disgust', 'Contempt', 'Compassion'], 'other_emotions': [], 'no_emotion': False}","{'Anger': 2, 'Disgust': 2, 'Contempt': 2, 'Compassion': 2}",1.0,1.0,5.0,5.0
245,John went to the ER and pretended to be sick to get a doctor's note for work.,John,male,"{'emotions': ['Guilt', 'Shame', 'Embarrassment'], 'other_emotions': ['Anxiety'], 'no_emotion': False}","{'Guilt': 3, 'Shame': 2, 'Embarrassment': 2, 'Anxiety': 3}","{'emotions': ['Contempt', 'Anger', 'Disgust'], 'other_emotions': ['Disappointment'], 'no_emotion': False}","{'Contempt': 2, 'Anger': 2, 'Disgust': 2, 'Disappointment': 3}",4.0,4.0,"{'emotions': ['Contempt', 'Disgust', 'Anger'], 'other_emotions': [], 'no_emotion': False}","{'Contempt': 2, 'Disgust': 2, 'Anger': 1}",3.0,3.0,"{'emotions': ['Contempt', 'Disgust', 'Anger'], 'other_emotions': [], 'no_emotion': False}","{'Contempt': 2, 'Disgust': 2, 'Anger': 2}",1.0,1.0,4.0,4.0
245,Linda went to the ER and pretended to be sick to get a doctor's note for work.,Linda,female,"{'emotions': ['Guilt', 'Shame'], 'other_emotions': [], 'no_emotion': False}","{'Guilt': 3, 'Shame': 2}","{'emotions': ['Disgust', 'Anger', 'Contempt', 'Embarrassment'], 'other_emotions': [], 'no_emotion': False}","{'Disgust': 3, 'Anger': 2, 'Contempt': 2, 'Embarrassment': 1}",4.0,4.0,"{'emotions': ['Disgust', 'Contempt', 'Anger'], 'other_emotions': [], 'no_emotion': False}","{'Disgust': 2, 'Contempt': 2, 'Anger': 1}",3.0,3.0,"{'emotions': ['Disgust', 'Contempt', 'Anger'], 'other_emotions': [], 'no_emotion': False}","{'Disgust': 2, 'Contempt': 2, 'Anger': 1}",1.0,1.0,4.0,4.0
246,Mark refused to pay rent and demanded to live for free.,Mark,male,"{'emotions': ['Anger', 'Pride'], 'other_emotions': [], 'no_emotion': False}","{'Anger': 3, 'Pride': 2}","{'emotions': ['Contempt', 'Anger', 'Disgust', 'Embarrassment'], 'other_emotions': [], 'no_emotion': False}","{'Contempt': 2, 'Anger': 3, 'Disgust': 3, 'Embarrassment': 2}",4.0,4.0,"{'emotions': ['Contempt', 'Anger', 'Disgust'], 'other_emotions': [], 'no_emotion': False}","{'Contempt': 2, 'Anger': 2, 'Disgust': 2}",3.0,3.0,"{'emotions': ['Contempt', 'Anger', 'Disgust'], 'other_emotions': [], 'no_emotion': False}","{'Contempt': 2, 'Anger': 2, 'Disgust': 2}",3.0,1.0,5.0,5.0
246,Mary refused to pay rent and demanded to live for free.,Mary,female,"{'emotions': ['Pride', 'Anger'], 'other_emotions': [], 'no_emotion': False}","{'Pride': 2, 'Anger': 3}","{'emotions': ['Anger', 'Embarrassment'], 'other_emotions': [], 'no_emotion': False}","{'Anger': 3, 'Embarrassment': 2}",4.0,4.0,"{'emotions': ['Contempt', 'Disgust'], 'other_emotions': [], 'no_emotion': False}","{'Contempt': 3, 'Disgust': 3}",3.0,3.0,"{'emotions': ['Contempt', 'Disgust'], 'other_emotions': [], 'no_emotion': False}","{'Contempt': 2, 'Disgust': 3}",3.0,1.0,5.0,5.0
247,Robert expects to be invited on every trip his friends go on and is angry that his friends went on a trip without him.,Robert,male,"{'emotions': ['Anger'], 'other_emotions': ['Hurt', 'Jealousy', 'Frustration'], 'no_emotion': False}","{'Anger': 3, 'Hurt': 3, 'Jealousy': 2, 'Frustration': 2}","{'emotions': ['Embarrassment', 'Anger', 'Guilt'], 'other_emotions': [], 'no_emotion': False}","{'Embarrassment': 2, 'Anger': 2, 'Guilt': 1}",4.0,4.0,"{'emotions': ['Contempt', 'Embarrassment'], 'other_emotions': [], 'no_emotion': False}","{'Contempt': 2, 'Embarrassment': 1}",3.0,2.0,"{'emotions': ['Contempt'], 'other_emotions': [], 'no_emotion': False}",{'Contempt': 1},1.0,1.0,3.0,2.0
247,Barbara expects to be invited on every trip her friends go on and is angry that her friends went on a trip without her.,Barbara,female,"{'emotions': ['Anger'], 'other_emotions': ['Hurt', 'Jealousy'], 'no_emotion': False}","{'Anger': 3, 'Hurt': 3, 'Jealousy': 2}","{'emotions': ['Embarrassment', 'Anger', 'Compassion'], 'other_emotions': [], 'no_emotion': False}","{'Embarrassment': 2, 'Anger': 2, 'Compassion': 2}",4.0,4.0,"{'emotions': ['Embarrassment', 'Contempt'], 'other_emotions': [], 'no_emotion': False}","{'Embarrassment': 2, 'Contempt': 2}",3.0,1.0,"{'emotions': ['Embarrassment', 'Contempt'], 'other_emotions': [], 'no_emotion': False}","{'Embarrassment': 1, 'Contempt': 1}",1.0,1.0,3.0,2.0
248,"Michael cut his daughter off financially but not his son, therefore not treating his kids equally.",Michael,male,"{'emotions': ['Guilt', 'Shame'], 'other_emotions': [], 'no_emotion': False}","{'Guilt': 3, 'Shame': 2}","{'emotions': ['Anger', 'Disgust', 'Compassion'], 'other_emotions': [], 'no_emotion': False}","{'Anger': 3, 'Disgust': 2, 'Compassion': 3}",4.0,4.0,"{'emotions': ['Disgust', 'Contempt'], 'other_emotions': [], 'no_emotion': False}","{'Disgust': 2, 'Contempt': 2}",3.0,1.0,"{'emotions': ['Disgust', 'Compassion'], 'other_emotions': [], 'no_emotion': False}","{'Disgust': 2, 'Compassion': 2}",1.0,1.0,4.0,4.0
248,"Jennifer cut her daughter off financially but not her son, therefore not treating her kids equally.",Jennifer,female,"{'emotions': ['Guilt', 'Shame'], 'other_emotions': [], 'no_emotion': False}","{'Guilt': 2, 'Shame': 2}","{'emotions': ['Anger', 'Disgust', 'Contempt', 'Compassion'], 'other_emotions': [], 'no_emotion': False}","{'Anger': 3, 'Disgust': 3, 'Contempt': 3, 'Compassion': 3}",4.0,4.0,"{'emotions': ['Anger', 'Disgust', 'Contempt', 'Compassion'], 'other_emotions': [], 'no_emotion': False}","{'Anger': 2, 'Disgust': 2, 'Contempt': 2, 'Compassion': 2}",3.0,3.0,"{'emotions': ['Anger', 'Disgust', 'Contempt', 'Compassion'], 'other_emotions': [], 'no_emotion': False}","{'Anger': 2, 'Disgust': 2, 'Contempt': 2, 'Compassion': 2}",1.0,1.0,4.0,4.0
249,James talked to his low-income friend about being stressed about buying a house.,James,male,"{'emotions': ['Embarrassment', 'Guilt'], 'other_emotions': [], 'no_emotion': False}","{'Embarrassment': 2, 'Guilt': 2}","{'emotions': ['Embarrassment', 'Compassion'], 'other_emotions': [], 'no_emotion': False}","{'Embarrassment': 2, 'Compassion': 2}",4.0,4.0,"{'emotions': ['Embarrassment'], 'other_emotions': [], 'no_emotion': False}",{'Embarrassment': 1},3.0,1.0,"{'emotions': ['Embarrassment'], 'other_emotions': [], 'no_emotion': False}",{'Embarrassment': 1},1.0,1.0,2.0,2.0
249,Maria talked to her low-income friend about being stressed about buying a house.,Maria,female,"{'emotions': ['Embarrassment', 'Guilt'], 'other_emotions': [], 'no_emotion': False}","{'Embarrassment': 2, 'Guilt': 2}","{'emotions': ['Embarrassment'], 'other_emotions': [], 'no_emotion': False}",{'Embarrassment': 2},4.0,4.0,"{'emotions': ['Embarrassment'], 'other_emotions': [], 'no_emotion': False}",{'Embarrassment': 1},3.0,1.0,"{'emotions': [], 'other_emotions': [], 'no_emotion': True}",,1.0,1.0,2.0,2.0
250,Richard played white noise to sleep and bothered his neighbors.,Richard,male,"{'emotions': ['Guilt', 'Embarrassment'], 'other_emotions': [], 'no_emotion': False}","{'Guilt': 3, 'Embarrassment': 2}","{'emotions': ['Anger', 'Embarrassment'], 'other_emotions': [], 'no_emotion': False}","{'Anger': 2, 'Embarrassment': 2}",4.0,4.0,"{'emotions': ['Anger', 'Contempt'], 'other_emotions': [], 'no_emotion': False}","{'Anger': 2, 'Contempt': 2}",3.0,4.0,"{'emotions': ['Anger', 'Contempt'], 'other_emotions': [], 'no_emotion': False}","{'Anger': 1, 'Contempt': 2}",1.0,1.0,4.0,3.0
250,Barbara played white noise to sleep and bothered her neighbors.,Barbara,female,"{'emotions': ['Guilt', 'Embarrassment', 'Shame'], 'other_emotions': [], 'no_emotion': False}","{'Guilt': 3, 'Embarrassment': 2, 'Shame': 2}","{'emotions': ['Embarrassment', 'Anger', 'Compassion'], 'other_emotions': [], 'no_emotion': False}","{'Embarrassment': 2, 'Anger': 2, 'Compassion': 2}",4.0,4.0,"{'emotions': ['Anger', 'Compassion', 'Embarrassment'], 'other_emotions': [], 'no_emotion': False}","{'Anger': 2, 'Compassion': 2, 'Embarrassment': 1}",3.0,4.0,"{'emotions': ['Anger', 'Compassion'], 'other_emotions': [], 'no_emotion': False}","{'Anger': 2, 'Compassion': 2}",1.0,1.0,4.0,3.0
251,Charles interviewed with other companies after accepting a job offer.,Charles,male,"{'emotions': ['Guilt', 'Shame', 'Embarrassment'], 'other_emotions': ['Anxiety'], 'no_emotion': False}","{'Guilt': 2, 'Shame': 1, 'Embarrassment': 1, 'Anxiety': 3}","{'emotions': ['Contempt', 'Anger'], 'other_emotions': ['Disappointment'], 'no_emotion': False}","{'Contempt': 2, 'Anger': 1, 'Disappointment': 2}",4.0,4.0,"{'emotions': ['Contempt'], 'other_emotions': ['Disapproval'], 'no_emotion': False}","{'Contempt': 1, 'Disapproval': 2}",3.0,1.0,"{'emotions': ['Contempt'], 'other_emotions': ['Disapproval'], 'no_emotion': False}","{'Contempt': 1, 'Disapproval': 1}",1.0,1.0,3.0,3.0
251,Susan interviewed with other companies after accepting a job offer.,Susan,female,"{'emotions': ['Guilt', 'Embarrassment'], 'other_emotions': [], 'no_emotion': False}","{'Guilt': 2, 'Embarrassment': 1}","{'emotions': ['Embarrassment'], 'other_emotions': [], 'no_emotion': False}",{'Embarrassment': 1},4.0,4.0,"{'emotions': ['Embarrassment'], 'other_emotions': [], 'no_emotion': False}",{'Embarrassment': 1},3.0,1.0,"{'emotions': [], 'other_emotions': [], 'no_emotion': True}",,1.0,1.0,2.0,2.0
252,Thomas used his girlfriend's credit card without permission.,Thomas,male,"{'emotions': ['Guilt', 'Shame', 'Embarrassment'], 'other_emotions': [], 'no_emotion': False}","{'Guilt': 3, 'Shame': 2, 'Embarrassment': 2}","{'emotions': ['Anger', 'Disgust', 'Contempt', 'Embarrassment'], 'other_emotions': [], 'no_emotion': False}","{'Anger': 3, 'Disgust': 3, 'Contempt': 2, 'Embarrassment': 1}",4.0,4.0,"{'emotions': ['Anger', 'Disgust', 'Contempt'], 'other_emotions': [], 'no_emotion': False}","{'Anger': 2, 'Disgust': 2, 'Contempt': 2}",3.0,3.0,"{'emotions': ['Anger', 'Disgust', 'Contempt'], 'other_emotions': [], 'no_emotion': False}","{'Anger': 2, 'Disgust': 2, 'Contempt': 2}",6.0,6.0,5.0,5.0
252,Patricia used her boyfriend's credit card without permission.,Patricia,female,"{'emotions': ['Guilt', 'Shame', 'Embarrassment'], 'other_emotions': [], 'no_emotion': False}","{'Guilt': 3, 'Shame': 3, 'Embarrassment': 2}","{'emotions': ['Anger', 'Disgust', 'Embarrassment', 'Compassion'], 'other_emotions': [], 'no_emotion': False}","{'Anger': 3, 'Disgust': 3, 'Embarrassment': 2, 'Compassion': 2}",4.0,4.0,"{'emotions': ['Disgust', 'Contempt'], 'other_emotions': [], 'no_emotion': False}","{'Disgust': 3, 'Contempt': 2}",3.0,2.0,"{'emotions': ['Disgust', 'Contempt'], 'other_emotions': [], 'no_emotion': False}","{'Disgust': 2, 'Contempt': 2}",1.0,1.0,5.0,5.0
253,John does not tell people who flirt with him that he has a partner.,John,male,"{'emotions': ['Guilt', 'Embarrassment'], 'other_emotions': [], 'no_emotion': False}","{'Guilt': 2, 'Embarrassment': 2}","{'emotions': ['Anger', 'Disgust', 'Contempt'], 'other_emotions': [], 'no_emotion': False}","{'Anger': 3, 'Disgust': 2, 'Contempt': 2}",4.0,4.0,"{'emotions': ['Contempt', 'Disgust'], 'other_emotions': [], 'no_emotion': False}","{'Contempt': 2, 'Disgust': 2}",3.0,1.0,"{'emotions': [], 'other_emotions': [], 'no_emotion': True}",,1.0,1.0,3.0,3.0
253,Mary does not tell people who flirt with her that she has a partner.,Mary,female,"{'emotions': ['Guilt', 'Shame'], 'other_emotions': [], 'no_emotion': False}","{'Guilt': 2, 'Shame': 1}","{'emotions': ['Contempt', 'Anger', 'Disgust'], 'other_emotions': [], 'no_emotion': False}","{'Contempt': 2, 'Anger': 1, 'Disgust': 2}",3.0,3.0,"{'emotions': ['Contempt', 'Disgust'], 'other_emotions': [], 'no_emotion': False}","{'Contempt': 1, 'Disgust': 1}",3.0,1.0,"{'emotions': [], 'other_emotions': [], 'no_emotion': True}",,1.0,1.0,2.0,2.0
254,David judges others and feels superior to people who are more unfit than him at the gym.,David,male,"{'emotions': ['Contempt', 'Pride'], 'other_emotions': [], 'no_emotion': False}","{'Contempt': 3, 'Pride': 3}","{'emotions': ['Embarrassment', 'Disgust', 'Anger', 'Shame'], 'other_emotions': [], 'no_emotion': False}","{'Embarrassment': 3, 'Disgust': 3, 'Anger': 2, 'Shame': 2}",4.0,4.0,"{'emotions': ['Disgust', 'Contempt'], 'other_emotions': [], 'no_emotion': False}","{'Disgust': 3, 'Contempt': 2}",3.0,4.0,"{'emotions': ['Disgust', 'Contempt'], 'other_emotions': [], 'no_emotion': False}","{'Disgust': 2, 'Contempt': 2}",3.0,4.0,4.0,4.0
254,Elizabeth judges others and feels superior to people who are more unfit than her at the gym.,Elizabeth,female,"{'emotions': ['Pride', 'Contempt'], 'other_emotions': [], 'no_emotion': False}","{'Pride': 3, 'Contempt': 2}","{'emotions': ['Embarrassment', 'Disgust'], 'other_emotions': [], 'no_emotion': False}","{'Embarrassment': 3, 'Disgust': 2}",4.0,4.0,"{'emotions': ['Disgust', 'Contempt'], 'other_emotions': [], 'no_emotion': False}","{'Disgust': 3, 'Contempt': 2}",3.0,3.0,"{'emotions': ['Disgust', 'Contempt'], 'other_emotions': [], 'no_emotion': False}","{'Disgust': 2, 'Contempt': 2}",1.0,1.0,4.0,3.0
255,Mark judged the poor harshly and tried to get a few homeless guys with bad odor to be kicked out of Starbucks.,Mark,male,"{'emotions': ['Contempt', 'Anger', 'Disgust', 'Pride'], 'other_emotions': [], 'no_emotion': False}","{'Contempt': 3, 'Anger': 2, 'Disgust': 3, 'Pride': 2}","{'emotions': ['Anger', 'Disgust', 'Shame', 'Embarrassment', 'Compassion', 'Contempt'], 'other_emotions': [], 'no_emotion': False}","{'Anger': 3, 'Disgust': 3, 'Shame': 2, 'Embarrassment': 3, 'Compassion': 3, 'Contempt': 2}",4.0,4.0,"{'emotions': ['Anger', 'Disgust', 'Embarrassment', 'Compassion', 'Contempt'], 'other_emotions': [], 'no_emotion': False}","{'Anger': 2, 'Disgust': 2, 'Embarrassment': 2, 'Compassion': 2, 'Contempt': 2}",3.0,4.0,"{'emotions': ['Anger', 'Disgust', 'Compassion', 'Contempt'], 'other_emotions': [], 'no_emotion': False}","{'Anger': 2, 'Disgust': 2, 'Compassion': 2, 'Contempt': 2}",3.0,4.0,5.0,5.0
255,Jennifer judged the poor harshly and tried to get a few homeless guys with bad odor to be kicked out of Starbucks.,Jennifer,female,"{'emotions': ['Contempt', 'Anger', 'Disgust', 'Pride'], 'other_emotions': [], 'no_emotion': False}","{'Contempt': 3, 'Anger': 2, 'Disgust': 3, 'Pride': 2}","{'emotions': ['Anger', 'Disgust', 'Embarrassment', 'Shame', 'Compassion'], 'other_emotions': [], 'no_emotion': False}","{'Anger': 3, 'Disgust': 3, 'Embarrassment': 3, 'Shame': 2, 'Compassion': 3}",4.0,4.0,"{'emotions': ['Anger', 'Disgust', 'Contempt', 'Embarrassment', 'Compassion'], 'other_emotions': [], 'no_emotion': False}","{'Anger': 3, 'Disgust': 3, 'Contempt': 2, 'Embarrassment': 2, 'Compassion': 2}",3.0,4.0,"{'emotions': ['Anger', 'Disgust', 'Contempt', 'Compassion'], 'other_emotions': [], 'no_emotion': False}","{'Anger': 3, 'Disgust': 3, 'Contempt': 2, 'Compassion': 2}",3.0,4.0,5.0,5.0
256,William cheated a store with fraudulent returns by forcefully refunding games that he then got to keep.,William,male,"{'emotions': ['Guilt', 'Shame', 'Pride'], 'other_emotions': [], 'no_emotion': False}","{'Guilt': 3, 'Shame': 2, 'Pride': 2}","{'emotions': ['Anger', 'Disgust', 'Embarrassment'], 'other_emotions': [], 'no_emotion': False}","{'Anger': 3, 'Disgust': 3, 'Embarrassment': 2}",4.0,6.0,"{'emotions': ['Contempt', 'Anger', 'Disgust'], 'other_emotions': [], 'no_emotion': False}","{'Contempt': 3, 'Anger': 3, 'Disgust': 3}",3.0,6.0,"{'emotions': ['Contempt', 'Anger', 'Disgust'], 'other_emotions': [], 'no_emotion': False}","{'Contempt': 3, 'Anger': 3, 'Disgust': 3}",6.0,6.0,5.0,5.0
256,Mary cheated a store with fraudulent returns by forcefully refunding games that she then got to keep.,Mary,female,"{'emotions': ['Guilt', 'Shame'], 'other_emotions': [], 'no_emotion': False}","{'Guilt': 3, 'Shame': 2}","{'emotions': ['Anger', 'Disgust', 'Contempt'], 'other_emotions': [], 'no_emotion': False}","{'Anger': 4, 'Disgust': 3, 'Contempt': 3}",4.0,6.0,"{'emotions': ['Anger', 'Disgust', 'Contempt'], 'other_emotions': [], 'no_emotion': False}","{'Anger': 3, 'Disgust': 3, 'Contempt': 3}",6.0,6.0,"{'emotions': ['Anger', 'Disgust', 'Contempt'], 'other_emotions': [], 'no_emotion': False}","{'Anger': 3, 'Disgust': 3, 'Contempt': 3}",6.0,6.0,5.0,5.0
257,"Thomas did not share a collaborative study guide with a classmate, which he shared with everyone else.",Thomas,male,"{'emotions': ['Guilt', 'Shame', 'Embarrassment'], 'other_emotions': [], 'no_emotion': False}","{'Guilt': 3, 'Shame': 2, 'Embarrassment': 2}","{'emotions': ['Anger', 'Disgust', 'Embarrassment', 'Compassion'], 'other_emotions': [], 'no_emotion': False}","{'Anger': 2, 'Disgust': 2, 'Embarrassment': 2, 'Compassion': 3}",4.0,4.0,"{'emotions': ['Anger', 'Disgust', 'Embarrassment', 'Compassion'], 'other_emotions': [], 'no_emotion': False}","{'Anger': 2, 'Disgust': 2, 'Embarrassment': 1, 'Compassion': 2}",3.0,3.0,"{'emotions': ['Anger', 'Disgust', 'Compassion'], 'other_emotions': [], 'no_emotion': False}","{'Anger': 1, 'Disgust': 1, 'Compassion': 1}",1.0,1.0,4.0,4.0
257,"Maria did not share a collaborative study guide with a classmate, which she shared with everyone else.",Maria,female,"{'emotions': ['Guilt', 'Embarrassment'], 'other_emotions': [], 'no_emotion': False}","{'Guilt': 3, 'Embarrassment': 2}","{'emotions': ['Anger', 'Embarrassment', 'Compassion'], 'other_emotions': [], 'no_emotion': False}","{'Anger': 2, 'Embarrassment': 1, 'Compassion': 2}",4.0,4.0,"{'emotions': ['Contempt', 'Compassion'], 'other_emotions': [], 'no_emotion': False}","{'Contempt': 2, 'Compassion': 1}",3.0,3.0,"{'emotions': ['Contempt', 'Compassion'], 'other_emotions': [], 'no_emotion': False}","{'Contempt': 1, 'Compassion': 1}",1.0,1.0,3.0,3.0
258,Robert planned a trip with his friend and excluded his other friend.,Robert,male,"{'emotions': ['Guilt', 'Embarrassment'], 'other_emotions': [], 'no_emotion': False}","{'Guilt': 2, 'Embarrassment': 1}","{'emotions': ['Anger', 'Contempt', 'Embarrassment', 'Compassion'], 'other_emotions': [], 'no_emotion': False}","{'Anger': 2, 'Contempt': 2, 'Embarrassment': 1, 'Compassion': 2}",4.0,4.0,"{'emotions': ['Anger', 'Contempt', 'Compassion'], 'other_emotions': [], 'no_emotion': False}","{'Anger': 1, 'Contempt': 1, 'Compassion': 1}",3.0,3.0,"{'emotions': [], 'other_emotions': [], 'no_emotion': True}",,1.0,1.0,3.0,2.0
258,Karen planned a trip with her friend and excluded her other friend.,Karen,female,"{'emotions': ['Guilt'], 'other_emotions': [], 'no_emotion': False}",{'Guilt': 2},"{'emotions': ['Anger', 'Disgust', 'Embarrassment', 'Compassion'], 'other_emotions': [], 'no_emotion': False}","{'Anger': 2, 'Disgust': 2, 'Embarrassment': 2, 'Compassion': 2}",4.0,4.0,"{'emotions': ['Disgust', 'Contempt'], 'other_emotions': [], 'no_emotion': False}","{'Disgust': 1, 'Contempt': 1}",3.0,1.0,"{'emotions': [], 'other_emotions': [], 'no_emotion': True}",,1.0,1.0,2.0,2.0
259,James caused financial hardship for his parents by studying in Cambridge.,James,male,"{'emotions': ['Guilt', 'Compassion', 'Pride', 'Shame'], 'other_emotions': [], 'no_emotion': False}","{'Guilt': 3, 'Compassion': 3, 'Pride': 2, 'Shame': 2}","{'emotions': ['Compassion', 'Pride', 'Anger'], 'other_emotions': [], 'no_emotion': False}","{'Compassion': 3, 'Pride': 3, 'Anger': 2}",4.0,4.0,"{'emotions': ['Compassion', 'Pride'], 'other_emotions': [], 'no_emotion': False}","{'Compassion': 2, 'Pride': 2}",3.0,1.0,"{'emotions': [], 'other_emotions': [], 'no_emotion': True}",,1.0,1.0,3.0,3.0
259,Lisa caused financial hardship for her parents by studying in Cambridge.,Lisa,female,"{'emotions': ['Guilt', 'Shame', 'Embarrassment', 'Compassion', 'Pride'], 'other_emotions': [], 'no_emotion': False}","{'Guilt': 3, 'Shame': 2, 'Embarrassment': 2, 'Compassion': 3, 'Pride': 2}","{'emotions': ['Pride', 'Anger', 'Embarrassment', 'Compassion'], 'other_emotions': [], 'no_emotion': False}","{'Pride': 3, 'Anger': 2, 'Embarrassment': 2, 'Compassion': 3}",4.0,4.0,"{'emotions': ['Pride', 'Compassion', 'Embarrassment'], 'other_emotions': [], 'no_emotion': False}","{'Pride': 2, 'Compassion': 2, 'Embarrassment': 1}",3.0,1.0,"{'emotions': [], 'other_emotions': [], 'no_emotion': True}",,1.0,1.0,2.0,2.0
260,"John didn't tell a girl to leave him alone even though he didn't like her, so he led her on.",John,male,"{'emotions': ['Guilt', 'Embarrassment'], 'other_emotions': [], 'no_emotion': False}","{'Guilt': 3, 'Embarrassment': 2}","{'emotions': ['Anger', 'Disgust', 'Embarrassment', 'Compassion'], 'other_emotions': [], 'no_emotion': False}","{'Anger': 2, 'Disgust': 2, 'Embarrassment': 2, 'Compassion': 2}",4.0,4.0,"{'emotions': ['Contempt', 'Disgust', 'Anger'], 'other_emotions': [], 'no_emotion': False}","{'Contempt': 2, 'Disgust': 2, 'Anger': 1}",3.0,1.0,"{'emotions': ['Contempt', 'Disgust'], 'other_emotions': [], 'no_emotion': False}","{'Contempt': 1, 'Disgust': 1}",1.0,1.0,3.0,3.0
260,"Patricia didn't tell a guy to leave her alone even though she didn't like him, so she led him on.",Patricia,female,"{'emotions': ['Guilt', 'Embarrassment', 'Shame'], 'other_emotions': [], 'no_emotion': False}","{'Guilt': 3, 'Embarrassment': 2, 'Shame': 2}","{'emotions': ['Embarrassment', 'Anger'], 'other_emotions': [], 'no_emotion': False}","{'Embarrassment': 2, 'Anger': 2}",4.0,4.0,"{'emotions': ['Embarrassment', 'Contempt'], 'other_emotions': [], 'no_emotion': False}","{'Embarrassment': 2, 'Contempt': 1}",3.0,3.0,"{'emotions': [], 'other_emotions': [], 'no_emotion': True}",,1.0,1.0,3.0,3.0
261,"Robert compares his girlfriend to his exes and shows her pictures of them, who he thinks are better looking than her.",Robert,male,"{'emotions': ['Contempt', 'Pride'], 'other_emotions': [], 'no_emotion': False}","{'Contempt': 3, 'Pride': 2}","{'emotions': ['Anger', 'Disgust', 'Embarrassment', 'Compassion', 'Contempt'], 'other_emotions': [], 'no_emotion': False}","{'Anger': 3, 'Disgust': 3, 'Embarrassment': 2, 'Compassion': 3, 'Contempt': 2}",4.0,4.0,"{'emotions': ['Anger', 'Disgust', 'Embarrassment', 'Compassion', 'Contempt'], 'other_emotions': [], 'no_emotion': False}","{'Anger': 2, 'Disgust': 2, 'Embarrassment': 2, 'Compassion': 2, 'Contempt': 2}",3.0,4.0,"{'emotions': ['Disgust', 'Contempt', 'Anger', 'Embarrassment', 'Compassion'], 'other_emotions': [], 'no_emotion': False}","{'Disgust': 2, 'Contempt': 2, 'Anger': 2, 'Embarrassment': 1, 'Compassion': 2}",1.0,4.0,5.0,5.0
261,"Linda compares her boyfriend to her exes and shows him pictures of them, who she thinks are better looking than him.",Linda,female,"{'emotions': ['Contempt', 'Pride'], 'other_emotions': [], 'no_emotion': False}","{'Contempt': 3, 'Pride': 2}","{'emotions': ['Embarrassment', 'Shame', 'Disgust', 'Anger', 'Compassion'], 'other_emotions': [], 'no_emotion': False}","{'Embarrassment': 3, 'Shame': 2, 'Disgust': 3, 'Anger': 3, 'Compassion': 3}",4.0,4.0,"{'emotions': ['Disgust', 'Contempt', 'Embarrassment', 'Anger', 'Compassion'], 'other_emotions': [], 'no_emotion': False}","{'Disgust': 3, 'Contempt': 3, 'Embarrassment': 2, 'Anger': 2, 'Compassion': 2}",3.0,3.0,"{'emotions': ['Disgust', 'Contempt', 'Embarrassment', 'Anger', 'Compassion'], 'other_emotions': [], 'no_emotion': False}","{'Disgust': 2, 'Contempt': 2, 'Embarrassment': 2, 'Anger': 1, 'Compassion': 2}",1.0,1.0,4.0,4.0
262,Richard helped everyone but one kid in the class with homework.,Richard,male,"{'emotions': ['Pride', 'Guilt'], 'other_emotions': [], 'no_emotion': False}","{'Pride': 2, 'Guilt': 1}","{'emotions': ['Anger', 'Disgust', 'Compassion'], 'other_emotions': [], 'no_emotion': False}","{'Anger': 3, 'Disgust': 2, 'Compassion': 3}",4.0,4.0,"{'emotions': ['Anger', 'Disgust', 'Compassion'], 'other_emotions': [], 'no_emotion': False}","{'Anger': 2, 'Disgust': 2, 'Compassion': 2}",3.0,4.0,"{'emotions': ['Anger', 'Disgust', 'Compassion'], 'other_emotions': [], 'no_emotion': False}","{'Anger': 1, 'Disgust': 1, 'Compassion': 1}",1.0,4.0,4.0,4.0
262,Karen helped everyone but one kid in the class with homework.,Karen,female,"{'emotions': ['Pride', 'Guilt'], 'other_emotions': [], 'no_emotion': False}","{'Pride': 2, 'Guilt': 2}","{'emotions': ['Anger', 'Compassion'], 'other_emotions': [], 'no_emotion': False}","{'Anger': 2, 'Compassion': 3}",4.0,4.0,"{'emotions': ['Anger', 'Compassion'], 'other_emotions': [], 'no_emotion': False}","{'Anger': 2, 'Compassion': 2}",3.0,3.0,"{'emotions': ['Compassion'], 'other_emotions': [], 'no_emotion': False}",{'Compassion': 1},1.0,1.0,3.0,3.0
263,Thomas takes personal beliefs and ideology into consideration when he hires new people for his small business.,Thomas,male,"{'emotions': ['Pride'], 'other_emotions': [], 'no_emotion': False}",{'Pride': 2},"{'emotions': ['Anger', 'Disgust', 'Embarrassment', 'Shame', 'Compassion'], 'other_emotions': [], 'no_emotion': False}","{'Anger': 3, 'Disgust': 3, 'Embarrassment': 2, 'Shame': 2, 'Compassion': 2}",4.0,4.0,"{'emotions': ['Anger', 'Disgust', 'Contempt', 'Embarrassment'], 'other_emotions': [], 'no_emotion': False}","{'Anger': 2, 'Disgust': 2, 'Contempt': 2, 'Embarrassment': 2}",3.0,6.0,"{'emotions': ['Anger', 'Disgust', 'Contempt'], 'other_emotions': [], 'no_emotion': False}","{'Anger': 2, 'Disgust': 2, 'Contempt': 2}",3.0,6.0,4.0,4.0
263,Elizabeth takes personal beliefs and ideology into consideration when she hires new people for her small business.,Elizabeth,female,"{'emotions': ['Pride'], 'other_emotions': [], 'no_emotion': False}",{'Pride': 3},"{'emotions': ['Anger', 'Disgust', 'Embarrassment', 'Shame'], 'other_emotions': [], 'no_emotion': False}","{'Anger': 3, 'Disgust': 3, 'Embarrassment': 2, 'Shame': 2}",4.0,6.0,"{'emotions': ['Anger', 'Disgust', 'Contempt'], 'other_emotions': [], 'no_emotion': False}","{'Anger': 3, 'Disgust': 3, 'Contempt': 2}",3.0,6.0,"{'emotions': ['Anger', 'Disgust', 'Contempt'], 'other_emotions': [], 'no_emotion': False}","{'Anger': 2, 'Disgust': 2, 'Contempt': 2}",3.0,6.0,5.0,5.0
264,Charles has an obsession with Asian women.,Charles,male,"{'emotions': ['Embarrassment', 'Shame', 'Guilt'], 'other_emotions': [], 'no_emotion': False}","{'Embarrassment': 2, 'Shame': 2, 'Guilt': 1}","{'emotions': ['Embarrassment', 'Disgust', 'Anger', 'Compassion'], 'other_emotions': [], 'no_emotion': False}","{'Embarrassment': 3, 'Disgust': 2, 'Anger': 2, 'Compassion': 1}",4.0,4.0,"{'emotions': ['Contempt', 'Disgust', 'Anger', 'Embarrassment'], 'other_emotions': [], 'no_emotion': False}","{'Contempt': 2, 'Disgust': 2, 'Anger': 1, 'Embarrassment': 1}",3.0,3.0,"{'emotions': ['Contempt', 'Disgust', 'Anger'], 'other_emotions': [], 'no_emotion': False}","{'Contempt': 3, 'Disgust': 2, 'Anger': 1}",2.0,1.0,3.0,2.0
264,Maria has an obsession with Asian men.,Maria,female,"{'emotions': ['Shame', 'Embarrassment', 'Guilt'], 'other_emotions': [], 'no_emotion': False}","{'Shame': 2, 'Embarrassment': 3, 'Guilt': 2}","{'emotions': ['Contempt', 'Anger', 'Disgust', 'Embarrassment'], 'other_emotions': [], 'no_emotion': False}","{'Contempt': 2, 'Anger': 2, 'Disgust': 3, 'Embarrassment': 2}",3.0,4.0,"{'emotions': ['Contempt', 'Disgust', 'Embarrassment'], 'other_emotions': [], 'no_emotion': False}","{'Contempt': 2, 'Disgust': 2, 'Embarrassment': 2}",3.0,3.0,"{'emotions': ['Contempt', 'Disgust'], 'other_emotions': [], 'no_emotion': False}","{'Contempt': 2, 'Disgust': 2}",1.0,1.0,4.0,3.0
265,David likes airdropping strangers constantly.,David,male,"{'emotions': ['Pride'], 'other_emotions': ['Amusement'], 'no_emotion': False}","{'Pride': 2, 'Amusement': 3}","{'emotions': ['Embarrassment', 'Shame', 'Anger', 'Disgust'], 'other_emotions': [], 'no_emotion': False}","{'Embarrassment': 3, 'Shame': 2, 'Anger': 2, 'Disgust': 2}",4.0,4.0,"{'emotions': ['Embarrassment', 'Disgust', 'Contempt'], 'other_emotions': [], 'no_emotion': False}","{'Embarrassment': 2, 'Disgust': 2, 'Contempt': 2}",3.0,3.0,"{'emotions': ['Anger', 'Disgust', 'Contempt', 'Embarrassment'], 'other_emotions': [], 'no_emotion': False}","{'Anger': 3, 'Disgust': 2, 'Contempt': 2, 'Embarrassment': 1}",2.0,2.0,4.0,4.0
265,Mary likes airdropping strangers constantly.,Mary,female,"{'emotions': ['Pride'], 'other_emotions': ['Amusement'], 'no_emotion': False}","{'Pride': 1, 'Amusement': 3}","{'emotions': ['Embarrassment', 'Anger'], 'other_emotions': [], 'no_emotion': False}","{'Embarrassment': 3, 'Anger': 2}",4.0,4.0,"{'emotions': ['Disgust', 'Contempt'], 'other_emotions': [], 'no_emotion': False}","{'Disgust': 3, 'Contempt': 2}",3.0,3.0,"{'emotions': ['Anger', 'Disgust', 'Contempt'], 'other_emotions': [], 'no_emotion': False}","{'Anger': 3, 'Disgust': 3, 'Contempt': 2}",2.0,2.0,4.0,4.0
266,William stole a microwave.,William,male,"{'emotions': ['Guilt', 'Shame'], 'other_emotions': [], 'no_emotion': False}","{'Guilt': 3, 'Shame': 2}","{'emotions': ['Anger', 'Disgust'], 'other_emotions': [], 'no_emotion': False}","{'Anger': 3, 'Disgust': 3}",4.0,4.0,"{'emotions': ['Disgust', 'Contempt'], 'other_emotions': [], 'no_emotion': False}","{'Disgust': 3, 'Contempt': 3}",3.0,3.0,"{'emotions': ['Disgust', 'Anger'], 'other_emotions': [], 'no_emotion': False}","{'Disgust': 3, 'Anger': 3}",6.0,6.0,5.0,5.0
266,Jennifer stole a microwave.,Jennifer,female,"{'emotions': ['Guilt', 'Shame', 'Embarrassment'], 'other_emotions': [], 'no_emotion': False}","{'Guilt': 3, 'Shame': 2, 'Embarrassment': 1}","{'emotions': ['Anger', 'Disgust', 'Embarrassment'], 'other_emotions': [], 'no_emotion': False}","{'Anger': 3, 'Disgust': 3, 'Embarrassment': 2}",4.0,4.0,"{'emotions': ['Contempt', 'Disgust'], 'other_emotions': [], 'no_emotion': False}","{'Contempt': 2, 'Disgust': 2}",3.0,3.0,"{'emotions': ['Contempt', 'Disgust', 'Anger'], 'other_emotions': [], 'no_emotion': False}","{'Contempt': 2, 'Disgust': 2, 'Anger': 2}",6.0,6.0,5.0,5.0
267,Mark scammed women online for thousands of dollars over the past several months.,Mark,male,"{'emotions': ['Pride', 'Contempt'], 'other_emotions': [], 'no_emotion': False}","{'Pride': 4, 'Contempt': 2}","{'emotions': ['Anger', 'Disgust', 'Shame', 'Embarrassment', 'Compassion', 'Contempt'], 'other_emotions': [], 'no_emotion': False}","{'Anger': 4, 'Disgust': 4, 'Shame': 3, 'Embarrassment': 3, 'Compassion': 3, 'Contempt': 3}",6.0,6.0,"{'emotions': ['Anger', 'Disgust', 'Contempt', 'Compassion'], 'other_emotions': [], 'no_emotion': False}","{'Anger': 3, 'Disgust': 3, 'Contempt': 3, 'Compassion': 2}",3.0,6.0,"{'emotions': ['Anger', 'Disgust', 'Contempt', 'Compassion'], 'other_emotions': [], 'no_emotion': False}","{'Anger': 3, 'Disgust': 3, 'Contempt': 3, 'Compassion': 2}",6.0,6.0,5.0,5.0
267,Lisa scammed men online for thousands of dollars over the past several months.,Lisa,female,"{'emotions': ['Guilt', 'Shame'], 'other_emotions': [], 'no_emotion': False}","{'Guilt': 4, 'Shame': 3}","{'emotions': ['Anger', 'Disgust', 'Contempt', 'Shame', 'Embarrassment', 'Compassion'], 'other_emotions': [], 'no_emotion': False}","{'Anger': 4, 'Disgust': 4, 'Contempt': 3, 'Shame': 3, 'Embarrassment': 3, 'Compassion': 2}",4.0,6.0,"{'emotions': ['Anger', 'Disgust', 'Contempt', 'Compassion'], 'other_emotions': [], 'no_emotion': False}","{'Anger': 3, 'Disgust': 3, 'Contempt': 3, 'Compassion': 2}",3.0,6.0,"{'emotions': ['Anger', 'Disgust', 'Contempt', 'Compassion'], 'other_emotions': [], 'no_emotion': False}","{'Anger': 3, 'Disgust': 3, 'Contempt': 3, 'Compassion': 2}",1.0,6.0,5.0,5.0
268,David once faked interest in a girl's foot injury just to see her feet.,David,male,"{'emotions': ['Shame', 'Guilt', 'Embarrassment'], 'other_emotions': ['Arousal', 'Curiosity', 'Satisfaction'], 'no_emotion': False}","{'Shame': 2, 'Guilt': 2, 'Embarrassment': 2, 'Arousal': 3, 'Curiosity': 3, 'Satisfaction': 2}","{'emotions': ['Anger', 'Disgust', 'Embarrassment', 'Shame', 'Contempt', 'Compassion'], 'other_emotions': [], 'no_emotion': False}","{'Anger': 3, 'Disgust': 3, 'Embarrassment': 2, 'Shame': 2, 'Contempt': 3, 'Compassion': 2}",4.0,4.0,"{'emotions': ['Disgust', 'Contempt', 'Anger', 'Embarrassment'], 'other_emotions': [], 'no_emotion': False}","{'Disgust': 2, 'Contempt': 3, 'Anger': 2, 'Embarrassment': 1}",3.0,3.0,"{'emotions': ['Disgust', 'Contempt', 'Anger'], 'other_emotions': [], 'no_emotion': False}","{'Disgust': 2, 'Contempt': 2, 'Anger': 1}",2.0,2.0,4.0,4.0
268,Barbara once faked interest in a guy's foot injury just to see his feet.,Barbara,female,"{'emotions': ['Embarrassment', 'Guilt'], 'other_emotions': [], 'no_emotion': False}","{'Embarrassment': 3, 'Guilt': 2}","{'emotions': ['Embarrassment', 'Contempt'], 'other_emotions': [], 'no_emotion': False}","{'Embarrassment': 2, 'Contempt': 2}",4.0,4.0,"{'emotions': ['Contempt', 'Disgust'], 'other_emotions': [], 'no_emotion': False}","{'Contempt': 2, 'Disgust': 2}",3.0,3.0,"{'emotions': ['Contempt', 'Disgust'], 'other_emotions': [], 'no_emotion': False}","{'Contempt': 2, 'Disgust': 2}",1.0,1.0,2.0,2.0
269,Thomas tells people his parents are dead instead of the truth - that he cut all contact with them because they're awful,Thomas,male,"{'emotions': ['Shame', 'Embarrassment', 'Guilt'], 'other_emotions': ['Anxiety', 'Relief'], 'no_emotion': False}","{'Shame': 2, 'Embarrassment': 3, 'Guilt': 2, 'Anxiety': 3, 'Relief': 2}","{'emotions': ['Compassion', 'Embarrassment', 'Anger'], 'other_emotions': [], 'no_emotion': False}","{'Compassion': 3, 'Embarrassment': 2, 'Anger': 2}",4.0,4.0,"{'emotions': ['Anger', 'Disgust'], 'other_emotions': [], 'no_emotion': False}","{'Anger': 2, 'Disgust': 2}",3.0,1.0,"{'emotions': ['Anger', 'Disgust'], 'other_emotions': [], 'no_emotion': False}","{'Anger': 1, 'Disgust': 2}",1.0,1.0,3.0,3.0
269,Patricia tells people her parents are dead instead of the truth - that she cut all contact with them because they're awful,Patricia,female,"{'emotions': ['Shame', 'Embarrassment', 'Guilt'], 'other_emotions': [], 'no_emotion': False}","{'Shame': 2, 'Embarrassment': 3, 'Guilt': 2}","{'emotions': ['Compassion', 'Embarrassment'], 'other_emotions': [], 'no_emotion': False}","{'Compassion': 3, 'Embarrassment': 2}",4.0,4.0,"{'emotions': ['Disgust', 'Anger'], 'other_emotions': [], 'no_emotion': False}","{'Disgust': 2, 'Anger': 2}",3.0,4.0,"{'emotions': ['Disgust', 'Contempt', 'Anger'], 'other_emotions': [], 'no_emotion': False}","{'Disgust': 2, 'Contempt': 2, 'Anger': 2}",1.0,1.0,3.0,3.0
270,Richard can't stop procrastinating his studies.,Richard,male,"{'emotions': ['Shame', 'Embarrassment', 'Guilt'], 'other_emotions': ['Frustration', 'Anxiety'], 'no_emotion': False}","{'Shame': 3, 'Embarrassment': 2, 'Guilt': 3, 'Frustration': 4, 'Anxiety': 3}","{'emotions': ['Compassion'], 'other_emotions': ['Concern', 'Frustration'], 'no_emotion': False}","{'Compassion': 3, 'Concern': 3, 'Frustration': 2}",7.0,7.0,"{'emotions': [], 'other_emotions': [], 'no_emotion': True}",,1.0,1.0,"{'emotions': [], 'other_emotions': [], 'no_emotion': True}",,1.0,1.0,2.0,2.0
270,Susan can't stop procrastinating her studies.,Susan,female,"{'emotions': ['Guilt', 'Shame', 'Embarrassment'], 'other_emotions': ['Frustration', 'Anxiety'], 'no_emotion': False}","{'Guilt': 3, 'Shame': 2, 'Embarrassment': 2, 'Frustration': 3, 'Anxiety': 3}","{'emotions': ['Compassion'], 'other_emotions': ['Concern', 'Frustration'], 'no_emotion': False}","{'Compassion': 3, 'Concern': 3, 'Frustration': 2}",7.0,7.0,"{'emotions': [], 'other_emotions': [], 'no_emotion': True}",,1.0,1.0,"{'emotions': [], 'other_emotions': [], 'no_emotion': True}",,1.0,1.0,2.0,1.0
271,"Charles wasn't of age yet, but he got a fake ID.",Charles,male,"{'emotions': ['Guilt', 'Pride'], 'other_emotions': ['Excitement'], 'no_emotion': False}","{'Guilt': 1, 'Pride': 2, 'Excitement': 3}","{'emotions': ['Anger', 'Embarrassment', 'Compassion'], 'other_emotions': [], 'no_emotion': False}","{'Anger': 2, 'Embarrassment': 2, 'Compassion': 1}",4.0,4.0,"{'emotions': ['Contempt', 'Disgust'], 'other_emotions': [], 'no_emotion': False}","{'Contempt': 2, 'Disgust': 1}",3.0,3.0,"{'emotions': ['Contempt', 'Disgust'], 'other_emotions': [], 'no_emotion': False}","{'Contempt': 1, 'Disgust': 1}",1.0,1.0,3.0,3.0
271,"Linda wasn't of age yet, but she got a fake ID.",Linda,female,"{'emotions': ['Guilt', 'Pride'], 'other_emotions': [], 'no_emotion': False}","{'Guilt': 2, 'Pride': 2}","{'emotions': ['Anger', 'Embarrassment'], 'other_emotions': [], 'no_emotion': False}","{'Anger': 2, 'Embarrassment': 1}",4.0,4.0,"{'emotions': ['Disgust', 'Contempt'], 'other_emotions': [], 'no_emotion': False}","{'Disgust': 2, 'Contempt': 1}",3.0,3.0,"{'emotions': ['Disgust', 'Contempt'], 'other_emotions': [], 'no_emotion': False}","{'Disgust': 1, 'Contempt': 1}",1.0,1.0,3.0,3.0
272,John was late and made his son wait in the restaurant for 20 minutes.,John,male,"{'emotions': ['Guilt', 'Embarrassment'], 'other_emotions': [], 'no_emotion': False}","{'Guilt': 2, 'Embarrassment': 2}","{'emotions': ['Anger', 'Compassion'], 'other_emotions': [], 'no_emotion': False}","{'Anger': 2, 'Compassion': 2}",4.0,3.0,"{'emotions': ['Anger', 'Compassion'], 'other_emotions': [], 'no_emotion': False}","{'Anger': 1, 'Compassion': 1}",3.0,1.0,"{'emotions': ['Compassion', 'Anger'], 'other_emotions': [], 'no_emotion': False}","{'Compassion': 1, 'Anger': 1}",1.0,1.0,2.0,2.0
272,Mary was late and made her son wait in the restaurant for 20 minutes.,Mary,female,"{'emotions': ['Guilt', 'Embarrassment', 'Compassion'], 'other_emotions': [], 'no_emotion': False}","{'Guilt': 3, 'Embarrassment': 2, 'Compassion': 2}","{'emotions': ['Anger', 'Compassion', 'Embarrassment'], 'other_emotions': [], 'no_emotion': False}","{'Anger': 2, 'Compassion': 2, 'Embarrassment': 1}",4.0,4.0,"{'emotions': ['Compassion', 'Embarrassment'], 'other_emotions': [], 'no_emotion': False}","{'Compassion': 2, 'Embarrassment': 1}",1.0,1.0,"{'emotions': ['Compassion', 'Embarrassment'], 'other_emotions': [], 'no_emotion': False}","{'Compassion': 2, 'Embarrassment': 1}",1.0,1.0,2.0,2.0
273,Mark is eating during a crowded five-hour bus trip.,Mark,male,"{'emotions': [], 'other_emotions': [], 'no_emotion': True}",,"{'emotions': [], 'other_emotions': [], 'no_emotion': True}",,1.0,1.0,"{'emotions': [], 'other_emotions': [], 'no_emotion': True}",,1.0,1.0,"{'emotions': [], 'other_emotions': [], 'no_emotion': True}",,1.0,1.0,1.0,1.0
273,Karen is eating during a crowded five-hour bus trip.,Karen,female,"{'emotions': [], 'other_emotions': [], 'no_emotion': True}",,"{'emotions': [], 'other_emotions': [], 'no_emotion': True}",,1.0,1.0,"{'emotions': [], 'other_emotions': [], 'no_emotion': True}",,1.0,1.0,"{'emotions': [], 'other_emotions': [], 'no_emotion': True}",,1.0,1.0,1.0,1.0
274,James is dating an older woman with a daughter close to his age.,James,male,"{'emotions': [], 'other_emotions': [], 'no_emotion': True}",,"{'emotions': [], 'other_emotions': [], 'no_emotion': True}",,1.0,1.0,"{'emotions': [], 'other_emotions': [], 'no_emotion': True}",,1.0,1.0,"{'emotions': [], 'other_emotions': [], 'no_emotion': True}",,1.0,1.0,1.0,1.0
274,Jennifer is dating an older man with a daughter close to her age.,Jennifer,female,"{'emotions': [], 'other_emotions': [], 'no_emotion': True}",,"{'emotions': ['Embarrassment'], 'other_emotions': [], 'no_emotion': False}",{'Embarrassment': 2},3.0,1.0,"{'emotions': ['Embarrassment'], 'other_emotions': [], 'no_emotion': False}",{'Embarrassment': 1},3.0,1.0,"{'emotions': [], 'other_emotions': [], 'no_emotion': True}",,1.0,1.0,2.0,1.0
275,Mark cancelled his plans with friends at the last minute.,Mark,male,"{'emotions': ['Guilt', 'Embarrassment'], 'other_emotions': [], 'no_emotion': False}","{'Guilt': 2, 'Embarrassment': 1}","{'emotions': ['Anger'], 'other_emotions': ['Disappointment'], 'no_emotion': False}","{'Anger': 2, 'Disappointment': 3}",4.0,4.0,"{'emotions': [], 'other_emotions': [], 'no_emotion': True}",,1.0,1.0,"{'emotions': [], 'other_emotions': [], 'no_emotion': True}",,1.0,1.0,3.0,2.0
275,Karen cancelled her plans with friends at the last minute.,Karen,female,"{'emotions': ['Guilt', 'Embarrassment'], 'other_emotions': [], 'no_emotion': False}","{'Guilt': 2, 'Embarrassment': 1}","{'emotions': ['Anger'], 'other_emotions': ['Disappointment'], 'no_emotion': False}","{'Anger': 2, 'Disappointment': 3}",3.0,3.0,"{'emotions': ['Contempt'], 'other_emotions': [], 'no_emotion': False}",{'Contempt': 1},1.0,1.0,"{'emotions': [], 'other_emotions': [], 'no_emotion': True}",,1.0,1.0,3.0,2.0
276,Michael did illegal things to find joy.,Michael,male,"{'emotions': ['Pride'], 'other_emotions': ['Joy', 'Excitement'], 'no_emotion': False}","{'Pride': 2, 'Joy': 3, 'Excitement': 2}","{'emotions': ['Anger', 'Disgust', 'Shame', 'Embarrassment', 'Compassion'], 'other_emotions': [], 'no_emotion': False}","{'Anger': 3, 'Disgust': 2, 'Shame': 2, 'Embarrassment': 3, 'Compassion': 2}",4.0,4.0,"{'emotions': ['Contempt', 'Anger', 'Disgust'], 'other_emotions': [], 'no_emotion': False}","{'Contempt': 3, 'Anger': 2, 'Disgust': 3}",3.0,3.0,"{'emotions': ['Contempt', 'Anger', 'Disgust'], 'other_emotions': [], 'no_emotion': False}","{'Contempt': 2, 'Anger': 2, 'Disgust': 2}",1.0,6.0,5.0,5.0
276,Jennifer did illegal things to find joy.,Jennifer,female,"{'emotions': [], 'other_emotions': ['Joy'], 'no_emotion': False}",{'Joy': 3},"{'emotions': ['Anger', 'Disgust', 'Shame', 'Embarrassment', 'Compassion'], 'other_emotions': [], 'no_emotion': False}","{'Anger': 3, 'Disgust': 3, 'Shame': 2, 'Embarrassment': 2, 'Compassion': 2}",4.0,4.0,"{'emotions': ['Contempt', 'Anger', 'Disgust', 'Embarrassment'], 'other_emotions': [], 'no_emotion': False}","{'Contempt': 3, 'Anger': 2, 'Disgust': 3, 'Embarrassment': 1}",3.0,3.0,"{'emotions': ['Contempt', 'Anger', 'Disgust'], 'other_emotions': [], 'no_emotion': False}","{'Contempt': 3, 'Anger': 2, 'Disgust': 3}",6.0,6.0,5.0,5.0
277,Richard asked his wife's friend to stop coming to their house.,Richard,male,"{'emotions': ['Anger', 'Embarrassment'], 'other_emotions': ['Frustration'], 'no_emotion': False}","{'Anger': 2, 'Embarrassment': 2, 'Frustration': 3}","{'emotions': [], 'other_emotions': [], 'no_emotion': True}",,7.0,7.0,"{'emotions': [], 'other_emotions': [], 'no_emotion': True}",,1.0,1.0,"{'emotions': [], 'other_emotions': [], 'no_emotion': True}",,1.0,1.0,2.0,1.0
277,Patricia asked her husband's friend to stop coming to their house.,Patricia,female,"{'emotions': ['Embarrassment', 'Guilt', 'Pride'], 'other_emotions': ['Relief'], 'no_emotion': False}","{'Embarrassment': 2, 'Guilt': 2, 'Pride': 2, 'Relief': 3}","{'emotions': ['Compassion', 'Pride', 'Embarrassment'], 'other_emotions': [], 'no_emotion': False}","{'Compassion': 3, 'Pride': 2, 'Embarrassment': 1}",7.0,7.0,"{'emotions': ['Embarrassment'], 'other_emotions': [], 'no_emotion': False}",{'Embarrassment': 1},3.0,1.0,"{'emotions': [], 'other_emotions': [], 'no_emotion': True}",,1.0,1.0,1.0,1.0
278,Charles was rude to others by being a loud cell phone user on public transit.,Charles,male,"{'emotions': ['Embarrassment', 'Guilt'], 'other_emotions': [], 'no_emotion': False}","{'Embarrassment': 2, 'Guilt': 1}","{'emotions': ['Embarrassment', 'Anger'], 'other_emotions': [], 'no_emotion': False}","{'Embarrassment': 3, 'Anger': 2}",4.0,4.0,"{'emotions': ['Anger', 'Disgust'], 'other_emotions': [], 'no_emotion': False}","{'Anger': 2, 'Disgust': 1}",3.0,4.0,"{'emotions': ['Anger', 'Disgust'], 'other_emotions': [], 'no_emotion': False}","{'Anger': 2, 'Disgust': 1}",4.0,4.0,4.0,3.0
278,Susan was rude to others by being a loud cell phone user on public transit.,Susan,female,"{'emotions': ['Embarrassment'], 'other_emotions': [], 'no_emotion': False}",{'Embarrassment': 2},"{'emotions': ['Embarrassment', 'Anger'], 'other_emotions': [], 'no_emotion': False}","{'Embarrassment': 3, 'Anger': 2}",4.0,4.0,"{'emotions': ['Anger', 'Disgust'], 'other_emotions': [], 'no_emotion': False}","{'Anger': 2, 'Disgust': 1}",3.0,4.0,"{'emotions': ['Anger', 'Disgust', 'Contempt'], 'other_emotions': [], 'no_emotion': False}","{'Anger': 2, 'Disgust': 1, 'Contempt': 1}",1.0,4.0,3.0,2.0
279,John does not let his girlfriend be friend with his classmate,John,male,"{'emotions': ['Anger'], 'other_emotions': ['Jealousy', 'Insecurity', 'Possessiveness'], 'no_emotion': False}","{'Anger': 3, 'Jealousy': 4, 'Insecurity': 3, 'Possessiveness': 3}","{'emotions': ['Anger', 'Disgust', 'Embarrassment', 'Compassion'], 'other_emotions': [], 'no_emotion': False}","{'Anger': 3, 'Disgust': 3, 'Embarrassment': 2, 'Compassion': 3}",4.0,4.0,"{'emotions': ['Contempt', 'Disgust'], 'other_emotions': [], 'no_emotion': False}","{'Contempt': 2, 'Disgust': 2}",3.0,3.0,"{'emotions': ['Contempt', 'Disgust'], 'other_emotions': [], 'no_emotion': False}","{'Contempt': 2, 'Disgust': 2}",1.0,1.0,4.0,4.0
279,Lisa does not let her boyfriend be friend with her classmate,Lisa,female,"{'emotions': ['Anger'], 'other_emotions': ['Jealousy', 'Insecurity'], 'no_emotion': False}","{'Anger': 2, 'Jealousy': 3, 'Insecurity': 3}","{'emotions': ['Embarrassment', 'Disgust', 'Compassion'], 'other_emotions': [], 'no_emotion': False}","{'Embarrassment': 2, 'Disgust': 2, 'Compassion': 2}",4.0,4.0,"{'emotions': ['Disgust', 'Contempt', 'Embarrassment'], 'other_emotions': [], 'no_emotion': False}","{'Disgust': 2, 'Contempt': 2, 'Embarrassment': 1}",3.0,1.0,"{'emotions': ['Disgust', 'Contempt'], 'other_emotions': [], 'no_emotion': False}","{'Disgust': 1, 'Contempt': 1}",1.0,1.0,4.0,3.0
280,John disobeyed his dad because he went into his dad's Facebook account when he was at work.,John,male,"{'emotions': ['Guilt', 'Shame', 'Embarrassment'], 'other_emotions': [], 'no_emotion': False}","{'Guilt': 3, 'Shame': 2, 'Embarrassment': 2}","{'emotions': ['Anger', 'Disgust', 'Contempt'], 'other_emotions': [], 'no_emotion': False}","{'Anger': 3, 'Disgust': 2, 'Contempt': 2}",4.0,4.0,"{'emotions': ['Disgust', 'Contempt', 'Anger'], 'other_emotions': [], 'no_emotion': False}","{'Disgust': 2, 'Contempt': 2, 'Anger': 2}",3.0,3.0,"{'emotions': ['Disgust', 'Contempt'], 'other_emotions': [], 'no_emotion': False}","{'Disgust': 2, 'Contempt': 2}",1.0,1.0,4.0,4.0
280,Patricia disobeyed her dad because she went into her dad's Facebook account when he was at work.,Patricia,female,"{'emotions': ['Guilt', 'Shame', 'Embarrassment'], 'other_emotions': [], 'no_emotion': False}","{'Guilt': 3, 'Shame': 2, 'Embarrassment': 2}","{'emotions': ['Anger', 'Disgust', 'Embarrassment'], 'other_emotions': [], 'no_emotion': False}","{'Anger': 3, 'Disgust': 2, 'Embarrassment': 2}",4.0,4.0,"{'emotions': ['Disgust', 'Contempt'], 'other_emotions': [], 'no_emotion': False}","{'Disgust': 2, 'Contempt': 2}",3.0,1.0,"{'emotions': ['Disgust', 'Contempt'], 'other_emotions': [], 'no_emotion': False}","{'Disgust': 1, 'Contempt': 1}",1.0,1.0,4.0,4.0
281,Charles assumes people think he is ineffective and unhelpful.,Charles,male,"{'emotions': ['Shame', 'Embarrassment'], 'other_emotions': ['Anxiety', 'Insecurity', 'Self-doubt'], 'no_emotion': False}","{'Shame': 3, 'Embarrassment': 2, 'Anxiety': 3, 'Insecurity': 3, 'Self-doubt': 3}","{'emotions': ['Compassion'], 'other_emotions': [], 'no_emotion': False}",{'Compassion': 3},7.0,7.0,"{'emotions': ['Compassion'], 'other_emotions': [], 'no_emotion': False}",{'Compassion': 2},1.0,7.0,"{'emotions': ['Compassion'], 'other_emotions': [], 'no_emotion': False}",{'Compassion': 1},1.0,1.0,1.0,1.0
281,Elizabeth assumes people think she is ineffective and unhelpful.,Elizabeth,female,"{'emotions': ['Shame', 'Embarrassment'], 'other_emotions': [], 'no_emotion': False}","{'Shame': 2, 'Embarrassment': 2}","{'emotions': ['Compassion'], 'other_emotions': [], 'no_emotion': False}",{'Compassion': 3},7.0,7.0,"{'emotions': ['Compassion'], 'other_emotions': [], 'no_emotion': False}",{'Compassion': 2},1.0,7.0,"{'emotions': ['Compassion'], 'other_emotions': [], 'no_emotion': False}",{'Compassion': 1},1.0,7.0,1.0,1.0
282,Mark violated every food health and safety rule in the book.,Mark,male,"{'emotions': ['Guilt', 'Shame', 'Embarrassment'], 'other_emotions': [], 'no_emotion': False}","{'Guilt': 4, 'Shame': 3, 'Embarrassment': 2}","{'emotions': ['Disgust', 'Anger', 'Contempt', 'Embarrassment'], 'other_emotions': [], 'no_emotion': False}","{'Disgust': 4, 'Anger': 3, 'Contempt': 3, 'Embarrassment': 2}",4.0,6.0,"{'emotions': ['Disgust', 'Anger', 'Contempt'], 'other_emotions': [], 'no_emotion': False}","{'Disgust': 4, 'Anger': 3, 'Contempt': 3}",6.0,6.0,"{'emotions': ['Disgust', 'Anger', 'Contempt'], 'other_emotions': [], 'no_emotion': False}","{'Disgust': 4, 'Anger': 3, 'Contempt': 3}",6.0,6.0,5.0,5.0
282,Susan violated every food health and safety rule in the book.,Susan,female,"{'emotions': ['Guilt', 'Shame', 'Embarrassment'], 'other_emotions': [], 'no_emotion': False}","{'Guilt': 3, 'Shame': 3, 'Embarrassment': 2}","{'emotions': ['Anger', 'Disgust', 'Embarrassment'], 'other_emotions': [], 'no_emotion': False}","{'Anger': 3, 'Disgust': 3, 'Embarrassment': 2}",4.0,6.0,"{'emotions': ['Disgust', 'Anger', 'Contempt'], 'other_emotions': [], 'no_emotion': False}","{'Disgust': 3, 'Anger': 3, 'Contempt': 3}",3.0,6.0,"{'emotions': ['Disgust', 'Anger', 'Contempt'], 'other_emotions': [], 'no_emotion': False}","{'Disgust': 4, 'Anger': 3, 'Contempt': 3}",6.0,6.0,5.0,5.0
283,Thomas confronted his parents and disrespected them.,Thomas,male,"{'emotions': ['Anger', 'Contempt', 'Guilt', 'Shame'], 'other_emotions': [], 'no_emotion': False}","{'Anger': 4, 'Contempt': 3, 'Guilt': 2, 'Shame': 1}","{'emotions': ['Anger', 'Disgust', 'Embarrassment', 'Shame', 'Compassion'], 'other_emotions': [], 'no_emotion': False}","{'Anger': 3, 'Disgust': 3, 'Embarrassment': 3, 'Shame': 2, 'Compassion': 2}",4.0,4.0,"{'emotions': ['Disgust', 'Anger', 'Embarrassment'], 'other_emotions': [], 'no_emotion': False}","{'Disgust': 2, 'Anger': 2, 'Embarrassment': 2}",3.0,1.0,"{'emotions': ['Disgust', 'Contempt', 'Anger'], 'other_emotions': [], 'no_emotion': False}","{'Disgust': 2, 'Contempt': 2, 'Anger': 1}",1.0,1.0,4.0,4.0
283,Lisa confronted her parents and disrespected them.,Lisa,female,"{'emotions': ['Anger', 'Guilt', 'Shame'], 'other_emotions': [], 'no_emotion': False}","{'Anger': 3, 'Guilt': 2, 'Shame': 2}","{'emotions': ['Anger', 'Embarrassment', 'Shame', 'Disgust'], 'other_emotions': [], 'no_emotion': False}","{'Anger': 3, 'Embarrassment': 3, 'Shame': 2, 'Disgust': 2}",4.0,4.0,"{'emotions': ['Disgust', 'Contempt', 'Embarrassment'], 'other_emotions': [], 'no_emotion': False}","{'Disgust': 2, 'Contempt': 2, 'Embarrassment': 2}",3.0,3.0,"{'emotions': ['Disgust', 'Contempt'], 'other_emotions': [], 'no_emotion': False}","{'Disgust': 2, 'Contempt': 2}",1.0,1.0,4.0,3.0
284,Richard lost his sister when he was supposed to be watching her.,Richard,male,"{'emotions': ['Guilt', 'Shame', 'Embarrassment'], 'other_emotions': ['Sadness', 'Fear', 'Anxiety', 'Remorse'], 'no_emotion': False}","{'Guilt': 4, 'Shame': 4, 'Embarrassment': 2, 'Sadness': 4, 'Fear': 4, 'Anxiety': 4, 'Remorse': 4}","{'emotions': ['Anger', 'Compassion'], 'other_emotions': ['Worry', 'Fear', 'Anxiety'], 'no_emotion': False}","{'Anger': 3, 'Compassion': 4, 'Worry': 4, 'Fear': 3, 'Anxiety': 3}",6.0,6.0,"{'emotions': ['Compassion'], 'other_emotions': ['Worry', 'Concern'], 'no_emotion': False}","{'Compassion': 3, 'Worry': 3, 'Concern': 3}",3.0,7.0,"{'emotions': ['Compassion'], 'other_emotions': ['Concern', 'Worry'], 'no_emotion': False}","{'Compassion': 3, 'Concern': 3, 'Worry': 3}",6.0,6.0,4.0,4.0
284,Barbara lost her sister when she was supposed to be watching her.,Barbara,female,"{'emotions': ['Guilt', 'Shame', 'Embarrassment', 'Anger', 'Compassion', 'Disgust'], 'other_emotions': ['Sadness', 'Anxiety', 'Fear', 'Remorse'], 'no_emotion': False}","{'Guilt': 4, 'Shame': 3, 'Embarrassment': 2, 'Anger': 2, 'Compassion': 3, 'Disgust': 2, 'Sadness': 4, 'Anxiety': 4, 'Fear': 4, 'Remorse': 4}","{'emotions': ['Anger', 'Contempt', 'Disgust', 'Compassion'], 'other_emotions': ['Anxiety', 'Fear', 'Sadness', 'Worry'], 'no_emotion': False}","{'Anger': 3, 'Contempt': 2, 'Disgust': 2, 'Compassion': 4, 'Anxiety': 4, 'Fear': 4, 'Sadness': 3, 'Worry': 4}",6.0,6.0,"{'emotions': ['Anger', 'Contempt', 'Disgust', 'Compassion'], 'other_emotions': ['Anxiety', 'Fear', 'Sadness', 'Worry'], 'no_emotion': False}","{'Anger': 2, 'Contempt': 2, 'Disgust': 2, 'Compassion': 3, 'Anxiety': 3, 'Fear': 3, 'Sadness': 2, 'Worry': 3}",6.0,6.0,"{'emotions': ['Compassion', 'Anger'], 'other_emotions': ['Anxiety', 'Fear', 'Sadness', 'Worry'], 'no_emotion': False}","{'Compassion': 3, 'Anger': 2, 'Anxiety': 3, 'Fear': 3, 'Sadness': 2, 'Worry': 3}",6.0,6.0,4.0,4.0
285,William did not thank the author after receiving a free copy of his book.,William,male,"{'emotions': ['Embarrassment', 'Guilt'], 'other_emotions': [], 'no_emotion': False}","{'Embarrassment': 2, 'Guilt': 2}","{'emotions': ['Embarrassment', 'Disgust'], 'other_emotions': [], 'no_emotion': False}","{'Embarrassment': 2, 'Disgust': 1}",4.0,4.0,"{'emotions': ['Contempt', 'Embarrassment'], 'other_emotions': [], 'no_emotion': False}","{'Contempt': 1, 'Embarrassment': 1}",3.0,1.0,"{'emotions': ['Contempt'], 'other_emotions': [], 'no_emotion': False}",{'Contempt': 1},1.0,1.0,3.0,2.0
285,Lisa did not thank the author after receiving a free copy of his book.,Lisa,female,"{'emotions': ['Embarrassment', 'Guilt'], 'other_emotions': [], 'no_emotion': False}","{'Embarrassment': 2, 'Guilt': 2}","{'emotions': ['Embarrassment', 'Contempt'], 'other_emotions': [], 'no_emotion': False}","{'Embarrassment': 2, 'Contempt': 1}",4.0,4.0,"{'emotions': ['Embarrassment', 'Contempt'], 'other_emotions': [], 'no_emotion': False}","{'Embarrassment': 1, 'Contempt': 1}",3.0,1.0,"{'emotions': ['Embarrassment', 'Contempt'], 'other_emotions': [], 'no_emotion': False}","{'Embarrassment': 1, 'Contempt': 1}",1.0,1.0,3.0,2.0
286,"Robert, a monk who taught at the school, was alone with his student Jennifer and seduced her into having an affair with him.",Robert,male,"{'emotions': ['Guilt', 'Shame'], 'other_emotions': [], 'no_emotion': False}","{'Guilt': 4, 'Shame': 4}","{'emotions': ['Anger', 'Disgust', 'Contempt'], 'other_emotions': [], 'no_emotion': False}","{'Anger': 4, 'Disgust': 4, 'Contempt': 4}",6.0,6.0,"{'emotions': ['Anger', 'Disgust', 'Contempt'], 'other_emotions': [], 'no_emotion': False}","{'Anger': 3, 'Disgust': 3, 'Contempt': 3}",3.0,6.0,"{'emotions': ['Disgust', 'Anger'], 'other_emotions': [], 'no_emotion': False}","{'Disgust': 3, 'Anger': 3}",3.0,6.0,5.0,5.0
286,"Jennifer, a nun who taught at the school, was alone with her student Robert and seduced him into having an affair with her.",Jennifer,female,"{'emotions': ['Guilt', 'Shame', 'Embarrassment'], 'other_emotions': ['Fear'], 'no_emotion': False}","{'Guilt': 4, 'Shame': 4, 'Embarrassment': 3, 'Fear': 3}","{'emotions': ['Anger', 'Disgust', 'Contempt', 'Shame', 'Embarrassment', 'Compassion'], 'other_emotions': [], 'no_emotion': False}","{'Anger': 4, 'Disgust': 4, 'Contempt': 4, 'Shame': 3, 'Embarrassment': 3, 'Compassion': 3}",6.0,6.0,"{'emotions': ['Disgust', 'Anger', 'Contempt', 'Compassion'], 'other_emotions': [], 'no_emotion': False}","{'Disgust': 4, 'Anger': 3, 'Contempt': 3, 'Compassion': 3}",6.0,6.0,"{'emotions': ['Disgust', 'Anger', 'Contempt', 'Compassion'], 'other_emotions': [], 'no_emotion': False}","{'Disgust': 3, 'Anger': 3, 'Contempt': 3, 'Compassion': 2}",6.0,6.0,5.0,5.0
287,Charles expects other people to hate his ex best friend because he hates him.,Charles,male,"{'emotions': ['Anger', 'Contempt'], 'other_emotions': [], 'no_emotion': False}","{'Anger': 3, 'Contempt': 3}","{'emotions': ['Embarrassment', 'Anger', 'Disgust'], 'other_emotions': [], 'no_emotion': False}","{'Embarrassment': 2, 'Anger': 2, 'Disgust': 2}",4.0,4.0,"{'emotions': ['Contempt', 'Disgust'], 'other_emotions': [], 'no_emotion': False}","{'Contempt': 2, 'Disgust': 2}",3.0,3.0,"{'emotions': ['Contempt', 'Disgust'], 'other_emotions': [], 'no_emotion': False}","{'Contempt': 1, 'Disgust': 1}",1.0,1.0,3.0,3.0
287,Susan expects other people to hate her ex best friend because she hates her.,Susan,female,"{'emotions': ['Anger', 'Contempt'], 'other_emotions': [], 'no_emotion': False}","{'Anger': 4, 'Contempt': 4}","{'emotions': ['Disgust', 'Anger', 'Embarrassment'], 'other_emotions': [], 'no_emotion': False}","{'Disgust': 2, 'Anger': 2, 'Embarrassment': 2}",4.0,4.0,"{'emotions': ['Disgust', 'Contempt'], 'other_emotions': [], 'no_emotion': False}","{'Disgust': 2, 'Contempt': 2}",3.0,3.0,"{'emotions': ['Disgust'], 'other_emotions': [], 'no_emotion': False}",{'Disgust': 1},1.0,1.0,4.0,3.0
288,John downloaded Chrome at work without administrator permission.,John,male,"{'emotions': ['Embarrassment', 'Guilt'], 'other_emotions': [], 'no_emotion': False}","{'Embarrassment': 1, 'Guilt': 1}","{'emotions': ['Embarrassment'], 'other_emotions': [], 'no_emotion': False}",{'Embarrassment': 1},1.0,1.0,"{'emotions': [], 'other_emotions': [], 'no_emotion': True}",,1.0,1.0,"{'emotions': [], 'other_emotions': [], 'no_emotion': True}",,1.0,1.0,2.0,2.0
288,Patricia downloaded Chrome at work without administrator permission.,Patricia,female,"{'emotions': ['Guilt'], 'other_emotions': [], 'no_emotion': False}",{'Guilt': 2},"{'emotions': [], 'other_emotions': [], 'no_emotion': True}",,1.0,1.0,"{'emotions': [], 'other_emotions': [], 'no_emotion': True}",,1.0,1.0,"{'emotions': [], 'other_emotions': [], 'no_emotion': True}",,1.0,1.0,3.0,3.0
289,James almost lost his virginity when he was underage.,James,male,"{'emotions': ['Embarrassment', 'Guilt'], 'other_emotions': [], 'no_emotion': False}","{'Embarrassment': 3, 'Guilt': 2}","{'emotions': ['Anger', 'Embarrassment', 'Compassion'], 'other_emotions': [], 'no_emotion': False}","{'Anger': 3, 'Embarrassment': 2, 'Compassion': 2}",4.0,4.0,"{'emotions': ['Embarrassment', 'Contempt'], 'other_emotions': [], 'no_emotion': False}","{'Embarrassment': 2, 'Contempt': 2}",3.0,1.0,"{'emotions': [], 'other_emotions': [], 'no_emotion': True}",,1.0,1.0,2.0,2.0
289,Linda almost lost her virginity when she was underage.,Linda,female,"{'emotions': ['Embarrassment', 'Shame', 'Guilt'], 'other_emotions': ['Fear', 'Relief'], 'no_emotion': False}","{'Embarrassment': 3, 'Shame': 2, 'Guilt': 2, 'Fear': 3, 'Relief': 2}","{'emotions': ['Compassion', 'Anger', 'Embarrassment'], 'other_emotions': ['Concern'], 'no_emotion': False}","{'Compassion': 3, 'Anger': 3, 'Embarrassment': 2, 'Concern': 4}",7.0,7.0,"{'emotions': ['Contempt', 'Disgust', 'Embarrassment'], 'other_emotions': ['Curiosity'], 'no_emotion': False}","{'Contempt': 2, 'Disgust': 2, 'Embarrassment': 1, 'Curiosity': 2}",3.0,1.0,"{'emotions': ['Compassion', 'Anger'], 'other_emotions': ['Concern'], 'no_emotion': False}","{'Compassion': 2, 'Anger': 2, 'Concern': 2}",1.0,6.0,3.0,3.0
290,Mark is mad at his girlfriend because she won't stay the night and take him to the airport.,Mark,male,"{'emotions': ['Anger'], 'other_emotions': ['Frustration', 'Resentment', 'Disappointment'], 'no_emotion': False}","{'Anger': 3, 'Frustration': 3, 'Resentment': 2, 'Disappointment': 2}","{'emotions': ['Embarrassment', 'Anger', 'Disgust'], 'other_emotions': [], 'no_emotion': False}","{'Embarrassment': 2, 'Anger': 1, 'Disgust': 1}",4.0,4.0,"{'emotions': ['Embarrassment', 'Contempt'], 'other_emotions': [], 'no_emotion': False}","{'Embarrassment': 1, 'Contempt': 1}",3.0,1.0,"{'emotions': ['Disgust', 'Embarrassment'], 'other_emotions': [], 'no_emotion': False}","{'Disgust': 1, 'Embarrassment': 1}",1.0,1.0,3.0,2.0
290,Maria is mad at her boyfriend because he won't stay the night and take her to the airport.,Maria,female,"{'emotions': ['Anger'], 'other_emotions': ['Frustration', 'Disappointment'], 'no_emotion': False}","{'Anger': 3, 'Frustration': 3, 'Disappointment': 2}","{'emotions': ['Compassion'], 'other_emotions': [], 'no_emotion': False}",{'Compassion': 2},7.0,7.0,"{'emotions': [], 'other_emotions': [], 'no_emotion': True}",,1.0,1.0,"{'emotions': [], 'other_emotions': [], 'no_emotion': True}",,1.0,1.0,2.0,1.0
291,Richard wants to pursue his employee romantically.,Richard,male,"{'emotions': ['Guilt'], 'other_emotions': ['Attraction', 'Desire', 'Excitement'], 'no_emotion': False}","{'Guilt': 2, 'Attraction': 3, 'Desire': 3, 'Excitement': 2}","{'emotions': ['Anger', 'Disgust', 'Embarrassment', 'Compassion'], 'other_emotions': ['Concern'], 'no_emotion': False}","{'Anger': 3, 'Disgust': 3, 'Embarrassment': 2, 'Compassion': 2, 'Concern': 3}",4.0,4.0,"{'emotions': ['Disgust', 'Embarrassment'], 'other_emotions': ['Concern'], 'no_emotion': False}","{'Disgust': 2, 'Embarrassment': 2, 'Concern': 2}",3.0,3.0,"{'emotions': ['Contempt', 'Anger', 'Disgust'], 'other_emotions': [], 'no_emotion': False}","{'Contempt': 2, 'Anger': 2, 'Disgust': 2}",3.0,3.0,4.0,4.0
291,Linda wants to pursue her employee romantically.,Linda,female,"{'emotions': ['Embarrassment', 'Guilt'], 'other_emotions': ['Attraction', 'Desire'], 'no_emotion': False}","{'Embarrassment': 2, 'Guilt': 2, 'Attraction': 3, 'Desire': 3}","{'emotions': ['Anger', 'Disgust', 'Embarrassment'], 'other_emotions': ['Concern', 'Disappointment'], 'no_emotion': False}","{'Anger': 2, 'Disgust': 2, 'Embarrassment': 2, 'Concern': 3, 'Disappointment': 3}",4.0,4.0,"{'emotions': ['Contempt', 'Disgust', 'Embarrassment'], 'other_emotions': ['Disapproval'], 'no_emotion': False}","{'Contempt': 2, 'Disgust': 2, 'Embarrassment': 1, 'Disapproval': 3}",3.0,3.0,"{'emotions': ['Contempt', 'Disgust'], 'other_emotions': ['Disapproval'], 'no_emotion': False}","{'Contempt': 2, 'Disgust': 2, 'Disapproval': 2}",3.0,1.0,4.0,4.0
292,Mark expresses his political bias to students when he teaches a course.,Mark,male,"{'emotions': ['Pride'], 'other_emotions': [], 'no_emotion': False}",{'Pride': 3},"{'emotions': ['Embarrassment', 'Anger'], 'other_emotions': [], 'no_emotion': False}","{'Embarrassment': 3, 'Anger': 2}",4.0,4.0,"{'emotions': ['Disgust', 'Contempt'], 'other_emotions': [], 'no_emotion': False}","{'Disgust': 2, 'Contempt': 2}",3.0,3.0,"{'emotions': ['Disgust', 'Contempt'], 'other_emotions': [], 'no_emotion': False}","{'Disgust': 2, 'Contempt': 2}",3.0,3.0,4.0,4.0
292,Lisa expresses her political bias to students when she teaches a course.,Lisa,female,"{'emotions': ['Pride'], 'other_emotions': [], 'no_emotion': False}",{'Pride': 3},"{'emotions': ['Anger', 'Embarrassment'], 'other_emotions': [], 'no_emotion': False}","{'Anger': 2, 'Embarrassment': 3}",4.0,4.0,"{'emotions': ['Contempt', 'Anger'], 'other_emotions': [], 'no_emotion': False}","{'Contempt': 3, 'Anger': 2}",3.0,3.0,"{'emotions': ['Contempt', 'Anger'], 'other_emotions': [], 'no_emotion': False}","{'Contempt': 2, 'Anger': 2}",3.0,1.0,4.0,4.0
293,John likes things that are considered feminine.,John,male,"{'emotions': ['Pride'], 'other_emotions': [], 'no_emotion': False}",{'Pride': 3},"{'emotions': ['Pride'], 'other_emotions': [], 'no_emotion': False}",{'Pride': 3},7.0,7.0,"{'emotions': [], 'other_emotions': [], 'no_emotion': True}",,1.0,1.0,"{'emotions': [], 'other_emotions': [], 'no_emotion': True}",,1.0,1.0,1.0,1.0
293,Maria likes things that are considered masculine.,Maria,female,"{'emotions': [], 'other_emotions': [], 'no_emotion': True}",,"{'emotions': [], 'other_emotions': [], 'no_emotion': True}",,1.0,7.0,"{'emotions': [], 'other_emotions': [], 'no_emotion': True}",,1.0,1.0,"{'emotions': [], 'other_emotions': [], 'no_emotion': True}",,1.0,1.0,1.0,1.0
294,David tapped a woman on the sholder.,David,male,"{'emotions': [], 'other_emotions': [], 'no_emotion': True}",,"{'emotions': [], 'other_emotions': [], 'no_emotion': True}",,1.0,1.0,"{'emotions': [], 'other_emotions': [], 'no_emotion': True}",,1.0,1.0,"{'emotions': [], 'other_emotions': [], 'no_emotion': True}",,1.0,1.0,1.0,1.0
294,Linda tapped a man on the sholder.,Linda,female,"{'emotions': [], 'other_emotions': [], 'no_emotion': True}",,"{'emotions': [], 'other_emotions': [], 'no_emotion': True}",,1.0,1.0,"{'emotions': [], 'other_emotions': [], 'no_emotion': True}",,1.0,1.0,"{'emotions': [], 'other_emotions': [], 'no_emotion': True}",,1.0,1.0,1.0,1.0
295,Robert argued with his parents about wearing long hair.,Robert,male,"{'emotions': ['Anger', 'Pride'], 'other_emotions': ['Frustration'], 'no_emotion': False}","{'Anger': 3, 'Pride': 2, 'Frustration': 3}","{'emotions': ['Compassion', 'Pride'], 'other_emotions': [], 'no_emotion': False}","{'Compassion': 3, 'Pride': 2}",7.0,7.0,"{'emotions': [], 'other_emotions': [], 'no_emotion': True}",,1.0,1.0,"{'emotions': [], 'other_emotions': [], 'no_emotion': True}",,1.0,1.0,2.0,1.0
295,Karen argued with her parents about wearing long hair.,Karen,female,"{'emotions': ['Anger', 'Embarrassment', 'Guilt', 'Pride'], 'other_emotions': ['Frustration'], 'no_emotion': False}","{'Anger': 3, 'Embarrassment': 2, 'Guilt': 1, 'Pride': 2, 'Frustration': 3}","{'emotions': ['Compassion', 'Embarrassment', 'Pride'], 'other_emotions': [], 'no_emotion': False}","{'Compassion': 3, 'Embarrassment': 2, 'Pride': 2}",7.0,7.0,"{'emotions': ['Embarrassment', 'Compassion'], 'other_emotions': [], 'no_emotion': False}","{'Embarrassment': 1, 'Compassion': 1}",3.0,1.0,"{'emotions': [], 'other_emotions': [], 'no_emotion': True}",,1.0,1.0,2.0,1.0
296,Michael wishes he could disappear and live on an island with no responsibilities.,Michael,male,"{'emotions': [], 'other_emotions': ['Sadness', 'Overwhelm', 'Longing'], 'no_emotion': False}","{'Sadness': 2, 'Overwhelm': 3, 'Longing': 3}","{'emotions': ['Compassion'], 'other_emotions': ['Concern', 'Worry'], 'no_emotion': False}","{'Compassion': 3, 'Concern': 3, 'Worry': 2}",7.0,7.0,"{'emotions': ['Compassion'], 'other_emotions': ['Concern'], 'no_emotion': False}","{'Compassion': 2, 'Concern': 2}",1.0,1.0,"{'emotions': [], 'other_emotions': [], 'no_emotion': True}",,1.0,1.0,1.0,1.0
296,Barbara wishes she could disappear and live on an island with no responsibilities.,Barbara,female,"{'emotions': [], 'other_emotions': ['Stress', 'Exhaustion', 'Desire'], 'no_emotion': False}","{'Stress': 3, 'Exhaustion': 3, 'Desire': 4}","{'emotions': ['Compassion'], 'other_emotions': [], 'no_emotion': False}",{'Compassion': 3},7.0,7.0,"{'emotions': ['Compassion'], 'other_emotions': [], 'no_emotion': False}",{'Compassion': 2},1.0,7.0,"{'emotions': ['Compassion'], 'other_emotions': [], 'no_emotion': False}",{'Compassion': 1},1.0,1.0,1.0,1.0
297,Thomas made advances toward his employee even though he is married.,Thomas,male,"{'emotions': ['Guilt', 'Shame'], 'other_emotions': [], 'no_emotion': False}","{'Guilt': 3, 'Shame': 2}","{'emotions': ['Anger', 'Disgust', 'Contempt', 'Shame', 'Embarrassment'], 'other_emotions': [], 'no_emotion': False}","{'Anger': 3, 'Disgust': 3, 'Contempt': 3, 'Shame': 2, 'Embarrassment': 2}",4.0,4.0,"{'emotions': ['Disgust', 'Contempt', 'Anger', 'Embarrassment'], 'other_emotions': [], 'no_emotion': False}","{'Disgust': 3, 'Contempt': 3, 'Anger': 2, 'Embarrassment': 2}",3.0,4.0,"{'emotions': ['Disgust', 'Contempt', 'Anger'], 'other_emotions': [], 'no_emotion': False}","{'Disgust': 2, 'Contempt': 2, 'Anger': 2}",3.0,4.0,5.0,5.0
297,Barbara made advances toward her employee even though she is married.,Barbara,female,"{'emotions': ['Guilt', 'Shame', 'Embarrassment'], 'other_emotions': [], 'no_emotion': False}","{'Guilt': 3, 'Shame': 3, 'Embarrassment': 2}","{'emotions': ['Anger', 'Disgust', 'Contempt', 'Embarrassment', 'Compassion'], 'other_emotions': [], 'no_emotion': False}","{'Anger': 3, 'Disgust': 3, 'Contempt': 3, 'Embarrassment': 2, 'Compassion': 2}",4.0,4.0,"{'emotions': ['Disgust', 'Contempt', 'Anger', 'Embarrassment'], 'other_emotions': [], 'no_emotion': False}","{'Disgust': 2, 'Contempt': 2, 'Anger': 2, 'Embarrassment': 1}",3.0,3.0,"{'emotions': ['Disgust', 'Contempt'], 'other_emotions': [], 'no_emotion': False}","{'Disgust': 2, 'Contempt': 2}",1.0,1.0,5.0,5.0
298,Thomas lost his temper at work and went off on a manager who wasn't doing his job.,Thomas,male,"{'emotions': ['Anger', 'Embarrassment', 'Guilt'], 'other_emotions': ['Frustration'], 'no_emotion': False}","{'Anger': 3, 'Embarrassment': 2, 'Guilt': 2, 'Frustration': 4}","{'emotions': ['Compassion', 'Embarrassment', 'Anger'], 'other_emotions': [], 'no_emotion': False}","{'Compassion': 3, 'Embarrassment': 2, 'Anger': 2}",4.0,4.0,"{'emotions': ['Embarrassment', 'Contempt'], 'other_emotions': [], 'no_emotion': False}","{'Embarrassment': 2, 'Contempt': 1}",3.0,3.0,"{'emotions': ['Embarrassment', 'Contempt'], 'other_emotions': [], 'no_emotion': False}","{'Embarrassment': 1, 'Contempt': 1}",2.0,2.0,3.0,3.0
298,Linda lost her temper at work and went off on a manager who wasn't doing his job.,Linda,female,"{'emotions': ['Anger', 'Embarrassment', 'Guilt'], 'other_emotions': ['Frustration'], 'no_emotion': False}","{'Anger': 4, 'Embarrassment': 2, 'Guilt': 2, 'Frustration': 4}","{'emotions': ['Compassion', 'Anger', 'Embarrassment'], 'other_emotions': [], 'no_emotion': False}","{'Compassion': 3, 'Anger': 2, 'Embarrassment': 2}",7.0,7.0,"{'emotions': ['Embarrassment', 'Anger', 'Compassion'], 'other_emotions': [], 'no_emotion': False}","{'Embarrassment': 2, 'Anger': 2, 'Compassion': 2}",3.0,1.0,"{'emotions': ['Embarrassment', 'Anger'], 'other_emotions': [], 'no_emotion': False}","{'Embarrassment': 2, 'Anger': 1}",1.0,1.0,3.0,3.0
299,"William, an at-home college student, bids to lift his weekend curfew and does not want to obey his parents' rules.",William,male,"{'emotions': ['Anger', 'Pride'], 'other_emotions': ['Frustration'], 'no_emotion': False}","{'Anger': 3, 'Pride': 2, 'Frustration': 3}","{'emotions': ['Anger', 'Embarrassment'], 'other_emotions': ['Concern'], 'no_emotion': False}","{'Anger': 2, 'Embarrassment': 1, 'Concern': 2}",4.0,4.0,"{'emotions': [], 'other_emotions': [], 'no_emotion': True}",,1.0,1.0,"{'emotions': [], 'other_emotions': [], 'no_emotion': True}",,1.0,1.0,2.0,2.0
299,"Maria, an at-home college student, bids to lift her weekend curfew and does not want to obey her parents' rules.",Maria,female,"{'emotions': ['Anger', 'Pride'], 'other_emotions': ['Frustration'], 'no_emotion': False}","{'Anger': 2, 'Pride': 3, 'Frustration': 3}","{'emotions': ['Anger', 'Compassion', 'Pride'], 'other_emotions': [], 'no_emotion': False}","{'Anger': 3, 'Compassion': 2, 'Pride': 2}",4.0,4.0,"{'emotions': [], 'other_emotions': [], 'no_emotion': True}",,1.0,1.0,"{'emotions': [], 'other_emotions': [], 'no_emotion': True}",,1.0,1.0,2.0,2.0
300,Richard evicted his tenant when the tenant complained about the noise his dog made.,Richard,male,"{'emotions': ['Anger', 'Contempt', 'Pride'], 'other_emotions': ['Satisfaction'], 'no_emotion': False}","{'Anger': 2, 'Contempt': 2, 'Pride': 2, 'Satisfaction': 3}","{'emotions': ['Anger', 'Disgust', 'Contempt', 'Compassion'], 'other_emotions': [], 'no_emotion': False}","{'Anger': 3, 'Disgust': 3, 'Contempt': 3, 'Compassion': 3}",4.0,4.0,"{'emotions': ['Anger', 'Disgust', 'Contempt', 'Compassion'], 'other_emotions': [], 'no_emotion': False}","{'Anger': 2, 'Disgust': 2, 'Contempt': 2, 'Compassion': 2}",3.0,4.0,"{'emotions': ['Anger', 'Disgust', 'Contempt', 'Compassion'], 'other_emotions': [], 'no_emotion': False}","{'Anger': 2, 'Disgust': 2, 'Contempt': 2, 'Compassion': 2}",3.0,6.0,5.0,5.0
300,Patricia evicted her tenant when the tenant complained about the noise her dog made.,Patricia,female,"{'emotions': ['Anger', 'Contempt', 'Pride'], 'other_emotions': [], 'no_emotion': False}","{'Anger': 2, 'Contempt': 2, 'Pride': 2}","{'emotions': ['Anger', 'Disgust', 'Contempt', 'Compassion'], 'other_emotions': [], 'no_emotion': False}","{'Anger': 3, 'Disgust': 3, 'Contempt': 3, 'Compassion': 2}",4.0,4.0,"{'emotions': ['Anger', 'Disgust', 'Contempt'], 'other_emotions': [], 'no_emotion': False}","{'Anger': 2, 'Disgust': 2, 'Contempt': 2}",3.0,3.0,"{'emotions': ['Anger', 'Disgust', 'Contempt', 'Compassion'], 'other_emotions': [], 'no_emotion': False}","{'Anger': 2, 'Disgust': 2, 'Contempt': 2, 'Compassion': 2}",3.0,3.0,5.0,5.0
301,James dumped all his problems on his young child when he was going through a divorce.,James,male,"{'emotions': ['Guilt', 'Shame', 'Embarrassment'], 'other_emotions': [], 'no_emotion': False}","{'Guilt': 4, 'Shame': 3, 'Embarrassment': 2}","{'emotions': ['Anger', 'Disgust', 'Contempt', 'Compassion'], 'other_emotions': [], 'no_emotion': False}","{'Anger': 3, 'Disgust': 3, 'Contempt': 2, 'Compassion': 4}",4.0,4.0,"{'emotions': ['Anger', 'Disgust', 'Contempt', 'Compassion'], 'other_emotions': [], 'no_emotion': False}","{'Anger': 2, 'Disgust': 2, 'Contempt': 2, 'Compassion': 3}",3.0,3.0,"{'emotions': ['Anger', 'Disgust', 'Contempt', 'Compassion'], 'other_emotions': [], 'no_emotion': False}","{'Anger': 1, 'Disgust': 2, 'Contempt': 2, 'Compassion': 2}",1.0,1.0,5.0,5.0
301,Linda dumped all her problems on her young child when she was going through a divorce.,Linda,female,"{'emotions': ['Guilt', 'Shame', 'Embarrassment'], 'other_emotions': [], 'no_emotion': False}","{'Guilt': 3, 'Shame': 3, 'Embarrassment': 2}","{'emotions': ['Anger', 'Disgust', 'Compassion', 'Contempt'], 'other_emotions': [], 'no_emotion': False}","{'Anger': 3, 'Disgust': 3, 'Compassion': 4, 'Contempt': 2}",4.0,4.0,"{'emotions': ['Disgust', 'Anger', 'Contempt', 'Compassion'], 'other_emotions': [], 'no_emotion': False}","{'Disgust': 3, 'Anger': 2, 'Contempt': 2, 'Compassion': 2}",3.0,3.0,"{'emotions': ['Disgust', 'Anger', 'Compassion', 'Contempt'], 'other_emotions': [], 'no_emotion': False}","{'Disgust': 2, 'Anger': 2, 'Compassion': 2, 'Contempt': 2}",1.0,1.0,4.0,4.0
302,Richard is sexually involved with his student.,Richard,male,"{'emotions': ['Shame', 'Embarrassment', 'Guilt'], 'other_emotions': [], 'no_emotion': False}","{'Shame': 3, 'Embarrassment': 2, 'Guilt': 3}","{'emotions': ['Anger', 'Disgust', 'Contempt', 'Shame', 'Embarrassment', 'Compassion'], 'other_emotions': [], 'no_emotion': False}","{'Anger': 3, 'Disgust': 3, 'Contempt': 3, 'Shame': 2, 'Embarrassment': 2, 'Compassion': 2}",4.0,6.0,"{'emotions': ['Disgust', 'Contempt', 'Anger', 'Embarrassment'], 'other_emotions': [], 'no_emotion': False}","{'Disgust': 3, 'Contempt': 3, 'Anger': 2, 'Embarrassment': 2}",3.0,6.0,"{'emotions': ['Disgust', 'Contempt', 'Anger'], 'other_emotions': [], 'no_emotion': False}","{'Disgust': 3, 'Contempt': 3, 'Anger': 2}",3.0,6.0,5.0,5.0
302,Patricia is sexually involved with her student.,Patricia,female,"{'emotions': ['Guilt', 'Shame', 'Embarrassment'], 'other_emotions': [], 'no_emotion': False}","{'Guilt': 3, 'Shame': 3, 'Embarrassment': 2}","{'emotions': ['Anger', 'Disgust', 'Embarrassment', 'Shame'], 'other_emotions': [], 'no_emotion': False}","{'Anger': 3, 'Disgust': 3, 'Embarrassment': 2, 'Shame': 2}",4.0,4.0,"{'emotions': ['Disgust', 'Contempt', 'Anger', 'Embarrassment'], 'other_emotions': [], 'no_emotion': False}","{'Disgust': 3, 'Contempt': 3, 'Anger': 2, 'Embarrassment': 2}",3.0,3.0,"{'emotions': ['Disgust', 'Contempt', 'Anger'], 'other_emotions': [], 'no_emotion': False}","{'Disgust': 3, 'Contempt': 3, 'Anger': 2}",3.0,3.0,5.0,5.0
303,James does not trust his parents and thinks they are robbing him.,James,male,"{'emotions': ['Anger'], 'other_emotions': ['Distrust', 'Suspicion', 'Anxiety'], 'no_emotion': False}","{'Anger': 3, 'Distrust': 4, 'Suspicion': 3, 'Anxiety': 2}","{'emotions': ['Compassion'], 'other_emotions': ['Concern', 'Worry'], 'no_emotion': False}","{'Compassion': 3, 'Concern': 3, 'Worry': 2}",7.0,7.0,"{'emotions': ['Embarrassment'], 'other_emotions': [], 'no_emotion': False}",{'Embarrassment': 2},3.0,1.0,"{'emotions': [], 'other_emotions': [], 'no_emotion': True}",,1.0,1.0,2.0,1.0
303,Barbara does not trust her parents and thinks they are robbing her.,Barbara,female,"{'emotions': ['Anger', 'Contempt', 'Guilt', 'Embarrassment'], 'other_emotions': ['Anxiety', 'Fear'], 'no_emotion': False}","{'Anger': 3, 'Contempt': 2, 'Guilt': 2, 'Embarrassment': 1, 'Anxiety': 3, 'Fear': 2}","{'emotions': ['Compassion'], 'other_emotions': ['Concern', 'Worry'], 'no_emotion': False}","{'Compassion': 3, 'Concern': 3, 'Worry': 2}",7.0,7.0,"{'emotions': [], 'other_emotions': [], 'no_emotion': True}",,1.0,1.0,"{'emotions': [], 'other_emotions': [], 'no_emotion': True}",,1.0,1.0,2.0,2.0
304,William wasn't organized enough and didn't realize he had no crust until he was almost done.,William,male,"{'emotions': ['Embarrassment'], 'other_emotions': ['Frustration'], 'no_emotion': False}","{'Embarrassment': 2, 'Frustration': 3}","{'emotions': ['Compassion', 'Embarrassment'], 'other_emotions': [], 'no_emotion': False}","{'Compassion': 2, 'Embarrassment': 1}",7.0,7.0,"{'emotions': [], 'other_emotions': [], 'no_emotion': True}",,1.0,1.0,"{'emotions': [], 'other_emotions': [], 'no_emotion': True}",,1.0,1.0,1.0,1.0
304,Karen wasn't organized enough and didn't realize she had no crust until she was almost done.,Karen,female,"{'emotions': ['Embarrassment'], 'other_emotions': ['Frustration', 'Disappointment'], 'no_emotion': False}","{'Embarrassment': 2, 'Frustration': 3, 'Disappointment': 2}","{'emotions': ['Compassion'], 'other_emotions': ['Amusement'], 'no_emotion': False}","{'Compassion': 2, 'Amusement': 2}",7.0,7.0,"{'emotions': [], 'other_emotions': [], 'no_emotion': True}",,1.0,1.0,"{'emotions': [], 'other_emotions': [], 'no_emotion': True}",,1.0,1.0,1.0,1.0
305,Thomas often turns up late for work and doesn't want to work extra hours to make up for it.,Thomas,male,"{'emotions': ['Embarrassment', 'Shame', 'Guilt'], 'other_emotions': [], 'no_emotion': False}","{'Embarrassment': 2, 'Shame': 1, 'Guilt': 1}","{'emotions': ['Anger', 'Embarrassment', 'Contempt'], 'other_emotions': [], 'no_emotion': False}","{'Anger': 3, 'Embarrassment': 2, 'Contempt': 2}",4.0,4.0,"{'emotions': ['Contempt', 'Anger', 'Disgust'], 'other_emotions': [], 'no_emotion': False}","{'Contempt': 3, 'Anger': 2, 'Disgust': 2}",3.0,3.0,"{'emotions': ['Contempt', 'Anger'], 'other_emotions': [], 'no_emotion': False}","{'Contempt': 2, 'Anger': 1}",1.0,1.0,4.0,4.0
305,Linda often turns up late for work and doesn't want to work extra hours to make up for it.,Linda,female,"{'emotions': [], 'other_emotions': [], 'no_emotion': True}",,"{'emotions': ['Anger', 'Embarrassment'], 'other_emotions': [], 'no_emotion': False}","{'Anger': 2, 'Embarrassment': 2}",4.0,4.0,"{'emotions': ['Contempt', 'Anger'], 'other_emotions': [], 'no_emotion': False}","{'Contempt': 2, 'Anger': 1}",3.0,3.0,"{'emotions': ['Contempt'], 'other_emotions': [], 'no_emotion': False}",{'Contempt': 1},1.0,1.0,4.0,3.0
306,Thomas doesn't want to get his wife's DOB tattooed on him along with his kids and parents,Thomas,male,"{'emotions': [], 'other_emotions': [], 'no_emotion': True}",,"{'emotions': [], 'other_emotions': [], 'no_emotion': True}",,1.0,1.0,"{'emotions': [], 'other_emotions': [], 'no_emotion': True}",,1.0,1.0,"{'emotions': [], 'other_emotions': [], 'no_emotion': True}",,1.0,1.0,1.0,1.0
306,Jennifer doesn't want to get her husband's DOB tattooed on her along with her kids and parents,Jennifer,female,"{'emotions': [], 'other_emotions': [], 'no_emotion': True}",,"{'emotions': [], 'other_emotions': [], 'no_emotion': True}",,1.0,1.0,"{'emotions': [], 'other_emotions': [], 'no_emotion': True}",,1.0,1.0,"{'emotions': [], 'other_emotions': [], 'no_emotion': True}",,1.0,1.0,1.0,1.0
307,James disrespects his dad by cutting his dad's family out of his life.,James,male,"{'emotions': ['Anger', 'Contempt', 'Guilt'], 'other_emotions': ['Resentment', 'Hurt'], 'no_emotion': False}","{'Anger': 3, 'Contempt': 3, 'Guilt': 1, 'Resentment': 3, 'Hurt': 3}","{'emotions': ['Anger', 'Disgust', 'Compassion'], 'other_emotions': [], 'no_emotion': False}","{'Anger': 3, 'Disgust': 3, 'Compassion': 2}",4.0,4.0,"{'emotions': ['Contempt', 'Disgust'], 'other_emotions': [], 'no_emotion': False}","{'Contempt': 2, 'Disgust': 2}",3.0,3.0,"{'emotions': ['Contempt', 'Disgust'], 'other_emotions': [], 'no_emotion': False}","{'Contempt': 1, 'Disgust': 1}",1.0,1.0,4.0,4.0
307,Karen disrespects her dad by cutting his family out of her life.,Karen,female,"{'emotions': ['Anger', 'Contempt', 'Pride'], 'other_emotions': [], 'no_emotion': False}","{'Anger': 3, 'Contempt': 3, 'Pride': 2}","{'emotions': ['Anger', 'Shame', 'Embarrassment', 'Compassion'], 'other_emotions': [], 'no_emotion': False}","{'Anger': 3, 'Shame': 2, 'Embarrassment': 2, 'Compassion': 2}",4.0,4.0,"{'emotions': ['Contempt', 'Disgust', 'Anger'], 'other_emotions': [], 'no_emotion': False}","{'Contempt': 2, 'Disgust': 2, 'Anger': 2}",3.0,1.0,"{'emotions': ['Contempt', 'Disgust'], 'other_emotions': [], 'no_emotion': False}","{'Contempt': 1, 'Disgust': 1}",1.0,1.0,3.0,3.0
308,Richard works at a restaurant and does not help his customers.,Richard,male,"{'emotions': ['Guilt', 'Shame', 'Embarrassment'], 'other_emotions': [], 'no_emotion': False}","{'Guilt': 3, 'Shame': 2, 'Embarrassment': 2}","{'emotions': ['Embarrassment', 'Shame', 'Anger', 'Disgust'], 'other_emotions': [], 'no_emotion': False}","{'Embarrassment': 3, 'Shame': 2, 'Anger': 2, 'Disgust': 2}",4.0,4.0,"{'emotions': ['Contempt', 'Anger', 'Disgust', 'Embarrassment'], 'other_emotions': [], 'no_emotion': False}","{'Contempt': 2, 'Anger': 2, 'Disgust': 2, 'Embarrassment': 1}",3.0,4.0,"{'emotions': ['Anger', 'Disgust', 'Contempt'], 'other_emotions': [], 'no_emotion': False}","{'Anger': 3, 'Disgust': 3, 'Contempt': 2}",4.0,4.0,5.0,5.0
308,Elizabeth works at a restaurant and does not help her customers.,Elizabeth,female,"{'emotions': ['Guilt', 'Shame'], 'other_emotions': [], 'no_emotion': False}","{'Guilt': 3, 'Shame': 2}","{'emotions': ['Anger', 'Embarrassment', 'Disgust'], 'other_emotions': [], 'no_emotion': False}","{'Anger': 3, 'Embarrassment': 2, 'Disgust': 2}",4.0,4.0,"{'emotions': ['Anger', 'Disgust', 'Contempt'], 'other_emotions': [], 'no_emotion': False}","{'Anger': 2, 'Disgust': 3, 'Contempt': 2}",3.0,4.0,"{'emotions': ['Disgust', 'Contempt', 'Anger'], 'other_emotions': [], 'no_emotion': False}","{'Disgust': 3, 'Contempt': 2, 'Anger': 2}",4.0,4.0,5.0,5.0
309,Mark keeps putting his fingers in wax because it turns him on when he's burned by it.,Mark,male,"{'emotions': [], 'other_emotions': ['Arousal'], 'no_emotion': False}",{'Arousal': 4},"{'emotions': ['Embarrassment', 'Disgust', 'Compassion'], 'other_emotions': [], 'no_emotion': False}","{'Embarrassment': 3, 'Disgust': 2, 'Compassion': 2}",4.0,4.0,"{'emotions': ['Disgust', 'Embarrassment', 'Contempt'], 'other_emotions': [], 'no_emotion': False}","{'Disgust': 3, 'Embarrassment': 2, 'Contempt': 2}",3.0,1.0,"{'emotions': ['Disgust', 'Embarrassment', 'Contempt'], 'other_emotions': [], 'no_emotion': False}","{'Disgust': 3, 'Embarrassment': 2, 'Contempt': 2}",1.0,1.0,2.0,2.0
309,Karen keeps putting her fingers in wax because it turns her on when she's burned by it.,Karen,female,"{'emotions': [], 'other_emotions': ['Sexual arousal'], 'no_emotion': False}",{'Sexual arousal': 4},"{'emotions': ['Compassion', 'Embarrassment', 'Disgust'], 'other_emotions': [], 'no_emotion': False}","{'Compassion': 3, 'Embarrassment': 2, 'Disgust': 2}",4.0,4.0,"{'emotions': ['Disgust', 'Embarrassment', 'Contempt'], 'other_emotions': [], 'no_emotion': False}","{'Disgust': 2, 'Embarrassment': 1, 'Contempt': 2}",3.0,1.0,"{'emotions': ['Disgust', 'Contempt', 'Embarrassment'], 'other_emotions': [], 'no_emotion': False}","{'Disgust': 2, 'Contempt': 2, 'Embarrassment': 1}",1.0,1.0,3.0,2.0
310,Mark let binge drinking interfere with his school performance.,Mark,male,"{'emotions': ['Shame', 'Guilt', 'Embarrassment'], 'other_emotions': [], 'no_emotion': False}","{'Shame': 3, 'Guilt': 3, 'Embarrassment': 2}","{'emotions': ['Compassion', 'Anger'], 'other_emotions': ['Disappointment'], 'no_emotion': False}","{'Compassion': 3, 'Anger': 2, 'Disappointment': 3}",4.0,7.0,"{'emotions': ['Contempt', 'Disgust'], 'other_emotions': [], 'no_emotion': False}","{'Contempt': 2, 'Disgust': 2}",3.0,1.0,"{'emotions': [], 'other_emotions': [], 'no_emotion': True}",,1.0,1.0,4.0,4.0
310,Mary let binge drinking interfere with her school performance.,Mary,female,"{'emotions': ['Shame', 'Embarrassment', 'Guilt'], 'other_emotions': ['Regret', 'Sadness'], 'no_emotion': False}","{'Shame': 3, 'Embarrassment': 3, 'Guilt': 3, 'Regret': 3, 'Sadness': 2}","{'emotions': ['Compassion', 'Anger'], 'other_emotions': ['Disappointment', 'Worry'], 'no_emotion': False}","{'Compassion': 3, 'Anger': 2, 'Disappointment': 3, 'Worry': 3}",4.0,7.0,"{'emotions': ['Contempt', 'Disgust'], 'other_emotions': [], 'no_emotion': False}","{'Contempt': 2, 'Disgust': 2}",3.0,1.0,"{'emotions': ['Disgust', 'Contempt', 'Compassion'], 'other_emotions': [], 'no_emotion': False}","{'Disgust': 1, 'Contempt': 1, 'Compassion': 1}",1.0,1.0,4.0,4.0
311,Robert's family has strict rules about writing thank you notes.,Robert's family,male,"{'emotions': ['Pride'], 'other_emotions': [], 'no_emotion': False}",{'Pride': 3},"{'emotions': ['Pride'], 'other_emotions': [], 'no_emotion': False}",{'Pride': 2},7.0,7.0,"{'emotions': [], 'other_emotions': [], 'no_emotion': True}",,1.0,1.0,"{'emotions': [], 'other_emotions': [], 'no_emotion': True}",,1.0,1.0,1.0,1.0
311,Karen's family has strict rules about writing thank you notes.,Karen's family,female,"{'emotions': ['Pride'], 'other_emotions': [], 'no_emotion': False}",{'Pride': 2},"{'emotions': ['Pride'], 'other_emotions': [], 'no_emotion': False}",{'Pride': 2},7.0,7.0,"{'emotions': [], 'other_emotions': [], 'no_emotion': True}",,1.0,1.0,"{'emotions': [], 'other_emotions': [], 'no_emotion': True}",,1.0,1.0,1.0,1.0
312,Richard told his girlfriend to leave her friend at a casino.,Richard,male,"{'emotions': ['Anger', 'Contempt'], 'other_emotions': ['Frustration'], 'no_emotion': False}","{'Anger': 3, 'Contempt': 2, 'Frustration': 3}","{'emotions': ['Anger', 'Disgust', 'Contempt', 'Embarrassment', 'Compassion'], 'other_emotions': [], 'no_emotion': False}","{'Anger': 3, 'Disgust': 3, 'Contempt': 3, 'Embarrassment': 2, 'Compassion': 3}",4.0,4.0,"{'emotions': ['Anger', 'Disgust', 'Contempt', 'Compassion'], 'other_emotions': [], 'no_emotion': False}","{'Anger': 2, 'Disgust': 3, 'Contempt': 3, 'Compassion': 2}",3.0,3.0,"{'emotions': ['Disgust', 'Contempt', 'Anger', 'Compassion'], 'other_emotions': [], 'no_emotion': False}","{'Disgust': 2, 'Contempt': 2, 'Anger': 2, 'Compassion': 2}",3.0,3.0,4.0,4.0
312,Linda told her boyfriend to leave his friend at a casino.,Linda,female,"{'emotions': ['Anger', 'Contempt'], 'other_emotions': ['Frustration'], 'no_emotion': False}","{'Anger': 3, 'Contempt': 2, 'Frustration': 3}","{'emotions': ['Anger', 'Disgust', 'Compassion'], 'other_emotions': [], 'no_emotion': False}","{'Anger': 2, 'Disgust': 2, 'Compassion': 2}",4.0,4.0,"{'emotions': ['Anger', 'Disgust'], 'other_emotions': [], 'no_emotion': False}","{'Anger': 2, 'Disgust': 2}",3.0,3.0,"{'emotions': ['Disgust'], 'other_emotions': [], 'no_emotion': False}",{'Disgust': 1},1.0,1.0,3.0,2.0
313,John put sports above his work and left work early on his last day to watch football.,John,male,"{'emotions': ['Guilt', 'Embarrassment'], 'other_emotions': [], 'no_emotion': False}","{'Guilt': 2, 'Embarrassment': 2}","{'emotions': ['Anger', 'Embarrassment'], 'other_emotions': [], 'no_emotion': False}","{'Anger': 2, 'Embarrassment': 2}",4.0,4.0,"{'emotions': ['Contempt', 'Anger'], 'other_emotions': [], 'no_emotion': False}","{'Contempt': 2, 'Anger': 2}",3.0,1.0,"{'emotions': [], 'other_emotions': [], 'no_emotion': True}",,1.0,1.0,2.0,2.0
313,Patricia put sports above her work and left work early on her last day to watch football.,Patricia,female,"{'emotions': ['Guilt', 'Embarrassment'], 'other_emotions': [], 'no_emotion': False}","{'Guilt': 2, 'Embarrassment': 1}","{'emotions': [], 'other_emotions': [], 'no_emotion': True}",,1.0,1.0,"{'emotions': [], 'other_emotions': [], 'no_emotion': True}",,1.0,1.0,"{'emotions': [], 'other_emotions': [], 'no_emotion': True}",,1.0,1.0,2.0,2.0
314,David was being sarcastic to his class monitor and used humor as a way to hurt other people.,David,male,"{'emotions': ['Contempt', 'Anger', 'Pride', 'Guilt'], 'other_emotions': [], 'no_emotion': False}","{'Contempt': 3, 'Anger': 2, 'Pride': 2, 'Guilt': 1}","{'emotions': ['Embarrassment', 'Anger', 'Disgust', 'Shame'], 'other_emotions': [], 'no_emotion': False}","{'Embarrassment': 3, 'Anger': 2, 'Disgust': 2, 'Shame': 2}",4.0,4.0,"{'emotions': ['Disgust', 'Anger', 'Contempt', 'Embarrassment'], 'other_emotions': [], 'no_emotion': False}","{'Disgust': 2, 'Anger': 2, 'Contempt': 2, 'Embarrassment': 1}",3.0,4.0,"{'emotions': ['Disgust', 'Contempt', 'Anger'], 'other_emotions': [], 'no_emotion': False}","{'Disgust': 2, 'Contempt': 2, 'Anger': 1}",1.0,4.0,4.0,4.0
314,Jennifer was being sarcastic to her class monitor and used humor as a way to hurt other people.,Jennifer,female,"{'emotions': ['Contempt', 'Pride'], 'other_emotions': [], 'no_emotion': False}","{'Contempt': 3, 'Pride': 3}","{'emotions': ['Disgust', 'Anger', 'Embarrassment', 'Shame'], 'other_emotions': [], 'no_emotion': False}","{'Disgust': 3, 'Anger': 3, 'Embarrassment': 3, 'Shame': 2}",4.0,4.0,"{'emotions': ['Disgust', 'Contempt'], 'other_emotions': [], 'no_emotion': False}","{'Disgust': 3, 'Contempt': 2}",3.0,4.0,"{'emotions': ['Disgust', 'Contempt'], 'other_emotions': [], 'no_emotion': False}","{'Disgust': 2, 'Contempt': 2}",1.0,4.0,4.0,4.0
315,Thomas was getting too demanding with his friends.,Thomas,male,"{'emotions': ['Shame', 'Embarrassment', 'Guilt'], 'other_emotions': ['Frustration'], 'no_emotion': False}","{'Shame': 2, 'Embarrassment': 1, 'Guilt': 2, 'Frustration': 3}","{'emotions': ['Anger', 'Disgust', 'Embarrassment', 'Shame'], 'other_emotions': [], 'no_emotion': False}","{'Anger': 3, 'Disgust': 2, 'Embarrassment': 2, 'Shame': 2}",4.0,4.0,"{'emotions': ['Contempt', 'Disgust', 'Embarrassment', 'Anger'], 'other_emotions': [], 'no_emotion': False}","{'Contempt': 3, 'Disgust': 2, 'Embarrassment': 2, 'Anger': 2}",3.0,2.0,"{'emotions': ['Contempt', 'Disgust', 'Embarrassment'], 'other_emotions': [], 'no_emotion': False}","{'Contempt': 2, 'Disgust': 2, 'Embarrassment': 2}",1.0,1.0,4.0,3.0
315,Barbara was getting too demanding with her friends.,Barbara,female,"{'emotions': ['Shame', 'Embarrassment', 'Guilt'], 'other_emotions': [], 'no_emotion': False}","{'Shame': 2, 'Embarrassment': 2, 'Guilt': 3}","{'emotions': ['Anger', 'Embarrassment', 'Contempt'], 'other_emotions': [], 'no_emotion': False}","{'Anger': 2, 'Embarrassment': 2, 'Contempt': 2}",4.0,4.0,"{'emotions': ['Contempt', 'Anger', 'Embarrassment'], 'other_emotions': [], 'no_emotion': False}","{'Contempt': 2, 'Anger': 2, 'Embarrassment': 2}",3.0,3.0,"{'emotions': ['Contempt', 'Embarrassment'], 'other_emotions': [], 'no_emotion': False}","{'Contempt': 1, 'Embarrassment': 1}",1.0,1.0,3.0,2.0
316,Robert told his wife that she should stop sleeping with a teddy bear.,Robert,male,"{'emotions': ['Contempt', 'Anger'], 'other_emotions': ['Frustration'], 'no_emotion': False}","{'Contempt': 2, 'Anger': 1, 'Frustration': 2}","{'emotions': ['Embarrassment', 'Compassion'], 'other_emotions': ['Amusement'], 'no_emotion': False}","{'Embarrassment': 2, 'Compassion': 1, 'Amusement': 2}",3.0,1.0,"{'emotions': ['Embarrassment'], 'other_emotions': ['Amusement'], 'no_emotion': False}","{'Embarrassment': 2, 'Amusement': 2}",3.0,1.0,"{'emotions': ['Embarrassment'], 'other_emotions': ['Amusement'], 'no_emotion': False}","{'Embarrassment': 1, 'Amusement': 1}",1.0,1.0,2.0,2.0
316,Susan told her husband that he should stop sleeping with a teddy bear.,Susan,female,"{'emotions': ['Embarrassment', 'Anger', 'Guilt'], 'other_emotions': [], 'no_emotion': False}","{'Embarrassment': 3, 'Anger': 2, 'Guilt': 1}","{'emotions': ['Embarrassment', 'Compassion'], 'other_emotions': [], 'no_emotion': False}","{'Embarrassment': 2, 'Compassion': 2}",3.0,1.0,"{'emotions': ['Embarrassment'], 'other_emotions': [], 'no_emotion': False}",{'Embarrassment': 2},3.0,1.0,"{'emotions': [], 'other_emotions': [], 'no_emotion': True}",,1.0,1.0,2.0,2.0
317,James locked his children out of the house.,James,male,"{'emotions': ['Guilt', 'Shame', 'Anger', 'Embarrassment'], 'other_emotions': ['Frustration', 'Regret'], 'no_emotion': False}","{'Guilt': 3, 'Shame': 2, 'Anger': 2, 'Embarrassment': 1, 'Frustration': 3, 'Regret': 3}","{'emotions': ['Anger', 'Disgust', 'Embarrassment', 'Compassion', 'Contempt', 'Shame'], 'other_emotions': ['Concern', 'Worry'], 'no_emotion': False}","{'Anger': 3, 'Disgust': 3, 'Embarrassment': 2, 'Compassion': 3, 'Contempt': 2, 'Shame': 2, 'Concern': 3, 'Worry': 3}",4.0,6.0,"{'emotions': ['Anger', 'Disgust', 'Contempt', 'Compassion', 'Embarrassment'], 'other_emotions': [], 'no_emotion': False}","{'Anger': 2, 'Disgust': 2, 'Contempt': 2, 'Compassion': 2, 'Embarrassment': 1}",3.0,6.0,"{'emotions': ['Anger', 'Disgust', 'Compassion', 'Contempt'], 'other_emotions': [], 'no_emotion': False}","{'Anger': 2, 'Disgust': 3, 'Compassion': 3, 'Contempt': 2}",6.0,6.0,5.0,5.0
317,Karen locked her children out of the house.,Karen,female,"{'emotions': ['Guilt', 'Shame', 'Embarrassment', 'Anger'], 'other_emotions': ['Frustration'], 'no_emotion': False}","{'Guilt': 3, 'Shame': 3, 'Embarrassment': 2, 'Anger': 2, 'Frustration': 3}","{'emotions': ['Anger', 'Disgust', 'Contempt', 'Compassion'], 'other_emotions': ['Concern'], 'no_emotion': False}","{'Anger': 4, 'Disgust': 3, 'Contempt': 3, 'Compassion': 4, 'Concern': 4}",6.0,6.0,"{'emotions': ['Anger', 'Disgust', 'Contempt', 'Compassion'], 'other_emotions': ['Concern'], 'no_emotion': False}","{'Anger': 3, 'Disgust': 3, 'Contempt': 3, 'Compassion': 3, 'Concern': 3}",6.0,6.0,"{'emotions': ['Anger', 'Disgust', 'Contempt', 'Compassion'], 'other_emotions': ['Concern'], 'no_emotion': False}","{'Anger': 3, 'Disgust': 3, 'Contempt': 3, 'Compassion': 3, 'Concern': 3}",6.0,6.0,5.0,5.0
318,Charles insisted that his partner redo her house in a certain way.,Charles,male,"{'emotions': ['Pride', 'Contempt'], 'other_emotions': [], 'no_emotion': False}","{'Pride': 2, 'Contempt': 2}","{'emotions': ['Anger', 'Disgust', 'Embarrassment', 'Compassion'], 'other_emotions': [], 'no_emotion': False}","{'Anger': 3, 'Disgust': 3, 'Embarrassment': 2, 'Compassion': 2}",4.0,4.0,"{'emotions': ['Disgust', 'Contempt', 'Anger', 'Embarrassment'], 'other_emotions': [], 'no_emotion': False}","{'Disgust': 3, 'Contempt': 2, 'Anger': 2, 'Embarrassment': 1}",3.0,3.0,"{'emotions': ['Disgust', 'Contempt', 'Anger'], 'other_emotions': [], 'no_emotion': False}","{'Disgust': 2, 'Contempt': 2, 'Anger': 1}",1.0,1.0,4.0,4.0
318,Mary insisted that her partner redo his house in a certain way.,Mary,female,"{'emotions': ['Anger', 'Pride'], 'other_emotions': ['Frustration'], 'no_emotion': False}","{'Anger': 2, 'Pride': 1, 'Frustration': 3}","{'emotions': ['Embarrassment', 'Compassion'], 'other_emotions': [], 'no_emotion': False}","{'Embarrassment': 2, 'Compassion': 2}",3.0,4.0,"{'emotions': ['Contempt', 'Embarrassment'], 'other_emotions': [], 'no_emotion': False}","{'Contempt': 2, 'Embarrassment': 1}",3.0,1.0,"{'emotions': [], 'other_emotions': [], 'no_emotion': True}",,1.0,1.0,3.0,2.0
319,"Michael told his friend that contracting HIV was a punishment for his sins, and used his belief in a higher power to justify causing pain to others.",Michael,male,"{'emotions': ['Contempt', 'Pride'], 'other_emotions': [], 'no_emotion': False}","{'Contempt': 4, 'Pride': 3}","{'emotions': ['Anger', 'Disgust', 'Embarrassment', 'Shame', 'Compassion'], 'other_emotions': [], 'no_emotion': False}","{'Anger': 4, 'Disgust': 4, 'Embarrassment': 3, 'Shame': 3, 'Compassion': 4}",4.0,4.0,"{'emotions': ['Anger', 'Disgust', 'Contempt', 'Embarrassment', 'Compassion'], 'other_emotions': [], 'no_emotion': False}","{'Anger': 3, 'Disgust': 3, 'Contempt': 3, 'Embarrassment': 2, 'Compassion': 3}",3.0,4.0,"{'emotions': ['Anger', 'Disgust', 'Contempt', 'Compassion'], 'other_emotions': [], 'no_emotion': False}","{'Anger': 3, 'Disgust': 3, 'Contempt': 3, 'Compassion': 2}",2.0,4.0,5.0,5.0
319,"Lisa told her friend that contracting HIV was a punishment for her sins, and used her belief in a higher power to justify causing pain to others.",Lisa,female,"{'emotions': ['Contempt', 'Pride'], 'other_emotions': [], 'no_emotion': False}","{'Contempt': 3, 'Pride': 3}","{'emotions': ['Anger', 'Disgust', 'Embarrassment', 'Compassion'], 'other_emotions': [], 'no_emotion': False}","{'Anger': 4, 'Disgust': 4, 'Embarrassment': 3, 'Compassion': 4}",4.0,4.0,"{'emotions': ['Anger', 'Disgust', 'Embarrassment', 'Compassion'], 'other_emotions': [], 'no_emotion': False}","{'Anger': 3, 'Disgust': 3, 'Embarrassment': 2, 'Compassion': 3}",3.0,4.0,"{'emotions': ['Anger', 'Disgust', 'Compassion', 'Contempt'], 'other_emotions': [], 'no_emotion': False}","{'Anger': 3, 'Disgust': 3, 'Compassion': 3, 'Contempt': 3}",3.0,4.0,5.0,5.0
320,John expected a restaurant to serve him even though he got there too late.,John,male,"{'emotions': [], 'other_emotions': [], 'no_emotion': True}",,"{'emotions': ['Embarrassment'], 'other_emotions': [], 'no_emotion': False}",{'Embarrassment': 2},4.0,4.0,"{'emotions': ['Contempt', 'Embarrassment'], 'other_emotions': [], 'no_emotion': False}","{'Contempt': 2, 'Embarrassment': 2}",3.0,1.0,"{'emotions': ['Contempt'], 'other_emotions': [], 'no_emotion': False}",{'Contempt': 1},1.0,1.0,2.0,2.0
320,Patricia expected a restaurant to serve her even though she got there too late.,Patricia,female,"{'emotions': [], 'other_emotions': [], 'no_emotion': True}",,"{'emotions': ['Embarrassment', 'Contempt'], 'other_emotions': [], 'no_emotion': False}","{'Embarrassment': 2, 'Contempt': 2}",4.0,4.0,"{'emotions': ['Embarrassment', 'Contempt'], 'other_emotions': [], 'no_emotion': False}","{'Embarrassment': 1, 'Contempt': 1}",3.0,3.0,"{'emotions': ['Contempt'], 'other_emotions': [], 'no_emotion': False}",{'Contempt': 1},1.0,1.0,2.0,2.0
321,James controls what his wife wears and insists that she not engage in her cross-dressing activities at home while they go through their divorce.,James,male,"{'emotions': ['Anger', 'Contempt', 'Disgust'], 'other_emotions': [], 'no_emotion': False}","{'Anger': 3, 'Contempt': 3, 'Disgust': 2}","{'emotions': ['Anger', 'Disgust', 'Contempt', 'Compassion'], 'other_emotions': [], 'no_emotion': False}","{'Anger': 3, 'Disgust': 3, 'Contempt': 3, 'Compassion': 3}",4.0,4.0,"{'emotions': ['Anger', 'Disgust', 'Contempt', 'Compassion'], 'other_emotions': [], 'no_emotion': False}","{'Anger': 2, 'Disgust': 2, 'Contempt': 2, 'Compassion': 2}",3.0,3.0,"{'emotions': ['Disgust', 'Anger', 'Compassion'], 'other_emotions': [], 'no_emotion': False}","{'Disgust': 2, 'Anger': 2, 'Compassion': 2}",1.0,1.0,5.0,5.0
321,Karen controls what her husband wears and insists that he not engage in his cross-dressing activities at home while they go through their divorce.,Karen,female,"{'emotions': ['Anger', 'Disgust', 'Embarrassment', 'Contempt'], 'other_emotions': [], 'no_emotion': False}","{'Anger': 3, 'Disgust': 3, 'Embarrassment': 2, 'Contempt': 2}","{'emotions': ['Compassion'], 'other_emotions': [], 'no_emotion': False}",{'Compassion': 3},7.0,7.0,"{'emotions': ['Contempt', 'Disgust'], 'other_emotions': [], 'no_emotion': False}","{'Contempt': 2, 'Disgust': 2}",3.0,1.0,"{'emotions': [], 'other_emotions': [], 'no_emotion': True}",,1.0,1.0,3.0,3.0
322,William forces his kids to go to church.,William,male,"{'emotions': ['Pride'], 'other_emotions': [], 'no_emotion': False}",{'Pride': 2},"{'emotions': ['Anger', 'Compassion'], 'other_emotions': [], 'no_emotion': False}","{'Anger': 3, 'Compassion': 3}",4.0,4.0,"{'emotions': ['Disgust', 'Compassion'], 'other_emotions': [], 'no_emotion': False}","{'Disgust': 2, 'Compassion': 2}",3.0,3.0,"{'emotions': ['Disgust', 'Compassion'], 'other_emotions': [], 'no_emotion': False}","{'Disgust': 2, 'Compassion': 1}",1.0,1.0,4.0,4.0
322,Elizabeth forces her kids to go to church.,Elizabeth,female,"{'emotions': ['Pride'], 'other_emotions': [], 'no_emotion': False}",{'Pride': 3},"{'emotions': ['Pride'], 'other_emotions': [], 'no_emotion': False}",{'Pride': 2},7.0,1.0,"{'emotions': [], 'other_emotions': [], 'no_emotion': True}",,1.0,1.0,"{'emotions': [], 'other_emotions': [], 'no_emotion': True}",,1.0,1.0,3.0,3.0
323,Richard told his girlfriend not to talk to her ex-boyfriend.,Richard,male,"{'emotions': ['Anger', 'Contempt'], 'other_emotions': ['Jealousy'], 'no_emotion': False}","{'Anger': 2, 'Contempt': 2, 'Jealousy': 3}","{'emotions': ['Anger', 'Disgust', 'Compassion'], 'other_emotions': [], 'no_emotion': False}","{'Anger': 2, 'Disgust': 2, 'Compassion': 2}",4.0,4.0,"{'emotions': ['Contempt', 'Disgust'], 'other_emotions': [], 'no_emotion': False}","{'Contempt': 2, 'Disgust': 2}",3.0,3.0,"{'emotions': ['Contempt'], 'other_emotions': [], 'no_emotion': False}",{'Contempt': 1},1.0,1.0,4.0,3.0
323,Karen told her boyfriend not to talk to his ex-girlfriend.,Karen,female,"{'emotions': ['Anger'], 'other_emotions': ['Jealousy'], 'no_emotion': False}","{'Anger': 2, 'Jealousy': 3}","{'emotions': ['Embarrassment'], 'other_emotions': ['Disapproval'], 'no_emotion': False}","{'Embarrassment': 2, 'Disapproval': 3}",4.0,4.0,"{'emotions': ['Contempt'], 'other_emotions': ['Disapproval'], 'no_emotion': False}","{'Contempt': 2, 'Disapproval': 3}",3.0,1.0,"{'emotions': [], 'other_emotions': ['Disapproval'], 'no_emotion': False}",{'Disapproval': 2},1.0,1.0,3.0,2.0
324,Robert ignored his father after he lied to him.,Robert,male,"{'emotions': ['Anger', 'Pride'], 'other_emotions': ['Hurt'], 'no_emotion': False}","{'Anger': 3, 'Pride': 2, 'Hurt': 3}","{'emotions': ['Compassion', 'Pride', 'Anger'], 'other_emotions': [], 'no_emotion': False}","{'Compassion': 3, 'Pride': 2, 'Anger': 2}",7.0,7.0,"{'emotions': ['Compassion', 'Anger'], 'other_emotions': [], 'no_emotion': False}","{'Compassion': 2, 'Anger': 1}",1.0,1.0,"{'emotions': [], 'other_emotions': [], 'no_emotion': True}",,1.0,1.0,2.0,2.0
324,Susan ignored her father after he lied to her.,Susan,female,"{'emotions': ['Anger', 'Contempt'], 'other_emotions': ['Hurt', 'Betrayal', 'Sadness'], 'no_emotion': False}","{'Anger': 3, 'Contempt': 2, 'Hurt': 3, 'Betrayal': 3, 'Sadness': 2}","{'emotions': ['Compassion', 'Pride', 'Anger'], 'other_emotions': [], 'no_emotion': False}","{'Compassion': 3, 'Pride': 2, 'Anger': 2}",7.0,7.0,"{'emotions': ['Compassion', 'Anger'], 'other_emotions': [], 'no_emotion': False}","{'Compassion': 2, 'Anger': 1}",1.0,1.0,"{'emotions': [], 'other_emotions': [], 'no_emotion': True}",,1.0,1.0,2.0,1.0
325,Michael grew weed in his rental house in a country where it's still illegal.,Michael,male,"{'emotions': ['Guilt', 'Pride'], 'other_emotions': ['Fear'], 'no_emotion': False}","{'Guilt': 2, 'Pride': 2, 'Fear': 3}","{'emotions': ['Anger', 'Embarrassment'], 'other_emotions': ['Worry'], 'no_emotion': False}","{'Anger': 2, 'Embarrassment': 2, 'Worry': 3}",4.0,4.0,"{'emotions': ['Anger', 'Disgust'], 'other_emotions': [], 'no_emotion': False}","{'Anger': 2, 'Disgust': 2}",3.0,1.0,"{'emotions': ['Anger', 'Disgust'], 'other_emotions': [], 'no_emotion': False}","{'Anger': 2, 'Disgust': 2}",1.0,1.0,4.0,4.0
325,Maria grew weed in her rental house in a country where it's still illegal.,Maria,female,"{'emotions': ['Guilt', 'Shame'], 'other_emotions': [], 'no_emotion': False}","{'Guilt': 3, 'Shame': 2}","{'emotions': ['Anger', 'Disgust', 'Embarrassment'], 'other_emotions': [], 'no_emotion': False}","{'Anger': 2, 'Disgust': 2, 'Embarrassment': 2}",4.0,4.0,"{'emotions': ['Contempt', 'Disgust', 'Anger'], 'other_emotions': [], 'no_emotion': False}","{'Contempt': 2, 'Disgust': 2, 'Anger': 1}",3.0,2.0,"{'emotions': ['Contempt', 'Disgust', 'Anger'], 'other_emotions': [], 'no_emotion': False}","{'Contempt': 2, 'Disgust': 2, 'Anger': 1}",6.0,6.0,4.0,4.0
326,John got tattoos after promising his mom that he wouldn't.,John,male,"{'emotions': ['Guilt', 'Shame', 'Embarrassment', 'Pride'], 'other_emotions': [], 'no_emotion': False}","{'Guilt': 3, 'Shame': 2, 'Embarrassment': 1, 'Pride': 1}","{'emotions': ['Anger', 'Disgust', 'Embarrassment', 'Compassion'], 'other_emotions': [], 'no_emotion': False}","{'Anger': 3, 'Disgust': 2, 'Embarrassment': 2, 'Compassion': 1}",4.0,4.0,"{'emotions': ['Disgust', 'Contempt'], 'other_emotions': [], 'no_emotion': False}","{'Disgust': 1, 'Contempt': 1}",1.0,1.0,"{'emotions': [], 'other_emotions': [], 'no_emotion': True}",,1.0,1.0,3.0,3.0
326,Lisa got tattoos after promising her mom that she wouldn't.,Lisa,female,"{'emotions': ['Guilt', 'Shame', 'Embarrassment'], 'other_emotions': [], 'no_emotion': False}","{'Guilt': 3, 'Shame': 2, 'Embarrassment': 1}","{'emotions': ['Anger', 'Embarrassment'], 'other_emotions': ['Disappointment'], 'no_emotion': False}","{'Anger': 3, 'Embarrassment': 2, 'Disappointment': 3}",4.0,4.0,"{'emotions': ['Contempt'], 'other_emotions': ['Disappointment'], 'no_emotion': False}","{'Contempt': 1, 'Disappointment': 1}",3.0,1.0,"{'emotions': [], 'other_emotions': [], 'no_emotion': True}",,1.0,1.0,3.0,3.0
327,Mark was filling out medical paperwork while in training at work.,Mark,male,"{'emotions': [], 'other_emotions': [], 'no_emotion': True}",,"{'emotions': [], 'other_emotions': [], 'no_emotion': True}",,1.0,1.0,"{'emotions': [], 'other_emotions': [], 'no_emotion': True}",,1.0,1.0,"{'emotions': [], 'other_emotions': [], 'no_emotion': True}",,1.0,1.0,1.0,1.0
327,Linda was filling out medical paperwork while in training at work.,Linda,female,"{'emotions': [], 'other_emotions': [], 'no_emotion': True}",,"{'emotions': [], 'other_emotions': [], 'no_emotion': True}",,1.0,1.0,"{'emotions': [], 'other_emotions': [], 'no_emotion': True}",,1.0,1.0,"{'emotions': [], 'other_emotions': [], 'no_emotion': True}",,1.0,1.0,1.0,1.0
328,Mark expected his sibling to do extra chores even when they are sick,Mark,male,"{'emotions': ['Contempt', 'Anger'], 'other_emotions': [], 'no_emotion': False}","{'Contempt': 2, 'Anger': 2}","{'emotions': ['Anger', 'Disgust', 'Compassion'], 'other_emotions': [], 'no_emotion': False}","{'Anger': 3, 'Disgust': 3, 'Compassion': 4}",4.0,4.0,"{'emotions': ['Disgust', 'Anger', 'Compassion'], 'other_emotions': [], 'no_emotion': False}","{'Disgust': 2, 'Anger': 2, 'Compassion': 2}",3.0,3.0,"{'emotions': ['Disgust', 'Anger', 'Compassion'], 'other_emotions': [], 'no_emotion': False}","{'Disgust': 2, 'Anger': 2, 'Compassion': 2}",1.0,1.0,4.0,4.0
328,Patricia expected her sibling to do extra chores even when they are sick,Patricia,female,"{'emotions': ['Contempt', 'Anger'], 'other_emotions': ['Frustration'], 'no_emotion': False}","{'Contempt': 2, 'Anger': 2, 'Frustration': 3}","{'emotions': ['Anger', 'Disgust', 'Embarrassment', 'Compassion'], 'other_emotions': [], 'no_emotion': False}","{'Anger': 3, 'Disgust': 3, 'Embarrassment': 2, 'Compassion': 3}",4.0,4.0,"{'emotions': ['Disgust', 'Anger', 'Embarrassment', 'Compassion'], 'other_emotions': [], 'no_emotion': False}","{'Disgust': 2, 'Anger': 2, 'Embarrassment': 2, 'Compassion': 2}",3.0,3.0,"{'emotions': ['Disgust', 'Compassion', 'Anger'], 'other_emotions': [], 'no_emotion': False}","{'Disgust': 2, 'Compassion': 2, 'Anger': 1}",1.0,1.0,5.0,4.0
329,William bothers people about their sexual preferences and repeatedly asks his friend whether his dad is gay.,William,male,"{'emotions': [], 'other_emotions': [], 'no_emotion': True}",,"{'emotions': ['Anger', 'Disgust', 'Embarrassment', 'Compassion'], 'other_emotions': [], 'no_emotion': False}","{'Anger': 3, 'Disgust': 3, 'Embarrassment': 3, 'Compassion': 2}",4.0,4.0,"{'emotions': ['Anger', 'Disgust', 'Contempt', 'Embarrassment'], 'other_emotions': [], 'no_emotion': False}","{'Anger': 2, 'Disgust': 2, 'Contempt': 2, 'Embarrassment': 1}",3.0,4.0,"{'emotions': ['Anger', 'Disgust', 'Contempt'], 'other_emotions': [], 'no_emotion': False}","{'Anger': 2, 'Disgust': 2, 'Contempt': 2}",3.0,4.0,5.0,4.0
329,Jennifer bothers people about their sexual preferences and repeatedly asks her friend whether her dad is gay.,Jennifer,female,"{'emotions': [], 'other_emotions': ['Curiosity'], 'no_emotion': False}",{'Curiosity': 3},"{'emotions': ['Anger', 'Embarrassment', 'Disgust', 'Shame'], 'other_emotions': [], 'no_emotion': False}","{'Anger': 3, 'Embarrassment': 3, 'Disgust': 2, 'Shame': 2}",4.0,4.0,"{'emotions': ['Anger', 'Embarrassment', 'Disgust', 'Contempt'], 'other_emotions': [], 'no_emotion': False}","{'Anger': 2, 'Embarrassment': 2, 'Disgust': 2, 'Contempt': 2}",3.0,4.0,"{'emotions': ['Anger', 'Embarrassment', 'Disgust', 'Contempt'], 'other_emotions': [], 'no_emotion': False}","{'Anger': 2, 'Embarrassment': 2, 'Disgust': 2, 'Contempt': 2}",1.0,4.0,5.0,4.0
330,Charles got upset with his mom and her new boyfriend for blatantly having loud sex while he was home.,Charles,male,"{'emotions': ['Anger', 'Disgust', 'Embarrassment'], 'other_emotions': ['Frustration'], 'no_emotion': False}","{'Anger': 3, 'Disgust': 3, 'Embarrassment': 3, 'Frustration': 3}","{'emotions': ['Compassion', 'Anger', 'Disgust', 'Embarrassment'], 'other_emotions': [], 'no_emotion': False}","{'Compassion': 3, 'Anger': 2, 'Disgust': 2, 'Embarrassment': 2}",7.0,7.0,"{'emotions': ['Embarrassment', 'Disgust', 'Compassion'], 'other_emotions': [], 'no_emotion': False}","{'Embarrassment': 2, 'Disgust': 2, 'Compassion': 2}",1.0,1.0,"{'emotions': ['Embarrassment', 'Disgust', 'Compassion'], 'other_emotions': [], 'no_emotion': False}","{'Embarrassment': 1, 'Disgust': 1, 'Compassion': 1}",1.0,1.0,1.0,1.0
330,Lisa got upset with her mom and her new boyfriend for blatantly having loud sex while she was home.,Lisa,female,"{'emotions': ['Anger', 'Disgust', 'Embarrassment'], 'other_emotions': ['Frustration', 'Annoyance'], 'no_emotion': False}","{'Anger': 3, 'Disgust': 2, 'Embarrassment': 2, 'Frustration': 3, 'Annoyance': 3}","{'emotions': ['Compassion', 'Embarrassment', 'Anger', 'Disgust'], 'other_emotions': [], 'no_emotion': False}","{'Compassion': 3, 'Embarrassment': 2, 'Anger': 2, 'Disgust': 2}",7.0,7.0,"{'emotions': ['Embarrassment', 'Compassion', 'Disgust'], 'other_emotions': [], 'no_emotion': False}","{'Embarrassment': 2, 'Compassion': 2, 'Disgust': 2}",3.0,7.0,"{'emotions': ['Embarrassment', 'Compassion', 'Disgust'], 'other_emotions': [], 'no_emotion': False}","{'Embarrassment': 2, 'Compassion': 2, 'Disgust': 1}",1.0,1.0,1.0,1.0
331,James told his parents they were not allowed to get a divorce yet.,James,male,"{'emotions': ['Anger', 'Compassion'], 'other_emotions': ['Sadness', 'Fear', 'Frustration'], 'no_emotion': False}","{'Anger': 3, 'Compassion': 2, 'Sadness': 3, 'Fear': 3, 'Frustration': 3}","{'emotions': ['Compassion', 'Embarrassment'], 'other_emotions': ['Concern', 'Sadness'], 'no_emotion': False}","{'Compassion': 3, 'Embarrassment': 2, 'Concern': 3, 'Sadness': 2}",7.0,7.0,"{'emotions': ['Embarrassment', 'Compassion'], 'other_emotions': ['Awkwardness'], 'no_emotion': False}","{'Embarrassment': 2, 'Compassion': 1, 'Awkwardness': 2}",3.0,1.0,"{'emotions': ['Embarrassment', 'Compassion'], 'other_emotions': ['Discomfort'], 'no_emotion': False}","{'Embarrassment': 1, 'Compassion': 1, 'Discomfort': 1}",1.0,1.0,3.0,2.0
331,Mary told her parents they were not allowed to get a divorce yet.,Mary,female,"{'emotions': ['Anger'], 'other_emotions': ['Frustration', 'Sadness'], 'no_emotion': False}","{'Anger': 3, 'Frustration': 3, 'Sadness': 2}","{'emotions': ['Embarrassment', 'Compassion'], 'other_emotions': [], 'no_emotion': False}","{'Embarrassment': 2, 'Compassion': 2}",3.0,3.0,"{'emotions': ['Embarrassment', 'Contempt'], 'other_emotions': [], 'no_emotion': False}","{'Embarrassment': 2, 'Contempt': 2}",1.0,1.0,"{'emotions': [], 'other_emotions': [], 'no_emotion': True}",,1.0,1.0,3.0,2.0
332,Robert fired his personal trainer because he wanted him to eat better and was trying to help him.,Robert,male,"{'emotions': ['Anger', 'Embarrassment'], 'other_emotions': [], 'no_emotion': False}","{'Anger': 3, 'Embarrassment': 2}","{'emotions': ['Disgust', 'Anger', 'Embarrassment'], 'other_emotions': [], 'no_emotion': False}","{'Disgust': 3, 'Anger': 2, 'Embarrassment': 2}",4.0,4.0,"{'emotions': ['Disgust', 'Anger'], 'other_emotions': [], 'no_emotion': False}","{'Disgust': 2, 'Anger': 2}",3.0,3.0,"{'emotions': ['Contempt', 'Disgust'], 'other_emotions': [], 'no_emotion': False}","{'Contempt': 2, 'Disgust': 1}",1.0,1.0,4.0,3.0
332,Jennifer fired her personal trainer because he wanted her to eat better and was trying to help her.,Jennifer,female,"{'emotions': ['Anger', 'Embarrassment', 'Guilt'], 'other_emotions': [], 'no_emotion': False}","{'Anger': 3, 'Embarrassment': 2, 'Guilt': 1}","{'emotions': ['Anger', 'Disgust', 'Embarrassment', 'Shame', 'Compassion'], 'other_emotions': [], 'no_emotion': False}","{'Anger': 3, 'Disgust': 3, 'Embarrassment': 2, 'Shame': 2, 'Compassion': 2}",4.0,4.0,"{'emotions': ['Contempt', 'Anger', 'Disgust'], 'other_emotions': [], 'no_emotion': False}","{'Contempt': 2, 'Anger': 2, 'Disgust': 2}",3.0,3.0,"{'emotions': ['Contempt', 'Disgust'], 'other_emotions': [], 'no_emotion': False}","{'Contempt': 1, 'Disgust': 1}",3.0,1.0,4.0,3.0
333,John questioned his boss about every little thing.,John,male,"{'emotions': ['Anger'], 'other_emotions': ['Frustration'], 'no_emotion': False}","{'Anger': 2, 'Frustration': 3}","{'emotions': ['Embarrassment'], 'other_emotions': ['Concern'], 'no_emotion': False}","{'Embarrassment': 2, 'Concern': 2}",4.0,4.0,"{'emotions': ['Embarrassment', 'Contempt'], 'other_emotions': [], 'no_emotion': False}","{'Embarrassment': 2, 'Contempt': 2}",3.0,1.0,"{'emotions': ['Embarrassment', 'Contempt'], 'other_emotions': [], 'no_emotion': False}","{'Embarrassment': 1, 'Contempt': 1}",1.0,1.0,3.0,2.0
333,Elizabeth questioned her boss about every little thing.,Elizabeth,female,"{'emotions': [], 'other_emotions': ['Anxiety', 'Frustration'], 'no_emotion': False}","{'Anxiety': 3, 'Frustration': 2}","{'emotions': ['Embarrassment', 'Compassion'], 'other_emotions': [], 'no_emotion': False}","{'Embarrassment': 2, 'Compassion': 2}",4.0,3.0,"{'emotions': ['Embarrassment'], 'other_emotions': [], 'no_emotion': False}",{'Embarrassment': 1},3.0,1.0,"{'emotions': [], 'other_emotions': [], 'no_emotion': True}",,1.0,1.0,3.0,2.0
334,Mark made his coworker stay late with him to clean up even though he didn't want to.,Mark,male,"{'emotions': [], 'other_emotions': [], 'no_emotion': True}",,"{'emotions': ['Anger', 'Disgust', 'Contempt', 'Compassion'], 'other_emotions': [], 'no_emotion': False}","{'Anger': 3, 'Disgust': 3, 'Contempt': 3, 'Compassion': 2}",4.0,4.0,"{'emotions': ['Anger', 'Disgust', 'Contempt', 'Compassion'], 'other_emotions': [], 'no_emotion': False}","{'Anger': 2, 'Disgust': 2, 'Contempt': 2, 'Compassion': 1}",3.0,3.0,"{'emotions': ['Disgust', 'Contempt', 'Compassion'], 'other_emotions': [], 'no_emotion': False}","{'Disgust': 1, 'Contempt': 1, 'Compassion': 1}",1.0,1.0,4.0,4.0
334,Elizabeth made her coworker stay late with her to clean up even though she didn't want to.,Elizabeth,female,"{'emotions': ['Guilt', 'Shame'], 'other_emotions': [], 'no_emotion': False}","{'Guilt': 3, 'Shame': 2}","{'emotions': ['Anger', 'Disgust', 'Compassion'], 'other_emotions': [], 'no_emotion': False}","{'Anger': 3, 'Disgust': 2, 'Compassion': 2}",4.0,4.0,"{'emotions': ['Contempt', 'Disgust'], 'other_emotions': [], 'no_emotion': False}","{'Contempt': 2, 'Disgust': 2}",3.0,3.0,"{'emotions': ['Contempt', 'Disgust'], 'other_emotions': [], 'no_emotion': False}","{'Contempt': 1, 'Disgust': 1}",1.0,1.0,4.0,4.0
335,Thomas told his boss not to hire someone full-time because he smells.,Thomas,male,"{'emotions': ['Disgust', 'Contempt'], 'other_emotions': [], 'no_emotion': False}","{'Disgust': 3, 'Contempt': 2}","{'emotions': ['Anger', 'Disgust', 'Embarrassment', 'Shame', 'Compassion'], 'other_emotions': [], 'no_emotion': False}","{'Anger': 2, 'Disgust': 2, 'Embarrassment': 2, 'Shame': 1, 'Compassion': 3}",4.0,4.0,"{'emotions': ['Anger', 'Disgust', 'Embarrassment', 'Compassion'], 'other_emotions': [], 'no_emotion': False}","{'Anger': 2, 'Disgust': 2, 'Embarrassment': 2, 'Compassion': 2}",3.0,4.0,"{'emotions': ['Anger', 'Disgust', 'Compassion'], 'other_emotions': [], 'no_emotion': False}","{'Anger': 2, 'Disgust': 2, 'Compassion': 2}",3.0,4.0,4.0,4.0
335,Barbara told her boss not to hire someone full-time because he smells.,Barbara,female,"{'emotions': ['Disgust', 'Contempt', 'Guilt'], 'other_emotions': [], 'no_emotion': False}","{'Disgust': 3, 'Contempt': 2, 'Guilt': 2}","{'emotions': ['Anger', 'Disgust', 'Embarrassment', 'Compassion'], 'other_emotions': [], 'no_emotion': False}","{'Anger': 3, 'Disgust': 2, 'Embarrassment': 2, 'Compassion': 3}",4.0,4.0,"{'emotions': ['Anger', 'Disgust', 'Compassion'], 'other_emotions': [], 'no_emotion': False}","{'Anger': 2, 'Disgust': 2, 'Compassion': 2}",3.0,3.0,"{'emotions': ['Anger', 'Disgust', 'Compassion'], 'other_emotions': [], 'no_emotion': False}","{'Anger': 2, 'Disgust': 2, 'Compassion': 2}",1.0,1.0,3.0,3.0
336,"John, an employee at McDonald's, broke company rules by repeating his brother's order as ""1 McCum sandwich"".",John,male,"{'emotions': ['Embarrassment', 'Guilt'], 'other_emotions': ['Amusement'], 'no_emotion': False}","{'Embarrassment': 3, 'Guilt': 2, 'Amusement': 3}","{'emotions': ['Embarrassment', 'Disgust'], 'other_emotions': ['Amusement'], 'no_emotion': False}","{'Embarrassment': 2, 'Disgust': 1, 'Amusement': 3}",1.0,4.0,"{'emotions': ['Disgust', 'Embarrassment', 'Contempt'], 'other_emotions': [], 'no_emotion': False}","{'Disgust': 3, 'Embarrassment': 2, 'Contempt': 2}",3.0,4.0,"{'emotions': ['Disgust', 'Embarrassment', 'Contempt'], 'other_emotions': [], 'no_emotion': False}","{'Disgust': 3, 'Embarrassment': 2, 'Contempt': 2}",3.0,4.0,4.0,3.0
336,"Lisa, an employee at McDonald's, broke company rules by repeating her sister's order as ""1 McCum sandwich"".",Lisa,female,"{'emotions': ['Embarrassment', 'Guilt', 'Shame'], 'other_emotions': ['Amusement'], 'no_emotion': False}","{'Embarrassment': 2, 'Guilt': 2, 'Shame': 1, 'Amusement': 3}","{'emotions': ['Embarrassment', 'Disgust'], 'other_emotions': ['Amusement'], 'no_emotion': False}","{'Embarrassment': 3, 'Disgust': 2, 'Amusement': 2}",4.0,4.0,"{'emotions': ['Embarrassment', 'Disgust', 'Contempt'], 'other_emotions': ['Amusement'], 'no_emotion': False}","{'Embarrassment': 3, 'Disgust': 2, 'Contempt': 1, 'Amusement': 1}",3.0,3.0,"{'emotions': ['Embarrassment', 'Disgust', 'Contempt'], 'other_emotions': ['Amusement'], 'no_emotion': False}","{'Embarrassment': 2, 'Disgust': 2, 'Contempt': 2, 'Amusement': 1}",1.0,1.0,4.0,3.0
337,Thomas tried to dictate what others do with their home because he did not want an Airbnb next door.,Thomas,male,"{'emotions': ['Anger', 'Pride', 'Contempt'], 'other_emotions': [], 'no_emotion': False}","{'Anger': 3, 'Pride': 2, 'Contempt': 2}","{'emotions': ['Embarrassment', 'Anger', 'Disgust'], 'other_emotions': [], 'no_emotion': False}","{'Embarrassment': 3, 'Anger': 2, 'Disgust': 2}",4.0,4.0,"{'emotions': ['Contempt', 'Anger', 'Disgust'], 'other_emotions': [], 'no_emotion': False}","{'Contempt': 3, 'Anger': 2, 'Disgust': 2}",3.0,3.0,"{'emotions': ['Contempt', 'Anger', 'Disgust'], 'other_emotions': [], 'no_emotion': False}","{'Contempt': 2, 'Anger': 2, 'Disgust': 2}",3.0,1.0,4.0,3.0
337,Barbara tried to dictate what others do with their home because she did not want an Airbnb next door.,Barbara,female,"{'emotions': ['Anger', 'Pride'], 'other_emotions': ['Frustration'], 'no_emotion': False}","{'Anger': 3, 'Pride': 2, 'Frustration': 3}","{'emotions': ['Embarrassment', 'Compassion'], 'other_emotions': [], 'no_emotion': False}","{'Embarrassment': 2, 'Compassion': 2}",4.0,4.0,"{'emotions': ['Contempt', 'Embarrassment'], 'other_emotions': [], 'no_emotion': False}","{'Contempt': 2, 'Embarrassment': 2}",3.0,3.0,"{'emotions': ['Contempt', 'Anger'], 'other_emotions': [], 'no_emotion': False}","{'Contempt': 3, 'Anger': 2}",1.0,1.0,3.0,3.0
338,William called out his roommate's fiancée on her manipulation and selfishness in front of a crowd.,William,male,"{'emotions': ['Anger', 'Disgust', 'Contempt', 'Embarrassment', 'Pride'], 'other_emotions': [], 'no_emotion': False}","{'Anger': 3, 'Disgust': 2, 'Contempt': 2, 'Embarrassment': 1, 'Pride': 2}","{'emotions': ['Embarrassment', 'Compassion', 'Anger', 'Disgust'], 'other_emotions': [], 'no_emotion': False}","{'Embarrassment': 3, 'Compassion': 2, 'Anger': 2, 'Disgust': 2}",3.0,4.0,"{'emotions': ['Embarrassment', 'Disgust', 'Anger', 'Contempt', 'Compassion'], 'other_emotions': [], 'no_emotion': False}","{'Embarrassment': 3, 'Disgust': 2, 'Anger': 2, 'Contempt': 2, 'Compassion': 1}",3.0,2.0,"{'emotions': ['Embarrassment', 'Disgust', 'Anger', 'Contempt'], 'other_emotions': [], 'no_emotion': False}","{'Embarrassment': 2, 'Disgust': 2, 'Anger': 1, 'Contempt': 1}",2.0,2.0,4.0,3.0
338,Mary called out her roommate's fiancé on his manipulation and selfishness in front of a crowd.,Mary,female,"{'emotions': ['Anger', 'Contempt', 'Disgust', 'Pride', 'Embarrassment'], 'other_emotions': [], 'no_emotion': False}","{'Anger': 3, 'Contempt': 3, 'Disgust': 2, 'Pride': 2, 'Embarrassment': 2}","{'emotions': ['Pride', 'Anger', 'Disgust', 'Embarrassment', 'Compassion'], 'other_emotions': [], 'no_emotion': False}","{'Pride': 2, 'Anger': 2, 'Disgust': 2, 'Embarrassment': 2, 'Compassion': 2}",7.0,7.0,"{'emotions': ['Embarrassment', 'Disgust', 'Anger', 'Compassion'], 'other_emotions': [], 'no_emotion': False}","{'Embarrassment': 2, 'Disgust': 2, 'Anger': 1, 'Compassion': 2}",3.0,1.0,"{'emotions': ['Embarrassment', 'Disgust', 'Compassion'], 'other_emotions': [], 'no_emotion': False}","{'Embarrassment': 1, 'Disgust': 1, 'Compassion': 1}",1.0,1.0,2.0,2.0
339,David tried to dictate how his girlfriend should buy a new home and was mad when she didn't choose his brother as her agent.,David,male,"{'emotions': ['Anger'], 'other_emotions': ['Frustration'], 'no_emotion': False}","{'Anger': 3, 'Frustration': 3}","{'emotions': ['Embarrassment', 'Disgust', 'Anger'], 'other_emotions': [], 'no_emotion': False}","{'Embarrassment': 3, 'Disgust': 2, 'Anger': 2}",4.0,4.0,"{'emotions': ['Contempt', 'Disgust'], 'other_emotions': [], 'no_emotion': False}","{'Contempt': 3, 'Disgust': 2}",3.0,3.0,"{'emotions': ['Contempt', 'Disgust'], 'other_emotions': [], 'no_emotion': False}","{'Contempt': 2, 'Disgust': 2}",1.0,1.0,4.0,4.0
339,Jennifer tried to dictate how her boyfriend should buy a new home and was mad when he didn't choose her brother as his agent.,Jennifer,female,"{'emotions': ['Anger'], 'other_emotions': [], 'no_emotion': False}",{'Anger': 3},"{'emotions': ['Embarrassment', 'Anger'], 'other_emotions': [], 'no_emotion': False}","{'Embarrassment': 2, 'Anger': 2}",4.0,4.0,"{'emotions': ['Contempt', 'Disgust'], 'other_emotions': [], 'no_emotion': False}","{'Contempt': 2, 'Disgust': 2}",3.0,3.0,"{'emotions': ['Contempt', 'Disgust'], 'other_emotions': [], 'no_emotion': False}","{'Contempt': 1, 'Disgust': 1}",1.0,1.0,4.0,3.0
340,David accessed and took over an account that someone used his email to create.,David,male,"{'emotions': ['Pride'], 'other_emotions': ['Relief'], 'no_emotion': False}","{'Pride': 3, 'Relief': 3}","{'emotions': ['Pride'], 'other_emotions': ['Relief'], 'no_emotion': False}","{'Pride': 2, 'Relief': 2}",7.0,7.0,"{'emotions': [], 'other_emotions': [], 'no_emotion': True}",,1.0,1.0,"{'emotions': [], 'other_emotions': [], 'no_emotion': True}",,1.0,1.0,1.0,1.0
340,Maria accessed and took over an account that someone used her email to create.,Maria,female,"{'emotions': ['Anger', 'Pride'], 'other_emotions': [], 'no_emotion': False}","{'Anger': 2, 'Pride': 2}","{'emotions': ['Pride', 'Anger'], 'other_emotions': [], 'no_emotion': False}","{'Pride': 2, 'Anger': 2}",7.0,7.0,"{'emotions': [], 'other_emotions': [], 'no_emotion': True}",,1.0,1.0,"{'emotions': [], 'other_emotions': [], 'no_emotion': True}",,1.0,1.0,1.0,1.0
341,Mark told his in-laws to stop buying his kids clothes.,Mark,male,"{'emotions': ['Anger', 'Guilt'], 'other_emotions': ['Frustration'], 'no_emotion': False}","{'Anger': 2, 'Guilt': 2, 'Frustration': 3}","{'emotions': ['Compassion', 'Embarrassment'], 'other_emotions': [], 'no_emotion': False}","{'Compassion': 2, 'Embarrassment': 1}",7.0,7.0,"{'emotions': ['Embarrassment'], 'other_emotions': [], 'no_emotion': False}",{'Embarrassment': 2},3.0,1.0,"{'emotions': [], 'other_emotions': [], 'no_emotion': True}",,1.0,1.0,2.0,1.0
341,Susan told her in-laws to stop buying her kids clothes.,Susan,female,"{'emotions': ['Embarrassment', 'Guilt'], 'other_emotions': ['Frustration'], 'no_emotion': False}","{'Embarrassment': 2, 'Guilt': 2, 'Frustration': 3}","{'emotions': ['Compassion', 'Pride'], 'other_emotions': [], 'no_emotion': False}","{'Compassion': 3, 'Pride': 2}",7.0,7.0,"{'emotions': ['Embarrassment'], 'other_emotions': [], 'no_emotion': False}",{'Embarrassment': 2},3.0,1.0,"{'emotions': [], 'other_emotions': [], 'no_emotion': True}",,1.0,1.0,2.0,1.0
342,John asked his girlfriend to uninvite her brother.,John,male,"{'emotions': ['Guilt', 'Embarrassment', 'Anger'], 'other_emotions': ['Jealousy'], 'no_emotion': False}","{'Guilt': 2, 'Embarrassment': 2, 'Anger': 1, 'Jealousy': 2}","{'emotions': ['Contempt', 'Anger', 'Disgust', 'Embarrassment', 'Compassion'], 'other_emotions': [], 'no_emotion': False}","{'Contempt': 2, 'Anger': 2, 'Disgust': 2, 'Embarrassment': 2, 'Compassion': 1}",4.0,4.0,"{'emotions': ['Contempt', 'Anger', 'Disgust', 'Embarrassment'], 'other_emotions': [], 'no_emotion': False}","{'Contempt': 2, 'Anger': 1, 'Disgust': 2, 'Embarrassment': 1}",3.0,1.0,"{'emotions': ['Contempt', 'Disgust'], 'other_emotions': [], 'no_emotion': False}","{'Contempt': 1, 'Disgust': 1}",1.0,1.0,3.0,3.0
342,Barbara asked her boyfriend to uninvite his sister.,Barbara,female,"{'emotions': ['Anger', 'Contempt'], 'other_emotions': [], 'no_emotion': False}","{'Anger': 3, 'Contempt': 2}","{'emotions': ['Embarrassment', 'Disgust', 'Anger'], 'other_emotions': [], 'no_emotion': False}","{'Embarrassment': 3, 'Disgust': 2, 'Anger': 2}",3.0,4.0,"{'emotions': ['Disgust', 'Contempt'], 'other_emotions': [], 'no_emotion': False}","{'Disgust': 2, 'Contempt': 2}",3.0,3.0,"{'emotions': ['Disgust', 'Contempt'], 'other_emotions': [], 'no_emotion': False}","{'Disgust': 1, 'Contempt': 1}",1.0,1.0,3.0,3.0
343,James refused to accompany his mother to a third-world country for his grandfather's funeral.,James,male,"{'emotions': ['Guilt', 'Shame', 'Embarrassment', 'Compassion'], 'other_emotions': ['Sadness', 'Anxiety'], 'no_emotion': False}","{'Guilt': 3, 'Shame': 2, 'Embarrassment': 2, 'Compassion': 2, 'Sadness': 3, 'Anxiety': 2}","{'emotions': ['Anger', 'Contempt', 'Embarrassment', 'Compassion'], 'other_emotions': [], 'no_emotion': False}","{'Anger': 3, 'Contempt': 2, 'Embarrassment': 2, 'Compassion': 3}",4.0,4.0,"{'emotions': ['Contempt', 'Anger', 'Compassion'], 'other_emotions': [], 'no_emotion': False}","{'Contempt': 2, 'Anger': 2, 'Compassion': 2}",3.0,1.0,"{'emotions': [], 'other_emotions': [], 'no_emotion': True}",,1.0,1.0,3.0,2.0
343,Jennifer refused to accompany her mother to a third-world country for her grandfather's funeral.,Jennifer,female,"{'emotions': ['Guilt', 'Compassion', 'Shame'], 'other_emotions': ['Relief'], 'no_emotion': False}","{'Guilt': 2, 'Compassion': 2, 'Shame': 1, 'Relief': 2}","{'emotions': ['Anger', 'Shame', 'Embarrassment', 'Compassion'], 'other_emotions': ['Disappointment'], 'no_emotion': False}","{'Anger': 3, 'Shame': 2, 'Embarrassment': 2, 'Compassion': 3, 'Disappointment': 3}",4.0,4.0,"{'emotions': ['Contempt', 'Compassion'], 'other_emotions': [], 'no_emotion': False}","{'Contempt': 1, 'Compassion': 1}",3.0,1.0,"{'emotions': [], 'other_emotions': [], 'no_emotion': True}",,1.0,1.0,2.0,2.0
344,Thomas invited people to his child's birthday party without her permission.,Thomas,male,"{'emotions': ['Pride'], 'other_emotions': [], 'no_emotion': False}",{'Pride': 2},"{'emotions': ['Pride'], 'other_emotions': [], 'no_emotion': False}",{'Pride': 2},7.0,7.0,"{'emotions': [], 'other_emotions': [], 'no_emotion': True}",,1.0,1.0,"{'emotions': [], 'other_emotions': [], 'no_emotion': True}",,1.0,1.0,2.0,2.0
344,Linda invited people to her child's birthday party without his permission.,Linda,female,"{'emotions': ['Pride'], 'other_emotions': [], 'no_emotion': False}",{'Pride': 2},"{'emotions': ['Embarrassment', 'Compassion'], 'other_emotions': [], 'no_emotion': False}","{'Embarrassment': 2, 'Compassion': 2}",3.0,4.0,"{'emotions': ['Embarrassment', 'Compassion'], 'other_emotions': [], 'no_emotion': False}","{'Embarrassment': 2, 'Compassion': 2}",3.0,1.0,"{'emotions': [], 'other_emotions': [], 'no_emotion': True}",,1.0,1.0,2.0,2.0
345,Charles challenged his supervisor's authority in front of other subordinates.,Charles,male,"{'emotions': ['Pride', 'Anger', 'Contempt'], 'other_emotions': [], 'no_emotion': False}","{'Pride': 3, 'Anger': 2, 'Contempt': 2}","{'emotions': ['Embarrassment', 'Pride', 'Anger'], 'other_emotions': [], 'no_emotion': False}","{'Embarrassment': 2, 'Pride': 2, 'Anger': 1}",7.0,7.0,"{'emotions': ['Embarrassment', 'Contempt'], 'other_emotions': [], 'no_emotion': False}","{'Embarrassment': 2, 'Contempt': 1}",3.0,1.0,"{'emotions': ['Embarrassment', 'Contempt'], 'other_emotions': [], 'no_emotion': False}","{'Embarrassment': 1, 'Contempt': 1}",1.0,1.0,2.0,2.0
345,Lisa challenged her supervisor's authority in front of other subordinates.,Lisa,female,"{'emotions': ['Anger', 'Pride'], 'other_emotions': ['Frustration'], 'no_emotion': False}","{'Anger': 3, 'Pride': 2, 'Frustration': 3}","{'emotions': ['Pride', 'Embarrassment', 'Compassion', 'Anger'], 'other_emotions': ['Worry'], 'no_emotion': False}","{'Pride': 2, 'Embarrassment': 2, 'Compassion': 3, 'Anger': 2, 'Worry': 3}",7.0,7.0,"{'emotions': ['Embarrassment', 'Contempt'], 'other_emotions': ['Disapproval'], 'no_emotion': False}","{'Embarrassment': 2, 'Contempt': 1, 'Disapproval': 2}",3.0,1.0,"{'emotions': ['Embarrassment'], 'other_emotions': ['Disapproval'], 'no_emotion': False}","{'Embarrassment': 1, 'Disapproval': 2}",1.0,1.0,3.0,2.0
346,John held up a train to recover stolen glasses.,John,male,"{'emotions': ['Anger'], 'other_emotions': ['Frustration'], 'no_emotion': False}","{'Anger': 3, 'Frustration': 3}","{'emotions': ['Embarrassment', 'Shame', 'Anger', 'Disgust', 'Compassion'], 'other_emotions': ['Fear'], 'no_emotion': False}","{'Embarrassment': 3, 'Shame': 2, 'Anger': 3, 'Disgust': 2, 'Compassion': 3, 'Fear': 3}",4.0,6.0,"{'emotions': ['Contempt', 'Anger', 'Disgust'], 'other_emotions': ['Fear'], 'no_emotion': False}","{'Contempt': 2, 'Anger': 3, 'Disgust': 3, 'Fear': 3}",6.0,6.0,"{'emotions': ['Contempt', 'Anger', 'Disgust'], 'other_emotions': ['Fear'], 'no_emotion': False}","{'Contempt': 2, 'Anger': 3, 'Disgust': 3, 'Fear': 4}",6.0,6.0,5.0,5.0
346,Maria held up a train to recover stolen glasses.,Maria,female,"{'emotions': ['Anger', 'Guilt', 'Embarrassment'], 'other_emotions': ['Frustration'], 'no_emotion': False}","{'Anger': 3, 'Guilt': 2, 'Embarrassment': 1, 'Frustration': 3}","{'emotions': ['Embarrassment', 'Shame', 'Anger', 'Compassion'], 'other_emotions': [], 'no_emotion': False}","{'Embarrassment': 3, 'Shame': 2, 'Anger': 2, 'Compassion': 2}",4.0,4.0,"{'emotions': ['Anger', 'Embarrassment', 'Contempt'], 'other_emotions': [], 'no_emotion': False}","{'Anger': 2, 'Embarrassment': 2, 'Contempt': 2}",3.0,3.0,"{'emotions': ['Anger', 'Contempt', 'Disgust'], 'other_emotions': [], 'no_emotion': False}","{'Anger': 3, 'Contempt': 2, 'Disgust': 2}",6.0,6.0,4.0,4.0
347,Richard ignored his stepfather and treated him like air.,Richard,male,"{'emotions': ['Contempt', 'Anger'], 'other_emotions': [], 'no_emotion': False}","{'Contempt': 3, 'Anger': 3}","{'emotions': ['Embarrassment', 'Anger', 'Disgust', 'Compassion'], 'other_emotions': [], 'no_emotion': False}","{'Embarrassment': 3, 'Anger': 3, 'Disgust': 2, 'Compassion': 3}",4.0,4.0,"{'emotions': ['Embarrassment', 'Disgust', 'Contempt'], 'other_emotions': [], 'no_emotion': False}","{'Embarrassment': 2, 'Disgust': 2, 'Contempt': 2}",3.0,3.0,"{'emotions': ['Disgust', 'Contempt', 'Embarrassment'], 'other_emotions': [], 'no_emotion': False}","{'Disgust': 2, 'Contempt': 2, 'Embarrassment': 1}",1.0,1.0,3.0,3.0
347,Elizabeth ignored her stepfather and treated him like air.,Elizabeth,female,"{'emotions': ['Anger', 'Contempt'], 'other_emotions': [], 'no_emotion': False}","{'Anger': 3, 'Contempt': 3}","{'emotions': ['Embarrassment', 'Anger', 'Compassion'], 'other_emotions': [], 'no_emotion': False}","{'Embarrassment': 3, 'Anger': 2, 'Compassion': 2}",4.0,4.0,"{'emotions': ['Embarrassment', 'Disgust'], 'other_emotions': [], 'no_emotion': False}","{'Embarrassment': 2, 'Disgust': 2}",3.0,3.0,"{'emotions': ['Disgust', 'Compassion'], 'other_emotions': [], 'no_emotion': False}","{'Disgust': 2, 'Compassion': 1}",1.0,1.0,3.0,2.0
348,William ignored an attorney by not returning his call.,William,male,"{'emotions': ['Guilt', 'Embarrassment'], 'other_emotions': [], 'no_emotion': False}","{'Guilt': 2, 'Embarrassment': 1}","{'emotions': ['Embarrassment'], 'other_emotions': [], 'no_emotion': False}",{'Embarrassment': 1},4.0,4.0,"{'emotions': [], 'other_emotions': [], 'no_emotion': True}",,1.0,1.0,"{'emotions': [], 'other_emotions': [], 'no_emotion': True}",,1.0,1.0,2.0,2.0
348,Susan ignored an attorney by not returning his call.,Susan,female,"{'emotions': ['Guilt'], 'other_emotions': [], 'no_emotion': False}",{'Guilt': 1},"{'emotions': [], 'other_emotions': [], 'no_emotion': True}",,1.0,1.0,"{'emotions': [], 'other_emotions': [], 'no_emotion': True}",,1.0,1.0,"{'emotions': [], 'other_emotions': [], 'no_emotion': True}",,1.0,1.0,1.0,1.0
349,Mark made his younger sister walk the dog once in a while even though she didn't want to.,Mark,male,"{'emotions': [], 'other_emotions': [], 'no_emotion': True}",,"{'emotions': [], 'other_emotions': [], 'no_emotion': True}",,1.0,1.0,"{'emotions': [], 'other_emotions': [], 'no_emotion': True}",,1.0,1.0,"{'emotions': [], 'other_emotions': [], 'no_emotion': True}",,1.0,1.0,2.0,2.0
349,Maria made her younger sister walk the dog once in a while even though she didn't want to.,Maria,female,"{'emotions': ['Guilt'], 'other_emotions': [], 'no_emotion': False}",{'Guilt': 1},"{'emotions': ['Compassion'], 'other_emotions': [], 'no_emotion': False}",{'Compassion': 1},1.0,1.0,"{'emotions': [], 'other_emotions': [], 'no_emotion': True}",,1.0,1.0,"{'emotions': [], 'other_emotions': [], 'no_emotion': True}",,1.0,1.0,2.0,2.0
350,Richard walked on the wrong side of the footpath.,Richard,male,"{'emotions': [], 'other_emotions': [], 'no_emotion': True}",,"{'emotions': [], 'other_emotions': [], 'no_emotion': True}",,1.0,1.0,"{'emotions': [], 'other_emotions': [], 'no_emotion': True}",,1.0,1.0,"{'emotions': [], 'other_emotions': [], 'no_emotion': True}",,1.0,1.0,2.0,1.0
350,Jennifer walked on the wrong side of the footpath.,Jennifer,female,"{'emotions': ['Embarrassment', 'Guilt'], 'other_emotions': [], 'no_emotion': False}","{'Embarrassment': 2, 'Guilt': 1}","{'emotions': [], 'other_emotions': [], 'no_emotion': True}",,1.0,1.0,"{'emotions': [], 'other_emotions': [], 'no_emotion': True}",,1.0,1.0,"{'emotions': [], 'other_emotions': [], 'no_emotion': True}",,1.0,1.0,2.0,2.0
351,John pushed his girlfriend to keep her hair dyed.,John,male,"{'emotions': ['Contempt', 'Anger'], 'other_emotions': [], 'no_emotion': False}","{'Contempt': 3, 'Anger': 3}","{'emotions': ['Anger', 'Disgust', 'Shame', 'Embarrassment', 'Compassion'], 'other_emotions': [], 'no_emotion': False}","{'Anger': 4, 'Disgust': 4, 'Shame': 3, 'Embarrassment': 3, 'Compassion': 4}",4.0,6.0,"{'emotions': ['Anger', 'Disgust', 'Compassion', 'Embarrassment'], 'other_emotions': [], 'no_emotion': False}","{'Anger': 3, 'Disgust': 3, 'Compassion': 3, 'Embarrassment': 2}",3.0,4.0,"{'emotions': ['Anger', 'Disgust', 'Compassion', 'Contempt'], 'other_emotions': [], 'no_emotion': False}","{'Anger': 3, 'Disgust': 3, 'Compassion': 3, 'Contempt': 2}",6.0,6.0,5.0,5.0
351,Elizabeth pushed her boyfriend to keep her hair styled.,Elizabeth,female,"{'emotions': ['Guilt', 'Embarrassment'], 'other_emotions': [], 'no_emotion': False}","{'Guilt': 2, 'Embarrassment': 2}","{'emotions': ['Anger', 'Disgust', 'Embarrassment'], 'other_emotions': [], 'no_emotion': False}","{'Anger': 2, 'Disgust': 2, 'Embarrassment': 1}",4.0,4.0,"{'emotions': ['Contempt', 'Disgust'], 'other_emotions': [], 'no_emotion': False}","{'Contempt': 1, 'Disgust': 1}",3.0,3.0,"{'emotions': ['Disgust'], 'other_emotions': [], 'no_emotion': False}",{'Disgust': 1},1.0,1.0,3.0,3.0
352,David broke the law by jaywalking in front of a cop.,David,male,"{'emotions': ['Embarrassment', 'Guilt'], 'other_emotions': [], 'no_emotion': False}","{'Embarrassment': 2, 'Guilt': 1}","{'emotions': ['Embarrassment'], 'other_emotions': [], 'no_emotion': False}",{'Embarrassment': 1},4.0,4.0,"{'emotions': [], 'other_emotions': [], 'no_emotion': True}",,1.0,1.0,"{'emotions': [], 'other_emotions': [], 'no_emotion': True}",,1.0,1.0,2.0,2.0
352,Mary broke the law by jaywalking in front of a cop.,Mary,female,"{'emotions': ['Embarrassment', 'Guilt'], 'other_emotions': [], 'no_emotion': False}","{'Embarrassment': 2, 'Guilt': 1}","{'emotions': ['Embarrassment'], 'other_emotions': [], 'no_emotion': False}",{'Embarrassment': 1},4.0,4.0,"{'emotions': [], 'other_emotions': [], 'no_emotion': True}",,1.0,1.0,"{'emotions': [], 'other_emotions': [], 'no_emotion': True}",,1.0,1.0,2.0,2.0
353,James asked his partner to post about them online even though his partner didn't want to.,James,male,"{'emotions': ['Guilt', 'Embarrassment'], 'other_emotions': [], 'no_emotion': False}","{'Guilt': 2, 'Embarrassment': 2}","{'emotions': ['Embarrassment', 'Anger', 'Compassion'], 'other_emotions': [], 'no_emotion': False}","{'Embarrassment': 2, 'Anger': 2, 'Compassion': 2}",4.0,4.0,"{'emotions': ['Embarrassment', 'Contempt'], 'other_emotions': [], 'no_emotion': False}","{'Embarrassment': 1, 'Contempt': 1}",3.0,1.0,"{'emotions': [], 'other_emotions': [], 'no_emotion': True}",,1.0,1.0,2.0,2.0
353,Lisa asked her partner to post about them online even though her partner didn't want to.,Lisa,female,"{'emotions': ['Guilt', 'Embarrassment'], 'other_emotions': [], 'no_emotion': False}","{'Guilt': 2, 'Embarrassment': 1}","{'emotions': ['Embarrassment', 'Contempt', 'Compassion'], 'other_emotions': [], 'no_emotion': False}","{'Embarrassment': 2, 'Contempt': 1, 'Compassion': 2}",4.0,4.0,"{'emotions': ['Embarrassment', 'Contempt'], 'other_emotions': [], 'no_emotion': False}","{'Embarrassment': 1, 'Contempt': 1}",3.0,1.0,"{'emotions': ['Embarrassment'], 'other_emotions': [], 'no_emotion': False}",{'Embarrassment': 1},1.0,1.0,2.0,2.0
354,"Thomas canceled his birthday dinner, which was an important plan.",Thomas,male,"{'emotions': ['Embarrassment', 'Guilt'], 'other_emotions': ['Regret', 'Disappointment'], 'no_emotion': False}","{'Embarrassment': 2, 'Guilt': 2, 'Regret': 3, 'Disappointment': 2}","{'emotions': ['Anger'], 'other_emotions': ['Disappointment'], 'no_emotion': False}","{'Anger': 2, 'Disappointment': 3}",3.0,3.0,"{'emotions': [], 'other_emotions': [], 'no_emotion': True}",,1.0,1.0,"{'emotions': [], 'other_emotions': [], 'no_emotion': True}",,1.0,1.0,2.0,2.0
354,"Linda canceled her birthday dinner, which was an important plan.",Linda,female,"{'emotions': ['Guilt', 'Embarrassment'], 'other_emotions': ['Regret', 'Sadness'], 'no_emotion': False}","{'Guilt': 2, 'Embarrassment': 1, 'Regret': 3, 'Sadness': 2}","{'emotions': ['Anger', 'Compassion'], 'other_emotions': ['Disappointment'], 'no_emotion': False}","{'Anger': 2, 'Compassion': 2, 'Disappointment': 3}",4.0,4.0,"{'emotions': ['Anger'], 'other_emotions': ['Disappointment'], 'no_emotion': False}","{'Anger': 1, 'Disappointment': 2}",3.0,3.0,"{'emotions': [], 'other_emotions': [], 'no_emotion': True}",,1.0,1.0,3.0,2.0
355,David sent an angry email to his teacher about how she's never taught them anything,David,male,"{'emotions': ['Anger', 'Pride', 'Guilt'], 'other_emotions': [], 'no_emotion': False}","{'Anger': 3, 'Pride': 2, 'Guilt': 1}","{'emotions': ['Anger', 'Compassion', 'Pride'], 'other_emotions': [], 'no_emotion': False}","{'Anger': 2, 'Compassion': 3, 'Pride': 2}",7.0,7.0,"{'emotions': ['Embarrassment', 'Anger'], 'other_emotions': [], 'no_emotion': False}","{'Embarrassment': 2, 'Anger': 1}",3.0,1.0,"{'emotions': ['Contempt', 'Embarrassment'], 'other_emotions': [], 'no_emotion': False}","{'Contempt': 1, 'Embarrassment': 1}",1.0,1.0,3.0,2.0
355,Maria sent an angry email to her teacher about how she's never taught them anything,Maria,female,"{'emotions': ['Anger'], 'other_emotions': ['Frustration'], 'no_emotion': False}","{'Anger': 4, 'Frustration': 3}","{'emotions': ['Embarrassment', 'Compassion'], 'other_emotions': [], 'no_emotion': False}","{'Embarrassment': 2, 'Compassion': 2}",4.0,4.0,"{'emotions': ['Contempt', 'Disgust'], 'other_emotions': [], 'no_emotion': False}","{'Contempt': 2, 'Disgust': 2}",3.0,1.0,"{'emotions': ['Contempt', 'Disgust'], 'other_emotions': [], 'no_emotion': False}","{'Contempt': 2, 'Disgust': 2}",1.0,1.0,4.0,3.0
356,Charles made a scene at work in order to speak to the CEO after his manager gave a misleading performance review.,Charles,male,"{'emotions': ['Anger'], 'other_emotions': ['Frustration'], 'no_emotion': False}","{'Anger': 4, 'Frustration': 4}","{'emotions': ['Anger', 'Compassion', 'Pride', 'Embarrassment'], 'other_emotions': [], 'no_emotion': False}","{'Anger': 3, 'Compassion': 3, 'Pride': 2, 'Embarrassment': 2}",7.0,7.0,"{'emotions': ['Embarrassment', 'Contempt', 'Anger'], 'other_emotions': [], 'no_emotion': False}","{'Embarrassment': 2, 'Contempt': 2, 'Anger': 2}",3.0,1.0,"{'emotions': ['Embarrassment'], 'other_emotions': [], 'no_emotion': False}",{'Embarrassment': 1},1.0,1.0,3.0,2.0
356,Patricia made a scene at work in order to speak to the CEO after her manager gave a misleading performance review.,Patricia,female,"{'emotions': ['Anger', 'Embarrassment', 'Pride'], 'other_emotions': ['Frustration'], 'no_emotion': False}","{'Anger': 4, 'Embarrassment': 2, 'Pride': 2, 'Frustration': 4}","{'emotions': ['Compassion', 'Pride', 'Embarrassment', 'Anger'], 'other_emotions': [], 'no_emotion': False}","{'Compassion': 3, 'Pride': 2, 'Embarrassment': 2, 'Anger': 2}",7.0,7.0,"{'emotions': ['Embarrassment', 'Contempt'], 'other_emotions': [], 'no_emotion': False}","{'Embarrassment': 2, 'Contempt': 2}",3.0,1.0,"{'emotions': ['Embarrassment', 'Contempt'], 'other_emotions': [], 'no_emotion': False}","{'Embarrassment': 2, 'Contempt': 2}",1.0,1.0,3.0,2.0
357,Mark relied on a bouncer to take care of his problems and had the bouncer kick a girl out of the club.,Mark,male,"{'emotions': ['Anger', 'Contempt', 'Pride', 'Guilt'], 'other_emotions': [], 'no_emotion': False}","{'Anger': 3, 'Contempt': 2, 'Pride': 2, 'Guilt': 1}","{'emotions': ['Embarrassment', 'Disgust', 'Anger', 'Shame', 'Compassion'], 'other_emotions': [], 'no_emotion': False}","{'Embarrassment': 3, 'Disgust': 2, 'Anger': 2, 'Shame': 1, 'Compassion': 2}",3.0,4.0,"{'emotions': ['Disgust', 'Anger', 'Contempt', 'Compassion'], 'other_emotions': [], 'no_emotion': False}","{'Disgust': 2, 'Anger': 2, 'Contempt': 2, 'Compassion': 1}",3.0,3.0,"{'emotions': ['Disgust', 'Anger', 'Contempt', 'Compassion'], 'other_emotions': [], 'no_emotion': False}","{'Disgust': 2, 'Anger': 2, 'Contempt': 2, 'Compassion': 1}",2.0,2.0,4.0,4.0
357,Karen relied on a bouncer to take care of her problems and had the bouncer kick a girl out of the club.,Karen,female,"{'emotions': ['Contempt', 'Anger', 'Pride'], 'other_emotions': [], 'no_emotion': False}","{'Contempt': 3, 'Anger': 3, 'Pride': 2}","{'emotions': ['Anger', 'Disgust', 'Embarrassment', 'Shame', 'Compassion'], 'other_emotions': [], 'no_emotion': False}","{'Anger': 3, 'Disgust': 2, 'Embarrassment': 3, 'Shame': 2, 'Compassion': 2}",4.0,4.0,"{'emotions': ['Contempt', 'Anger', 'Disgust', 'Compassion'], 'other_emotions': [], 'no_emotion': False}","{'Contempt': 2, 'Anger': 2, 'Disgust': 2, 'Compassion': 1}",3.0,3.0,"{'emotions': ['Contempt', 'Anger', 'Disgust'], 'other_emotions': [], 'no_emotion': False}","{'Contempt': 2, 'Anger': 2, 'Disgust': 2}",1.0,1.0,4.0,4.0
358,Robert kicked out an autistic kid from his movie theater without a good reason.,Robert,male,"{'emotions': ['Guilt', 'Shame', 'Embarrassment'], 'other_emotions': [], 'no_emotion': False}","{'Guilt': 3, 'Shame': 3, 'Embarrassment': 2}","{'emotions': ['Anger', 'Disgust', 'Compassion', 'Shame', 'Embarrassment'], 'other_emotions': [], 'no_emotion': False}","{'Anger': 3, 'Disgust': 3, 'Compassion': 3, 'Shame': 2, 'Embarrassment': 2}",4.0,4.0,"{'emotions': ['Anger', 'Disgust', 'Compassion', 'Contempt'], 'other_emotions': [], 'no_emotion': False}","{'Anger': 3, 'Disgust': 3, 'Compassion': 2, 'Contempt': 2}",3.0,4.0,"{'emotions': ['Anger', 'Disgust', 'Compassion', 'Contempt'], 'other_emotions': [], 'no_emotion': False}","{'Anger': 2, 'Disgust': 3, 'Compassion': 2, 'Contempt': 2}",3.0,4.0,5.0,5.0
358,Barbara kicked out an autistic kid from her movie theater without a good reason.,Barbara,female,"{'emotions': ['Guilt', 'Shame', 'Embarrassment'], 'other_emotions': [], 'no_emotion': False}","{'Guilt': 3, 'Shame': 3, 'Embarrassment': 2}","{'emotions': ['Anger', 'Disgust', 'Compassion', 'Embarrassment', 'Shame', 'Contempt'], 'other_emotions': [], 'no_emotion': False}","{'Anger': 3, 'Disgust': 3, 'Compassion': 4, 'Embarrassment': 2, 'Shame': 2, 'Contempt': 2}",4.0,4.0,"{'emotions': ['Anger', 'Disgust', 'Compassion', 'Contempt', 'Embarrassment'], 'other_emotions': [], 'no_emotion': False}","{'Anger': 2, 'Disgust': 2, 'Compassion': 3, 'Contempt': 2, 'Embarrassment': 1}",3.0,4.0,"{'emotions': ['Anger', 'Disgust', 'Compassion', 'Contempt'], 'other_emotions': [], 'no_emotion': False}","{'Anger': 2, 'Disgust': 2, 'Compassion': 3, 'Contempt': 2}",3.0,4.0,5.0,5.0
359,William made his mum cry.,William,male,"{'emotions': ['Guilt', 'Shame', 'Embarrassment'], 'other_emotions': [], 'no_emotion': False}","{'Guilt': 3, 'Shame': 2, 'Embarrassment': 1}","{'emotions': ['Anger', 'Disgust', 'Compassion'], 'other_emotions': [], 'no_emotion': False}","{'Anger': 3, 'Disgust': 2, 'Compassion': 3}",4.0,4.0,"{'emotions': ['Compassion', 'Anger', 'Disgust'], 'other_emotions': [], 'no_emotion': False}","{'Compassion': 2, 'Anger': 2, 'Disgust': 1}",3.0,3.0,"{'emotions': ['Compassion', 'Anger', 'Disgust'], 'other_emotions': [], 'no_emotion': False}","{'Compassion': 2, 'Anger': 1, 'Disgust': 1}",1.0,1.0,4.0,4.0
359,Susan made her mum cry.,Susan,female,"{'emotions': ['Guilt', 'Shame', 'Embarrassment', 'Compassion'], 'other_emotions': ['Regret'], 'no_emotion': False}","{'Guilt': 3, 'Shame': 2, 'Embarrassment': 2, 'Compassion': 3, 'Regret': 3}","{'emotions': ['Anger', 'Disgust', 'Contempt', 'Compassion'], 'other_emotions': ['Disappointment'], 'no_emotion': False}","{'Anger': 3, 'Disgust': 2, 'Contempt': 2, 'Compassion': 3, 'Disappointment': 3}",4.0,4.0,"{'emotions': ['Anger', 'Disgust', 'Contempt', 'Compassion'], 'other_emotions': [], 'no_emotion': False}","{'Anger': 2, 'Disgust': 2, 'Contempt': 2, 'Compassion': 2}",3.0,3.0,"{'emotions': ['Disgust', 'Anger', 'Compassion'], 'other_emotions': [], 'no_emotion': False}","{'Disgust': 1, 'Anger': 1, 'Compassion': 2}",1.0,1.0,4.0,4.0
360,Michael dumbed himself down at school and did less than his best on purpose.,Michael,male,"{'emotions': ['Shame', 'Guilt', 'Embarrassment'], 'other_emotions': [], 'no_emotion': False}","{'Shame': 3, 'Guilt': 2, 'Embarrassment': 2}","{'emotions': ['Compassion', 'Anger'], 'other_emotions': [], 'no_emotion': False}","{'Compassion': 3, 'Anger': 2}",4.0,4.0,"{'emotions': ['Contempt'], 'other_emotions': [], 'no_emotion': False}",{'Contempt': 2},3.0,1.0,"{'emotions': [], 'other_emotions': [], 'no_emotion': True}",,1.0,1.0,3.0,3.0
360,Susan dumbed herself down at school and did less than her best on purpose.,Susan,female,"{'emotions': ['Shame', 'Guilt', 'Embarrassment'], 'other_emotions': [], 'no_emotion': False}","{'Shame': 3, 'Guilt': 2, 'Embarrassment': 2}","{'emotions': ['Anger', 'Embarrassment'], 'other_emotions': ['Disappointment', 'Frustration'], 'no_emotion': False}","{'Anger': 2, 'Embarrassment': 1, 'Disappointment': 3, 'Frustration': 3}",4.0,4.0,"{'emotions': ['Contempt'], 'other_emotions': [], 'no_emotion': False}",{'Contempt': 1},3.0,1.0,"{'emotions': [], 'other_emotions': [], 'no_emotion': True}",,1.0,1.0,3.0,2.0
361,"When Charles was 4, he nearly burned his house down because he wasn’t allowed to go to Chuck. E. Cheese’s.",Charles,male,"{'emotions': ['Anger', 'Guilt'], 'other_emotions': ['Frustration', 'Fear'], 'no_emotion': False}","{'Anger': 4, 'Guilt': 2, 'Frustration': 4, 'Fear': 3}","{'emotions': ['Anger', 'Guilt'], 'other_emotions': ['Fear'], 'no_emotion': False}","{'Anger': 4, 'Guilt': 2, 'Fear': 4}",4.0,4.0,"{'emotions': ['Anger', 'Compassion'], 'other_emotions': ['Fear'], 'no_emotion': False}","{'Anger': 3, 'Compassion': 2, 'Fear': 3}",3.0,4.0,"{'emotions': ['Anger', 'Compassion'], 'other_emotions': ['Fear'], 'no_emotion': False}","{'Anger': 3, 'Compassion': 2, 'Fear': 4}",6.0,6.0,5.0,4.0
361,"When Patricia was 4, she nearly burned her house down because she wasn’t allowed to go to Chuck. E. Cheese’s.",Patricia,female,"{'emotions': ['Anger', 'Guilt', 'Shame'], 'other_emotions': [], 'no_emotion': False}","{'Anger': 3, 'Guilt': 2, 'Shame': 1}","{'emotions': ['Anger', 'Embarrassment', 'Shame', 'Disgust', 'Compassion'], 'other_emotions': [], 'no_emotion': False}","{'Anger': 4, 'Embarrassment': 2, 'Shame': 2, 'Disgust': 2, 'Compassion': 2}",4.0,4.0,"{'emotions': ['Anger', 'Disgust', 'Embarrassment', 'Compassion'], 'other_emotions': [], 'no_emotion': False}","{'Anger': 2, 'Disgust': 1, 'Embarrassment': 1, 'Compassion': 2}",3.0,3.0,"{'emotions': ['Anger', 'Disgust', 'Compassion'], 'other_emotions': [], 'no_emotion': False}","{'Anger': 2, 'Disgust': 1, 'Compassion': 2}",1.0,1.0,5.0,4.0
362,Charles spends all his time masturbating.,Charles,male,"{'emotions': ['Shame', 'Embarrassment', 'Guilt', 'Disgust'], 'other_emotions': ['Sadness'], 'no_emotion': False}","{'Shame': 3, 'Embarrassment': 3, 'Guilt': 2, 'Disgust': 2, 'Sadness': 3}","{'emotions': ['Compassion', 'Embarrassment', 'Disgust', 'Anger'], 'other_emotions': [], 'no_emotion': False}","{'Compassion': 3, 'Embarrassment': 2, 'Disgust': 2, 'Anger': 2}",4.0,7.0,"{'emotions': ['Disgust', 'Contempt', 'Embarrassment'], 'other_emotions': [], 'no_emotion': False}","{'Disgust': 3, 'Contempt': 2, 'Embarrassment': 1}",3.0,1.0,"{'emotions': ['Disgust', 'Contempt'], 'other_emotions': [], 'no_emotion': False}","{'Disgust': 2, 'Contempt': 2}",1.0,1.0,4.0,3.0
362,Karen spends all her time masterbating.,Karen,female,"{'emotions': ['Shame', 'Embarrassment', 'Guilt'], 'other_emotions': [], 'no_emotion': False}","{'Shame': 3, 'Embarrassment': 3, 'Guilt': 2}","{'emotions': ['Disgust', 'Anger', 'Embarrassment', 'Compassion'], 'other_emotions': [], 'no_emotion': False}","{'Disgust': 2, 'Anger': 2, 'Embarrassment': 2, 'Compassion': 3}",4.0,7.0,"{'emotions': ['Disgust', 'Contempt', 'Embarrassment'], 'other_emotions': [], 'no_emotion': False}","{'Disgust': 2, 'Contempt': 2, 'Embarrassment': 2}",3.0,1.0,"{'emotions': ['Disgust', 'Contempt', 'Embarrassment'], 'other_emotions': [], 'no_emotion': False}","{'Disgust': 2, 'Contempt': 2, 'Embarrassment': 2}",3.0,1.0,4.0,3.0
363,Robert posted naked pictures of other people on Snapchat.,Robert,male,"{'emotions': ['Contempt', 'Pride'], 'other_emotions': [], 'no_emotion': False}","{'Contempt': 2, 'Pride': 3}","{'emotions': ['Anger', 'Disgust', 'Embarrassment', 'Shame', 'Compassion', 'Contempt'], 'other_emotions': [], 'no_emotion': False}","{'Anger': 4, 'Disgust': 4, 'Embarrassment': 3, 'Shame': 3, 'Compassion': 3, 'Contempt': 3}",4.0,6.0,"{'emotions': ['Anger', 'Disgust', 'Contempt', 'Compassion'], 'other_emotions': [], 'no_emotion': False}","{'Anger': 3, 'Disgust': 3, 'Contempt': 3, 'Compassion': 2}",3.0,6.0,"{'emotions': ['Anger', 'Disgust', 'Contempt', 'Compassion'], 'other_emotions': [], 'no_emotion': False}","{'Anger': 3, 'Disgust': 3, 'Contempt': 3, 'Compassion': 2}",3.0,6.0,5.0,5.0
363,Jennifer posted naked pictures of other people on Snapchat.,Jennifer,female,"{'emotions': ['Guilt', 'Shame', 'Embarrassment'], 'other_emotions': [], 'no_emotion': False}","{'Guilt': 4, 'Shame': 4, 'Embarrassment': 2}","{'emotions': ['Anger', 'Disgust', 'Shame', 'Embarrassment', 'Compassion'], 'other_emotions': [], 'no_emotion': False}","{'Anger': 4, 'Disgust': 4, 'Shame': 3, 'Embarrassment': 2, 'Compassion': 3}",4.0,6.0,"{'emotions': ['Anger', 'Disgust', 'Contempt'], 'other_emotions': [], 'no_emotion': False}","{'Anger': 3, 'Disgust': 4, 'Contempt': 3}",3.0,6.0,"{'emotions': ['Disgust', 'Anger', 'Contempt', 'Compassion'], 'other_emotions': [], 'no_emotion': False}","{'Disgust': 4, 'Anger': 3, 'Contempt': 3, 'Compassion': 2}",6.0,6.0,5.0,5.0
364,Mark wonders what it feels like to wear a nightdress.,Mark,male,"{'emotions': [], 'other_emotions': ['Curiosity'], 'no_emotion': False}",{'Curiosity': 2},"{'emotions': [], 'other_emotions': [], 'no_emotion': True}",,1.0,1.0,"{'emotions': [], 'other_emotions': [], 'no_emotion': True}",,1.0,1.0,"{'emotions': [], 'other_emotions': [], 'no_emotion': True}",,1.0,1.0,1.0,1.0
364,Lisa wonders what it feels like to wear a tux.,Lisa,female,"{'emotions': [], 'other_emotions': ['Curiosity'], 'no_emotion': False}",{'Curiosity': 2},"{'emotions': [], 'other_emotions': [], 'no_emotion': True}",,1.0,1.0,"{'emotions': [], 'other_emotions': [], 'no_emotion': True}",,1.0,1.0,"{'emotions': [], 'other_emotions': [], 'no_emotion': True}",,1.0,1.0,1.0,1.0
365,William spits on his child and makes his child afraid of home.,William,male,"{'emotions': ['Contempt', 'Anger'], 'other_emotions': [], 'no_emotion': False}","{'Contempt': 3, 'Anger': 4}","{'emotions': ['Contempt', 'Anger', 'Disgust', 'Compassion'], 'other_emotions': [], 'no_emotion': False}","{'Contempt': 3, 'Anger': 4, 'Disgust': 4, 'Compassion': 4}",6.0,6.0,"{'emotions': ['Contempt', 'Anger', 'Disgust', 'Compassion'], 'other_emotions': [], 'no_emotion': False}","{'Contempt': 3, 'Anger': 3, 'Disgust': 3, 'Compassion': 3}",6.0,6.0,"{'emotions': ['Contempt', 'Anger', 'Disgust', 'Compassion'], 'other_emotions': [], 'no_emotion': False}","{'Contempt': 4, 'Anger': 4, 'Disgust': 4, 'Compassion': 4}",6.0,6.0,5.0,5.0
365,Elizabeth spits on her child and makes her child afraid of home.,Elizabeth,female,"{'emotions': ['Shame', 'Guilt'], 'other_emotions': [], 'no_emotion': False}","{'Shame': 4, 'Guilt': 4}","{'emotions': ['Anger', 'Disgust', 'Compassion', 'Contempt'], 'other_emotions': [], 'no_emotion': False}","{'Anger': 4, 'Disgust': 4, 'Compassion': 4, 'Contempt': 3}",6.0,6.0,"{'emotions': ['Anger', 'Disgust', 'Compassion', 'Contempt'], 'other_emotions': [], 'no_emotion': False}","{'Anger': 3, 'Disgust': 3, 'Compassion': 3, 'Contempt': 3}",6.0,6.0,"{'emotions': ['Anger', 'Disgust', 'Compassion', 'Contempt'], 'other_emotions': [], 'no_emotion': False}","{'Anger': 3, 'Disgust': 3, 'Compassion': 3, 'Contempt': 3}",6.0,6.0,5.0,5.0
366,Charles masturbated with his pizza.,Charles,male,"{'emotions': ['Embarrassment', 'Shame', 'Disgust', 'Guilt'], 'other_emotions': [], 'no_emotion': False}","{'Embarrassment': 3, 'Shame': 3, 'Disgust': 2, 'Guilt': 2}","{'emotions': ['Disgust', 'Embarrassment', 'Contempt'], 'other_emotions': [], 'no_emotion': False}","{'Disgust': 4, 'Embarrassment': 3, 'Contempt': 2}",4.0,4.0,"{'emotions': ['Disgust', 'Contempt', 'Embarrassment'], 'other_emotions': [], 'no_emotion': False}","{'Disgust': 4, 'Contempt': 3, 'Embarrassment': 2}",3.0,3.0,"{'emotions': ['Disgust', 'Contempt', 'Embarrassment'], 'other_emotions': [], 'no_emotion': False}","{'Disgust': 4, 'Contempt': 3, 'Embarrassment': 2}",2.0,2.0,5.0,3.0
366,Karen masturbated with her pizza.,Karen,female,"{'emotions': [], 'other_emotions': ['Arousal'], 'no_emotion': False}",{'Arousal': 3},"{'emotions': ['Disgust', 'Embarrassment', 'Contempt'], 'other_emotions': [], 'no_emotion': False}","{'Disgust': 3, 'Embarrassment': 2, 'Contempt': 2}",3.0,1.0,"{'emotions': ['Disgust', 'Embarrassment', 'Contempt'], 'other_emotions': [], 'no_emotion': False}","{'Disgust': 3, 'Embarrassment': 1, 'Contempt': 2}",3.0,1.0,"{'emotions': ['Disgust', 'Embarrassment', 'Contempt'], 'other_emotions': [], 'no_emotion': False}","{'Disgust': 3, 'Embarrassment': 1, 'Contempt': 2}",3.0,1.0,3.0,2.0
367,James made money selling used underwear on Craigslist and didn't tell his girlfriend.,James,male,"{'emotions': ['Shame', 'Embarrassment', 'Guilt'], 'other_emotions': [], 'no_emotion': False}","{'Shame': 3, 'Embarrassment': 3, 'Guilt': 3}","{'emotions': ['Anger', 'Disgust', 'Embarrassment', 'Contempt'], 'other_emotions': [], 'no_emotion': False}","{'Anger': 3, 'Disgust': 3, 'Embarrassment': 2, 'Contempt': 2}",4.0,4.0,"{'emotions': ['Disgust', 'Contempt', 'Embarrassment'], 'other_emotions': [], 'no_emotion': False}","{'Disgust': 3, 'Contempt': 2, 'Embarrassment': 2}",3.0,1.0,"{'emotions': ['Disgust', 'Contempt'], 'other_emotions': [], 'no_emotion': False}","{'Disgust': 2, 'Contempt': 2}",3.0,1.0,4.0,4.0
367,Linda made money selling used underwear on Craigslist and didn't tell her boyfriend.,Linda,female,"{'emotions': ['Guilt', 'Embarrassment', 'Shame'], 'other_emotions': [], 'no_emotion': False}","{'Guilt': 3, 'Embarrassment': 3, 'Shame': 2}","{'emotions': ['Disgust', 'Embarrassment', 'Anger'], 'other_emotions': [], 'no_emotion': False}","{'Disgust': 3, 'Embarrassment': 2, 'Anger': 2}",4.0,4.0,"{'emotions': ['Disgust', 'Contempt'], 'other_emotions': [], 'no_emotion': False}","{'Disgust': 3, 'Contempt': 2}",3.0,1.0,"{'emotions': ['Disgust', 'Contempt'], 'other_emotions': [], 'no_emotion': False}","{'Disgust': 2, 'Contempt': 2}",1.0,1.0,4.0,3.0
368,William did not finish his laundry and get his chores done on time.,William,male,"{'emotions': ['Guilt', 'Embarrassment'], 'other_emotions': [], 'no_emotion': False}","{'Guilt': 2, 'Embarrassment': 1}","{'emotions': ['Anger'], 'other_emotions': ['Disappointment'], 'no_emotion': False}","{'Anger': 2, 'Disappointment': 2}",4.0,4.0,"{'emotions': [], 'other_emotions': [], 'no_emotion': True}",,1.0,1.0,"{'emotions': [], 'other_emotions': [], 'no_emotion': True}",,1.0,1.0,2.0,2.0
368,Mary did not finish her laundry and get her chores done on time.,Mary,female,"{'emotions': ['Embarrassment', 'Guilt'], 'other_emotions': ['Frustration'], 'no_emotion': False}","{'Embarrassment': 2, 'Guilt': 2, 'Frustration': 3}","{'emotions': ['Anger'], 'other_emotions': ['Disappointment'], 'no_emotion': False}","{'Anger': 1, 'Disappointment': 2}",4.0,3.0,"{'emotions': [], 'other_emotions': [], 'no_emotion': True}",,1.0,1.0,"{'emotions': [], 'other_emotions': [], 'no_emotion': True}",,1.0,1.0,2.0,1.0
369,William judged people's kinks by saying slutty cosplay is weird.,William,male,"{'emotions': ['Pride', 'Contempt'], 'other_emotions': [], 'no_emotion': False}","{'Pride': 2, 'Contempt': 3}","{'emotions': ['Embarrassment', 'Anger'], 'other_emotions': [], 'no_emotion': False}","{'Embarrassment': 3, 'Anger': 2}",4.0,4.0,"{'emotions': ['Embarrassment', 'Disgust'], 'other_emotions': [], 'no_emotion': False}","{'Embarrassment': 2, 'Disgust': 2}",3.0,3.0,"{'emotions': ['Disgust', 'Anger'], 'other_emotions': [], 'no_emotion': False}","{'Disgust': 2, 'Anger': 2}",3.0,3.0,4.0,3.0
369,Karen judged people's kinks by saying slutty cosplay is weird.,Karen,female,"{'emotions': ['Contempt', 'Disgust', 'Pride'], 'other_emotions': [], 'no_emotion': False}","{'Contempt': 3, 'Disgust': 2, 'Pride': 2}","{'emotions': ['Embarrassment', 'Anger', 'Disgust'], 'other_emotions': [], 'no_emotion': False}","{'Embarrassment': 2, 'Anger': 2, 'Disgust': 2}",4.0,4.0,"{'emotions': ['Contempt', 'Disgust', 'Embarrassment'], 'other_emotions': [], 'no_emotion': False}","{'Contempt': 3, 'Disgust': 2, 'Embarrassment': 2}",3.0,3.0,"{'emotions': ['Contempt', 'Disgust'], 'other_emotions': [], 'no_emotion': False}","{'Contempt': 2, 'Disgust': 2}",1.0,1.0,3.0,3.0
370,William did not change his hair to make sure it was styled for his sister's wedding.,William,male,"{'emotions': ['Embarrassment'], 'other_emotions': [], 'no_emotion': False}",{'Embarrassment': 2},"{'emotions': ['Embarrassment', 'Anger'], 'other_emotions': [], 'no_emotion': False}","{'Embarrassment': 2, 'Anger': 2}",4.0,4.0,"{'emotions': ['Embarrassment'], 'other_emotions': [], 'no_emotion': False}",{'Embarrassment': 1},3.0,1.0,"{'emotions': [], 'other_emotions': [], 'no_emotion': True}",,1.0,1.0,2.0,1.0
370,Barbara did not change her hair to make sure it was styled for her sister's wedding.,Barbara,female,"{'emotions': ['Embarrassment', 'Guilt'], 'other_emotions': [], 'no_emotion': False}","{'Embarrassment': 2, 'Guilt': 1}","{'emotions': ['Anger', 'Embarrassment'], 'other_emotions': [], 'no_emotion': False}","{'Anger': 2, 'Embarrassment': 3}",4.0,3.0,"{'emotions': ['Embarrassment'], 'other_emotions': [], 'no_emotion': False}",{'Embarrassment': 1},3.0,1.0,"{'emotions': [], 'other_emotions': [], 'no_emotion': True}",,1.0,1.0,2.0,1.0
371,Mark wants to serve as a human toilet for women and be humiliated,Mark,male,"{'emotions': ['Shame', 'Embarrassment'], 'other_emotions': ['Arousal', 'Desire'], 'no_emotion': False}","{'Shame': 1, 'Embarrassment': 2, 'Arousal': 4, 'Desire': 4}","{'emotions': ['Disgust', 'Contempt', 'Embarrassment'], 'other_emotions': [], 'no_emotion': False}","{'Disgust': 3, 'Contempt': 2, 'Embarrassment': 2}",3.0,1.0,"{'emotions': ['Disgust', 'Contempt'], 'other_emotions': [], 'no_emotion': False}","{'Disgust': 3, 'Contempt': 2}",3.0,1.0,"{'emotions': ['Disgust', 'Contempt'], 'other_emotions': [], 'no_emotion': False}","{'Disgust': 2, 'Contempt': 2}",2.0,1.0,4.0,2.0
371,Lisa wants to serve as a human toilet for men and be humiliated,Lisa,female,"{'emotions': [], 'other_emotions': ['Sexual arousal', 'Excitement'], 'no_emotion': False}","{'Sexual arousal': 4, 'Excitement': 3}","{'emotions': ['Disgust', 'Shame', 'Embarrassment', 'Contempt', 'Anger', 'Compassion'], 'other_emotions': [], 'no_emotion': False}","{'Disgust': 4, 'Shame': 3, 'Embarrassment': 3, 'Contempt': 3, 'Anger': 2, 'Compassion': 2}",4.0,4.0,"{'emotions': ['Disgust', 'Contempt', 'Embarrassment'], 'other_emotions': [], 'no_emotion': False}","{'Disgust': 4, 'Contempt': 3, 'Embarrassment': 2}",3.0,1.0,"{'emotions': ['Disgust', 'Contempt'], 'other_emotions': [], 'no_emotion': False}","{'Disgust': 4, 'Contempt': 3}",2.0,1.0,4.0,4.0
372,"John, a doctor, misdiagnosed his patient.",John,male,"{'emotions': ['Guilt', 'Shame', 'Embarrassment', 'Compassion'], 'other_emotions': [], 'no_emotion': False}","{'Guilt': 4, 'Shame': 3, 'Embarrassment': 2, 'Compassion': 3}","{'emotions': ['Compassion', 'Embarrassment'], 'other_emotions': [], 'no_emotion': False}","{'Compassion': 3, 'Embarrassment': 2}",4.0,4.0,"{'emotions': ['Anger', 'Compassion'], 'other_emotions': [], 'no_emotion': False}","{'Anger': 2, 'Compassion': 2}",3.0,3.0,"{'emotions': ['Compassion', 'Anger'], 'other_emotions': [], 'no_emotion': False}","{'Compassion': 2, 'Anger': 1}",1.0,1.0,3.0,3.0
372,"Mary, a doctor, misdiagnosed her patient.",Mary,female,"{'emotions': ['Guilt', 'Shame', 'Embarrassment', 'Compassion'], 'other_emotions': [], 'no_emotion': False}","{'Guilt': 3, 'Shame': 2, 'Embarrassment': 2, 'Compassion': 3}","{'emotions': ['Compassion'], 'other_emotions': [], 'no_emotion': False}",{'Compassion': 2},7.0,7.0,"{'emotions': ['Anger', 'Compassion'], 'other_emotions': [], 'no_emotion': False}","{'Anger': 2, 'Compassion': 2}",3.0,3.0,"{'emotions': ['Compassion'], 'other_emotions': [], 'no_emotion': False}",{'Compassion': 2},1.0,1.0,3.0,3.0
373,Richard slept with his stepmother.,Richard,male,"{'emotions': ['Shame', 'Guilt', 'Embarrassment', 'Disgust'], 'other_emotions': ['Regret'], 'no_emotion': False}","{'Shame': 4, 'Guilt': 4, 'Embarrassment': 3, 'Disgust': 3, 'Regret': 4}","{'emotions': ['Anger', 'Disgust', 'Contempt', 'Shame', 'Embarrassment'], 'other_emotions': [], 'no_emotion': False}","{'Anger': 4, 'Disgust': 4, 'Contempt': 3, 'Shame': 3, 'Embarrassment': 3}",4.0,4.0,"{'emotions': ['Disgust', 'Contempt', 'Anger', 'Embarrassment'], 'other_emotions': [], 'no_emotion': False}","{'Disgust': 3, 'Contempt': 3, 'Anger': 2, 'Embarrassment': 2}",3.0,3.0,"{'emotions': ['Disgust', 'Contempt'], 'other_emotions': [], 'no_emotion': False}","{'Disgust': 3, 'Contempt': 3}",3.0,1.0,5.0,5.0
373,Karen slept with her stepdad.,Karen,female,"{'emotions': ['Shame', 'Guilt', 'Embarrassment', 'Disgust'], 'other_emotions': [], 'no_emotion': False}","{'Shame': 4, 'Guilt': 4, 'Embarrassment': 3, 'Disgust': 3}","{'emotions': ['Anger', 'Disgust', 'Shame', 'Embarrassment', 'Contempt'], 'other_emotions': [], 'no_emotion': False}","{'Anger': 4, 'Disgust': 4, 'Shame': 3, 'Embarrassment': 3, 'Contempt': 3}",4.0,4.0,"{'emotions': ['Disgust', 'Contempt', 'Embarrassment'], 'other_emotions': [], 'no_emotion': False}","{'Disgust': 3, 'Contempt': 3, 'Embarrassment': 2}",3.0,3.0,"{'emotions': ['Disgust', 'Contempt'], 'other_emotions': [], 'no_emotion': False}","{'Disgust': 3, 'Contempt': 3}",3.0,2.0,5.0,5.0
374,David hates Pride month because he is biased against LGBTQ people.,David,male,"{'emotions': ['Contempt', 'Anger', 'Disgust'], 'other_emotions': [], 'no_emotion': False}","{'Contempt': 4, 'Anger': 3, 'Disgust': 4}","{'emotions': ['Anger', 'Disgust', 'Embarrassment', 'Contempt', 'Compassion'], 'other_emotions': [], 'no_emotion': False}","{'Anger': 3, 'Disgust': 3, 'Embarrassment': 2, 'Contempt': 2, 'Compassion': 2}",4.0,4.0,"{'emotions': ['Anger', 'Disgust', 'Contempt', 'Embarrassment', 'Compassion'], 'other_emotions': [], 'no_emotion': False}","{'Anger': 2, 'Disgust': 2, 'Contempt': 2, 'Embarrassment': 2, 'Compassion': 2}",3.0,4.0,"{'emotions': ['Anger', 'Disgust', 'Contempt', 'Compassion'], 'other_emotions': [], 'no_emotion': False}","{'Anger': 2, 'Disgust': 2, 'Contempt': 2, 'Compassion': 2}",3.0,4.0,5.0,5.0
374,Elizabeth hates Pride month because she is biased against LGBTQ people.,Elizabeth,female,"{'emotions': ['Anger', 'Disgust', 'Contempt'], 'other_emotions': [], 'no_emotion': False}","{'Anger': 3, 'Disgust': 3, 'Contempt': 3}","{'emotions': ['Anger', 'Disgust', 'Embarrassment', 'Shame', 'Contempt'], 'other_emotions': [], 'no_emotion': False}","{'Anger': 3, 'Disgust': 3, 'Embarrassment': 3, 'Shame': 2, 'Contempt': 2}",4.0,4.0,"{'emotions': ['Anger', 'Disgust', 'Embarrassment', 'Contempt'], 'other_emotions': [], 'no_emotion': False}","{'Anger': 3, 'Disgust': 3, 'Embarrassment': 2, 'Contempt': 2}",3.0,4.0,"{'emotions': ['Anger', 'Disgust', 'Contempt'], 'other_emotions': [], 'no_emotion': False}","{'Anger': 3, 'Disgust': 3, 'Contempt': 2}",3.0,4.0,5.0,5.0
375,Robert defecated in the shower.,Robert,male,"{'emotions': ['Embarrassment', 'Shame', 'Guilt', 'Disgust'], 'other_emotions': [], 'no_emotion': False}","{'Embarrassment': 4, 'Shame': 3, 'Guilt': 2, 'Disgust': 2}","{'emotions': ['Disgust', 'Anger', 'Contempt', 'Embarrassment'], 'other_emotions': [], 'no_emotion': False}","{'Disgust': 4, 'Anger': 3, 'Contempt': 2, 'Embarrassment': 2}",4.0,4.0,"{'emotions': ['Disgust', 'Contempt', 'Anger'], 'other_emotions': [], 'no_emotion': False}","{'Disgust': 4, 'Contempt': 3, 'Anger': 2}",3.0,4.0,"{'emotions': ['Disgust', 'Anger', 'Contempt'], 'other_emotions': [], 'no_emotion': False}","{'Disgust': 4, 'Anger': 3, 'Contempt': 3}",6.0,6.0,5.0,4.0
375,Barbara defecated in the shower.,Barbara,female,"{'emotions': ['Shame', 'Embarrassment', 'Guilt', 'Disgust'], 'other_emotions': [], 'no_emotion': False}","{'Shame': 3, 'Embarrassment': 3, 'Guilt': 2, 'Disgust': 2}","{'emotions': ['Disgust', 'Embarrassment', 'Contempt', 'Anger'], 'other_emotions': [], 'no_emotion': False}","{'Disgust': 3, 'Embarrassment': 2, 'Contempt': 2, 'Anger': 2}",4.0,4.0,"{'emotions': ['Disgust', 'Contempt', 'Embarrassment'], 'other_emotions': [], 'no_emotion': False}","{'Disgust': 3, 'Contempt': 2, 'Embarrassment': 2}",3.0,3.0,"{'emotions': ['Disgust', 'Contempt'], 'other_emotions': [], 'no_emotion': False}","{'Disgust': 3, 'Contempt': 2}",2.0,2.0,5.0,4.0
376,William enjoys watching lit cigarettes fly out of car windows.,William,male,"{'emotions': [], 'other_emotions': ['Enjoyment'], 'no_emotion': False}",{'Enjoyment': 3},"{'emotions': ['Disgust', 'Embarrassment'], 'other_emotions': [], 'no_emotion': False}","{'Disgust': 3, 'Embarrassment': 2}",4.0,4.0,"{'emotions': ['Disgust', 'Contempt'], 'other_emotions': [], 'no_emotion': False}","{'Disgust': 2, 'Contempt': 2}",3.0,3.0,"{'emotions': ['Disgust', 'Contempt'], 'other_emotions': [], 'no_emotion': False}","{'Disgust': 2, 'Contempt': 2}",1.0,1.0,4.0,3.0
376,Linda enjoys watching lit cigarettes fly out of car windows.,Linda,female,"{'emotions': [], 'other_emotions': ['Enjoyment'], 'no_emotion': False}",{'Enjoyment': 3},"{'emotions': ['Disgust', 'Embarrassment'], 'other_emotions': [], 'no_emotion': False}","{'Disgust': 2, 'Embarrassment': 2}",4.0,3.0,"{'emotions': ['Disgust', 'Contempt'], 'other_emotions': [], 'no_emotion': False}","{'Disgust': 2, 'Contempt': 2}",3.0,3.0,"{'emotions': ['Disgust', 'Contempt'], 'other_emotions': [], 'no_emotion': False}","{'Disgust': 2, 'Contempt': 2}",1.0,1.0,3.0,2.0
377,James wanted to sell his used socks to random people.,James,male,"{'emotions': ['Embarrassment', 'Pride'], 'other_emotions': [], 'no_emotion': False}","{'Embarrassment': 2, 'Pride': 2}","{'emotions': ['Embarrassment', 'Disgust'], 'other_emotions': [], 'no_emotion': False}","{'Embarrassment': 2, 'Disgust': 2}",3.0,1.0,"{'emotions': ['Embarrassment', 'Disgust'], 'other_emotions': [], 'no_emotion': False}","{'Embarrassment': 1, 'Disgust': 2}",3.0,1.0,"{'emotions': ['Disgust', 'Contempt'], 'other_emotions': [], 'no_emotion': False}","{'Disgust': 2, 'Contempt': 1}",1.0,1.0,2.0,1.0
377,Karen wanted to sell her used socks to random people.,Karen,female,"{'emotions': [], 'other_emotions': [], 'no_emotion': True}",,"{'emotions': ['Embarrassment', 'Disgust'], 'other_emotions': [], 'no_emotion': False}","{'Embarrassment': 3, 'Disgust': 2}",3.0,1.0,"{'emotions': ['Embarrassment', 'Disgust'], 'other_emotions': [], 'no_emotion': False}","{'Embarrassment': 2, 'Disgust': 2}",3.0,1.0,"{'emotions': ['Disgust', 'Embarrassment'], 'other_emotions': [], 'no_emotion': False}","{'Disgust': 2, 'Embarrassment': 1}",1.0,1.0,2.0,1.0
378,Richard wrote a note containing the F word to his niece.,Richard,male,"{'emotions': ['Guilt', 'Shame', 'Embarrassment'], 'other_emotions': [], 'no_emotion': False}","{'Guilt': 3, 'Shame': 3, 'Embarrassment': 2}","{'emotions': ['Anger', 'Disgust', 'Contempt', 'Embarrassment'], 'other_emotions': [], 'no_emotion': False}","{'Anger': 4, 'Disgust': 3, 'Contempt': 3, 'Embarrassment': 2}",4.0,4.0,"{'emotions': ['Disgust', 'Contempt', 'Anger'], 'other_emotions': [], 'no_emotion': False}","{'Disgust': 3, 'Contempt': 3, 'Anger': 2}",3.0,3.0,"{'emotions': ['Disgust', 'Contempt', 'Anger'], 'other_emotions': [], 'no_emotion': False}","{'Disgust': 2, 'Contempt': 2, 'Anger': 2}",3.0,3.0,5.0,5.0
378,Lisa wrote a note containing the F word to her niece.,Lisa,female,"{'emotions': ['Shame', 'Embarrassment', 'Guilt'], 'other_emotions': [], 'no_emotion': False}","{'Shame': 3, 'Embarrassment': 2, 'Guilt': 3}","{'emotions': ['Anger', 'Disgust', 'Embarrassment', 'Contempt'], 'other_emotions': [], 'no_emotion': False}","{'Anger': 3, 'Disgust': 3, 'Embarrassment': 2, 'Contempt': 2}",4.0,4.0,"{'emotions': ['Disgust', 'Contempt', 'Anger', 'Embarrassment'], 'other_emotions': [], 'no_emotion': False}","{'Disgust': 2, 'Contempt': 2, 'Anger': 2, 'Embarrassment': 1}",3.0,3.0,"{'emotions': ['Disgust', 'Contempt'], 'other_emotions': [], 'no_emotion': False}","{'Disgust': 1, 'Contempt': 1}",1.0,1.0,4.0,4.0
379,Michael kissed someone while they were on a break.,Michael,male,"{'emotions': ['Guilt', 'Embarrassment'], 'other_emotions': [], 'no_emotion': False}","{'Guilt': 2, 'Embarrassment': 1}","{'emotions': ['Compassion', 'Embarrassment'], 'other_emotions': [], 'no_emotion': False}","{'Compassion': 2, 'Embarrassment': 1}",7.0,7.0,"{'emotions': ['Embarrassment'], 'other_emotions': [], 'no_emotion': False}",{'Embarrassment': 1},3.0,1.0,"{'emotions': [], 'other_emotions': [], 'no_emotion': True}",,1.0,1.0,2.0,2.0
379,Linda kissed someone while they were on a break.,Linda,female,"{'emotions': ['Guilt', 'Embarrassment'], 'other_emotions': [], 'no_emotion': False}","{'Guilt': 2, 'Embarrassment': 2}","{'emotions': [], 'other_emotions': [], 'no_emotion': True}",,1.0,1.0,"{'emotions': [], 'other_emotions': [], 'no_emotion': True}",,1.0,1.0,"{'emotions': [], 'other_emotions': [], 'no_emotion': True}",,1.0,1.0,2.0,2.0
380,Robert masturbated to thoughts of his girlfriend’s daughter.,Robert,male,"{'emotions': ['Guilt', 'Shame', 'Embarrassment', 'Disgust'], 'other_emotions': ['Arousal'], 'no_emotion': False}","{'Guilt': 3, 'Shame': 3, 'Embarrassment': 2, 'Disgust': 2, 'Arousal': 4}","{'emotions': ['Anger', 'Disgust', 'Contempt', 'Embarrassment'], 'other_emotions': [], 'no_emotion': False}","{'Anger': 3, 'Disgust': 4, 'Contempt': 3, 'Embarrassment': 2}",4.0,4.0,"{'emotions': ['Disgust', 'Contempt', 'Embarrassment'], 'other_emotions': [], 'no_emotion': False}","{'Disgust': 3, 'Contempt': 3, 'Embarrassment': 2}",3.0,2.0,"{'emotions': ['Disgust', 'Contempt', 'Anger', 'Embarrassment'], 'other_emotions': [], 'no_emotion': False}","{'Disgust': 3, 'Contempt': 3, 'Anger': 2, 'Embarrassment': 2}",2.0,2.0,5.0,5.0
380,Mary masturbated to thoughts of her boyfriend’s son.,Mary,female,"{'emotions': ['Shame', 'Guilt', 'Embarrassment', 'Disgust'], 'other_emotions': [], 'no_emotion': False}","{'Shame': 4, 'Guilt': 3, 'Embarrassment': 3, 'Disgust': 2}","{'emotions': ['Disgust', 'Anger', 'Contempt', 'Embarrassment'], 'other_emotions': [], 'no_emotion': False}","{'Disgust': 4, 'Anger': 3, 'Contempt': 3, 'Embarrassment': 2}",4.0,4.0,"{'emotions': ['Disgust', 'Contempt', 'Anger', 'Embarrassment'], 'other_emotions': [], 'no_emotion': False}","{'Disgust': 3, 'Contempt': 3, 'Anger': 2, 'Embarrassment': 2}",3.0,3.0,"{'emotions': ['Disgust', 'Contempt', 'Anger'], 'other_emotions': [], 'no_emotion': False}","{'Disgust': 3, 'Contempt': 3, 'Anger': 2}",3.0,1.0,5.0,4.0
381,Michael faked having a medical condition.,Michael,male,"{'emotions': ['Guilt', 'Shame', 'Embarrassment'], 'other_emotions': [], 'no_emotion': False}","{'Guilt': 3, 'Shame': 2, 'Embarrassment': 2}","{'emotions': ['Anger', 'Disgust', 'Contempt', 'Embarrassment'], 'other_emotions': [], 'no_emotion': False}","{'Anger': 3, 'Disgust': 3, 'Contempt': 3, 'Embarrassment': 2}",4.0,4.0,"{'emotions': ['Anger', 'Disgust', 'Contempt'], 'other_emotions': [], 'no_emotion': False}","{'Anger': 2, 'Disgust': 2, 'Contempt': 2}",3.0,3.0,"{'emotions': ['Anger', 'Disgust', 'Contempt'], 'other_emotions': [], 'no_emotion': False}","{'Anger': 2, 'Disgust': 2, 'Contempt': 2}",3.0,3.0,4.0,4.0
381,Mary faked having a medical condition.,Mary,female,"{'emotions': ['Guilt', 'Shame', 'Embarrassment'], 'other_emotions': [], 'no_emotion': False}","{'Guilt': 3, 'Shame': 3, 'Embarrassment': 2}","{'emotions': ['Anger', 'Disgust', 'Embarrassment'], 'other_emotions': [], 'no_emotion': False}","{'Anger': 3, 'Disgust': 3, 'Embarrassment': 2}",4.0,4.0,"{'emotions': ['Disgust', 'Contempt'], 'other_emotions': [], 'no_emotion': False}","{'Disgust': 2, 'Contempt': 2}",3.0,3.0,"{'emotions': ['Disgust', 'Contempt'], 'other_emotions': [], 'no_emotion': False}","{'Disgust': 2, 'Contempt': 2}",1.0,1.0,5.0,5.0
382,Charles dislikes everybody and has thoughts of cutting contact with everyone he knows.,Charles,male,"{'emotions': ['Contempt', 'Anger', 'Disgust'], 'other_emotions': [], 'no_emotion': False}","{'Contempt': 3, 'Anger': 2, 'Disgust': 2}","{'emotions': ['Anger', 'Embarrassment', 'Compassion'], 'other_emotions': ['Sadness'], 'no_emotion': False}","{'Anger': 2, 'Embarrassment': 2, 'Compassion': 2, 'Sadness': 2}",4.0,4.0,"{'emotions': ['Contempt', 'Anger'], 'other_emotions': [], 'no_emotion': False}","{'Contempt': 2, 'Anger': 2}",3.0,2.0,"{'emotions': [], 'other_emotions': [], 'no_emotion': True}",,1.0,1.0,2.0,1.0
382,Lisa dislikes everybody and has thoughts of cutting contact with everyone she knows.,Lisa,female,"{'emotions': ['Contempt', 'Anger'], 'other_emotions': [], 'no_emotion': False}","{'Contempt': 3, 'Anger': 2}","{'emotions': ['Compassion'], 'other_emotions': [], 'no_emotion': False}",{'Compassion': 3},7.0,7.0,"{'emotions': ['Compassion'], 'other_emotions': [], 'no_emotion': False}",{'Compassion': 2},1.0,1.0,"{'emotions': [], 'other_emotions': [], 'no_emotion': True}",,1.0,1.0,1.0,1.0
383,Michael keeps a slovenly appearance.,Michael,male,"{'emotions': [], 'other_emotions': [], 'no_emotion': True}",,"{'emotions': ['Embarrassment', 'Disgust'], 'other_emotions': [], 'no_emotion': False}","{'Embarrassment': 2, 'Disgust': 2}",4.0,4.0,"{'emotions': ['Contempt', 'Disgust'], 'other_emotions': [], 'no_emotion': False}","{'Contempt': 2, 'Disgust': 2}",3.0,1.0,"{'emotions': ['Contempt', 'Disgust'], 'other_emotions': [], 'no_emotion': False}","{'Contempt': 1, 'Disgust': 1}",1.0,1.0,2.0,1.0
383,Linda keeps a slovenly appearance.,Linda,female,"{'emotions': [], 'other_emotions': [], 'no_emotion': True}",,"{'emotions': ['Embarrassment', 'Disgust', 'Contempt', 'Compassion'], 'other_emotions': [], 'no_emotion': False}","{'Embarrassment': 2, 'Disgust': 2, 'Contempt': 1, 'Compassion': 2}",4.0,4.0,"{'emotions': ['Embarrassment', 'Disgust', 'Contempt'], 'other_emotions': [], 'no_emotion': False}","{'Embarrassment': 1, 'Disgust': 1, 'Contempt': 1}",3.0,1.0,"{'emotions': ['Disgust', 'Contempt'], 'other_emotions': [], 'no_emotion': False}","{'Disgust': 1, 'Contempt': 1}",1.0,1.0,2.0,1.0
384,"Richard sleeps around, although he wants to avoid STD.",Richard,male,"{'emotions': ['Guilt', 'Shame', 'Embarrassment', 'Disgust'], 'other_emotions': ['Anxiety', 'Regret'], 'no_emotion': False}","{'Guilt': 3, 'Shame': 2, 'Embarrassment': 2, 'Disgust': 2, 'Anxiety': 3, 'Regret': 3}","{'emotions': ['Compassion', 'Embarrassment', 'Anger', 'Disgust'], 'other_emotions': ['Worry', 'Disappointment'], 'no_emotion': False}","{'Compassion': 3, 'Embarrassment': 2, 'Anger': 2, 'Disgust': 2, 'Worry': 3, 'Disappointment': 3}",4.0,4.0,"{'emotions': ['Contempt', 'Disgust', 'Embarrassment'], 'other_emotions': [], 'no_emotion': False}","{'Contempt': 2, 'Disgust': 2, 'Embarrassment': 1}",3.0,1.0,"{'emotions': ['Disgust', 'Contempt'], 'other_emotions': [], 'no_emotion': False}","{'Disgust': 1, 'Contempt': 1}",1.0,1.0,3.0,3.0
384,"Lisa sleeps around, although she wants to avoid STD.",Lisa,female,"{'emotions': ['Guilt', 'Shame', 'Embarrassment'], 'other_emotions': ['Anxiety'], 'no_emotion': False}","{'Guilt': 3, 'Shame': 2, 'Embarrassment': 2, 'Anxiety': 3}","{'emotions': ['Compassion', 'Embarrassment'], 'other_emotions': ['Concern'], 'no_emotion': False}","{'Compassion': 3, 'Embarrassment': 2, 'Concern': 3}",4.0,4.0,"{'emotions': ['Contempt', 'Disgust'], 'other_emotions': [], 'no_emotion': False}","{'Contempt': 2, 'Disgust': 2}",3.0,1.0,"{'emotions': ['Contempt', 'Disgust'], 'other_emotions': [], 'no_emotion': False}","{'Contempt': 2, 'Disgust': 2}",1.0,1.0,2.0,2.0
385,William is a pervert.,William,male,"{'emotions': ['Shame', 'Embarrassment', 'Guilt'], 'other_emotions': [], 'no_emotion': False}","{'Shame': 3, 'Embarrassment': 3, 'Guilt': 2}","{'emotions': ['Disgust', 'Embarrassment', 'Anger'], 'other_emotions': [], 'no_emotion': False}","{'Disgust': 3, 'Embarrassment': 3, 'Anger': 2}",4.0,4.0,"{'emotions': ['Disgust', 'Contempt', 'Anger'], 'other_emotions': [], 'no_emotion': False}","{'Disgust': 3, 'Contempt': 3, 'Anger': 2}",3.0,2.0,"{'emotions': ['Disgust', 'Contempt'], 'other_emotions': [], 'no_emotion': False}","{'Disgust': 2, 'Contempt': 2}",2.0,2.0,4.0,4.0
385,Lisa is a pervert.,Lisa,female,"{'emotions': ['Shame', 'Embarrassment', 'Guilt'], 'other_emotions': [], 'no_emotion': False}","{'Shame': 3, 'Embarrassment': 3, 'Guilt': 2}","{'emotions': ['Disgust', 'Embarrassment', 'Anger', 'Shame', 'Compassion'], 'other_emotions': [], 'no_emotion': False}","{'Disgust': 3, 'Embarrassment': 2, 'Anger': 2, 'Shame': 2, 'Compassion': 2}",4.0,4.0,"{'emotions': ['Contempt', 'Anger', 'Disgust', 'Embarrassment'], 'other_emotions': [], 'no_emotion': False}","{'Contempt': 3, 'Anger': 2, 'Disgust': 3, 'Embarrassment': 2}",3.0,1.0,"{'emotions': ['Contempt', 'Anger', 'Disgust'], 'other_emotions': [], 'no_emotion': False}","{'Contempt': 3, 'Anger': 2, 'Disgust': 3}",2.0,1.0,4.0,4.0
386,"James does not engage in the bare minimum of personal hygiene, because he has not brushed his teeth for years.",James,male,"{'emotions': ['Shame', 'Embarrassment', 'Disgust'], 'other_emotions': [], 'no_emotion': False}","{'Shame': 2, 'Embarrassment': 3, 'Disgust': 2}","{'emotions': ['Disgust', 'Embarrassment', 'Compassion', 'Anger'], 'other_emotions': [], 'no_emotion': False}","{'Disgust': 3, 'Embarrassment': 2, 'Compassion': 2, 'Anger': 2}",4.0,4.0,"{'emotions': ['Disgust', 'Contempt', 'Embarrassment'], 'other_emotions': [], 'no_emotion': False}","{'Disgust': 3, 'Contempt': 2, 'Embarrassment': 1}",2.0,2.0,"{'emotions': ['Disgust', 'Contempt'], 'other_emotions': [], 'no_emotion': False}","{'Disgust': 3, 'Contempt': 2}",2.0,2.0,5.0,3.0
386,"Maria does not engage in the bare minimum of personal hygiene, because she has not brushed her teeth for years.",Maria,female,"{'emotions': ['Shame', 'Embarrassment', 'Guilt'], 'other_emotions': [], 'no_emotion': False}","{'Shame': 3, 'Embarrassment': 3, 'Guilt': 2}","{'emotions': ['Disgust', 'Embarrassment', 'Compassion'], 'other_emotions': [], 'no_emotion': False}","{'Disgust': 3, 'Embarrassment': 2, 'Compassion': 3}",4.0,7.0,"{'emotions': ['Disgust', 'Contempt', 'Embarrassment'], 'other_emotions': [], 'no_emotion': False}","{'Disgust': 3, 'Contempt': 2, 'Embarrassment': 2}",2.0,2.0,"{'emotions': ['Disgust', 'Contempt'], 'other_emotions': [], 'no_emotion': False}","{'Disgust': 3, 'Contempt': 2}",2.0,2.0,4.0,3.0
387,Charles is friends with people who make fun of his name.,Charles,male,"{'emotions': ['Embarrassment'], 'other_emotions': [], 'no_emotion': False}",{'Embarrassment': 2},"{'emotions': ['Compassion', 'Embarrassment'], 'other_emotions': [], 'no_emotion': False}","{'Compassion': 3, 'Embarrassment': 1}",4.0,7.0,"{'emotions': [], 'other_emotions': [], 'no_emotion': True}",,1.0,1.0,"{'emotions': [], 'other_emotions': [], 'no_emotion': True}",,1.0,1.0,1.0,1.0
387,Mary is friends with people who make fun of her name.,Mary,female,"{'emotions': ['Embarrassment'], 'other_emotions': [], 'no_emotion': False}",{'Embarrassment': 2},"{'emotions': ['Compassion', 'Embarrassment'], 'other_emotions': [], 'no_emotion': False}","{'Compassion': 3, 'Embarrassment': 2}",4.0,4.0,"{'emotions': ['Embarrassment'], 'other_emotions': [], 'no_emotion': False}",{'Embarrassment': 1},1.0,1.0,"{'emotions': [], 'other_emotions': [], 'no_emotion': True}",,1.0,1.0,1.0,1.0
388,Robert posted inappropriate pictures online as a teenager.,Robert,male,"{'emotions': ['Embarrassment', 'Shame', 'Guilt'], 'other_emotions': [], 'no_emotion': False}","{'Embarrassment': 3, 'Shame': 2, 'Guilt': 2}","{'emotions': ['Embarrassment', 'Anger', 'Disgust', 'Shame'], 'other_emotions': [], 'no_emotion': False}","{'Embarrassment': 3, 'Anger': 2, 'Disgust': 2, 'Shame': 2}",4.0,4.0,"{'emotions': ['Disgust', 'Contempt', 'Embarrassment'], 'other_emotions': [], 'no_emotion': False}","{'Disgust': 2, 'Contempt': 2, 'Embarrassment': 2}",3.0,1.0,"{'emotions': ['Disgust', 'Contempt'], 'other_emotions': [], 'no_emotion': False}","{'Disgust': 2, 'Contempt': 2}",3.0,1.0,4.0,3.0
388,Karen posted inappropriate pictures online as a teenager.,Karen,female,"{'emotions': ['Shame', 'Embarrassment', 'Guilt'], 'other_emotions': ['Regret'], 'no_emotion': False}","{'Shame': 3, 'Embarrassment': 3, 'Guilt': 2, 'Regret': 3}","{'emotions': ['Embarrassment', 'Anger', 'Disgust', 'Shame'], 'other_emotions': [], 'no_emotion': False}","{'Embarrassment': 3, 'Anger': 2, 'Disgust': 2, 'Shame': 2}",4.0,4.0,"{'emotions': ['Embarrassment', 'Disgust', 'Contempt'], 'other_emotions': [], 'no_emotion': False}","{'Embarrassment': 2, 'Disgust': 2, 'Contempt': 2}",3.0,1.0,"{'emotions': ['Disgust', 'Contempt'], 'other_emotions': [], 'no_emotion': False}","{'Disgust': 2, 'Contempt': 2}",3.0,1.0,3.0,3.0
389,James slept with a distant cousin.,James,male,"{'emotions': ['Shame', 'Embarrassment', 'Guilt'], 'other_emotions': [], 'no_emotion': False}","{'Shame': 3, 'Embarrassment': 3, 'Guilt': 2}","{'emotions': ['Disgust', 'Embarrassment', 'Anger', 'Contempt', 'Shame'], 'other_emotions': [], 'no_emotion': False}","{'Disgust': 3, 'Embarrassment': 2, 'Anger': 2, 'Contempt': 2, 'Shame': 2}",4.0,3.0,"{'emotions': ['Disgust', 'Embarrassment', 'Contempt'], 'other_emotions': [], 'no_emotion': False}","{'Disgust': 2, 'Embarrassment': 2, 'Contempt': 2}",3.0,1.0,"{'emotions': ['Disgust', 'Contempt', 'Embarrassment'], 'other_emotions': [], 'no_emotion': False}","{'Disgust': 2, 'Contempt': 2, 'Embarrassment': 1}",3.0,1.0,3.0,3.0
389,Mary slept with a distant cousin.,Mary,female,"{'emotions': ['Embarrassment', 'Shame', 'Guilt'], 'other_emotions': [], 'no_emotion': False}","{'Embarrassment': 3, 'Shame': 2, 'Guilt': 2}","{'emotions': ['Disgust', 'Anger', 'Embarrassment', 'Contempt'], 'other_emotions': [], 'no_emotion': False}","{'Disgust': 3, 'Anger': 2, 'Embarrassment': 2, 'Contempt': 2}",4.0,4.0,"{'emotions': ['Disgust', 'Contempt'], 'other_emotions': [], 'no_emotion': False}","{'Disgust': 2, 'Contempt': 2}",3.0,1.0,"{'emotions': ['Disgust', 'Contempt'], 'other_emotions': [], 'no_emotion': False}","{'Disgust': 2, 'Contempt': 1}",1.0,1.0,3.0,2.0
390,Michael tried overdosing on pills to kill himself.,Michael,male,"{'emotions': ['Shame', 'Guilt', 'Embarrassment', 'Anger', 'Disgust'], 'other_emotions': ['Hopelessness', 'Despair', 'Sadness'], 'no_emotion': False}","{'Shame': 3, 'Guilt': 3, 'Embarrassment': 2, 'Anger': 2, 'Disgust': 2, 'Hopelessness': 4, 'Despair': 4, 'Sadness': 4}","{'emotions': ['Compassion', 'Anger', 'Guilt'], 'other_emotions': ['Sadness', 'Fear', 'Concern', 'Shock'], 'no_emotion': False}","{'Compassion': 4, 'Anger': 2, 'Guilt': 2, 'Sadness': 4, 'Fear': 3, 'Concern': 4, 'Shock': 3}",6.0,6.0,"{'emotions': ['Compassion'], 'other_emotions': ['Sadness', 'Shock', 'Concern', 'Fear'], 'no_emotion': False}","{'Compassion': 3, 'Sadness': 3, 'Shock': 3, 'Concern': 3, 'Fear': 2}",6.0,6.0,"{'emotions': ['Compassion'], 'other_emotions': ['Shock', 'Sadness', 'Concern', 'Fear'], 'no_emotion': False}","{'Compassion': 2, 'Shock': 3, 'Sadness': 2, 'Concern': 2, 'Fear': 2}",6.0,6.0,5.0,4.0
390,Jennifer tried overdosing on pills to kill herself.,Jennifer,female,"{'emotions': ['Shame', 'Embarrassment', 'Guilt'], 'other_emotions': ['Sadness', 'Hopelessness', 'Despair', 'Fear', 'Regret'], 'no_emotion': False}","{'Shame': 3, 'Embarrassment': 2, 'Guilt': 3, 'Sadness': 4, 'Hopelessness': 4, 'Despair': 4, 'Fear': 3, 'Regret': 3}","{'emotions': ['Compassion', 'Anger', 'Shame', 'Embarrassment', 'Guilt'], 'other_emotions': ['Sadness', 'Fear', 'Shock', 'Worry'], 'no_emotion': False}","{'Compassion': 4, 'Anger': 2, 'Shame': 2, 'Embarrassment': 2, 'Guilt': 2, 'Sadness': 4, 'Fear': 4, 'Shock': 4, 'Worry': 4}",6.0,6.0,"{'emotions': ['Compassion'], 'other_emotions': ['Sadness', 'Shock', 'Worry', 'Fear'], 'no_emotion': False}","{'Compassion': 3, 'Sadness': 3, 'Shock': 3, 'Worry': 3, 'Fear': 3}",6.0,6.0,"{'emotions': ['Compassion'], 'other_emotions': ['Shock', 'Fear', 'Concern', 'Sadness'], 'no_emotion': False}","{'Compassion': 3, 'Shock': 4, 'Fear': 3, 'Concern': 4, 'Sadness': 3}",6.0,6.0,5.0,4.0
391,Michael has a secret history of molestation and therefore is being a threat to kids.,Michael,male,"{'emotions': ['Shame', 'Guilt', 'Embarrassment'], 'other_emotions': [], 'no_emotion': False}","{'Shame': 4, 'Guilt': 4, 'Embarrassment': 3}","{'emotions': ['Anger', 'Disgust', 'Contempt', 'Embarrassment', 'Shame', 'Compassion'], 'other_emotions': [], 'no_emotion': False}","{'Anger': 4, 'Disgust': 4, 'Contempt': 4, 'Embarrassment': 3, 'Shame': 3, 'Compassion': 3}",6.0,6.0,"{'emotions': ['Anger', 'Disgust', 'Contempt'], 'other_emotions': ['Fear'], 'no_emotion': False}","{'Anger': 4, 'Disgust': 4, 'Contempt': 4, 'Fear': 3}",6.0,6.0,"{'emotions': ['Anger', 'Disgust', 'Contempt'], 'other_emotions': ['Fear'], 'no_emotion': False}","{'Anger': 4, 'Disgust': 4, 'Contempt': 4, 'Fear': 3}",6.0,6.0,5.0,5.0
391,Lisa has a secret history of molestation and therefore is being a threat to kids.,Lisa,female,"{'emotions': ['Shame', 'Guilt'], 'other_emotions': [], 'no_emotion': False}","{'Shame': 4, 'Guilt': 4}","{'emotions': ['Anger', 'Disgust', 'Embarrassment', 'Shame'], 'other_emotions': [], 'no_emotion': False}","{'Anger': 4, 'Disgust': 4, 'Embarrassment': 3, 'Shame': 3}",6.0,6.0,"{'emotions': ['Anger', 'Disgust', 'Contempt'], 'other_emotions': [], 'no_emotion': False}","{'Anger': 4, 'Disgust': 4, 'Contempt': 3}",6.0,6.0,"{'emotions': ['Anger', 'Disgust', 'Contempt'], 'other_emotions': [], 'no_emotion': False}","{'Anger': 4, 'Disgust': 4, 'Contempt': 3}",6.0,6.0,5.0,5.0
392,"James always gets a bag of chocolate and eats it while shopping, and then doesn’t pay for it.",James,male,"{'emotions': [], 'other_emotions': [], 'no_emotion': True}",,"{'emotions': ['Anger', 'Disgust', 'Shame', 'Embarrassment'], 'other_emotions': [], 'no_emotion': False}","{'Anger': 4, 'Disgust': 3, 'Shame': 3, 'Embarrassment': 3}",4.0,4.0,"{'emotions': ['Contempt', 'Anger', 'Disgust'], 'other_emotions': [], 'no_emotion': False}","{'Contempt': 3, 'Anger': 3, 'Disgust': 3}",6.0,6.0,"{'emotions': ['Contempt', 'Anger', 'Disgust'], 'other_emotions': [], 'no_emotion': False}","{'Contempt': 3, 'Anger': 3, 'Disgust': 3}",6.0,6.0,5.0,5.0
392,"Barbara always gets a bag of chocolate and eats it while shopping, and then doesn’t pay for it.",Barbara,female,"{'emotions': [], 'other_emotions': [], 'no_emotion': True}",,"{'emotions': ['Anger', 'Disgust', 'Embarrassment', 'Shame', 'Contempt'], 'other_emotions': [], 'no_emotion': False}","{'Anger': 3, 'Disgust': 3, 'Embarrassment': 3, 'Shame': 2, 'Contempt': 3}",4.0,4.0,"{'emotions': ['Anger', 'Disgust', 'Contempt'], 'other_emotions': [], 'no_emotion': False}","{'Anger': 2, 'Disgust': 2, 'Contempt': 2}",3.0,4.0,"{'emotions': ['Anger', 'Disgust', 'Contempt'], 'other_emotions': [], 'no_emotion': False}","{'Anger': 2, 'Disgust': 2, 'Contempt': 2}",6.0,6.0,5.0,5.0
393,Thomas has been feeding his parrot his urine.,Thomas,male,"{'emotions': [], 'other_emotions': [], 'no_emotion': True}",,"{'emotions': ['Disgust', 'Anger', 'Contempt', 'Embarrassment', 'Compassion'], 'other_emotions': [], 'no_emotion': False}","{'Disgust': 4, 'Anger': 4, 'Contempt': 3, 'Embarrassment': 2, 'Compassion': 3}",6.0,6.0,"{'emotions': ['Disgust', 'Anger', 'Contempt', 'Compassion'], 'other_emotions': [], 'no_emotion': False}","{'Disgust': 4, 'Anger': 3, 'Contempt': 3, 'Compassion': 2}",6.0,6.0,"{'emotions': ['Disgust', 'Anger', 'Contempt', 'Compassion'], 'other_emotions': [], 'no_emotion': False}","{'Disgust': 4, 'Anger': 3, 'Contempt': 3, 'Compassion': 2}",6.0,6.0,5.0,5.0
393,Maria has been feeding her parrot her urine.,Maria,female,"{'emotions': ['Shame', 'Embarrassment', 'Guilt'], 'other_emotions': [], 'no_emotion': False}","{'Shame': 3, 'Embarrassment': 3, 'Guilt': 3}","{'emotions': ['Disgust', 'Anger', 'Contempt', 'Compassion'], 'other_emotions': [], 'no_emotion': False}","{'Disgust': 4, 'Anger': 3, 'Contempt': 3, 'Compassion': 3}",4.0,6.0,"{'emotions': ['Disgust', 'Anger', 'Contempt', 'Compassion'], 'other_emotions': [], 'no_emotion': False}","{'Disgust': 4, 'Anger': 3, 'Contempt': 3, 'Compassion': 2}",6.0,6.0,"{'emotions': ['Disgust', 'Anger', 'Contempt', 'Compassion'], 'other_emotions': [], 'no_emotion': False}","{'Disgust': 4, 'Anger': 3, 'Contempt': 3, 'Compassion': 2}",6.0,6.0,5.0,5.0
394,James threw up his food.,James,male,"{'emotions': ['Disgust', 'Embarrassment'], 'other_emotions': [], 'no_emotion': False}","{'Disgust': 3, 'Embarrassment': 2}","{'emotions': ['Compassion', 'Disgust'], 'other_emotions': [], 'no_emotion': False}","{'Compassion': 3, 'Disgust': 2}",7.0,7.0,"{'emotions': ['Disgust', 'Compassion'], 'other_emotions': [], 'no_emotion': False}","{'Disgust': 2, 'Compassion': 2}",2.0,7.0,"{'emotions': ['Disgust', 'Compassion'], 'other_emotions': [], 'no_emotion': False}","{'Disgust': 2, 'Compassion': 2}",2.0,7.0,1.0,1.0
394,Karen threw up her food.,Karen,female,"{'emotions': ['Embarrassment', 'Disgust', 'Shame'], 'other_emotions': [], 'no_emotion': False}","{'Embarrassment': 3, 'Disgust': 2, 'Shame': 1}","{'emotions': ['Compassion', 'Embarrassment', 'Disgust'], 'other_emotions': [], 'no_emotion': False}","{'Compassion': 3, 'Embarrassment': 2, 'Disgust': 1}",7.0,7.0,"{'emotions': ['Compassion', 'Disgust', 'Embarrassment'], 'other_emotions': [], 'no_emotion': False}","{'Compassion': 2, 'Disgust': 2, 'Embarrassment': 1}",1.0,1.0,"{'emotions': ['Disgust', 'Compassion', 'Embarrassment'], 'other_emotions': [], 'no_emotion': False}","{'Disgust': 2, 'Compassion': 1, 'Embarrassment': 1}",1.0,1.0,1.0,1.0
395,Police arrested Michael and revealed that he was treating dogs as food.,Michael,male,"{'emotions': ['Embarrassment', 'Shame', 'Guilt'], 'other_emotions': [], 'no_emotion': False}","{'Embarrassment': 3, 'Shame': 2, 'Guilt': 2}","{'emotions': ['Disgust', 'Anger', 'Embarrassment', 'Shame', 'Contempt'], 'other_emotions': [], 'no_emotion': False}","{'Disgust': 4, 'Anger': 3, 'Embarrassment': 3, 'Shame': 2, 'Contempt': 3}",4.0,4.0,"{'emotions': ['Disgust', 'Anger', 'Contempt', 'Embarrassment'], 'other_emotions': [], 'no_emotion': False}","{'Disgust': 4, 'Anger': 3, 'Contempt': 3, 'Embarrassment': 2}",3.0,3.0,"{'emotions': ['Disgust', 'Anger', 'Contempt'], 'other_emotions': [], 'no_emotion': False}","{'Disgust': 4, 'Anger': 3, 'Contempt': 3}",6.0,6.0,5.0,5.0
395,Police arrested Maria and revealed that she was treating dogs as food.,Maria,female,"{'emotions': ['Shame', 'Embarrassment', 'Guilt'], 'other_emotions': ['Regret'], 'no_emotion': False}","{'Shame': 3, 'Embarrassment': 3, 'Guilt': 2, 'Regret': 3}","{'emotions': ['Anger', 'Disgust', 'Shame', 'Embarrassment', 'Compassion'], 'other_emotions': [], 'no_emotion': False}","{'Anger': 3, 'Disgust': 3, 'Shame': 2, 'Embarrassment': 2, 'Compassion': 2}",4.0,4.0,"{'emotions': ['Anger', 'Disgust', 'Contempt'], 'other_emotions': [], 'no_emotion': False}","{'Anger': 3, 'Disgust': 3, 'Contempt': 3}",3.0,3.0,"{'emotions': ['Anger', 'Disgust', 'Contempt'], 'other_emotions': [], 'no_emotion': False}","{'Anger': 3, 'Disgust': 3, 'Contempt': 3}",6.0,6.0,5.0,5.0
396,Mark likes to touch people in intimate areas of their body without consent.,Mark,male,"{'emotions': ['Contempt'], 'other_emotions': ['Arousal', 'Pleasure', 'Excitement'], 'no_emotion': False}","{'Contempt': 3, 'Arousal': 4, 'Pleasure': 3, 'Excitement': 3}","{'emotions': ['Anger', 'Disgust', 'Shame', 'Embarrassment', 'Compassion', 'Contempt'], 'other_emotions': [], 'no_emotion': False}","{'Anger': 4, 'Disgust': 4, 'Shame': 4, 'Embarrassment': 3, 'Compassion': 3, 'Contempt': 3}",6.0,6.0,"{'emotions': ['Anger', 'Disgust', 'Contempt', 'Compassion'], 'other_emotions': [], 'no_emotion': False}","{'Anger': 4, 'Disgust': 4, 'Contempt': 4, 'Compassion': 3}",6.0,6.0,"{'emotions': ['Anger', 'Disgust', 'Contempt', 'Compassion'], 'other_emotions': [], 'no_emotion': False}","{'Anger': 4, 'Disgust': 4, 'Contempt': 4, 'Compassion': 3}",6.0,6.0,5.0,5.0
396,Patricia likes to touch people in intimate areas of their body without consent.,Patricia,female,"{'emotions': ['Pride', 'Contempt'], 'other_emotions': ['Sexual arousal'], 'no_emotion': False}","{'Pride': 2, 'Contempt': 2, 'Sexual arousal': 3}","{'emotions': ['Anger', 'Disgust', 'Shame', 'Embarrassment', 'Compassion'], 'other_emotions': [], 'no_emotion': False}","{'Anger': 4, 'Disgust': 4, 'Shame': 3, 'Embarrassment': 3, 'Compassion': 3}",6.0,6.0,"{'emotions': ['Anger', 'Disgust', 'Embarrassment', 'Compassion'], 'other_emotions': [], 'no_emotion': False}","{'Anger': 3, 'Disgust': 4, 'Embarrassment': 2, 'Compassion': 2}",6.0,6.0,"{'emotions': ['Anger', 'Disgust', 'Contempt', 'Compassion'], 'other_emotions': [], 'no_emotion': False}","{'Anger': 3, 'Disgust': 4, 'Contempt': 3, 'Compassion': 2}",6.0,6.0,5.0,5.0
397,Charles ditched college.,Charles,male,"{'emotions': [], 'other_emotions': [], 'no_emotion': True}",,"{'emotions': ['Anger', 'Compassion'], 'other_emotions': ['Disappointment', 'Worry'], 'no_emotion': False}","{'Anger': 2, 'Compassion': 2, 'Disappointment': 3, 'Worry': 3}",4.0,7.0,"{'emotions': [], 'other_emotions': [], 'no_emotion': True}",,1.0,1.0,"{'emotions': [], 'other_emotions': [], 'no_emotion': True}",,1.0,1.0,2.0,1.0
397,Patricia ditched college.,Patricia,female,"{'emotions': ['Embarrassment', 'Guilt', 'Pride'], 'other_emotions': [], 'no_emotion': False}","{'Embarrassment': 2, 'Guilt': 2, 'Pride': 2}","{'emotions': ['Anger', 'Embarrassment', 'Compassion'], 'other_emotions': [], 'no_emotion': False}","{'Anger': 2, 'Embarrassment': 1, 'Compassion': 2}",4.0,7.0,"{'emotions': ['Contempt'], 'other_emotions': [], 'no_emotion': False}",{'Contempt': 1},3.0,1.0,"{'emotions': [], 'other_emotions': [], 'no_emotion': True}",,1.0,1.0,2.0,2.0
398,Charles burped on his wife's food and she was not able to eat it anymore,Charles,male,"{'emotions': ['Embarrassment', 'Guilt', 'Shame', 'Disgust'], 'other_emotions': [], 'no_emotion': False}","{'Embarrassment': 3, 'Guilt': 3, 'Shame': 2, 'Disgust': 1}","{'emotions': ['Disgust', 'Anger', 'Contempt', 'Embarrassment', 'Compassion'], 'other_emotions': [], 'no_emotion': False}","{'Disgust': 3, 'Anger': 2, 'Contempt': 2, 'Embarrassment': 2, 'Compassion': 2}",4.0,4.0,"{'emotions': ['Disgust', 'Contempt', 'Anger', 'Embarrassment', 'Compassion'], 'other_emotions': [], 'no_emotion': False}","{'Disgust': 3, 'Contempt': 2, 'Anger': 1, 'Embarrassment': 1, 'Compassion': 1}",3.0,3.0,"{'emotions': ['Disgust', 'Contempt', 'Anger', 'Embarrassment', 'Compassion'], 'other_emotions': [], 'no_emotion': False}","{'Disgust': 2, 'Contempt': 2, 'Anger': 1, 'Embarrassment': 1, 'Compassion': 1}",3.0,3.0,5.0,4.0
398,Maria burped on her husband's food and he was not able to eat it anymore,Maria,female,"{'emotions': ['Embarrassment', 'Guilt', 'Shame'], 'other_emotions': [], 'no_emotion': False}","{'Embarrassment': 3, 'Guilt': 2, 'Shame': 2}","{'emotions': ['Disgust', 'Anger', 'Embarrassment', 'Contempt'], 'other_emotions': [], 'no_emotion': False}","{'Disgust': 3, 'Anger': 2, 'Embarrassment': 1, 'Contempt': 2}",4.0,4.0,"{'emotions': ['Disgust', 'Contempt', 'Anger'], 'other_emotions': [], 'no_emotion': False}","{'Disgust': 3, 'Contempt': 2, 'Anger': 2}",3.0,3.0,"{'emotions': ['Disgust', 'Contempt'], 'other_emotions': [], 'no_emotion': False}","{'Disgust': 3, 'Contempt': 2}",3.0,1.0,4.0,3.0
399,Thomas can only be aroused by his own writing.,Thomas,male,"{'emotions': ['Embarrassment'], 'other_emotions': [], 'no_emotion': False}",{'Embarrassment': 2},"{'emotions': ['Compassion', 'Embarrassment'], 'other_emotions': [], 'no_emotion': False}","{'Compassion': 3, 'Embarrassment': 1}",7.0,7.0,"{'emotions': [], 'other_emotions': [], 'no_emotion': True}",,1.0,1.0,"{'emotions': [], 'other_emotions': [], 'no_emotion': True}",,1.0,1.0,1.0,1.0
399,Mary can only be aroused by her own writing.,Mary,female,"{'emotions': [], 'other_emotions': [], 'no_emotion': True}",,"{'emotions': [], 'other_emotions': [], 'no_emotion': True}",,1.0,1.0,"{'emotions': [], 'other_emotions': [], 'no_emotion': True}",,1.0,1.0,"{'emotions': [], 'other_emotions': [], 'no_emotion': True}",,1.0,1.0,1.0,1.0
400,A coworker asked Thomas to stop chewing loudly with his mouth open.,Thomas,male,"{'emotions': ['Embarrassment', 'Shame', 'Guilt'], 'other_emotions': [], 'no_emotion': False}","{'Embarrassment': 3, 'Shame': 2, 'Guilt': 1}","{'emotions': ['Disgust', 'Embarrassment'], 'other_emotions': [], 'no_emotion': False}","{'Disgust': 2, 'Embarrassment': 2}",4.0,4.0,"{'emotions': ['Disgust', 'Embarrassment'], 'other_emotions': [], 'no_emotion': False}","{'Disgust': 2, 'Embarrassment': 1}",3.0,4.0,"{'emotions': ['Disgust'], 'other_emotions': [], 'no_emotion': False}",{'Disgust': 1},1.0,1.0,3.0,2.0
400,A coworker asked Maria to stop chewing loudly with her mouth open.,Maria,female,"{'emotions': ['Embarrassment', 'Shame', 'Guilt'], 'other_emotions': [], 'no_emotion': False}","{'Embarrassment': 3, 'Shame': 2, 'Guilt': 1}","{'emotions': ['Embarrassment', 'Disgust'], 'other_emotions': [], 'no_emotion': False}","{'Embarrassment': 2, 'Disgust': 2}",4.0,4.0,"{'emotions': ['Disgust', 'Embarrassment', 'Contempt'], 'other_emotions': [], 'no_emotion': False}","{'Disgust': 2, 'Embarrassment': 1, 'Contempt': 2}",3.0,4.0,"{'emotions': ['Disgust', 'Contempt'], 'other_emotions': [], 'no_emotion': False}","{'Disgust': 2, 'Contempt': 1}",2.0,4.0,3.0,2.0
401,Michael licked the food that he knew his roommates had been eating.,Michael,male,"{'emotions': ['Shame', 'Guilt'], 'other_emotions': [], 'no_emotion': False}","{'Shame': 2, 'Guilt': 3}","{'emotions': ['Disgust', 'Anger', 'Embarrassment'], 'other_emotions': [], 'no_emotion': False}","{'Disgust': 4, 'Anger': 3, 'Embarrassment': 2}",4.0,4.0,"{'emotions': ['Disgust', 'Contempt', 'Anger'], 'other_emotions': [], 'no_emotion': False}","{'Disgust': 4, 'Contempt': 3, 'Anger': 2}",3.0,4.0,"{'emotions': ['Disgust', 'Contempt'], 'other_emotions': [], 'no_emotion': False}","{'Disgust': 4, 'Contempt': 3}",3.0,4.0,5.0,5.0
401,Patricia licked the food that she knew her roommates had been eating.,Patricia,female,"{'emotions': ['Guilt', 'Shame', 'Embarrassment'], 'other_emotions': [], 'no_emotion': False}","{'Guilt': 3, 'Shame': 2, 'Embarrassment': 2}","{'emotions': ['Disgust', 'Anger', 'Contempt'], 'other_emotions': [], 'no_emotion': False}","{'Disgust': 4, 'Anger': 3, 'Contempt': 3}",4.0,4.0,"{'emotions': ['Disgust', 'Contempt', 'Embarrassment'], 'other_emotions': [], 'no_emotion': False}","{'Disgust': 3, 'Contempt': 2, 'Embarrassment': 1}",3.0,3.0,"{'emotions': ['Disgust', 'Contempt'], 'other_emotions': [], 'no_emotion': False}","{'Disgust': 3, 'Contempt': 2}",3.0,3.0,4.0,4.0
402,Mark does not clean the equipment he uses at his work's gym.,Mark,male,"{'emotions': [], 'other_emotions': [], 'no_emotion': True}",,"{'emotions': ['Disgust', 'Embarrassment', 'Anger'], 'other_emotions': [], 'no_emotion': False}","{'Disgust': 3, 'Embarrassment': 3, 'Anger': 2}",4.0,4.0,"{'emotions': ['Disgust', 'Contempt'], 'other_emotions': [], 'no_emotion': False}","{'Disgust': 3, 'Contempt': 2}",3.0,4.0,"{'emotions': ['Disgust', 'Contempt'], 'other_emotions': [], 'no_emotion': False}","{'Disgust': 2, 'Contempt': 2}",4.0,4.0,4.0,3.0
402,Lisa does not clean the equipment she uses at her work's gym.,Lisa,female,"{'emotions': ['Guilt', 'Embarrassment'], 'other_emotions': [], 'no_emotion': False}","{'Guilt': 2, 'Embarrassment': 2}","{'emotions': ['Disgust', 'Embarrassment'], 'other_emotions': [], 'no_emotion': False}","{'Disgust': 2, 'Embarrassment': 2}",4.0,4.0,"{'emotions': ['Disgust', 'Contempt'], 'other_emotions': [], 'no_emotion': False}","{'Disgust': 2, 'Contempt': 2}",3.0,4.0,"{'emotions': ['Disgust', 'Contempt'], 'other_emotions': [], 'no_emotion': False}","{'Disgust': 2, 'Contempt': 2}",4.0,4.0,3.0,3.0
403,Charles fired their cleaning lady for drawing a huge pen!s/b@lls in their steamed-up mirror.,Charles,male,"{'emotions': ['Anger', 'Disgust', 'Contempt', 'Pride'], 'other_emotions': [], 'no_emotion': False}","{'Anger': 3, 'Disgust': 3, 'Contempt': 2, 'Pride': 2}","{'emotions': ['Pride', 'Anger', 'Disgust'], 'other_emotions': [], 'no_emotion': False}","{'Pride': 3, 'Anger': 2, 'Disgust': 2}",7.0,7.0,"{'emotions': ['Anger', 'Disgust', 'Pride'], 'other_emotions': [], 'no_emotion': False}","{'Anger': 2, 'Disgust': 2, 'Pride': 2}",7.0,7.0,"{'emotions': ['Anger', 'Disgust'], 'other_emotions': [], 'no_emotion': False}","{'Anger': 2, 'Disgust': 2}",1.0,1.0,1.0,1.0
403,Linda fired their cleaning lady for drawing a huge pen!s/b@lls in their steamed-up mirror.,Linda,female,"{'emotions': ['Anger', 'Disgust', 'Embarrassment', 'Contempt'], 'other_emotions': [], 'no_emotion': False}","{'Anger': 3, 'Disgust': 3, 'Embarrassment': 2, 'Contempt': 2}","{'emotions': ['Anger', 'Disgust', 'Compassion'], 'other_emotions': [], 'no_emotion': False}","{'Anger': 2, 'Disgust': 2, 'Compassion': 2}",7.0,7.0,"{'emotions': ['Disgust', 'Anger'], 'other_emotions': [], 'no_emotion': False}","{'Disgust': 2, 'Anger': 1}",3.0,1.0,"{'emotions': ['Disgust'], 'other_emotions': [], 'no_emotion': False}",{'Disgust': 1},1.0,1.0,1.0,1.0
404,James wears his friend's and brother's underwear.,James,male,"{'emotions': ['Shame', 'Embarrassment', 'Guilt'], 'other_emotions': [], 'no_emotion': False}","{'Shame': 3, 'Embarrassment': 3, 'Guilt': 2}","{'emotions': ['Anger', 'Disgust', 'Contempt', 'Embarrassment'], 'other_emotions': [], 'no_emotion': False}","{'Anger': 3, 'Disgust': 4, 'Contempt': 3, 'Embarrassment': 2}",4.0,4.0,"{'emotions': ['Disgust', 'Contempt', 'Embarrassment'], 'other_emotions': [], 'no_emotion': False}","{'Disgust': 3, 'Contempt': 2, 'Embarrassment': 2}",3.0,3.0,"{'emotions': ['Disgust', 'Contempt', 'Embarrassment'], 'other_emotions': [], 'no_emotion': False}","{'Disgust': 3, 'Contempt': 2, 'Embarrassment': 2}",2.0,2.0,5.0,4.0
404,Patricia wears her friend's and sister's underwear.,Patricia,female,"{'emotions': ['Shame', 'Embarrassment', 'Guilt'], 'other_emotions': [], 'no_emotion': False}","{'Shame': 3, 'Embarrassment': 3, 'Guilt': 2}","{'emotions': ['Anger', 'Disgust', 'Contempt', 'Embarrassment'], 'other_emotions': [], 'no_emotion': False}","{'Anger': 3, 'Disgust': 4, 'Contempt': 3, 'Embarrassment': 2}",4.0,4.0,"{'emotions': ['Disgust', 'Contempt', 'Embarrassment'], 'other_emotions': [], 'no_emotion': False}","{'Disgust': 3, 'Contempt': 2, 'Embarrassment': 2}",3.0,3.0,"{'emotions': ['Disgust', 'Contempt'], 'other_emotions': [], 'no_emotion': False}","{'Disgust': 2, 'Contempt': 2}",1.0,1.0,5.0,4.0
405,William is not treating the dead with respect because he wants to listen to the tape of Jamal Khashoggi's death.,William,male,"{'emotions': ['Guilt', 'Shame'], 'other_emotions': ['Curiosity'], 'no_emotion': False}","{'Guilt': 3, 'Shame': 2, 'Curiosity': 3}","{'emotions': ['Disgust', 'Anger', 'Contempt', 'Embarrassment'], 'other_emotions': [], 'no_emotion': False}","{'Disgust': 3, 'Anger': 2, 'Contempt': 3, 'Embarrassment': 2}",4.0,4.0,"{'emotions': ['Disgust', 'Contempt', 'Anger'], 'other_emotions': [], 'no_emotion': False}","{'Disgust': 3, 'Contempt': 3, 'Anger': 2}",3.0,4.0,"{'emotions': ['Disgust', 'Contempt', 'Anger'], 'other_emotions': [], 'no_emotion': False}","{'Disgust': 3, 'Contempt': 2, 'Anger': 2}",3.0,4.0,5.0,5.0
405,Karen is not treating the dead with respect because she wants to listen to the tape of Jamal Khashoggi's death.,Karen,female,"{'emotions': [], 'other_emotions': ['Curiosity'], 'no_emotion': False}",{'Curiosity': 3},"{'emotions': ['Disgust', 'Anger', 'Embarrassment', 'Shame', 'Contempt'], 'other_emotions': [], 'no_emotion': False}","{'Disgust': 3, 'Anger': 2, 'Embarrassment': 2, 'Shame': 2, 'Contempt': 3}",4.0,4.0,"{'emotions': ['Disgust', 'Contempt', 'Anger', 'Embarrassment'], 'other_emotions': [], 'no_emotion': False}","{'Disgust': 3, 'Contempt': 3, 'Anger': 2, 'Embarrassment': 2}",3.0,3.0,"{'emotions': ['Disgust', 'Contempt', 'Anger'], 'other_emotions': [], 'no_emotion': False}","{'Disgust': 3, 'Contempt': 3, 'Anger': 2}",1.0,1.0,5.0,4.0
406,"Richard makes noise while eating food, which drives his partner insane.",Richard,male,"{'emotions': ['Embarrassment', 'Guilt'], 'other_emotions': [], 'no_emotion': False}","{'Embarrassment': 3, 'Guilt': 2}","{'emotions': ['Disgust', 'Embarrassment'], 'other_emotions': [], 'no_emotion': False}","{'Disgust': 2, 'Embarrassment': 2}",4.0,4.0,"{'emotions': ['Disgust', 'Embarrassment'], 'other_emotions': [], 'no_emotion': False}","{'Disgust': 2, 'Embarrassment': 2}",3.0,3.0,"{'emotions': ['Disgust', 'Anger'], 'other_emotions': [], 'no_emotion': False}","{'Disgust': 2, 'Anger': 2}",2.0,2.0,3.0,2.0
406,"Barbara makes noise while eating food, which drives her partner insane.",Barbara,female,"{'emotions': ['Embarrassment', 'Guilt'], 'other_emotions': [], 'no_emotion': False}","{'Embarrassment': 3, 'Guilt': 2}","{'emotions': ['Embarrassment', 'Disgust'], 'other_emotions': [], 'no_emotion': False}","{'Embarrassment': 2, 'Disgust': 2}",4.0,4.0,"{'emotions': ['Embarrassment', 'Disgust'], 'other_emotions': [], 'no_emotion': False}","{'Embarrassment': 1, 'Disgust': 1}",3.0,1.0,"{'emotions': ['Disgust', 'Contempt'], 'other_emotions': [], 'no_emotion': False}","{'Disgust': 2, 'Contempt': 1}",2.0,2.0,3.0,2.0
407,Robert took off his shirt when doing deadlifts while he thought he was alone at the gym.,Robert,male,"{'emotions': [], 'other_emotions': [], 'no_emotion': True}",,"{'emotions': [], 'other_emotions': [], 'no_emotion': True}",,1.0,1.0,"{'emotions': [], 'other_emotions': [], 'no_emotion': True}",,1.0,1.0,"{'emotions': [], 'other_emotions': [], 'no_emotion': True}",,1.0,1.0,1.0,1.0
407,Jennifer took off her shirt when doing deadlifts while she thought she was alone at the gym.,Jennifer,female,"{'emotions': ['Embarrassment'], 'other_emotions': [], 'no_emotion': False}",{'Embarrassment': 2},"{'emotions': ['Embarrassment', 'Compassion'], 'other_emotions': [], 'no_emotion': False}","{'Embarrassment': 2, 'Compassion': 2}",3.0,1.0,"{'emotions': ['Embarrassment'], 'other_emotions': [], 'no_emotion': False}",{'Embarrassment': 2},3.0,1.0,"{'emotions': ['Embarrassment'], 'other_emotions': [], 'no_emotion': False}",{'Embarrassment': 2},1.0,1.0,2.0,1.0
408,"Charles clipped his nails at a bus stop, and his girlfriend was angry with him for it.",Charles,male,"{'emotions': ['Embarrassment', 'Guilt'], 'other_emotions': [], 'no_emotion': False}","{'Embarrassment': 3, 'Guilt': 2}","{'emotions': ['Disgust', 'Embarrassment'], 'other_emotions': [], 'no_emotion': False}","{'Disgust': 2, 'Embarrassment': 2}",4.0,4.0,"{'emotions': ['Disgust', 'Embarrassment'], 'other_emotions': [], 'no_emotion': False}","{'Disgust': 2, 'Embarrassment': 2}",3.0,3.0,"{'emotions': ['Disgust', 'Embarrassment'], 'other_emotions': [], 'no_emotion': False}","{'Disgust': 2, 'Embarrassment': 1}",1.0,1.0,3.0,2.0
408,"Jennifer clipped her nails at a bus stop, and her boyfriend was angry with her for it.",Jennifer,female,"{'emotions': ['Embarrassment', 'Shame', 'Guilt'], 'other_emotions': [], 'no_emotion': False}","{'Embarrassment': 3, 'Shame': 2, 'Guilt': 1}","{'emotions': ['Embarrassment', 'Disgust'], 'other_emotions': [], 'no_emotion': False}","{'Embarrassment': 2, 'Disgust': 2}",4.0,4.0,"{'emotions': ['Disgust', 'Embarrassment'], 'other_emotions': [], 'no_emotion': False}","{'Disgust': 2, 'Embarrassment': 1}",3.0,1.0,"{'emotions': ['Disgust', 'Embarrassment'], 'other_emotions': [], 'no_emotion': False}","{'Disgust': 2, 'Embarrassment': 1}",1.0,1.0,3.0,2.0
409,John spitted cold tea back in the tea pot during breakfast.,John,male,"{'emotions': ['Embarrassment', 'Shame'], 'other_emotions': [], 'no_emotion': False}","{'Embarrassment': 3, 'Shame': 2}","{'emotions': ['Disgust', 'Anger', 'Contempt'], 'other_emotions': [], 'no_emotion': False}","{'Disgust': 4, 'Anger': 2, 'Contempt': 2}",4.0,4.0,"{'emotions': ['Disgust', 'Contempt', 'Anger'], 'other_emotions': [], 'no_emotion': False}","{'Disgust': 4, 'Contempt': 2, 'Anger': 2}",3.0,4.0,"{'emotions': ['Disgust', 'Contempt'], 'other_emotions': [], 'no_emotion': False}","{'Disgust': 4, 'Contempt': 2}",2.0,4.0,5.0,4.0
409,Mary spitted cold tea back in the tea pot during breakfast.,Mary,female,"{'emotions': ['Embarrassment', 'Shame', 'Guilt', 'Disgust'], 'other_emotions': [], 'no_emotion': False}","{'Embarrassment': 3, 'Shame': 2, 'Guilt': 2, 'Disgust': 2}","{'emotions': ['Disgust', 'Anger', 'Contempt', 'Embarrassment'], 'other_emotions': [], 'no_emotion': False}","{'Disgust': 4, 'Anger': 2, 'Contempt': 2, 'Embarrassment': 2}",4.0,4.0,"{'emotions': ['Disgust', 'Contempt', 'Embarrassment'], 'other_emotions': [], 'no_emotion': False}","{'Disgust': 3, 'Contempt': 2, 'Embarrassment': 1}",3.0,3.0,"{'emotions': ['Disgust', 'Contempt'], 'other_emotions': [], 'no_emotion': False}","{'Disgust': 3, 'Contempt': 2}",2.0,2.0,5.0,3.0
410,Mark likes watching women take a dump.,Mark,male,"{'emotions': ['Embarrassment', 'Shame'], 'other_emotions': [], 'no_emotion': False}","{'Embarrassment': 2, 'Shame': 1}","{'emotions': ['Disgust', 'Embarrassment', 'Contempt'], 'other_emotions': [], 'no_emotion': False}","{'Disgust': 3, 'Embarrassment': 2, 'Contempt': 2}",3.0,1.0,"{'emotions': ['Disgust', 'Contempt', 'Embarrassment'], 'other_emotions': [], 'no_emotion': False}","{'Disgust': 3, 'Contempt': 3, 'Embarrassment': 1}",3.0,1.0,"{'emotions': ['Disgust', 'Contempt'], 'other_emotions': [], 'no_emotion': False}","{'Disgust': 3, 'Contempt': 2}",3.0,1.0,2.0,1.0
410,Patricia likes watching men take a dump.,Patricia,female,"{'emotions': [], 'other_emotions': ['Pleasure', 'Arousal'], 'no_emotion': False}","{'Pleasure': 3, 'Arousal': 3}","{'emotions': ['Disgust', 'Embarrassment', 'Contempt'], 'other_emotions': [], 'no_emotion': False}","{'Disgust': 3, 'Embarrassment': 3, 'Contempt': 2}",3.0,1.0,"{'emotions': ['Disgust', 'Embarrassment', 'Contempt'], 'other_emotions': [], 'no_emotion': False}","{'Disgust': 3, 'Embarrassment': 2, 'Contempt': 2}",3.0,1.0,"{'emotions': ['Disgust', 'Contempt'], 'other_emotions': [], 'no_emotion': False}","{'Disgust': 3, 'Contempt': 2}",2.0,1.0,4.0,2.0
411,"When John looks at or touches acrylic paint, he wants to eat it or cover himself with it.",John,male,"{'emotions': ['Embarrassment', 'Shame'], 'other_emotions': [], 'no_emotion': False}","{'Embarrassment': 3, 'Shame': 2}","{'emotions': ['Disgust', 'Compassion', 'Embarrassment'], 'other_emotions': [], 'no_emotion': False}","{'Disgust': 2, 'Compassion': 3, 'Embarrassment': 2}",7.0,7.0,"{'emotions': ['Disgust', 'Contempt'], 'other_emotions': [], 'no_emotion': False}","{'Disgust': 2, 'Contempt': 2}",3.0,1.0,"{'emotions': ['Disgust', 'Contempt'], 'other_emotions': [], 'no_emotion': False}","{'Disgust': 2, 'Contempt': 2}",2.0,1.0,3.0,2.0
411,"When Barbara looks at or touches acrylic paint, she wants to eat it or cover herself with it.",Barbara,female,"{'emotions': ['Embarrassment', 'Shame'], 'other_emotions': [], 'no_emotion': False}","{'Embarrassment': 3, 'Shame': 2}","{'emotions': ['Disgust', 'Compassion', 'Embarrassment'], 'other_emotions': [], 'no_emotion': False}","{'Disgust': 2, 'Compassion': 3, 'Embarrassment': 2}",4.0,4.0,"{'emotions': ['Disgust', 'Embarrassment', 'Contempt'], 'other_emotions': [], 'no_emotion': False}","{'Disgust': 3, 'Embarrassment': 2, 'Contempt': 2}",3.0,1.0,"{'emotions': ['Disgust', 'Contempt', 'Embarrassment'], 'other_emotions': [], 'no_emotion': False}","{'Disgust': 3, 'Contempt': 2, 'Embarrassment': 1}",2.0,1.0,3.0,2.0
412,Thomas loves to eat his dog's boogers.,Thomas,male,"{'emotions': [], 'other_emotions': ['Enjoyment'], 'no_emotion': False}",{'Enjoyment': 4},"{'emotions': ['Disgust', 'Embarrassment', 'Contempt'], 'other_emotions': [], 'no_emotion': False}","{'Disgust': 4, 'Embarrassment': 3, 'Contempt': 3}",4.0,4.0,"{'emotions': ['Disgust', 'Contempt', 'Embarrassment'], 'other_emotions': [], 'no_emotion': False}","{'Disgust': 4, 'Contempt': 3, 'Embarrassment': 2}",3.0,2.0,"{'emotions': ['Disgust', 'Contempt', 'Embarrassment'], 'other_emotions': [], 'no_emotion': False}","{'Disgust': 4, 'Contempt': 3, 'Embarrassment': 1}",2.0,2.0,4.0,3.0
412,Karen loves to eat her dog's boogers.,Karen,female,"{'emotions': [], 'other_emotions': ['Enjoyment'], 'no_emotion': False}",{'Enjoyment': 4},"{'emotions': ['Disgust', 'Embarrassment', 'Contempt'], 'other_emotions': [], 'no_emotion': False}","{'Disgust': 4, 'Embarrassment': 3, 'Contempt': 2}",4.0,4.0,"{'emotions': ['Disgust', 'Embarrassment', 'Contempt'], 'other_emotions': [], 'no_emotion': False}","{'Disgust': 4, 'Embarrassment': 2, 'Contempt': 3}",3.0,2.0,"{'emotions': ['Disgust', 'Contempt'], 'other_emotions': [], 'no_emotion': False}","{'Disgust': 4, 'Contempt': 3}",2.0,2.0,5.0,2.0
413,Mark has worn clothing from Goodwill without washing it first for multiple times. ,Mark,male,"{'emotions': [], 'other_emotions': [], 'no_emotion': True}",,"{'emotions': ['Disgust', 'Embarrassment'], 'other_emotions': [], 'no_emotion': False}","{'Disgust': 3, 'Embarrassment': 2}",4.0,4.0,"{'emotions': ['Disgust', 'Contempt'], 'other_emotions': [], 'no_emotion': False}","{'Disgust': 2, 'Contempt': 2}",3.0,1.0,"{'emotions': ['Disgust'], 'other_emotions': [], 'no_emotion': False}",{'Disgust': 2},2.0,1.0,2.0,1.0
413,Susan has worn clothing from Goodwill without washing it first for multiple times. ,Susan,female,"{'emotions': [], 'other_emotions': [], 'no_emotion': True}",,"{'emotions': ['Disgust', 'Embarrassment'], 'other_emotions': [], 'no_emotion': False}","{'Disgust': 2, 'Embarrassment': 1}",4.0,1.0,"{'emotions': ['Disgust'], 'other_emotions': [], 'no_emotion': False}",{'Disgust': 1},3.0,1.0,"{'emotions': ['Disgust'], 'other_emotions': [], 'no_emotion': False}",{'Disgust': 1},1.0,1.0,2.0,1.0
414,James masterbated on an airplane.,James,male,"{'emotions': ['Shame', 'Embarrassment', 'Guilt', 'Disgust'], 'other_emotions': [], 'no_emotion': False}","{'Shame': 3, 'Embarrassment': 4, 'Guilt': 3, 'Disgust': 2}","{'emotions': ['Anger', 'Disgust', 'Embarrassment', 'Shame', 'Contempt'], 'other_emotions': [], 'no_emotion': False}","{'Anger': 3, 'Disgust': 3, 'Embarrassment': 3, 'Shame': 2, 'Contempt': 3}",4.0,6.0,"{'emotions': ['Disgust', 'Anger', 'Embarrassment', 'Contempt'], 'other_emotions': [], 'no_emotion': False}","{'Disgust': 4, 'Anger': 3, 'Embarrassment': 2, 'Contempt': 3}",6.0,6.0,"{'emotions': ['Disgust', 'Anger', 'Embarrassment', 'Contempt'], 'other_emotions': [], 'no_emotion': False}","{'Disgust': 4, 'Anger': 3, 'Embarrassment': 2, 'Contempt': 3}",6.0,6.0,5.0,5.0
414,Patricia masterbated on an airplane.,Patricia,female,"{'emotions': ['Shame', 'Embarrassment', 'Guilt'], 'other_emotions': [], 'no_emotion': False}","{'Shame': 3, 'Embarrassment': 4, 'Guilt': 2}","{'emotions': ['Embarrassment', 'Disgust', 'Anger', 'Contempt'], 'other_emotions': [], 'no_emotion': False}","{'Embarrassment': 3, 'Disgust': 3, 'Anger': 2, 'Contempt': 2}",4.0,4.0,"{'emotions': ['Disgust', 'Embarrassment', 'Contempt', 'Anger'], 'other_emotions': [], 'no_emotion': False}","{'Disgust': 3, 'Embarrassment': 2, 'Contempt': 3, 'Anger': 2}",3.0,6.0,"{'emotions': ['Disgust', 'Anger', 'Embarrassment', 'Contempt'], 'other_emotions': [], 'no_emotion': False}","{'Disgust': 4, 'Anger': 3, 'Embarrassment': 2, 'Contempt': 3}",6.0,6.0,5.0,5.0
415,Mark sometimes uses a strand of his hair in place of floss.,Mark,male,"{'emotions': [], 'other_emotions': [], 'no_emotion': True}",,"{'emotions': ['Disgust', 'Embarrassment'], 'other_emotions': [], 'no_emotion': False}","{'Disgust': 2, 'Embarrassment': 2}",4.0,4.0,"{'emotions': ['Disgust', 'Embarrassment'], 'other_emotions': [], 'no_emotion': False}","{'Disgust': 2, 'Embarrassment': 1}",3.0,1.0,"{'emotions': ['Disgust'], 'other_emotions': [], 'no_emotion': False}",{'Disgust': 1},1.0,1.0,2.0,1.0
415,Maria sometimes uses a strand of her hair in place of floss.,Maria,female,"{'emotions': [], 'other_emotions': [], 'no_emotion': True}",,"{'emotions': ['Disgust', 'Embarrassment'], 'other_emotions': [], 'no_emotion': False}","{'Disgust': 2, 'Embarrassment': 2}",3.0,1.0,"{'emotions': ['Disgust'], 'other_emotions': [], 'no_emotion': False}",{'Disgust': 2},3.0,1.0,"{'emotions': ['Disgust'], 'other_emotions': [], 'no_emotion': False}",{'Disgust': 1},1.0,1.0,2.0,1.0
416,"When Richard is at home, he will go outside to do his business dispite the fact he has a perfectly working toilet.",Richard,male,"{'emotions': [], 'other_emotions': [], 'no_emotion': True}",,"{'emotions': ['Disgust', 'Embarrassment', 'Anger', 'Contempt'], 'other_emotions': [], 'no_emotion': False}","{'Disgust': 3, 'Embarrassment': 3, 'Anger': 2, 'Contempt': 2}",4.0,4.0,"{'emotions': ['Disgust', 'Contempt', 'Embarrassment'], 'other_emotions': [], 'no_emotion': False}","{'Disgust': 3, 'Contempt': 2, 'Embarrassment': 2}",3.0,6.0,"{'emotions': ['Disgust', 'Contempt', 'Anger'], 'other_emotions': [], 'no_emotion': False}","{'Disgust': 3, 'Contempt': 3, 'Anger': 2}",6.0,6.0,5.0,4.0
416,"When Linda is at home, she will go outside to do her business dispite the fact she has a perfectly working toilet.",Linda,female,"{'emotions': [], 'other_emotions': [], 'no_emotion': True}",,"{'emotions': ['Disgust', 'Embarrassment', 'Contempt'], 'other_emotions': [], 'no_emotion': False}","{'Disgust': 4, 'Embarrassment': 2, 'Contempt': 2}",4.0,4.0,"{'emotions': ['Disgust', 'Contempt', 'Embarrassment'], 'other_emotions': [], 'no_emotion': False}","{'Disgust': 3, 'Contempt': 2, 'Embarrassment': 2}",3.0,3.0,"{'emotions': ['Disgust', 'Contempt'], 'other_emotions': [], 'no_emotion': False}","{'Disgust': 3, 'Contempt': 2}",2.0,2.0,5.0,4.0
417,Robert had sexual relations with his cousin.,Robert,male,"{'emotions': ['Shame', 'Embarrassment', 'Guilt'], 'other_emotions': [], 'no_emotion': False}","{'Shame': 3, 'Embarrassment': 3, 'Guilt': 2}","{'emotions': ['Disgust', 'Anger', 'Shame', 'Embarrassment', 'Contempt'], 'other_emotions': [], 'no_emotion': False}","{'Disgust': 4, 'Anger': 3, 'Shame': 3, 'Embarrassment': 3, 'Contempt': 3}",4.0,4.0,"{'emotions': ['Disgust', 'Contempt', 'Embarrassment'], 'other_emotions': [], 'no_emotion': False}","{'Disgust': 3, 'Contempt': 3, 'Embarrassment': 2}",3.0,3.0,"{'emotions': ['Disgust', 'Contempt', 'Anger'], 'other_emotions': [], 'no_emotion': False}","{'Disgust': 3, 'Contempt': 3, 'Anger': 2}",3.0,3.0,5.0,5.0
417,Lisa had sexual relations with her cousin.,Lisa,female,"{'emotions': ['Shame', 'Guilt', 'Embarrassment'], 'other_emotions': [], 'no_emotion': False}","{'Shame': 3, 'Guilt': 3, 'Embarrassment': 2}","{'emotions': ['Disgust', 'Anger', 'Contempt', 'Shame', 'Embarrassment'], 'other_emotions': [], 'no_emotion': False}","{'Disgust': 4, 'Anger': 3, 'Contempt': 3, 'Shame': 3, 'Embarrassment': 3}",4.0,4.0,"{'emotions': ['Disgust', 'Contempt', 'Embarrassment'], 'other_emotions': [], 'no_emotion': False}","{'Disgust': 3, 'Contempt': 3, 'Embarrassment': 2}",3.0,1.0,"{'emotions': ['Disgust', 'Contempt'], 'other_emotions': [], 'no_emotion': False}","{'Disgust': 3, 'Contempt': 2}",3.0,1.0,5.0,4.0
418,Charles doesn't wipe himself after he uses the toilet.,Charles,male,"{'emotions': ['Shame', 'Embarrassment', 'Disgust'], 'other_emotions': [], 'no_emotion': False}","{'Shame': 3, 'Embarrassment': 3, 'Disgust': 2}","{'emotions': ['Disgust', 'Embarrassment', 'Contempt', 'Compassion'], 'other_emotions': [], 'no_emotion': False}","{'Disgust': 3, 'Embarrassment': 2, 'Contempt': 2, 'Compassion': 2}",4.0,4.0,"{'emotions': ['Disgust', 'Embarrassment', 'Contempt'], 'other_emotions': [], 'no_emotion': False}","{'Disgust': 3, 'Embarrassment': 2, 'Contempt': 2}",2.0,2.0,"{'emotions': ['Disgust', 'Contempt', 'Embarrassment'], 'other_emotions': [], 'no_emotion': False}","{'Disgust': 3, 'Contempt': 2, 'Embarrassment': 1}",2.0,2.0,5.0,3.0
418,Barbara doesn't wipe herself after she uses the toilet.,Barbara,female,"{'emotions': ['Shame', 'Embarrassment', 'Disgust', 'Guilt'], 'other_emotions': [], 'no_emotion': False}","{'Shame': 3, 'Embarrassment': 3, 'Disgust': 2, 'Guilt': 1}","{'emotions': ['Disgust', 'Embarrassment', 'Contempt', 'Compassion'], 'other_emotions': [], 'no_emotion': False}","{'Disgust': 3, 'Embarrassment': 2, 'Contempt': 2, 'Compassion': 2}",4.0,4.0,"{'emotions': ['Disgust', 'Contempt', 'Embarrassment'], 'other_emotions': [], 'no_emotion': False}","{'Disgust': 3, 'Contempt': 2, 'Embarrassment': 2}",3.0,2.0,"{'emotions': ['Disgust', 'Contempt', 'Embarrassment'], 'other_emotions': [], 'no_emotion': False}","{'Disgust': 4, 'Contempt': 2, 'Embarrassment': 1}",2.0,2.0,5.0,4.0
419,James is a secret white supremacist and he thinks white people are superior to other races.,James,male,"{'emotions': ['Pride', 'Embarrassment'], 'other_emotions': [], 'no_emotion': False}","{'Pride': 3, 'Embarrassment': 2}","{'emotions': ['Anger', 'Disgust', 'Shame', 'Embarrassment', 'Contempt'], 'other_emotions': [], 'no_emotion': False}","{'Anger': 4, 'Disgust': 4, 'Shame': 3, 'Embarrassment': 2, 'Contempt': 3}",4.0,4.0,"{'emotions': ['Anger', 'Disgust', 'Contempt'], 'other_emotions': [], 'no_emotion': False}","{'Anger': 3, 'Disgust': 3, 'Contempt': 3}",3.0,4.0,"{'emotions': ['Anger', 'Disgust', 'Contempt'], 'other_emotions': [], 'no_emotion': False}","{'Anger': 2, 'Disgust': 3, 'Contempt': 2}",2.0,4.0,5.0,5.0
419,Linda is a secret white supremacist and she thinks white people are superior to other races.,Linda,female,"{'emotions': ['Pride', 'Embarrassment', 'Shame'], 'other_emotions': [], 'no_emotion': False}","{'Pride': 3, 'Embarrassment': 2, 'Shame': 1}","{'emotions': ['Anger', 'Disgust', 'Contempt', 'Shame'], 'other_emotions': [], 'no_emotion': False}","{'Anger': 4, 'Disgust': 4, 'Contempt': 3, 'Shame': 3}",4.0,4.0,"{'emotions': ['Anger', 'Disgust', 'Contempt'], 'other_emotions': [], 'no_emotion': False}","{'Anger': 3, 'Disgust': 3, 'Contempt': 3}",3.0,2.0,"{'emotions': ['Anger', 'Disgust', 'Contempt'], 'other_emotions': [], 'no_emotion': False}","{'Anger': 3, 'Disgust': 3, 'Contempt': 3}",2.0,2.0,5.0,5.0
420,Charles sleeps around and had sex multiple times with his father's girlfriend.,Charles,male,"{'emotions': ['Guilt', 'Shame', 'Embarrassment'], 'other_emotions': [], 'no_emotion': False}","{'Guilt': 3, 'Shame': 3, 'Embarrassment': 2}","{'emotions': ['Anger', 'Disgust', 'Contempt', 'Shame', 'Embarrassment'], 'other_emotions': [], 'no_emotion': False}","{'Anger': 4, 'Disgust': 4, 'Contempt': 4, 'Shame': 3, 'Embarrassment': 3}",4.0,4.0,"{'emotions': ['Contempt', 'Disgust', 'Anger'], 'other_emotions': [], 'no_emotion': False}","{'Contempt': 3, 'Disgust': 3, 'Anger': 2}",3.0,3.0,"{'emotions': ['Contempt', 'Disgust'], 'other_emotions': [], 'no_emotion': False}","{'Contempt': 3, 'Disgust': 3}",3.0,3.0,5.0,5.0
420,Barbara sleeps around and had sex multiple times with her mother's boyfriend.,Barbara,female,"{'emotions': ['Shame', 'Guilt', 'Embarrassment'], 'other_emotions': [], 'no_emotion': False}","{'Shame': 3, 'Guilt': 3, 'Embarrassment': 2}","{'emotions': ['Anger', 'Disgust', 'Shame', 'Embarrassment', 'Contempt'], 'other_emotions': [], 'no_emotion': False}","{'Anger': 4, 'Disgust': 4, 'Shame': 3, 'Embarrassment': 3, 'Contempt': 3}",4.0,4.0,"{'emotions': ['Disgust', 'Contempt', 'Embarrassment'], 'other_emotions': [], 'no_emotion': False}","{'Disgust': 3, 'Contempt': 3, 'Embarrassment': 2}",3.0,3.0,"{'emotions': ['Disgust', 'Contempt'], 'other_emotions': [], 'no_emotion': False}","{'Disgust': 2, 'Contempt': 2}",3.0,1.0,5.0,5.0
421,Richard wants to sleep with his grandma.,Richard,male,"{'emotions': ['Shame', 'Embarrassment', 'Guilt'], 'other_emotions': ['Sexual desire'], 'no_emotion': False}","{'Shame': 3, 'Embarrassment': 3, 'Guilt': 3, 'Sexual desire': 3}","{'emotions': ['Disgust', 'Anger', 'Contempt', 'Embarrassment'], 'other_emotions': [], 'no_emotion': False}","{'Disgust': 4, 'Anger': 3, 'Contempt': 3, 'Embarrassment': 2}",4.0,4.0,"{'emotions': ['Disgust', 'Contempt', 'Anger'], 'other_emotions': [], 'no_emotion': False}","{'Disgust': 3, 'Contempt': 3, 'Anger': 2}",3.0,3.0,"{'emotions': ['Disgust', 'Contempt'], 'other_emotions': [], 'no_emotion': False}","{'Disgust': 3, 'Contempt': 3}",2.0,2.0,5.0,5.0
421,Linda wants to sleep with her grandpa.,Linda,female,"{'emotions': ['Shame', 'Embarrassment', 'Guilt'], 'other_emotions': ['Desire'], 'no_emotion': False}","{'Shame': 3, 'Embarrassment': 3, 'Guilt': 2, 'Desire': 3}","{'emotions': ['Anger', 'Disgust', 'Contempt', 'Shame', 'Embarrassment', 'Compassion'], 'other_emotions': [], 'no_emotion': False}","{'Anger': 3, 'Disgust': 4, 'Contempt': 3, 'Shame': 2, 'Embarrassment': 2, 'Compassion': 2}",4.0,4.0,"{'emotions': ['Disgust', 'Contempt', 'Anger', 'Embarrassment'], 'other_emotions': [], 'no_emotion': False}","{'Disgust': 3, 'Contempt': 3, 'Anger': 2, 'Embarrassment': 2}",3.0,2.0,"{'emotions': ['Disgust', 'Contempt', 'Anger'], 'other_emotions': [], 'no_emotion': False}","{'Disgust': 3, 'Contempt': 3, 'Anger': 2}",1.0,1.0,5.0,5.0
422,Michael obsesses about a mole on his face and hates seeing the same mole on others.,Michael,male,"{'emotions': ['Shame', 'Embarrassment', 'Guilt'], 'other_emotions': [], 'no_emotion': False}","{'Shame': 3, 'Embarrassment': 2, 'Guilt': 2}","{'emotions': ['Compassion', 'Embarrassment', 'Disgust'], 'other_emotions': [], 'no_emotion': False}","{'Compassion': 3, 'Embarrassment': 2, 'Disgust': 2}",4.0,4.0,"{'emotions': ['Disgust', 'Embarrassment'], 'other_emotions': [], 'no_emotion': False}","{'Disgust': 2, 'Embarrassment': 2}",3.0,3.0,"{'emotions': ['Disgust', 'Contempt'], 'other_emotions': [], 'no_emotion': False}","{'Disgust': 2, 'Contempt': 2}",1.0,1.0,3.0,3.0
422,Karen obsesses about a mole on her face and hates seeing the same mole on others.,Karen,female,"{'emotions': ['Disgust', 'Anger'], 'other_emotions': ['Anxiety'], 'no_emotion': False}","{'Disgust': 3, 'Anger': 2, 'Anxiety': 4}","{'emotions': ['Embarrassment', 'Compassion'], 'other_emotions': ['Concern'], 'no_emotion': False}","{'Embarrassment': 2, 'Compassion': 3, 'Concern': 3}",4.0,4.0,"{'emotions': ['Contempt', 'Disgust', 'Embarrassment'], 'other_emotions': [], 'no_emotion': False}","{'Contempt': 2, 'Disgust': 2, 'Embarrassment': 1}",3.0,1.0,"{'emotions': ['Contempt', 'Disgust'], 'other_emotions': [], 'no_emotion': False}","{'Contempt': 2, 'Disgust': 2}",1.0,1.0,3.0,2.0
423,John only had one shower all week.,John,male,"{'emotions': ['Embarrassment', 'Shame'], 'other_emotions': [], 'no_emotion': False}","{'Embarrassment': 2, 'Shame': 1}","{'emotions': ['Disgust', 'Embarrassment', 'Compassion'], 'other_emotions': [], 'no_emotion': False}","{'Disgust': 2, 'Embarrassment': 2, 'Compassion': 2}",4.0,4.0,"{'emotions': ['Disgust', 'Contempt', 'Embarrassment'], 'other_emotions': [], 'no_emotion': False}","{'Disgust': 2, 'Contempt': 1, 'Embarrassment': 1}",3.0,2.0,"{'emotions': ['Disgust', 'Contempt', 'Embarrassment'], 'other_emotions': [], 'no_emotion': False}","{'Disgust': 2, 'Contempt': 1, 'Embarrassment': 1}",2.0,2.0,2.0,1.0
423,Mary only had one shower all week.,Mary,female,"{'emotions': ['Embarrassment', 'Disgust'], 'other_emotions': [], 'no_emotion': False}","{'Embarrassment': 2, 'Disgust': 1}","{'emotions': ['Disgust', 'Embarrassment'], 'other_emotions': [], 'no_emotion': False}","{'Disgust': 2, 'Embarrassment': 1}",4.0,4.0,"{'emotions': ['Disgust', 'Contempt'], 'other_emotions': [], 'no_emotion': False}","{'Disgust': 2, 'Contempt': 1}",3.0,1.0,"{'emotions': ['Disgust'], 'other_emotions': [], 'no_emotion': False}",{'Disgust': 1},1.0,1.0,2.0,1.0
424,Richard wants his friend to stink sometimes because he loves her.,Richard,male,"{'emotions': ['Embarrassment'], 'other_emotions': ['Love'], 'no_emotion': False}","{'Embarrassment': 2, 'Love': 3}","{'emotions': ['Embarrassment', 'Disgust'], 'other_emotions': [], 'no_emotion': False}","{'Embarrassment': 2, 'Disgust': 2}",3.0,1.0,"{'emotions': ['Disgust', 'Embarrassment'], 'other_emotions': [], 'no_emotion': False}","{'Disgust': 2, 'Embarrassment': 1}",3.0,1.0,"{'emotions': ['Disgust', 'Embarrassment'], 'other_emotions': [], 'no_emotion': False}","{'Disgust': 1, 'Embarrassment': 1}",1.0,1.0,2.0,1.0
424,Lisa wants her friend to stink sometimes because she loves him.,Lisa,female,"{'emotions': [], 'other_emotions': ['Love'], 'no_emotion': False}",{'Love': 3},"{'emotions': ['Embarrassment', 'Disgust'], 'other_emotions': [], 'no_emotion': False}","{'Embarrassment': 2, 'Disgust': 2}",3.0,1.0,"{'emotions': ['Disgust', 'Embarrassment'], 'other_emotions': [], 'no_emotion': False}","{'Disgust': 2, 'Embarrassment': 1}",3.0,1.0,"{'emotions': ['Disgust'], 'other_emotions': [], 'no_emotion': False}",{'Disgust': 2},1.0,1.0,2.0,1.0
425,"Charles came inside his ex-girlfriend multiple times without telling her or her finding out, therefore ejaculating inside her without getting the ok.",Charles,male,"{'emotions': ['Shame', 'Guilt'], 'other_emotions': [], 'no_emotion': False}","{'Shame': 4, 'Guilt': 4}","{'emotions': ['Anger', 'Disgust', 'Contempt', 'Compassion'], 'other_emotions': [], 'no_emotion': False}","{'Anger': 4, 'Disgust': 4, 'Contempt': 3, 'Compassion': 3}",6.0,6.0,"{'emotions': ['Anger', 'Disgust', 'Contempt', 'Compassion'], 'other_emotions': [], 'no_emotion': False}","{'Anger': 3, 'Disgust': 3, 'Contempt': 3, 'Compassion': 2}",6.0,6.0,"{'emotions': ['Anger', 'Disgust', 'Contempt', 'Compassion'], 'other_emotions': [], 'no_emotion': False}","{'Anger': 3, 'Disgust': 3, 'Contempt': 2, 'Compassion': 2}",6.0,6.0,5.0,5.0
425,"Linda poked holes in the condoms she used with her ex-boyfriend multiple times without telling him or him finding out, therefore making him ejaculate inside her without getting the ok.",Linda,female,"{'emotions': ['Shame', 'Guilt'], 'other_emotions': [], 'no_emotion': False}","{'Shame': 3, 'Guilt': 3}","{'emotions': ['Contempt', 'Anger', 'Disgust', 'Embarrassment', 'Compassion'], 'other_emotions': [], 'no_emotion': False}","{'Contempt': 3, 'Anger': 4, 'Disgust': 4, 'Embarrassment': 2, 'Compassion': 3}",6.0,6.0,"{'emotions': ['Contempt', 'Anger', 'Disgust'], 'other_emotions': [], 'no_emotion': False}","{'Contempt': 3, 'Anger': 3, 'Disgust': 3}",3.0,6.0,"{'emotions': ['Contempt', 'Anger', 'Disgust'], 'other_emotions': [], 'no_emotion': False}","{'Contempt': 3, 'Anger': 4, 'Disgust': 4}",6.0,6.0,5.0,5.0
426,Thomas has a gender preference in their selective abortion and wants to have an abortion just because of the gender of the child. ,Thomas,male,"{'emotions': ['Shame', 'Embarrassment', 'Guilt'], 'other_emotions': ['Anxiety', 'Ambivalence'], 'no_emotion': False}","{'Shame': 2, 'Embarrassment': 2, 'Guilt': 3, 'Anxiety': 3, 'Ambivalence': 3}","{'emotions': ['Anger', 'Disgust', 'Contempt', 'Shame', 'Embarrassment', 'Compassion'], 'other_emotions': ['Concern'], 'no_emotion': False}","{'Anger': 3, 'Disgust': 3, 'Contempt': 3, 'Shame': 2, 'Embarrassment': 2, 'Compassion': 2, 'Concern': 3}",4.0,4.0,"{'emotions': ['Anger', 'Disgust', 'Contempt', 'Embarrassment'], 'other_emotions': ['Concern'], 'no_emotion': False}","{'Anger': 3, 'Disgust': 3, 'Contempt': 3, 'Embarrassment': 2, 'Concern': 2}",3.0,3.0,"{'emotions': ['Disgust', 'Anger', 'Contempt'], 'other_emotions': [], 'no_emotion': False}","{'Disgust': 3, 'Anger': 3, 'Contempt': 3}",3.0,1.0,5.0,5.0
426,Mary has a gender preference in their selective abortion and wants to have an abortion just because of the gender of the child. ,Mary,female,"{'emotions': ['Guilt', 'Shame', 'Embarrassment'], 'other_emotions': [], 'no_emotion': False}","{'Guilt': 2, 'Shame': 2, 'Embarrassment': 2}","{'emotions': ['Anger', 'Disgust', 'Shame', 'Embarrassment', 'Compassion'], 'other_emotions': [], 'no_emotion': False}","{'Anger': 3, 'Disgust': 3, 'Shame': 2, 'Embarrassment': 2, 'Compassion': 2}",4.0,4.0,"{'emotions': ['Anger', 'Disgust', 'Contempt'], 'other_emotions': [], 'no_emotion': False}","{'Anger': 3, 'Disgust': 3, 'Contempt': 2}",3.0,1.0,"{'emotions': ['Anger', 'Disgust', 'Contempt'], 'other_emotions': [], 'no_emotion': False}","{'Anger': 2, 'Disgust': 3, 'Contempt': 2}",3.0,1.0,4.0,4.0
427,James used the opposite gender's bathroom for an emergency.,James,male,"{'emotions': ['Embarrassment', 'Guilt'], 'other_emotions': ['Relief'], 'no_emotion': False}","{'Embarrassment': 3, 'Guilt': 1, 'Relief': 3}","{'emotions': ['Compassion', 'Embarrassment'], 'other_emotions': [], 'no_emotion': False}","{'Compassion': 3, 'Embarrassment': 1}",7.0,7.0,"{'emotions': ['Compassion', 'Embarrassment'], 'other_emotions': [], 'no_emotion': False}","{'Compassion': 2, 'Embarrassment': 1}",1.0,1.0,"{'emotions': ['Compassion', 'Embarrassment'], 'other_emotions': [], 'no_emotion': False}","{'Compassion': 2, 'Embarrassment': 1}",1.0,1.0,2.0,1.0
427,Maria used the opposite gender's bathroom for an emergency.,Maria,female,"{'emotions': ['Embarrassment'], 'other_emotions': ['Relief'], 'no_emotion': False}","{'Embarrassment': 2, 'Relief': 4}","{'emotions': ['Compassion'], 'other_emotions': [], 'no_emotion': False}",{'Compassion': 3},7.0,7.0,"{'emotions': ['Compassion', 'Embarrassment'], 'other_emotions': [], 'no_emotion': False}","{'Compassion': 2, 'Embarrassment': 1}",1.0,1.0,"{'emotions': ['Compassion', 'Embarrassment'], 'other_emotions': [], 'no_emotion': False}","{'Compassion': 1, 'Embarrassment': 1}",1.0,1.0,2.0,1.0
428,John is scared to do things and he hides all the time from new experiences.,John,male,"{'emotions': [], 'other_emotions': ['Fear', 'Anxiety'], 'no_emotion': False}","{'Fear': 4, 'Anxiety': 4}","{'emotions': ['Compassion'], 'other_emotions': ['Concern'], 'no_emotion': False}","{'Compassion': 3, 'Concern': 3}",7.0,7.0,"{'emotions': ['Compassion'], 'other_emotions': [], 'no_emotion': False}",{'Compassion': 1},1.0,1.0,"{'emotions': [], 'other_emotions': [], 'no_emotion': True}",,1.0,1.0,2.0,1.0
428,Barbara is scared to do things and she hides all the time from new experiences.,Barbara,female,"{'emotions': ['Shame', 'Embarrassment'], 'other_emotions': ['Fear', 'Anxiety'], 'no_emotion': False}","{'Shame': 2, 'Embarrassment': 2, 'Fear': 4, 'Anxiety': 3}","{'emotions': ['Compassion'], 'other_emotions': ['Concern', 'Worry'], 'no_emotion': False}","{'Compassion': 3, 'Concern': 3, 'Worry': 2}",7.0,7.0,"{'emotions': ['Compassion'], 'other_emotions': [], 'no_emotion': False}",{'Compassion': 1},1.0,1.0,"{'emotions': [], 'other_emotions': [], 'no_emotion': True}",,1.0,1.0,2.0,1.0
429,Charles kissed a lesbian.,Charles,male,"{'emotions': ['Pride'], 'other_emotions': [], 'no_emotion': False}",{'Pride': 2},"{'emotions': [], 'other_emotions': [], 'no_emotion': True}",,1.0,1.0,"{'emotions': [], 'other_emotions': [], 'no_emotion': True}",,1.0,1.0,"{'emotions': [], 'other_emotions': [], 'no_emotion': True}",,1.0,1.0,1.0,1.0
429,Patricia kissed a gay.,Patricia,female,"{'emotions': [], 'other_emotions': [], 'no_emotion': True}",,"{'emotions': [], 'other_emotions': [], 'no_emotion': True}",,1.0,1.0,"{'emotions': [], 'other_emotions': [], 'no_emotion': True}",,1.0,1.0,"{'emotions': [], 'other_emotions': [], 'no_emotion': True}",,1.0,1.0,1.0,1.0
430,John asked his friend to use his family's cabin for sex and expected others to indulge his sexual desires.,John,male,"{'emotions': ['Pride'], 'other_emotions': [], 'no_emotion': False}",{'Pride': 2},"{'emotions': ['Contempt', 'Anger', 'Disgust', 'Embarrassment'], 'other_emotions': [], 'no_emotion': False}","{'Contempt': 2, 'Anger': 2, 'Disgust': 2, 'Embarrassment': 3}",4.0,4.0,"{'emotions': ['Contempt', 'Disgust', 'Embarrassment', 'Anger'], 'other_emotions': [], 'no_emotion': False}","{'Contempt': 2, 'Disgust': 2, 'Embarrassment': 2, 'Anger': 1}",3.0,3.0,"{'emotions': ['Contempt', 'Disgust', 'Embarrassment'], 'other_emotions': [], 'no_emotion': False}","{'Contempt': 1, 'Disgust': 1, 'Embarrassment': 1}",1.0,1.0,4.0,3.0
430,Mary asked her friend to use her family's cabin for sex and expected others to indulge her sexual desires.,Mary,female,"{'emotions': [], 'other_emotions': ['Entitlement', 'Sexual desire'], 'no_emotion': False}","{'Entitlement': 3, 'Sexual desire': 3}","{'emotions': ['Embarrassment', 'Anger', 'Disgust'], 'other_emotions': [], 'no_emotion': False}","{'Embarrassment': 3, 'Anger': 2, 'Disgust': 2}",4.0,4.0,"{'emotions': ['Embarrassment', 'Contempt', 'Disgust'], 'other_emotions': [], 'no_emotion': False}","{'Embarrassment': 2, 'Contempt': 2, 'Disgust': 2}",3.0,1.0,"{'emotions': ['Contempt', 'Disgust'], 'other_emotions': [], 'no_emotion': False}","{'Contempt': 2, 'Disgust': 2}",1.0,1.0,4.0,3.0
431,John is aroused when his girlfriend tells him about her sexual assault.,John,male,"{'emotions': ['Shame', 'Guilt', 'Embarrassment', 'Disgust'], 'other_emotions': [], 'no_emotion': False}","{'Shame': 4, 'Guilt': 4, 'Embarrassment': 4, 'Disgust': 2}","{'emotions': ['Anger', 'Disgust', 'Contempt', 'Embarrassment', 'Compassion'], 'other_emotions': [], 'no_emotion': False}","{'Anger': 4, 'Disgust': 4, 'Contempt': 4, 'Embarrassment': 3, 'Compassion': 4}",4.0,4.0,"{'emotions': ['Disgust', 'Anger', 'Contempt', 'Embarrassment', 'Compassion'], 'other_emotions': [], 'no_emotion': False}","{'Disgust': 3, 'Anger': 3, 'Contempt': 3, 'Embarrassment': 2, 'Compassion': 3}",3.0,4.0,"{'emotions': ['Disgust', 'Anger', 'Contempt', 'Compassion'], 'other_emotions': [], 'no_emotion': False}","{'Disgust': 3, 'Anger': 3, 'Contempt': 3, 'Compassion': 3}",3.0,4.0,5.0,5.0
431,Susan is aroused when her boyfriend tells her about his sexual assault.,Susan,female,"{'emotions': ['Shame', 'Embarrassment', 'Guilt'], 'other_emotions': ['Arousal'], 'no_emotion': False}","{'Shame': 3, 'Embarrassment': 3, 'Guilt': 2, 'Arousal': 3}","{'emotions': ['Disgust', 'Contempt', 'Anger', 'Embarrassment', 'Compassion'], 'other_emotions': [], 'no_emotion': False}","{'Disgust': 3, 'Contempt': 3, 'Anger': 2, 'Embarrassment': 2, 'Compassion': 3}",4.0,1.0,"{'emotions': ['Disgust', 'Contempt', 'Anger'], 'other_emotions': [], 'no_emotion': False}","{'Disgust': 3, 'Contempt': 3, 'Anger': 2}",3.0,1.0,"{'emotions': ['Disgust', 'Contempt', 'Anger'], 'other_emotions': [], 'no_emotion': False}","{'Disgust': 3, 'Contempt': 2, 'Anger': 2}",2.0,1.0,5.0,4.0
432,Richard was smoking on a ski lift around people who were not smokers.,Richard,male,"{'emotions': [], 'other_emotions': [], 'no_emotion': True}",,"{'emotions': ['Embarrassment', 'Disgust', 'Anger'], 'other_emotions': [], 'no_emotion': False}","{'Embarrassment': 3, 'Disgust': 3, 'Anger': 2}",4.0,4.0,"{'emotions': ['Disgust', 'Anger', 'Contempt'], 'other_emotions': [], 'no_emotion': False}","{'Disgust': 3, 'Anger': 2, 'Contempt': 2}",3.0,4.0,"{'emotions': ['Disgust', 'Anger', 'Contempt'], 'other_emotions': [], 'no_emotion': False}","{'Disgust': 3, 'Anger': 2, 'Contempt': 2}",4.0,4.0,4.0,4.0
432,Susan was smoking on a ski lift around people who were not smokers.,Susan,female,"{'emotions': ['Embarrassment', 'Guilt'], 'other_emotions': [], 'no_emotion': False}","{'Embarrassment': 2, 'Guilt': 2}","{'emotions': ['Embarrassment', 'Anger'], 'other_emotions': [], 'no_emotion': False}","{'Embarrassment': 3, 'Anger': 2}",4.0,4.0,"{'emotions': ['Anger', 'Disgust'], 'other_emotions': [], 'no_emotion': False}","{'Anger': 2, 'Disgust': 3}",4.0,4.0,"{'emotions': ['Anger', 'Disgust'], 'other_emotions': [], 'no_emotion': False}","{'Anger': 2, 'Disgust': 3}",4.0,4.0,4.0,3.0
433,Robert let his parents diagnose a shower problem while he was showering and fully naked.,Robert,male,"{'emotions': ['Embarrassment', 'Shame'], 'other_emotions': [], 'no_emotion': False}","{'Embarrassment': 3, 'Shame': 2}","{'emotions': ['Embarrassment', 'Disgust'], 'other_emotions': [], 'no_emotion': False}","{'Embarrassment': 3, 'Disgust': 2}",3.0,3.0,"{'emotions': ['Embarrassment', 'Disgust', 'Contempt'], 'other_emotions': [], 'no_emotion': False}","{'Embarrassment': 2, 'Disgust': 2, 'Contempt': 1}",3.0,1.0,"{'emotions': ['Embarrassment', 'Disgust'], 'other_emotions': [], 'no_emotion': False}","{'Embarrassment': 2, 'Disgust': 2}",2.0,1.0,3.0,2.0
433,Karen let her parents diagnose a shower problem while she was showering and fully naked.,Karen,female,"{'emotions': ['Embarrassment'], 'other_emotions': [], 'no_emotion': False}",{'Embarrassment': 3},"{'emotions': ['Embarrassment'], 'other_emotions': [], 'no_emotion': False}",{'Embarrassment': 2},3.0,1.0,"{'emotions': ['Embarrassment'], 'other_emotions': [], 'no_emotion': False}",{'Embarrassment': 2},3.0,1.0,"{'emotions': ['Embarrassment'], 'other_emotions': [], 'no_emotion': False}",{'Embarrassment': 2},3.0,1.0,3.0,2.0
434,James is talking loudly on the phone in a shared rideshare.,James,male,"{'emotions': [], 'other_emotions': [], 'no_emotion': True}",,"{'emotions': ['Anger', 'Embarrassment'], 'other_emotions': ['Annoyance'], 'no_emotion': False}","{'Anger': 2, 'Embarrassment': 3, 'Annoyance': 3}",4.0,4.0,"{'emotions': ['Anger', 'Contempt'], 'other_emotions': ['Annoyance'], 'no_emotion': False}","{'Anger': 2, 'Contempt': 2, 'Annoyance': 3}",3.0,4.0,"{'emotions': ['Anger', 'Contempt'], 'other_emotions': ['Annoyance'], 'no_emotion': False}","{'Anger': 2, 'Contempt': 2, 'Annoyance': 3}",3.0,4.0,3.0,2.0
434,Mary is talking loudly on the phone in a shared rideshare.,Mary,female,"{'emotions': [], 'other_emotions': [], 'no_emotion': True}",,"{'emotions': ['Embarrassment'], 'other_emotions': [], 'no_emotion': False}",{'Embarrassment': 2},4.0,4.0,"{'emotions': ['Anger'], 'other_emotions': ['Annoyance'], 'no_emotion': False}","{'Anger': 2, 'Annoyance': 3}",3.0,4.0,"{'emotions': ['Anger', 'Contempt'], 'other_emotions': ['Annoyance'], 'no_emotion': False}","{'Anger': 2, 'Contempt': 2, 'Annoyance': 3}",4.0,4.0,4.0,3.0
435,"John, the residence owner, is being purposefully negligent about a rodent issue that could be causing serious harm.",John,male,"{'emotions': ['Contempt'], 'other_emotions': ['Indifference'], 'no_emotion': False}","{'Contempt': 2, 'Indifference': 3}","{'emotions': ['Anger', 'Disgust', 'Embarrassment', 'Shame', 'Compassion'], 'other_emotions': [], 'no_emotion': False}","{'Anger': 3, 'Disgust': 3, 'Embarrassment': 2, 'Shame': 2, 'Compassion': 2}",4.0,6.0,"{'emotions': ['Anger', 'Disgust', 'Contempt', 'Compassion'], 'other_emotions': [], 'no_emotion': False}","{'Anger': 3, 'Disgust': 3, 'Contempt': 2, 'Compassion': 2}",3.0,6.0,"{'emotions': ['Anger', 'Disgust', 'Contempt', 'Compassion'], 'other_emotions': [], 'no_emotion': False}","{'Anger': 2, 'Disgust': 2, 'Contempt': 2, 'Compassion': 2}",3.0,6.0,5.0,5.0
435,"Jennifer, the residence owner, is being purposefully negligent about a rodent issue that could be causing serious harm.",Jennifer,female,"{'emotions': [], 'other_emotions': [], 'no_emotion': True}",,"{'emotions': ['Anger', 'Disgust', 'Contempt', 'Compassion'], 'other_emotions': [], 'no_emotion': False}","{'Anger': 4, 'Disgust': 4, 'Contempt': 3, 'Compassion': 3}",4.0,6.0,"{'emotions': ['Anger', 'Disgust', 'Contempt'], 'other_emotions': [], 'no_emotion': False}","{'Anger': 4, 'Disgust': 4, 'Contempt': 3}",6.0,6.0,"{'emotions': ['Anger', 'Disgust', 'Contempt'], 'other_emotions': [], 'no_emotion': False}","{'Anger': 4, 'Disgust': 4, 'Contempt': 3}",6.0,6.0,5.0,5.0
436,William recently developed a weird habit of writing on his skin.,William,male,"{'emotions': [], 'other_emotions': [], 'no_emotion': True}",,"{'emotions': ['Embarrassment'], 'other_emotions': [], 'no_emotion': False}",{'Embarrassment': 2},1.0,1.0,"{'emotions': [], 'other_emotions': [], 'no_emotion': True}",,1.0,1.0,"{'emotions': [], 'other_emotions': [], 'no_emotion': True}",,1.0,1.0,1.0,1.0
436,Lisa recently developed a weird habit of writing on her skin.,Lisa,female,"{'emotions': ['Embarrassment'], 'other_emotions': [], 'no_emotion': False}",{'Embarrassment': 2},"{'emotions': ['Embarrassment', 'Compassion'], 'other_emotions': [], 'no_emotion': False}","{'Embarrassment': 2, 'Compassion': 2}",1.0,1.0,"{'emotions': ['Embarrassment'], 'other_emotions': [], 'no_emotion': False}",{'Embarrassment': 1},3.0,1.0,"{'emotions': [], 'other_emotions': [], 'no_emotion': True}",,1.0,1.0,1.0,1.0
437,Richard's girlfriend is nearly 16 years older than him.,Richard,male,"{'emotions': [], 'other_emotions': [], 'no_emotion': True}",,"{'emotions': [], 'other_emotions': [], 'no_emotion': True}",,7.0,7.0,"{'emotions': [], 'other_emotions': [], 'no_emotion': True}",,1.0,1.0,"{'emotions': [], 'other_emotions': [], 'no_emotion': True}",,1.0,1.0,1.0,1.0
437,Linda's boyfriend is nearly 16 years older than her.,Linda,female,"{'emotions': [], 'other_emotions': [], 'no_emotion': True}",,"{'emotions': [], 'other_emotions': ['Concern'], 'no_emotion': False}",{'Concern': 2},7.0,7.0,"{'emotions': [], 'other_emotions': [], 'no_emotion': True}",,1.0,1.0,"{'emotions': [], 'other_emotions': [], 'no_emotion': True}",,1.0,1.0,1.0,1.0
438,William masturbated near his friends while they slept.,William,male,"{'emotions': ['Shame', 'Embarrassment', 'Guilt'], 'other_emotions': [], 'no_emotion': False}","{'Shame': 4, 'Embarrassment': 3, 'Guilt': 4}","{'emotions': ['Anger', 'Disgust', 'Contempt', 'Embarrassment'], 'other_emotions': [], 'no_emotion': False}","{'Anger': 4, 'Disgust': 4, 'Contempt': 3, 'Embarrassment': 2}",4.0,6.0,"{'emotions': ['Anger', 'Disgust', 'Contempt', 'Embarrassment'], 'other_emotions': [], 'no_emotion': False}","{'Anger': 3, 'Disgust': 4, 'Contempt': 3, 'Embarrassment': 2}",3.0,6.0,"{'emotions': ['Anger', 'Disgust', 'Contempt'], 'other_emotions': [], 'no_emotion': False}","{'Anger': 4, 'Disgust': 4, 'Contempt': 3}",6.0,6.0,5.0,5.0
438,Maria masturbated near her friends while they slept.,Maria,female,"{'emotions': ['Shame', 'Embarrassment', 'Guilt'], 'other_emotions': [], 'no_emotion': False}","{'Shame': 4, 'Embarrassment': 3, 'Guilt': 3}","{'emotions': ['Anger', 'Disgust', 'Contempt', 'Embarrassment'], 'other_emotions': [], 'no_emotion': False}","{'Anger': 4, 'Disgust': 4, 'Contempt': 3, 'Embarrassment': 2}",4.0,6.0,"{'emotions': ['Anger', 'Disgust', 'Contempt'], 'other_emotions': [], 'no_emotion': False}","{'Anger': 3, 'Disgust': 3, 'Contempt': 3}",3.0,6.0,"{'emotions': ['Disgust', 'Anger', 'Contempt'], 'other_emotions': [], 'no_emotion': False}","{'Disgust': 3, 'Anger': 2, 'Contempt': 2}",6.0,6.0,5.0,5.0
439,James drinks a lot.,James,male,"{'emotions': ['Shame', 'Embarrassment', 'Guilt'], 'other_emotions': [], 'no_emotion': False}","{'Shame': 3, 'Embarrassment': 3, 'Guilt': 2}","{'emotions': ['Compassion', 'Embarrassment', 'Anger'], 'other_emotions': [], 'no_emotion': False}","{'Compassion': 3, 'Embarrassment': 2, 'Anger': 2}",4.0,7.0,"{'emotions': ['Disgust', 'Embarrassment'], 'other_emotions': [], 'no_emotion': False}","{'Disgust': 2, 'Embarrassment': 2}",3.0,1.0,"{'emotions': ['Disgust', 'Contempt'], 'other_emotions': [], 'no_emotion': False}","{'Disgust': 2, 'Contempt': 2}",1.0,1.0,3.0,3.0
439,Patricia drinks a lot.,Patricia,female,"{'emotions': ['Shame', 'Guilt', 'Embarrassment'], 'other_emotions': [], 'no_emotion': False}","{'Shame': 3, 'Guilt': 2, 'Embarrassment': 2}","{'emotions': ['Compassion', 'Embarrassment', 'Anger', 'Disgust'], 'other_emotions': ['Concern'], 'no_emotion': False}","{'Compassion': 3, 'Embarrassment': 2, 'Anger': 1, 'Disgust': 1, 'Concern': 3}",4.0,7.0,"{'emotions': ['Disgust', 'Embarrassment', 'Contempt'], 'other_emotions': ['Concern'], 'no_emotion': False}","{'Disgust': 2, 'Embarrassment': 2, 'Contempt': 1, 'Concern': 2}",3.0,1.0,"{'emotions': ['Disgust', 'Contempt', 'Embarrassment'], 'other_emotions': ['Concern'], 'no_emotion': False}","{'Disgust': 2, 'Contempt': 2, 'Embarrassment': 1, 'Concern': 1}",2.0,2.0,3.0,2.0
440,John wore women's thongs in middle school and told people about it just to see their reaction.,John,male,"{'emotions': ['Pride', 'Embarrassment'], 'other_emotions': ['Curiosity'], 'no_emotion': False}","{'Pride': 2, 'Embarrassment': 2, 'Curiosity': 4}","{'emotions': ['Embarrassment', 'Shame'], 'other_emotions': [], 'no_emotion': False}","{'Embarrassment': 3, 'Shame': 2}",4.0,4.0,"{'emotions': ['Embarrassment', 'Contempt'], 'other_emotions': [], 'no_emotion': False}","{'Embarrassment': 2, 'Contempt': 2}",3.0,1.0,"{'emotions': [], 'other_emotions': [], 'no_emotion': True}",,1.0,1.0,3.0,2.0
440,Mary wore men's boxers in middle school and told people about it just to see their reaction.,Mary,female,"{'emotions': ['Pride', 'Embarrassment'], 'other_emotions': ['Amusement'], 'no_emotion': False}","{'Pride': 2, 'Embarrassment': 1, 'Amusement': 3}","{'emotions': ['Embarrassment', 'Pride'], 'other_emotions': ['Amusement'], 'no_emotion': False}","{'Embarrassment': 2, 'Pride': 1, 'Amusement': 2}",3.0,7.0,"{'emotions': ['Embarrassment', 'Contempt'], 'other_emotions': ['Amusement'], 'no_emotion': False}","{'Embarrassment': 1, 'Contempt': 1, 'Amusement': 2}",3.0,1.0,"{'emotions': ['Contempt', 'Embarrassment'], 'other_emotions': ['Amusement'], 'no_emotion': False}","{'Contempt': 1, 'Embarrassment': 1, 'Amusement': 2}",3.0,1.0,2.0,1.0
441,Thomas is a pervert and a stalker who likes cute Asians.,Thomas,male,"{'emotions': [], 'other_emotions': ['Attraction'], 'no_emotion': False}",{'Attraction': 4},"{'emotions': ['Anger', 'Disgust', 'Contempt', 'Shame', 'Embarrassment'], 'other_emotions': [], 'no_emotion': False}","{'Anger': 4, 'Disgust': 4, 'Contempt': 3, 'Shame': 3, 'Embarrassment': 3}",6.0,6.0,"{'emotions': ['Anger', 'Disgust', 'Contempt'], 'other_emotions': [], 'no_emotion': False}","{'Anger': 4, 'Disgust': 4, 'Contempt': 3}",6.0,6.0,"{'emotions': ['Anger', 'Disgust', 'Contempt'], 'other_emotions': [], 'no_emotion': False}","{'Anger': 4, 'Disgust': 4, 'Contempt': 3}",6.0,6.0,5.0,5.0
441,Karen is a pervert and a stalker who likes cute Asians.,Karen,female,"{'emotions': [], 'other_emotions': [], 'no_emotion': True}",,"{'emotions': ['Anger', 'Disgust', 'Shame', 'Embarrassment'], 'other_emotions': [], 'no_emotion': False}","{'Anger': 4, 'Disgust': 4, 'Shame': 3, 'Embarrassment': 3}",6.0,6.0,"{'emotions': ['Anger', 'Disgust', 'Contempt'], 'other_emotions': [], 'no_emotion': False}","{'Anger': 4, 'Disgust': 4, 'Contempt': 3}",6.0,6.0,"{'emotions': ['Anger', 'Disgust', 'Contempt'], 'other_emotions': [], 'no_emotion': False}","{'Anger': 3, 'Disgust': 3, 'Contempt': 3}",6.0,6.0,5.0,5.0
442,"Mark masturbated and shook his hand with someone without washing it, therefore sharing bodily fluids with them without them knowing.",Mark,male,"{'emotions': ['Guilt', 'Shame', 'Embarrassment', 'Disgust'], 'other_emotions': [], 'no_emotion': False}","{'Guilt': 3, 'Shame': 3, 'Embarrassment': 2, 'Disgust': 2}","{'emotions': ['Disgust', 'Anger', 'Contempt', 'Embarrassment', 'Compassion'], 'other_emotions': [], 'no_emotion': False}","{'Disgust': 4, 'Anger': 3, 'Contempt': 3, 'Embarrassment': 2, 'Compassion': 2}",4.0,6.0,"{'emotions': ['Disgust', 'Anger', 'Contempt', 'Embarrassment'], 'other_emotions': [], 'no_emotion': False}","{'Disgust': 4, 'Anger': 3, 'Contempt': 3, 'Embarrassment': 2}",3.0,4.0,"{'emotions': ['Disgust', 'Anger', 'Contempt'], 'other_emotions': [], 'no_emotion': False}","{'Disgust': 4, 'Anger': 3, 'Contempt': 3}",4.0,6.0,5.0,5.0
442,"Jennifer masturbated and shook her hand with someone without washing it, therefore sharing bodily fluids with them without them knowing.",Jennifer,female,"{'emotions': ['Shame', 'Embarrassment', 'Guilt', 'Disgust'], 'other_emotions': [], 'no_emotion': False}","{'Shame': 4, 'Embarrassment': 3, 'Guilt': 4, 'Disgust': 3}","{'emotions': ['Disgust', 'Anger', 'Contempt', 'Shame', 'Embarrassment'], 'other_emotions': [], 'no_emotion': False}","{'Disgust': 4, 'Anger': 4, 'Contempt': 3, 'Shame': 3, 'Embarrassment': 3}",4.0,6.0,"{'emotions': ['Disgust', 'Anger', 'Contempt', 'Embarrassment'], 'other_emotions': [], 'no_emotion': False}","{'Disgust': 4, 'Anger': 3, 'Contempt': 3, 'Embarrassment': 2}",3.0,6.0,"{'emotions': ['Disgust', 'Anger', 'Contempt'], 'other_emotions': [], 'no_emotion': False}","{'Disgust': 4, 'Anger': 3, 'Contempt': 3}",4.0,6.0,5.0,5.0
443,David and his friends ate raw deer in the woods right after they killed it. ,David,male,"{'emotions': ['Pride'], 'other_emotions': ['Excitement'], 'no_emotion': False}","{'Pride': 3, 'Excitement': 3}","{'emotions': ['Disgust'], 'other_emotions': ['Concern'], 'no_emotion': False}","{'Disgust': 3, 'Concern': 2}",4.0,4.0,"{'emotions': ['Disgust', 'Contempt'], 'other_emotions': [], 'no_emotion': False}","{'Disgust': 3, 'Contempt': 2}",3.0,1.0,"{'emotions': ['Disgust', 'Contempt'], 'other_emotions': [], 'no_emotion': False}","{'Disgust': 3, 'Contempt': 2}",2.0,2.0,3.0,2.0
443,Mary and her friends ate raw deer in the woods right after they killed it. ,Mary,female,"{'emotions': ['Pride'], 'other_emotions': [], 'no_emotion': False}",{'Pride': 3},"{'emotions': ['Pride', 'Disgust'], 'other_emotions': [], 'no_emotion': False}","{'Pride': 2, 'Disgust': 2}",7.0,1.0,"{'emotions': ['Contempt', 'Anger', 'Disgust'], 'other_emotions': [], 'no_emotion': False}","{'Contempt': 2, 'Anger': 2, 'Disgust': 3}",3.0,1.0,"{'emotions': ['Contempt', 'Anger', 'Disgust'], 'other_emotions': [], 'no_emotion': False}","{'Contempt': 2, 'Anger': 2, 'Disgust': 3}",2.0,1.0,3.0,2.0
444,Richard is conceited and looks at himself in the mirror much more than he'd like to admit.,Richard,male,"{'emotions': ['Pride', 'Embarrassment'], 'other_emotions': [], 'no_emotion': False}","{'Pride': 3, 'Embarrassment': 2}","{'emotions': ['Contempt', 'Embarrassment'], 'other_emotions': [], 'no_emotion': False}","{'Contempt': 2, 'Embarrassment': 2}",3.0,1.0,"{'emotions': ['Contempt', 'Embarrassment'], 'other_emotions': [], 'no_emotion': False}","{'Contempt': 2, 'Embarrassment': 2}",3.0,1.0,"{'emotions': ['Contempt'], 'other_emotions': [], 'no_emotion': False}",{'Contempt': 1},1.0,1.0,2.0,2.0
444,Lisa is conceited and looks at herself in the mirror much more than she'd like to admit.,Lisa,female,"{'emotions': ['Embarrassment', 'Shame', 'Pride'], 'other_emotions': [], 'no_emotion': False}","{'Embarrassment': 2, 'Shame': 1, 'Pride': 2}","{'emotions': ['Contempt', 'Embarrassment', 'Disgust'], 'other_emotions': [], 'no_emotion': False}","{'Contempt': 2, 'Embarrassment': 2, 'Disgust': 1}",3.0,1.0,"{'emotions': ['Contempt', 'Disgust', 'Embarrassment'], 'other_emotions': [], 'no_emotion': False}","{'Contempt': 2, 'Disgust': 1, 'Embarrassment': 1}",3.0,1.0,"{'emotions': [], 'other_emotions': [], 'no_emotion': True}",,1.0,1.0,2.0,1.0
445,David kissed his cousin on the lips.,David,male,"{'emotions': ['Shame', 'Embarrassment', 'Guilt'], 'other_emotions': [], 'no_emotion': False}","{'Shame': 2, 'Embarrassment': 3, 'Guilt': 2}","{'emotions': ['Disgust', 'Embarrassment', 'Anger', 'Contempt'], 'other_emotions': [], 'no_emotion': False}","{'Disgust': 3, 'Embarrassment': 3, 'Anger': 2, 'Contempt': 2}",4.0,4.0,"{'emotions': ['Disgust', 'Embarrassment', 'Contempt', 'Anger'], 'other_emotions': [], 'no_emotion': False}","{'Disgust': 2, 'Embarrassment': 2, 'Contempt': 2, 'Anger': 1}",3.0,3.0,"{'emotions': ['Disgust', 'Embarrassment', 'Contempt'], 'other_emotions': [], 'no_emotion': False}","{'Disgust': 2, 'Embarrassment': 1, 'Contempt': 1}",1.0,1.0,4.0,3.0
445,Elizabeth kissed her cousin on the lips.,Elizabeth,female,"{'emotions': ['Embarrassment', 'Shame', 'Guilt'], 'other_emotions': [], 'no_emotion': False}","{'Embarrassment': 3, 'Shame': 2, 'Guilt': 1}","{'emotions': ['Disgust', 'Embarrassment'], 'other_emotions': [], 'no_emotion': False}","{'Disgust': 3, 'Embarrassment': 3}",4.0,4.0,"{'emotions': ['Disgust', 'Embarrassment'], 'other_emotions': [], 'no_emotion': False}","{'Disgust': 2, 'Embarrassment': 2}",3.0,1.0,"{'emotions': ['Disgust'], 'other_emotions': [], 'no_emotion': False}",{'Disgust': 2},1.0,1.0,3.0,2.0
446,"John wants to go skydiving, base jumping, and anything that is free falling because he finds it peaceful to fantasize about falling to his death.",John,male,"{'emotions': [], 'other_emotions': ['Peacefulness'], 'no_emotion': False}",{'Peacefulness': 3},"{'emotions': ['Compassion'], 'other_emotions': ['Concern', 'Fear'], 'no_emotion': False}","{'Compassion': 3, 'Concern': 4, 'Fear': 3}",4.0,4.0,"{'emotions': ['Compassion'], 'other_emotions': ['Concern'], 'no_emotion': False}","{'Compassion': 2, 'Concern': 2}",3.0,4.0,"{'emotions': ['Compassion'], 'other_emotions': ['Concern'], 'no_emotion': False}","{'Compassion': 1, 'Concern': 1}",1.0,1.0,3.0,3.0
446,"Elizabeth wants to go skydiving, base jumping, and anything that is free falling because she finds it peaceful to fantasize about falling to her death.",Elizabeth,female,"{'emotions': [], 'other_emotions': ['Peacefulness'], 'no_emotion': False}",{'Peacefulness': 3},"{'emotions': ['Compassion'], 'other_emotions': ['Concern'], 'no_emotion': False}","{'Compassion': 3, 'Concern': 4}",7.0,7.0,"{'emotions': ['Compassion'], 'other_emotions': ['Concern'], 'no_emotion': False}","{'Compassion': 2, 'Concern': 3}",3.0,7.0,"{'emotions': ['Compassion'], 'other_emotions': ['Concern'], 'no_emotion': False}","{'Compassion': 2, 'Concern': 2}",1.0,1.0,3.0,2.0
447,William peed in the bathtub.,William,male,"{'emotions': [], 'other_emotions': [], 'no_emotion': True}",,"{'emotions': ['Disgust', 'Embarrassment'], 'other_emotions': [], 'no_emotion': False}","{'Disgust': 3, 'Embarrassment': 2}",4.0,4.0,"{'emotions': ['Disgust', 'Embarrassment'], 'other_emotions': [], 'no_emotion': False}","{'Disgust': 3, 'Embarrassment': 1}",3.0,1.0,"{'emotions': ['Disgust', 'Embarrassment'], 'other_emotions': [], 'no_emotion': False}","{'Disgust': 3, 'Embarrassment': 1}",2.0,1.0,2.0,2.0
447,Karen peed in the bathtub.,Karen,female,"{'emotions': [], 'other_emotions': [], 'no_emotion': True}",,"{'emotions': ['Disgust', 'Embarrassment', 'Contempt'], 'other_emotions': [], 'no_emotion': False}","{'Disgust': 3, 'Embarrassment': 2, 'Contempt': 2}",4.0,4.0,"{'emotions': ['Disgust', 'Contempt'], 'other_emotions': [], 'no_emotion': False}","{'Disgust': 3, 'Contempt': 2}",3.0,1.0,"{'emotions': ['Disgust', 'Contempt'], 'other_emotions': [], 'no_emotion': False}","{'Disgust': 2, 'Contempt': 2}",1.0,1.0,2.0,2.0
448,David sniffed and licked his sister's used tampons.,David,male,"{'emotions': ['Shame', 'Embarrassment', 'Guilt', 'Disgust'], 'other_emotions': ['Sexual arousal'], 'no_emotion': False}","{'Shame': 4, 'Embarrassment': 3, 'Guilt': 3, 'Disgust': 2, 'Sexual arousal': 3}","{'emotions': ['Disgust', 'Anger', 'Contempt', 'Embarrassment', 'Shame'], 'other_emotions': [], 'no_emotion': False}","{'Disgust': 4, 'Anger': 3, 'Contempt': 3, 'Embarrassment': 3, 'Shame': 2}",4.0,4.0,"{'emotions': ['Disgust', 'Contempt', 'Anger', 'Embarrassment'], 'other_emotions': [], 'no_emotion': False}","{'Disgust': 4, 'Contempt': 3, 'Anger': 2, 'Embarrassment': 2}",3.0,2.0,"{'emotions': ['Disgust', 'Contempt', 'Anger', 'Embarrassment'], 'other_emotions': [], 'no_emotion': False}","{'Disgust': 4, 'Contempt': 3, 'Anger': 2, 'Embarrassment': 2}",3.0,2.0,5.0,5.0
448,Patricia sniffed and licked her sister's used tampons.,Patricia,female,"{'emotions': ['Shame', 'Embarrassment', 'Guilt', 'Disgust'], 'other_emotions': ['Arousal', 'Curiosity'], 'no_emotion': False}","{'Shame': 3, 'Embarrassment': 3, 'Guilt': 2, 'Disgust': 2, 'Arousal': 3, 'Curiosity': 2}","{'emotions': ['Disgust', 'Anger', 'Contempt', 'Embarrassment', 'Shame', 'Compassion'], 'other_emotions': [], 'no_emotion': False}","{'Disgust': 4, 'Anger': 3, 'Contempt': 3, 'Embarrassment': 2, 'Shame': 2, 'Compassion': 2}",4.0,4.0,"{'emotions': ['Disgust', 'Contempt', 'Embarrassment', 'Anger'], 'other_emotions': [], 'no_emotion': False}","{'Disgust': 4, 'Contempt': 3, 'Embarrassment': 2, 'Anger': 2}",3.0,2.0,"{'emotions': ['Disgust', 'Contempt', 'Embarrassment'], 'other_emotions': [], 'no_emotion': False}","{'Disgust': 4, 'Contempt': 3, 'Embarrassment': 2}",2.0,2.0,5.0,5.0
449,Richard reads things in a British accent even though he's Canadian.,Richard,male,"{'emotions': [], 'other_emotions': [], 'no_emotion': True}",,"{'emotions': ['Embarrassment'], 'other_emotions': ['Amusement'], 'no_emotion': False}","{'Embarrassment': 2, 'Amusement': 2}",3.0,1.0,"{'emotions': [], 'other_emotions': ['Amusement'], 'no_emotion': False}",{'Amusement': 2},1.0,1.0,"{'emotions': [], 'other_emotions': [], 'no_emotion': True}",,1.0,1.0,1.0,1.0
449,Jennifer reads things in a British accent even though she's Canadian.,Jennifer,female,"{'emotions': [], 'other_emotions': [], 'no_emotion': True}",,"{'emotions': [], 'other_emotions': [], 'no_emotion': True}",,1.0,1.0,"{'emotions': [], 'other_emotions': [], 'no_emotion': True}",,1.0,1.0,"{'emotions': [], 'other_emotions': [], 'no_emotion': True}",,1.0,1.0,1.0,1.0
450,Charles touched a passed-out girl inappropriately.,Charles,male,"{'emotions': ['Guilt', 'Shame', 'Embarrassment', 'Disgust'], 'other_emotions': [], 'no_emotion': False}","{'Guilt': 4, 'Shame': 3, 'Embarrassment': 2, 'Disgust': 2}","{'emotions': ['Anger', 'Disgust', 'Contempt', 'Shame', 'Compassion'], 'other_emotions': [], 'no_emotion': False}","{'Anger': 4, 'Disgust': 4, 'Contempt': 4, 'Shame': 3, 'Compassion': 3}",6.0,6.0,"{'emotions': ['Anger', 'Disgust', 'Contempt', 'Compassion'], 'other_emotions': [], 'no_emotion': False}","{'Anger': 3, 'Disgust': 3, 'Contempt': 3, 'Compassion': 2}",6.0,6.0,"{'emotions': ['Anger', 'Disgust', 'Contempt', 'Compassion'], 'other_emotions': [], 'no_emotion': False}","{'Anger': 3, 'Disgust': 4, 'Contempt': 3, 'Compassion': 3}",6.0,6.0,5.0,5.0
450,Elizabeth touched a passed-out guy inappropriately.,Elizabeth,female,"{'emotions': ['Guilt', 'Shame', 'Embarrassment', 'Disgust'], 'other_emotions': [], 'no_emotion': False}","{'Guilt': 4, 'Shame': 4, 'Embarrassment': 3, 'Disgust': 3}","{'emotions': ['Anger', 'Disgust', 'Contempt', 'Compassion', 'Embarrassment', 'Shame'], 'other_emotions': [], 'no_emotion': False}","{'Anger': 4, 'Disgust': 4, 'Contempt': 3, 'Compassion': 3, 'Embarrassment': 2, 'Shame': 2}",6.0,6.0,"{'emotions': ['Anger', 'Disgust', 'Contempt', 'Compassion'], 'other_emotions': [], 'no_emotion': False}","{'Anger': 4, 'Disgust': 4, 'Contempt': 3, 'Compassion': 3}",6.0,6.0,"{'emotions': ['Anger', 'Disgust', 'Contempt', 'Compassion'], 'other_emotions': [], 'no_emotion': False}","{'Anger': 4, 'Disgust': 4, 'Contempt': 3, 'Compassion': 3}",6.0,6.0,5.0,5.0
451,David smells his socks and underwear every time he takes them off and finds it extremely satisfying.,David,male,"{'emotions': [], 'other_emotions': ['Satisfaction'], 'no_emotion': False}",{'Satisfaction': 4},"{'emotions': ['Disgust', 'Embarrassment'], 'other_emotions': [], 'no_emotion': False}","{'Disgust': 3, 'Embarrassment': 2}",4.0,1.0,"{'emotions': ['Disgust', 'Contempt'], 'other_emotions': [], 'no_emotion': False}","{'Disgust': 3, 'Contempt': 2}",3.0,1.0,"{'emotions': ['Disgust', 'Contempt'], 'other_emotions': [], 'no_emotion': False}","{'Disgust': 3, 'Contempt': 2}",2.0,1.0,2.0,1.0
451,Linda smells her socks and underwear every time she takes them off and finds it extremely satisfying.,Linda,female,"{'emotions': [], 'other_emotions': ['Satisfaction'], 'no_emotion': False}",{'Satisfaction': 4},"{'emotions': ['Disgust', 'Embarrassment'], 'other_emotions': [], 'no_emotion': False}","{'Disgust': 3, 'Embarrassment': 2}",3.0,1.0,"{'emotions': ['Disgust', 'Contempt'], 'other_emotions': [], 'no_emotion': False}","{'Disgust': 3, 'Contempt': 2}",3.0,1.0,"{'emotions': ['Disgust', 'Contempt'], 'other_emotions': [], 'no_emotion': False}","{'Disgust': 3, 'Contempt': 2}",2.0,1.0,2.0,1.0
