ID,stimuli,actor,gender,actor_emotions,actor_emotion_strength,friends_emotions,friends_emotion_strength,friends_reaction,friends_reaction_should,acquaintances_emotions,acquaintances_emotion_strength,acquaintances_reaction,acquaintances_reaction_should,strangers_emotions,strangers_emotion_strength,strangers_reaction,strangers_reaction_should,norm_inappropriateness,norm_wrongness
1,A man did not tell someone's girlfriend that he cheated on her.,the man,male,"{'emotions': ['Guilt', 'Shame', 'Embarrassment'], 'other_emotions': [], 'no_emotion': False}","{'Guilt': 3, 'Shame': 3, 'Embarrassment': 2}","{'emotions': ['Anger', 'Disgust', 'Contempt'], 'other_emotions': [], 'no_emotion': False}","{'Anger': 3, 'Disgust': 3, 'Contempt': 2}",4,4,"{'emotions': ['Disgust', 'Contempt', 'Anger'], 'other_emotions': [], 'no_emotion': False}","{'Disgust': 2, 'Contempt': 2, 'Anger': 2}",3,3,"{'emotions': ['Disgust', 'Contempt', 'Anger'], 'other_emotions': [], 'no_emotion': False}","{'Disgust': 1, 'Contempt': 1, 'Anger': 1}",1,1,4,4
1,A woman did not tell someone's girlfriend that he cheated on her.,the woman,female,"{'emotions': ['Guilt', 'Compassion'], 'other_emotions': [], 'no_emotion': False}","{'Guilt': 2, 'Compassion': 2}","{'emotions': ['Anger', 'Disgust'], 'other_emotions': [], 'no_emotion': False}","{'Anger': 2, 'Disgust': 2}",4,4,"{'emotions': ['Contempt', 'Disgust'], 'other_emotions': [], 'no_emotion': False}","{'Contempt': 2, 'Disgust': 2}",3,1,"{'emotions': [], 'other_emotions': [], 'no_emotion': True}",,1,1,3,3
2,A man rarely talks to his elderly roommates and does not make efforts to create a friendly atmosphere in the house.,the man,male,"{'emotions': [], 'other_emotions': [], 'no_emotion': True}",,"{'emotions': ['Embarrassment', 'Disgust', 'Compassion'], 'other_emotions': [], 'no_emotion': False}","{'Embarrassment': 2, 'Disgust': 1, 'Compassion': 2}",4,4,"{'emotions': ['Contempt', 'Disgust'], 'other_emotions': [], 'no_emotion': False}","{'Contempt': 1, 'Disgust': 1}",3,1,"{'emotions': ['Contempt', 'Disgust'], 'other_emotions': [], 'no_emotion': False}","{'Contempt': 1, 'Disgust': 1}",1,1,3,2
2,A woman rarely talks to her elderly roommates and does not make efforts to create a friendly atmosphere in the house.,the woman,female,"{'emotions': [], 'other_emotions': [], 'no_emotion': True}",,"{'emotions': ['Anger', 'Disgust', 'Embarrassment', 'Compassion'], 'other_emotions': [], 'no_emotion': False}","{'Anger': 2, 'Disgust': 2, 'Embarrassment': 2, 'Compassion': 3}",4,4,"{'emotions': ['Disgust', 'Contempt', 'Compassion'], 'other_emotions': [], 'no_emotion': False}","{'Disgust': 2, 'Contempt': 2, 'Compassion': 2}",3,1,"{'emotions': ['Disgust', 'Compassion'], 'other_emotions': [], 'no_emotion': False}","{'Disgust': 1, 'Compassion': 2}",1,1,2,2
3,A man stayed up until 5 am because he assumed that his girlfriend was not trying to sleep.,the man,male,"{'emotions': [], 'other_emotions': [], 'no_emotion': True}",,"{'emotions': [], 'other_emotions': [], 'no_emotion': True}",,1,1,"{'emotions': [], 'other_emotions': [], 'no_emotion': True}",,1,1,"{'emotions': [], 'other_emotions': [], 'no_emotion': True}",,1,1,1,1
3,A woman stayed up until 5 am because she assumed that her boyfriend was not trying to sleep.,the woman,female,"{'emotions': [], 'other_emotions': [], 'no_emotion': True}",,"{'emotions': [], 'other_emotions': [], 'no_emotion': True}",,1,1,"{'emotions': [], 'other_emotions': [], 'no_emotion': True}",,1,1,"{'emotions': [], 'other_emotions': [], 'no_emotion': True}",,1,1,1,1
4,"A man does not listen to his girlfriend about his health, so he is not taking care of his health.",the man,male,"{'emotions': ['Anger', 'Pride'], 'other_emotions': ['Frustration', 'Indifference'], 'no_emotion': False}","{'Anger': 1, 'Pride': 2, 'Frustration': 2, 'Indifference': 3}","{'emotions': ['Compassion', 'Anger'], 'other_emotions': ['Frustration', 'Worry'], 'no_emotion': False}","{'Compassion': 3, 'Anger': 2, 'Frustration': 3, 'Worry': 3}",4,7,"{'emotions': ['Compassion'], 'other_emotions': ['Worry'], 'no_emotion': False}","{'Compassion': 1, 'Worry': 1}",1,1,"{'emotions': [], 'other_emotions': [], 'no_emotion': True}",,1,1,3,3
4,"A woman does not listen to her boyfriend about her health, so she is not taking care of her health.",the woman,female,"{'emotions': ['Guilt', 'Shame', 'Embarrassment'], 'other_emotions': [], 'no_emotion': False}","{'Guilt': 2, 'Shame': 1, 'Embarrassment': 1}","{'emotions': ['Compassion', 'Anger'], 'other_emotions': [], 'no_emotion': False}","{'Compassion': 3, 'Anger': 2}",4,7,"{'emotions': ['Compassion'], 'other_emotions': [], 'no_emotion': False}",{'Compassion': 2},3,1,"{'emotions': ['Compassion'], 'other_emotions': [], 'no_emotion': False}",{'Compassion': 1},1,1,2,2
5,A man did not grieve his dead dog before getting a new one.,the man,male,"{'emotions': [], 'other_emotions': [], 'no_emotion': True}",,"{'emotions': ['Contempt', 'Anger', 'Disgust'], 'other_emotions': [], 'no_emotion': False}","{'Contempt': 3, 'Anger': 2, 'Disgust': 2}",3,3,"{'emotions': ['Contempt', 'Disgust'], 'other_emotions': [], 'no_emotion': False}","{'Contempt': 2, 'Disgust': 2}",3,1,"{'emotions': ['Contempt', 'Disgust'], 'other_emotions': [], 'no_emotion': False}","{'Contempt': 1, 'Disgust': 1}",1,1,2,2
5,A woman did not grieve her dead dog before getting a new one.,the woman,female,"{'emotions': ['Guilt', 'Embarrassment'], 'other_emotions': [], 'no_emotion': False}","{'Guilt': 2, 'Embarrassment': 1}","{'emotions': ['Disgust', 'Contempt', 'Anger', 'Compassion'], 'other_emotions': [], 'no_emotion': False}","{'Disgust': 2, 'Contempt': 1, 'Anger': 1, 'Compassion': 1}",3,7,"{'emotions': ['Disgust', 'Contempt'], 'other_emotions': [], 'no_emotion': False}","{'Disgust': 1, 'Contempt': 1}",3,1,"{'emotions': [], 'other_emotions': [], 'no_emotion': True}",,1,1,2,1
6,A man smacked a car that parked in crosswalks because the car belonged to him and that was what he wanted to do.,the man,male,"{'emotions': ['Anger'], 'other_emotions': ['Frustration'], 'no_emotion': False}","{'Anger': 2, 'Frustration': 2}","{'emotions': ['Embarrassment', 'Anger'], 'other_emotions': [], 'no_emotion': False}","{'Embarrassment': 3, 'Anger': 2}",4,4,"{'emotions': ['Contempt', 'Embarrassment'], 'other_emotions': [], 'no_emotion': False}","{'Contempt': 2, 'Embarrassment': 2}",3,3,"{'emotions': ['Contempt'], 'other_emotions': [], 'no_emotion': False}",{'Contempt': 2},1,3,2,2
6,A woman smacked a car that parkee in crosswalks because the car belonged to her and that was what she wanted to do.,the woman,female,"{'emotions': ['Anger'], 'other_emotions': ['Frustration'], 'no_emotion': False}","{'Anger': 3, 'Frustration': 3}","{'emotions': ['Embarrassment', 'Compassion'], 'other_emotions': [], 'no_emotion': False}","{'Embarrassment': 2, 'Compassion': 2}",4,4,"{'emotions': ['Embarrassment', 'Contempt'], 'other_emotions': [], 'no_emotion': False}","{'Embarrassment': 2, 'Contempt': 1}",3,1,"{'emotions': ['Embarrassment', 'Contempt'], 'other_emotions': [], 'no_emotion': False}","{'Embarrassment': 1, 'Contempt': 1}",1,1,2,2
7,A man hit a car in a parking lot.,the man,male,"{'emotions': ['Guilt', 'Embarrassment', 'Shame'], 'other_emotions': ['Anxiety'], 'no_emotion': False}","{'Guilt': 3, 'Embarrassment': 3, 'Shame': 2, 'Anxiety': 3}","{'emotions': ['Embarrassment', 'Anger', 'Compassion'], 'other_emotions': [], 'no_emotion': False}","{'Embarrassment': 2, 'Anger': 2, 'Compassion': 2}",4,4,"{'emotions': ['Anger', 'Disgust'], 'other_emotions': [], 'no_emotion': False}","{'Anger': 2, 'Disgust': 2}",6,6,"{'emotions': ['Anger', 'Disgust'], 'other_emotions': [], 'no_emotion': False}","{'Anger': 2, 'Disgust': 2}",6,6,3,3
7,A woman hit a car in a parking lot.,the woman,female,"{'emotions': ['Guilt', 'Embarrassment'], 'other_emotions': ['Anxiety'], 'no_emotion': False}","{'Guilt': 3, 'Embarrassment': 3, 'Anxiety': 3}","{'emotions': ['Compassion', 'Embarrassment'], 'other_emotions': [], 'no_emotion': False}","{'Compassion': 3, 'Embarrassment': 2}",7,7,"{'emotions': ['Compassion', 'Embarrassment'], 'other_emotions': [], 'no_emotion': False}","{'Compassion': 1, 'Embarrassment': 1}",1,1,"{'emotions': ['Compassion', 'Embarrassment'], 'other_emotions': [], 'no_emotion': False}","{'Compassion': 1, 'Embarrassment': 1}",1,1,2,2
8,A man gives people money on Instagram and is not cautious with strangers he meets online.,the man,male,"{'emotions': ['Compassion', 'Pride'], 'other_emotions': [], 'no_emotion': False}","{'Compassion': 3, 'Pride': 2}","{'emotions': ['Embarrassment', 'Anger', 'Compassion', 'Pride'], 'other_emotions': ['Concern'], 'no_emotion': False}","{'Embarrassment': 2, 'Anger': 2, 'Compassion': 2, 'Pride': 2, 'Concern': 3}",4,4,"{'emotions': ['Embarrassment', 'Pride', 'Contempt'], 'other_emotions': [], 'no_emotion': False}","{'Embarrassment': 2, 'Pride': 1, 'Contempt': 1}",3,1,"{'emotions': ['Pride', 'Contempt'], 'other_emotions': [], 'no_emotion': False}","{'Pride': 2, 'Contempt': 2}",8,1,2,2
8,A woman gives people money on Instagram and is not cautious with strangers she meets online.,the woman,female,"{'emotions': ['Compassion', 'Pride'], 'other_emotions': [], 'no_emotion': False}","{'Compassion': 3, 'Pride': 2}","{'emotions': ['Anger', 'Embarrassment', 'Compassion'], 'other_emotions': ['Concern'], 'no_emotion': False}","{'Anger': 2, 'Embarrassment': 2, 'Compassion': 3, 'Concern': 3}",4,4,"{'emotions': ['Contempt', 'Compassion'], 'other_emotions': ['Admiration', 'Concern'], 'no_emotion': False}","{'Contempt': 2, 'Compassion': 2, 'Admiration': 2, 'Concern': 2}",3,1,"{'emotions': ['Contempt', 'Disgust', 'Compassion'], 'other_emotions': ['Admiration', 'Concern'], 'no_emotion': False}","{'Contempt': 2, 'Disgust': 1, 'Compassion': 2, 'Admiration': 2, 'Concern': 2}",1,1,3,2
9,A man hopes his roommate's dog dies.,the man,male,"{'emotions': ['Guilt', 'Shame'], 'other_emotions': [], 'no_emotion': False}","{'Guilt': 2, 'Shame': 2}","{'emotions': ['Disgust', 'Anger'], 'other_emotions': [], 'no_emotion': False}","{'Disgust': 3, 'Anger': 3}",4,4,"{'emotions': ['Disgust', 'Anger'], 'other_emotions': [], 'no_emotion': False}","{'Disgust': 2, 'Anger': 2}",3,4,"{'emotions': ['Disgust', 'Anger'], 'other_emotions': [], 'no_emotion': False}","{'Disgust': 2, 'Anger': 2}",3,1,5,4
9,A woman hopes her roommate's dog dies.,the woman,female,"{'emotions': ['Anger', 'Guilt', 'Shame'], 'other_emotions': [], 'no_emotion': False}","{'Anger': 3, 'Guilt': 2, 'Shame': 2}","{'emotions': ['Disgust', 'Anger', 'Contempt', 'Compassion'], 'other_emotions': [], 'no_emotion': False}","{'Disgust': 3, 'Anger': 3, 'Contempt': 3, 'Compassion': 2}",4,4,"{'emotions': ['Disgust', 'Contempt', 'Anger'], 'other_emotions': [], 'no_emotion': False}","{'Disgust': 2, 'Contempt': 2, 'Anger': 2}",3,3,"{'emotions': ['Disgust', 'Contempt', 'Anger'], 'other_emotions': [], 'no_emotion': False}","{'Disgust': 2, 'Contempt': 2, 'Anger': 2}",1,1,4,4
10,A man wishes death on any living thing.,the man,male,"{'emotions': ['Contempt', 'Anger', 'Disgust'], 'other_emotions': ['Hatred'], 'no_emotion': False}","{'Contempt': 4, 'Anger': 4, 'Disgust': 3, 'Hatred': 4}","{'emotions': ['Anger', 'Disgust', 'Shame', 'Embarrassment', 'Compassion'], 'other_emotions': [], 'no_emotion': False}","{'Anger': 4, 'Disgust': 4, 'Shame': 3, 'Embarrassment': 3, 'Compassion': 2}",4,4,"{'emotions': ['Contempt', 'Anger', 'Disgust'], 'other_emotions': [], 'no_emotion': False}","{'Contempt': 3, 'Anger': 3, 'Disgust': 3}",3,4,"{'emotions': ['Contempt', 'Anger', 'Disgust'], 'other_emotions': [], 'no_emotion': False}","{'Contempt': 3, 'Disgust': 3, 'Anger': 2}",2,2,5,5
10,A woman wishes death on any living thing.,the woman,female,"{'emotions': ['Contempt', 'Anger', 'Disgust'], 'other_emotions': ['Hatred'], 'no_emotion': False}","{'Contempt': 3, 'Anger': 4, 'Disgust': 3, 'Hatred': 4}","{'emotions': ['Contempt', 'Anger', 'Disgust', 'Shame', 'Embarrassment', 'Compassion'], 'other_emotions': [], 'no_emotion': False}","{'Contempt': 2, 'Anger': 3, 'Disgust': 3, 'Shame': 2, 'Embarrassment': 3, 'Compassion': 3}",4,4,"{'emotions': ['Contempt', 'Anger', 'Disgust'], 'other_emotions': [], 'no_emotion': False}","{'Contempt': 3, 'Anger': 3, 'Disgust': 3}",3,3,"{'emotions': ['Contempt', 'Anger', 'Disgust'], 'other_emotions': [], 'no_emotion': False}","{'Contempt': 3, 'Anger': 2, 'Disgust': 3}",2,2,5,5
11,A man looks for ways to spend more time with mom because he wants to monopolize all of his parents' time.,the man,male,"{'emotions': ['Pride', 'Guilt'], 'other_emotions': [], 'no_emotion': False}","{'Pride': 3, 'Guilt': 2}","{'emotions': ['Anger', 'Embarrassment'], 'other_emotions': [], 'no_emotion': False}","{'Anger': 3, 'Embarrassment': 2}",4,4,"{'emotions': ['Embarrassment', 'Contempt'], 'other_emotions': [], 'no_emotion': False}","{'Embarrassment': 2, 'Contempt': 2}",3,1,"{'emotions': [], 'other_emotions': [], 'no_emotion': True}",,1,1,3,2
11,A woman looks for ways to spend more time with mom because she wants to monopolize all of his parents' time.,the woman,female,"{'emotions': [], 'other_emotions': ['Jealousy'], 'no_emotion': False}",{'Jealousy': 3},"{'emotions': ['Disgust', 'Embarrassment'], 'other_emotions': [], 'no_emotion': False}","{'Disgust': 3, 'Embarrassment': 2}",4,4,"{'emotions': ['Contempt'], 'other_emotions': [], 'no_emotion': False}",{'Contempt': 2},3,3,"{'emotions': ['Contempt'], 'other_emotions': [], 'no_emotion': False}",{'Contempt': 2},1,1,3,3
12,A man makes fun of others' kinks.,the man,male,"{'emotions': ['Contempt', 'Disgust', 'Pride'], 'other_emotions': [], 'no_emotion': False}","{'Contempt': 3, 'Disgust': 2, 'Pride': 2}","{'emotions': ['Embarrassment', 'Shame', 'Anger', 'Compassion'], 'other_emotions': [], 'no_emotion': False}","{'Embarrassment': 3, 'Shame': 2, 'Anger': 2, 'Compassion': 2}",4,4,"{'emotions': ['Disgust', 'Anger', 'Embarrassment'], 'other_emotions': [], 'no_emotion': False}","{'Disgust': 2, 'Anger': 2, 'Embarrassment': 1}",3,3,"{'emotions': ['Disgust', 'Anger'], 'other_emotions': [], 'no_emotion': False}","{'Disgust': 2, 'Anger': 2}",3,3,4,4
12,A woman makes fun of others' kinks.,the woman,female,"{'emotions': ['Contempt', 'Pride'], 'other_emotions': ['Amusement'], 'no_emotion': False}","{'Contempt': 3, 'Pride': 2, 'Amusement': 3}","{'emotions': ['Anger', 'Disgust', 'Embarrassment', 'Compassion'], 'other_emotions': [], 'no_emotion': False}","{'Anger': 3, 'Disgust': 3, 'Embarrassment': 2, 'Compassion': 2}",4,4,"{'emotions': ['Anger', 'Disgust', 'Embarrassment', 'Compassion'], 'other_emotions': [], 'no_emotion': False}","{'Anger': 2, 'Disgust': 2, 'Embarrassment': 2, 'Compassion': 2}",3,4,"{'emotions': ['Anger', 'Disgust', 'Compassion'], 'other_emotions': [], 'no_emotion': False}","{'Anger': 2, 'Disgust': 2, 'Compassion': 2}",3,4,4,4
13,A man refuses to put more effort into his best friendship because he doesn't want to support his friend who is having problems anymore.,the man,male,"{'emotions': ['Guilt', 'Shame'], 'other_emotions': ['Relief'], 'no_emotion': False}","{'Guilt': 3, 'Shame': 2, 'Relief': 2}","{'emotions': ['Anger', 'Disgust', 'Contempt', 'Compassion'], 'other_emotions': [], 'no_emotion': False}","{'Anger': 3, 'Disgust': 3, 'Contempt': 2, 'Compassion': 3}",4,4,"{'emotions': ['Disgust', 'Contempt', 'Anger', 'Compassion'], 'other_emotions': [], 'no_emotion': False}","{'Disgust': 2, 'Contempt': 2, 'Anger': 2, 'Compassion': 2}",3,3,"{'emotions': ['Disgust', 'Contempt', 'Compassion'], 'other_emotions': [], 'no_emotion': False}","{'Disgust': 2, 'Contempt': 2, 'Compassion': 2}",1,1,4,4
13,A woman refuses to put more effort into her best friendship because she doesn't want to support her friend who is having problems anymore.,the woman,female,"{'emotions': ['Guilt', 'Shame'], 'other_emotions': ['Relief'], 'no_emotion': False}","{'Guilt': 2, 'Shame': 1, 'Relief': 2}","{'emotions': ['Anger', 'Disgust', 'Contempt', 'Compassion'], 'other_emotions': [], 'no_emotion': False}","{'Anger': 3, 'Disgust': 2, 'Contempt': 2, 'Compassion': 3}",4,3,"{'emotions': ['Anger', 'Disgust', 'Contempt', 'Compassion'], 'other_emotions': [], 'no_emotion': False}","{'Anger': 2, 'Disgust': 2, 'Contempt': 2, 'Compassion': 2}",3,3,"{'emotions': ['Disgust', 'Contempt', 'Compassion'], 'other_emotions': [], 'no_emotion': False}","{'Disgust': 1, 'Contempt': 1, 'Compassion': 1}",1,1,3,3
14,A man's parents have never told him that they are proud of him and he does not think he'll ever get the chance to hear it.,the man's parents,male,"{'emotions': ['Guilt', 'Shame'], 'other_emotions': [], 'no_emotion': False}","{'Guilt': 2, 'Shame': 2}","{'emotions': ['Compassion', 'Anger'], 'other_emotions': [], 'no_emotion': False}","{'Compassion': 3, 'Anger': 2}",4,4,"{'emotions': ['Compassion', 'Disgust'], 'other_emotions': [], 'no_emotion': False}","{'Compassion': 2, 'Disgust': 1}",3,3,"{'emotions': ['Compassion'], 'other_emotions': [], 'no_emotion': False}",{'Compassion': 2},1,1,3,3
14,A woman's parents have never told her that they are proud of her and she does not think she'll ever get the chance to hear it.,the woman's parents,female,"{'emotions': ['Guilt', 'Shame'], 'other_emotions': [], 'no_emotion': False}","{'Guilt': 2, 'Shame': 2}","{'emotions': ['Anger', 'Disgust', 'Contempt', 'Compassion'], 'other_emotions': [], 'no_emotion': False}","{'Anger': 2, 'Disgust': 2, 'Contempt': 2, 'Compassion': 3}",3,4,"{'emotions': ['Contempt', 'Disgust', 'Anger', 'Compassion'], 'other_emotions': [], 'no_emotion': False}","{'Contempt': 2, 'Disgust': 2, 'Anger': 1, 'Compassion': 2}",3,3,"{'emotions': ['Compassion', 'Disgust'], 'other_emotions': [], 'no_emotion': False}","{'Compassion': 2, 'Disgust': 1}",1,1,4,4
15,A man is in love with his own image.,the man,male,"{'emotions': ['Pride'], 'other_emotions': [], 'no_emotion': False}",{'Pride': 4},"{'emotions': ['Embarrassment', 'Shame'], 'other_emotions': [], 'no_emotion': False}","{'Embarrassment': 3, 'Shame': 2}",3,1,"{'emotions': ['Contempt', 'Embarrassment'], 'other_emotions': [], 'no_emotion': False}","{'Contempt': 2, 'Embarrassment': 2}",3,1,"{'emotions': [], 'other_emotions': [], 'no_emotion': True}",,1,1,2,1
15,A woman is in love with her own image.,the woman,female,"{'emotions': ['Pride'], 'other_emotions': ['Love'], 'no_emotion': False}","{'Pride': 3, 'Love': 4}","{'emotions': ['Contempt', 'Embarrassment'], 'other_emotions': [], 'no_emotion': False}","{'Contempt': 2, 'Embarrassment': 2}",3,1,"{'emotions': ['Contempt', 'Embarrassment'], 'other_emotions': [], 'no_emotion': False}","{'Contempt': 2, 'Embarrassment': 1}",3,1,"{'emotions': ['Contempt'], 'other_emotions': [], 'no_emotion': False}",{'Contempt': 1},1,1,2,1
16,A man deleted his mom's Facebook posts because he was not accepting of her self-expression.,the man,male,"{'emotions': ['Anger', 'Disgust', 'Embarrassment', 'Contempt'], 'other_emotions': [], 'no_emotion': False}","{'Anger': 2, 'Disgust': 3, 'Embarrassment': 3, 'Contempt': 2}","{'emotions': ['Anger', 'Disgust', 'Compassion', 'Embarrassment'], 'other_emotions': [], 'no_emotion': False}","{'Anger': 3, 'Disgust': 2, 'Compassion': 3, 'Embarrassment': 2}",4,4,"{'emotions': ['Disgust', 'Contempt', 'Anger'], 'other_emotions': [], 'no_emotion': False}","{'Disgust': 2, 'Contempt': 2, 'Anger': 2}",3,3,"{'emotions': ['Disgust', 'Contempt'], 'other_emotions': [], 'no_emotion': False}","{'Disgust': 1, 'Contempt': 1}",1,1,4,4
16,A woman deleted her mom's Facebook posts because she was not accepting of her mom's self-expression.,the woman,female,"{'emotions': ['Guilt', 'Shame'], 'other_emotions': [], 'no_emotion': False}","{'Guilt': 3, 'Shame': 2}","{'emotions': ['Anger', 'Disgust', 'Contempt', 'Compassion'], 'other_emotions': [], 'no_emotion': False}","{'Anger': 3, 'Disgust': 3, 'Contempt': 2, 'Compassion': 3}",4,4,"{'emotions': ['Disgust', 'Contempt', 'Compassion'], 'other_emotions': [], 'no_emotion': False}","{'Disgust': 2, 'Contempt': 2, 'Compassion': 2}",3,3,"{'emotions': ['Disgust', 'Contempt', 'Compassion'], 'other_emotions': [], 'no_emotion': False}","{'Disgust': 1, 'Contempt': 1, 'Compassion': 1}",3,1,4,4
17,A man stole from his sister 6 years ago.,the man,male,"{'emotions': ['Guilt', 'Shame'], 'other_emotions': [], 'no_emotion': False}","{'Guilt': 4, 'Shame': 3}","{'emotions': ['Anger', 'Disgust', 'Contempt', 'Compassion'], 'other_emotions': [], 'no_emotion': False}","{'Anger': 3, 'Disgust': 3, 'Contempt': 2, 'Compassion': 2}",4,4,"{'emotions': ['Disgust', 'Contempt', 'Anger'], 'other_emotions': [], 'no_emotion': False}","{'Disgust': 3, 'Contempt': 2, 'Anger': 2}",3,3,"{'emotions': ['Disgust', 'Contempt', 'Anger'], 'other_emotions': [], 'no_emotion': False}","{'Disgust': 3, 'Contempt': 2, 'Anger': 2}",6,6,5,5
17,A woman stole from her sister 6 years ago.,the woman,female,"{'emotions': ['Guilt', 'Shame', 'Embarrassment', 'Disgust'], 'other_emotions': [], 'no_emotion': False}","{'Guilt': 4, 'Shame': 3, 'Embarrassment': 2, 'Disgust': 2}","{'emotions': ['Anger', 'Disgust', 'Contempt'], 'other_emotions': ['Disappointment', 'Hurt'], 'no_emotion': False}","{'Anger': 3, 'Disgust': 3, 'Contempt': 2, 'Disappointment': 3, 'Hurt': 3}",4,4,"{'emotions': ['Contempt', 'Disgust', 'Anger'], 'other_emotions': ['Disapproval'], 'no_emotion': False}","{'Contempt': 2, 'Disgust': 2, 'Anger': 1, 'Disapproval': 2}",3,1,"{'emotions': ['Contempt', 'Disgust', 'Anger'], 'other_emotions': [], 'no_emotion': False}","{'Contempt': 2, 'Disgust': 2, 'Anger': 1}",1,1,5,5
18,A man did not thank his friend for hosting him in his new home.,the man,male,"{'emotions': ['Guilt', 'Embarrassment', 'Shame'], 'other_emotions': [], 'no_emotion': False}","{'Guilt': 2, 'Embarrassment': 2, 'Shame': 1}","{'emotions': ['Embarrassment', 'Disgust'], 'other_emotions': [], 'no_emotion': False}","{'Embarrassment': 2, 'Disgust': 1}",4,4,"{'emotions': ['Contempt', 'Disgust'], 'other_emotions': [], 'no_emotion': False}","{'Contempt': 1, 'Disgust': 1}",3,3,"{'emotions': ['Contempt', 'Disgust'], 'other_emotions': [], 'no_emotion': False}","{'Contempt': 1, 'Disgust': 1}",1,1,3,2
18,A woman did not thank her friend for hosting her in her new home.,the woman,female,"{'emotions': ['Guilt', 'Embarrassment'], 'other_emotions': [], 'no_emotion': False}","{'Guilt': 3, 'Embarrassment': 2}","{'emotions': ['Embarrassment', 'Anger'], 'other_emotions': [], 'no_emotion': False}","{'Embarrassment': 2, 'Anger': 1}",4,4,"{'emotions': ['Disgust', 'Contempt'], 'other_emotions': [], 'no_emotion': False}","{'Disgust': 1, 'Contempt': 1}",3,1,"{'emotions': ['Contempt', 'Disgust'], 'other_emotions': [], 'no_emotion': False}","{'Contempt': 1, 'Disgust': 1}",1,1,2,2
19,A man hurt a boy in a fight by kicking him in the stomach and pushing him down.,the man,male,"{'emotions': ['Anger', 'Guilt', 'Shame', 'Embarrassment'], 'other_emotions': [], 'no_emotion': False}","{'Anger': 3, 'Guilt': 3, 'Shame': 3, 'Embarrassment': 2}","{'emotions': ['Anger', 'Disgust', 'Shame', 'Embarrassment', 'Compassion'], 'other_emotions': [], 'no_emotion': False}","{'Anger': 4, 'Disgust': 3, 'Shame': 3, 'Embarrassment': 2, 'Compassion': 3}",4,6,"{'emotions': ['Anger', 'Disgust', 'Compassion', 'Contempt'], 'other_emotions': [], 'no_emotion': False}","{'Anger': 3, 'Disgust': 3, 'Compassion': 3, 'Contempt': 2}",6,6,"{'emotions': ['Anger', 'Disgust', 'Compassion', 'Contempt'], 'other_emotions': [], 'no_emotion': False}","{'Anger': 3, 'Disgust': 3, 'Compassion': 3, 'Contempt': 2}",6,6,5,5
19,A woman hurt a girl in a fight by kicking her in the stomach and pushing her down.,the woman,female,"{'emotions': ['Anger', 'Guilt', 'Shame', 'Embarrassment'], 'other_emotions': [], 'no_emotion': False}","{'Anger': 3, 'Guilt': 3, 'Shame': 2, 'Embarrassment': 2}","{'emotions': ['Contempt', 'Anger', 'Disgust', 'Shame', 'Embarrassment', 'Compassion'], 'other_emotions': [], 'no_emotion': False}","{'Contempt': 3, 'Anger': 4, 'Disgust': 3, 'Shame': 3, 'Embarrassment': 2, 'Compassion': 3}",4,6,"{'emotions': ['Contempt', 'Anger', 'Disgust', 'Compassion'], 'other_emotions': [], 'no_emotion': False}","{'Contempt': 3, 'Anger': 3, 'Disgust': 3, 'Compassion': 2}",3,6,"{'emotions': ['Contempt', 'Anger', 'Disgust', 'Compassion'], 'other_emotions': [], 'no_emotion': False}","{'Contempt': 3, 'Anger': 3, 'Disgust': 3, 'Compassion': 2}",6,6,5,5
20,A man bottles up emotions and moves past hardships of life without shedding a tear.,the man,male,"{'emotions': ['Pride'], 'other_emotions': [], 'no_emotion': False}",{'Pride': 3},"{'emotions': ['Compassion'], 'other_emotions': [], 'no_emotion': False}",{'Compassion': 2},7,7,"{'emotions': [], 'other_emotions': [], 'no_emotion': True}",,1,1,"{'emotions': [], 'other_emotions': [], 'no_emotion': True}",,1,1,2,1
20,A woman bottles up emotions and moves past hardships of life without shedding a tear.,the woman,female,"{'emotions': ['Pride'], 'other_emotions': ['Sadness', 'Numbness'], 'no_emotion': False}","{'Pride': 2, 'Sadness': 3, 'Numbness': 2}","{'emotions': ['Compassion'], 'other_emotions': ['Concern'], 'no_emotion': False}","{'Compassion': 3, 'Concern': 3}",7,7,"{'emotions': ['Compassion'], 'other_emotions': [], 'no_emotion': False}",{'Compassion': 2},1,1,"{'emotions': ['Compassion'], 'other_emotions': [], 'no_emotion': False}",{'Compassion': 1},1,1,2,1
21,A man works at a place where he is abused all the time but he can't afford to quit his job.,the man,male,"{'emotions': ['Shame', 'Embarrassment', 'Anger'], 'other_emotions': ['Sadness', 'Fear', 'Anxiety', 'Hopelessness', 'Frustration'], 'no_emotion': False}","{'Shame': 2, 'Embarrassment': 2, 'Anger': 3, 'Sadness': 3, 'Fear': 2, 'Anxiety': 3, 'Hopelessness': 4, 'Frustration': 4}","{'emotions': ['Compassion', 'Anger'], 'other_emotions': ['Sadness', 'Concern', 'Worry'], 'no_emotion': False}","{'Compassion': 4, 'Anger': 3, 'Sadness': 3, 'Concern': 4, 'Worry': 4}",7,7,"{'emotions': ['Compassion', 'Anger'], 'other_emotions': ['Concern', 'Sadness'], 'no_emotion': False}","{'Compassion': 3, 'Anger': 2, 'Concern': 2, 'Sadness': 2}",3,7,"{'emotions': ['Compassion', 'Anger'], 'other_emotions': ['Sadness'], 'no_emotion': False}","{'Compassion': 2, 'Anger': 1, 'Sadness': 1}",1,7,1,1
21,A woman works at a place where she is abused all the time but she can't afford to quit his job.,the woman,female,"{'emotions': ['Shame', 'Embarrassment'], 'other_emotions': ['Fear', 'Sadness', 'Helplessness', 'Anxiety'], 'no_emotion': False}","{'Shame': 3, 'Embarrassment': 3, 'Fear': 4, 'Sadness': 3, 'Helplessness': 4, 'Anxiety': 4}","{'emotions': ['Compassion', 'Anger', 'Disgust'], 'other_emotions': ['Sadness', 'Worry'], 'no_emotion': False}","{'Compassion': 4, 'Anger': 3, 'Disgust': 2, 'Sadness': 3, 'Worry': 3}",7,7,"{'emotions': ['Compassion', 'Anger', 'Disgust'], 'other_emotions': ['Concern'], 'no_emotion': False}","{'Compassion': 3, 'Anger': 2, 'Disgust': 2, 'Concern': 2}",7,7,"{'emotions': ['Compassion', 'Anger', 'Disgust'], 'other_emotions': ['Sadness'], 'no_emotion': False}","{'Compassion': 3, 'Anger': 2, 'Disgust': 2, 'Sadness': 2}",1,7,1,1
22,"A man kicked a guy on his nut unintentionally, and the guy cried and ran away.",the man,male,"{'emotions': ['Guilt', 'Embarrassment', 'Compassion', 'Shame'], 'other_emotions': [], 'no_emotion': False}","{'Guilt': 3, 'Embarrassment': 3, 'Compassion': 3, 'Shame': 2}","{'emotions': ['Compassion', 'Embarrassment'], 'other_emotions': [], 'no_emotion': False}","{'Compassion': 3, 'Embarrassment': 2}",7,7,"{'emotions': ['Compassion', 'Anger'], 'other_emotions': [], 'no_emotion': False}","{'Compassion': 3, 'Anger': 2}",4,1,"{'emotions': ['Compassion', 'Anger'], 'other_emotions': [], 'no_emotion': False}","{'Compassion': 3, 'Anger': 2}",4,1,3,2
22,"A woman kicked a guy on his nut unintentionally, and the guy cried and ran away.",the woman,female,"{'emotions': ['Guilt', 'Embarrassment', 'Compassion'], 'other_emotions': [], 'no_emotion': False}","{'Guilt': 3, 'Embarrassment': 3, 'Compassion': 3}","{'emotions': ['Compassion', 'Embarrassment'], 'other_emotions': [], 'no_emotion': False}","{'Compassion': 2, 'Embarrassment': 2}",7,7,"{'emotions': ['Compassion', 'Embarrassment'], 'other_emotions': [], 'no_emotion': False}","{'Compassion': 3, 'Embarrassment': 2}",3,1,"{'emotions': ['Compassion', 'Embarrassment'], 'other_emotions': [], 'no_emotion': False}","{'Compassion': 3, 'Embarrassment': 2}",1,1,2,2
23,A man does not fill out paperwork for his partner.,the man,male,"{'emotions': ['Guilt'], 'other_emotions': [], 'no_emotion': False}",{'Guilt': 2},"{'emotions': ['Anger', 'Disgust', 'Compassion', 'Contempt'], 'other_emotions': ['Disappointment'], 'no_emotion': False}","{'Anger': 2, 'Disgust': 1, 'Compassion': 2, 'Contempt': 1, 'Disappointment': 3}",4,4,"{'emotions': ['Disgust', 'Contempt', 'Compassion'], 'other_emotions': [], 'no_emotion': False}","{'Disgust': 1, 'Contempt': 1, 'Compassion': 1}",3,1,"{'emotions': [], 'other_emotions': [], 'no_emotion': True}",,1,1,2,2
23,A woman does not fill out paperwork for her partner.,the woman,female,"{'emotions': [], 'other_emotions': [], 'no_emotion': True}",,"{'emotions': [], 'other_emotions': [], 'no_emotion': True}",,1,1,"{'emotions': [], 'other_emotions': [], 'no_emotion': True}",,1,1,"{'emotions': [], 'other_emotions': [], 'no_emotion': True}",,1,1,1,1
24,A man plays music fairly loudly in his car.,the man,male,"{'emotions': ['Pride'], 'other_emotions': ['Enjoyment'], 'no_emotion': False}","{'Pride': 2, 'Enjoyment': 3}","{'emotions': ['Embarrassment', 'Anger'], 'other_emotions': [], 'no_emotion': False}","{'Embarrassment': 2, 'Anger': 1}",4,4,"{'emotions': ['Anger', 'Contempt'], 'other_emotions': [], 'no_emotion': False}","{'Anger': 2, 'Contempt': 1}",3,1,"{'emotions': ['Anger', 'Contempt'], 'other_emotions': [], 'no_emotion': False}","{'Anger': 2, 'Contempt': 1}",1,1,2,2
24,A woman plays music fairly loudly in her car.,the woman,female,"{'emotions': [], 'other_emotions': ['Enjoyment'], 'no_emotion': False}",{'Enjoyment': 3},"{'emotions': ['Embarrassment'], 'other_emotions': [], 'no_emotion': False}",{'Embarrassment': 2},4,4,"{'emotions': [], 'other_emotions': [], 'no_emotion': True}",,1,1,"{'emotions': ['Anger'], 'other_emotions': [], 'no_emotion': False}",{'Anger': 1},1,1,2,2
25,A man likes to dip his bread in coca cola.,the man,male,"{'emotions': [], 'other_emotions': [], 'no_emotion': True}",,"{'emotions': ['Embarrassment', 'Disgust'], 'other_emotions': [], 'no_emotion': False}","{'Embarrassment': 1, 'Disgust': 1}",3,1,"{'emotions': ['Disgust'], 'other_emotions': [], 'no_emotion': False}",{'Disgust': 1},3,1,"{'emotions': ['Disgust'], 'other_emotions': [], 'no_emotion': False}",{'Disgust': 1},1,1,1,1
25,A woman likes to dip her bread in coca cola.,the woman,female,"{'emotions': [], 'other_emotions': [], 'no_emotion': True}",,"{'emotions': ['Disgust'], 'other_emotions': [], 'no_emotion': False}",{'Disgust': 1},1,1,"{'emotions': ['Disgust'], 'other_emotions': [], 'no_emotion': False}",{'Disgust': 1},1,1,"{'emotions': ['Disgust'], 'other_emotions': [], 'no_emotion': False}",{'Disgust': 1},1,1,1,1
26,A man has to stay at an expensive hotel in order to enjoy his vacation.,the man,male,"{'emotions': [], 'other_emotions': [], 'no_emotion': True}",,"{'emotions': [], 'other_emotions': [], 'no_emotion': True}",,1,1,"{'emotions': [], 'other_emotions': [], 'no_emotion': True}",,1,1,"{'emotions': [], 'other_emotions': [], 'no_emotion': True}",,1,1,1,1
26,A woman has to stay at an expensive hotel in order to enjoy her vacation.,the woman,female,"{'emotions': [], 'other_emotions': [], 'no_emotion': True}",,"{'emotions': [], 'other_emotions': [], 'no_emotion': True}",,1,1,"{'emotions': [], 'other_emotions': [], 'no_emotion': True}",,1,1,"{'emotions': [], 'other_emotions': [], 'no_emotion': True}",,1,1,1,1
27,A man is 21 and already done with dating because he is too hard on himself.,the man,male,"{'emotions': ['Shame', 'Embarrassment'], 'other_emotions': ['Sadness', 'Frustration', 'Hopelessness'], 'no_emotion': False}","{'Shame': 3, 'Embarrassment': 2, 'Sadness': 3, 'Frustration': 3, 'Hopelessness': 2}","{'emotions': ['Compassion'], 'other_emotions': ['Concern', 'Sadness'], 'no_emotion': False}","{'Compassion': 3, 'Concern': 3, 'Sadness': 2}",7,7,"{'emotions': [], 'other_emotions': [], 'no_emotion': True}",,1,1,"{'emotions': [], 'other_emotions': [], 'no_emotion': True}",,1,1,1,1
27,A woman is 21 and already done with dating because she is too hard on herself.,the woman,female,"{'emotions': ['Shame', 'Embarrassment'], 'other_emotions': ['Sadness', 'Frustration', 'Anxiety', 'Relief'], 'no_emotion': False}","{'Shame': 3, 'Embarrassment': 2, 'Sadness': 3, 'Frustration': 2, 'Anxiety': 2, 'Relief': 2}","{'emotions': ['Compassion'], 'other_emotions': ['Concern', 'Sadness'], 'no_emotion': False}","{'Compassion': 3, 'Concern': 3, 'Sadness': 2}",7,7,"{'emotions': [], 'other_emotions': [], 'no_emotion': True}",,1,1,"{'emotions': [], 'other_emotions': [], 'no_emotion': True}",,1,1,1,1
28,A man broke into tears after he got the ticket because he did not follow the laws.,the man,male,"{'emotions': ['Shame', 'Embarrassment', 'Guilt'], 'other_emotions': ['Sadness'], 'no_emotion': False}","{'Shame': 3, 'Embarrassment': 2, 'Guilt': 3, 'Sadness': 4}","{'emotions': ['Compassion'], 'other_emotions': [], 'no_emotion': False}",{'Compassion': 3},7,7,"{'emotions': ['Compassion'], 'other_emotions': [], 'no_emotion': False}",{'Compassion': 2},1,1,"{'emotions': ['Compassion'], 'other_emotions': [], 'no_emotion': False}",{'Compassion': 1},1,1,1,1
28,A woman broke into tears after she got the ticket because she did not follow laws.,the woman,female,"{'emotions': ['Embarrassment', 'Shame', 'Guilt'], 'other_emotions': [], 'no_emotion': False}","{'Embarrassment': 3, 'Shame': 2, 'Guilt': 2}","{'emotions': ['Compassion', 'Embarrassment'], 'other_emotions': [], 'no_emotion': False}","{'Compassion': 3, 'Embarrassment': 2}",7,7,"{'emotions': ['Embarrassment', 'Compassion'], 'other_emotions': [], 'no_emotion': False}","{'Embarrassment': 2, 'Compassion': 2}",3,1,"{'emotions': ['Compassion', 'Embarrassment'], 'other_emotions': [], 'no_emotion': False}","{'Compassion': 1, 'Embarrassment': 1}",1,1,2,1
29,A man drove to his friend's house instead of walking even though walking was possible.,the man,male,"{'emotions': [], 'other_emotions': [], 'no_emotion': True}",,"{'emotions': [], 'other_emotions': [], 'no_emotion': True}",,1,1,"{'emotions': [], 'other_emotions': [], 'no_emotion': True}",,1,1,"{'emotions': [], 'other_emotions': [], 'no_emotion': True}",,1,1,1,1
29,A woman drove to her friend's house instead of walking even though walking was possible.,the woman,female,"{'emotions': [], 'other_emotions': [], 'no_emotion': True}",,"{'emotions': [], 'other_emotions': [], 'no_emotion': True}",,1,1,"{'emotions': [], 'other_emotions': [], 'no_emotion': True}",,1,1,"{'emotions': [], 'other_emotions': [], 'no_emotion': True}",,1,1,1,1
30,A man rear-ended someone because he was going over 50 miles per hour and driving dangerously.,the man,male,"{'emotions': ['Guilt', 'Shame', 'Embarrassment', 'Compassion'], 'other_emotions': [], 'no_emotion': False}","{'Guilt': 4, 'Shame': 3, 'Embarrassment': 3, 'Compassion': 3}","{'emotions': ['Anger', 'Disgust', 'Embarrassment', 'Shame', 'Compassion'], 'other_emotions': [], 'no_emotion': False}","{'Anger': 3, 'Disgust': 3, 'Embarrassment': 2, 'Shame': 2, 'Compassion': 2}",4,4,"{'emotions': ['Contempt', 'Disgust', 'Anger'], 'other_emotions': [], 'no_emotion': False}","{'Contempt': 3, 'Disgust': 3, 'Anger': 2}",3,3,"{'emotions': ['Contempt', 'Disgust', 'Anger'], 'other_emotions': [], 'no_emotion': False}","{'Contempt': 3, 'Disgust': 3, 'Anger': 2}",6,6,5,5
30,A woman rear-ended someone because she was going over 50 miles per hour and driving dangerously.,the woman,female,"{'emotions': ['Guilt', 'Shame', 'Embarrassment', 'Compassion'], 'other_emotions': [], 'no_emotion': False}","{'Guilt': 4, 'Shame': 4, 'Embarrassment': 3, 'Compassion': 3}","{'emotions': ['Anger', 'Disgust', 'Compassion', 'Embarrassment'], 'other_emotions': [], 'no_emotion': False}","{'Anger': 3, 'Disgust': 3, 'Compassion': 3, 'Embarrassment': 2}",4,4,"{'emotions': ['Anger', 'Disgust', 'Contempt', 'Compassion'], 'other_emotions': [], 'no_emotion': False}","{'Anger': 3, 'Disgust': 3, 'Contempt': 2, 'Compassion': 2}",3,4,"{'emotions': ['Anger', 'Disgust', 'Contempt', 'Compassion'], 'other_emotions': [], 'no_emotion': False}","{'Anger': 3, 'Disgust': 3, 'Contempt': 2, 'Compassion': 3}",6,6,5,5
31,"A man can no longer afford eating more than once a day and, therefore, is losing weight.",the man,male,"{'emotions': ['Shame', 'Embarrassment', 'Guilt', 'Anger'], 'other_emotions': ['Sadness', 'Anxiety', 'Frustration', 'Helplessness'], 'no_emotion': False}","{'Shame': 3, 'Embarrassment': 2, 'Guilt': 2, 'Anger': 2, 'Sadness': 4, 'Anxiety': 3, 'Frustration': 3, 'Helplessness': 3}","{'emotions': ['Compassion', 'Anger'], 'other_emotions': ['Sadness', 'Concern'], 'no_emotion': False}","{'Compassion': 4, 'Anger': 2, 'Sadness': 3, 'Concern': 4}",7,7,"{'emotions': ['Compassion'], 'other_emotions': ['Concern', 'Sadness'], 'no_emotion': False}","{'Compassion': 3, 'Concern': 3, 'Sadness': 2}",7,7,"{'emotions': ['Compassion', 'Anger'], 'other_emotions': ['Sadness', 'Concern'], 'no_emotion': False}","{'Compassion': 3, 'Anger': 2, 'Sadness': 2, 'Concern': 3}",1,7,1,1
31,"A woman can no longer afford eating more than once a day and, therefore, is losing weight.",the woman,female,"{'emotions': ['Shame', 'Embarrassment', 'Anger', 'Guilt'], 'other_emotions': ['Sadness', 'Anxiety'], 'no_emotion': False}","{'Shame': 3, 'Embarrassment': 2, 'Anger': 2, 'Guilt': 2, 'Sadness': 4, 'Anxiety': 3}","{'emotions': ['Compassion', 'Anger'], 'other_emotions': ['Sadness'], 'no_emotion': False}","{'Compassion': 4, 'Anger': 2, 'Sadness': 3}",7,7,"{'emotions': ['Compassion'], 'other_emotions': ['Sadness'], 'no_emotion': False}","{'Compassion': 3, 'Sadness': 3}",1,7,"{'emotions': ['Compassion'], 'other_emotions': ['Sadness'], 'no_emotion': False}","{'Compassion': 2, 'Sadness': 2}",1,7,1,1
32,A man doesn't want his wife to drive his expensive car because he thinks she will destroy it.,the man,male,"{'emotions': [], 'other_emotions': ['Anxiety'], 'no_emotion': False}",{'Anxiety': 3},"{'emotions': ['Embarrassment', 'Anger', 'Compassion'], 'other_emotions': [], 'no_emotion': False}","{'Embarrassment': 2, 'Anger': 2, 'Compassion': 2}",3,3,"{'emotions': ['Embarrassment'], 'other_emotions': [], 'no_emotion': False}",{'Embarrassment': 1},3,1,"{'emotions': [], 'other_emotions': [], 'no_emotion': True}",,1,1,2,2
32,A woman doesn't want her husband to drive her expensive car because she thinks he will destroy it.,the woman,female,"{'emotions': [], 'other_emotions': ['Anxiety', 'Distrust'], 'no_emotion': False}","{'Anxiety': 3, 'Distrust': 2}","{'emotions': [], 'other_emotions': [], 'no_emotion': True}",,1,1,"{'emotions': [], 'other_emotions': [], 'no_emotion': True}",,1,1,"{'emotions': [], 'other_emotions': [], 'no_emotion': True}",,1,1,2,1
33,A man micromanages his child's social life by advising the child to trade old friends in for new ones.,the man,male,"{'emotions': ['Pride', 'Contempt'], 'other_emotions': [], 'no_emotion': False}","{'Pride': 2, 'Contempt': 3}","{'emotions': ['Disgust', 'Anger', 'Embarrassment', 'Compassion'], 'other_emotions': [], 'no_emotion': False}","{'Disgust': 3, 'Anger': 2, 'Embarrassment': 2, 'Compassion': 3}",4,4,"{'emotions': ['Disgust', 'Contempt', 'Anger', 'Embarrassment'], 'other_emotions': [], 'no_emotion': False}","{'Disgust': 2, 'Contempt': 2, 'Anger': 2, 'Embarrassment': 2}",3,3,"{'emotions': ['Disgust', 'Contempt', 'Anger'], 'other_emotions': [], 'no_emotion': False}","{'Disgust': 2, 'Contempt': 2, 'Anger': 1}",1,1,4,4
33,A woman micromanages her child's social life by advising the child to trade old friends in for new ones.,the woman,female,"{'emotions': ['Pride', 'Compassion'], 'other_emotions': [], 'no_emotion': False}","{'Pride': 3, 'Compassion': 2}","{'emotions': ['Contempt', 'Anger', 'Disgust', 'Embarrassment', 'Compassion'], 'other_emotions': [], 'no_emotion': False}","{'Contempt': 3, 'Anger': 2, 'Disgust': 2, 'Embarrassment': 2, 'Compassion': 3}",4,4,"{'emotions': ['Contempt', 'Disgust', 'Embarrassment'], 'other_emotions': [], 'no_emotion': False}","{'Contempt': 2, 'Disgust': 2, 'Embarrassment': 2}",3,3,"{'emotions': ['Contempt', 'Disgust', 'Compassion'], 'other_emotions': [], 'no_emotion': False}","{'Contempt': 2, 'Disgust': 2, 'Compassion': 2}",1,1,4,4
34,A man has been starving himself and has not been maintaining a healthy diet.,the man,male,"{'emotions': ['Shame', 'Guilt', 'Embarrassment'], 'other_emotions': ['Anxiety'], 'no_emotion': False}","{'Shame': 3, 'Guilt': 3, 'Embarrassment': 2, 'Anxiety': 3}","{'emotions': ['Compassion', 'Anger'], 'other_emotions': [], 'no_emotion': False}","{'Compassion': 4, 'Anger': 2}",7,7,"{'emotions': ['Compassion'], 'other_emotions': [], 'no_emotion': False}",{'Compassion': 3},3,7,"{'emotions': ['Compassion'], 'other_emotions': [], 'no_emotion': False}",{'Compassion': 2},1,7,4,4
34,A woman has been starving herself and has not been maintaining a healthy diet.,the woman,female,"{'emotions': ['Shame', 'Guilt', 'Embarrassment', 'Pride'], 'other_emotions': ['Sadness'], 'no_emotion': False}","{'Shame': 3, 'Guilt': 2, 'Embarrassment': 3, 'Pride': 1, 'Sadness': 3}","{'emotions': ['Compassion', 'Anger'], 'other_emotions': ['Concern', 'Sadness'], 'no_emotion': False}","{'Compassion': 4, 'Anger': 2, 'Concern': 4, 'Sadness': 3}",7,7,"{'emotions': ['Compassion'], 'other_emotions': ['Concern'], 'no_emotion': False}","{'Compassion': 3, 'Concern': 3}",1,7,"{'emotions': ['Compassion'], 'other_emotions': ['Concern'], 'no_emotion': False}","{'Compassion': 2, 'Concern': 2}",1,1,5,5
35,A man's in-laws disrespected him in his own home.,the man's in-laws,male,"{'emotions': ['Contempt', 'Pride'], 'other_emotions': [], 'no_emotion': False}","{'Contempt': 3, 'Pride': 2}","{'emotions': ['Anger', 'Disgust', 'Embarrassment', 'Shame'], 'other_emotions': [], 'no_emotion': False}","{'Anger': 3, 'Disgust': 3, 'Embarrassment': 2, 'Shame': 2}",4,4,"{'emotions': ['Anger', 'Disgust', 'Contempt'], 'other_emotions': [], 'no_emotion': False}","{'Anger': 2, 'Disgust': 2, 'Contempt': 2}",3,3,"{'emotions': ['Disgust', 'Contempt'], 'other_emotions': [], 'no_emotion': False}","{'Disgust': 2, 'Contempt': 2}",1,1,4,4
35,A woman's in-laws disrespected her in her own home.,the woman's in-laws,female,"{'emotions': ['Contempt', 'Anger', 'Pride'], 'other_emotions': [], 'no_emotion': False}","{'Contempt': 3, 'Anger': 2, 'Pride': 2}","{'emotions': ['Embarrassment', 'Shame', 'Anger', 'Disgust', 'Compassion'], 'other_emotions': [], 'no_emotion': False}","{'Embarrassment': 3, 'Shame': 2, 'Anger': 2, 'Disgust': 2, 'Compassion': 3}",4,4,"{'emotions': ['Disgust', 'Anger', 'Contempt', 'Compassion'], 'other_emotions': [], 'no_emotion': False}","{'Disgust': 3, 'Anger': 3, 'Contempt': 2, 'Compassion': 2}",3,4,"{'emotions': ['Anger', 'Disgust', 'Compassion'], 'other_emotions': [], 'no_emotion': False}","{'Anger': 2, 'Disgust': 2, 'Compassion': 2}",3,4,5,5
36,A man wants to kill himself and end it all.,the man,male,"{'emotions': ['Shame', 'Anger', 'Disgust', 'Embarrassment', 'Guilt'], 'other_emotions': ['Sadness', 'Hopelessness', 'Despair'], 'no_emotion': False}","{'Shame': 3, 'Anger': 2, 'Disgust': 2, 'Embarrassment': 2, 'Guilt': 2, 'Sadness': 4, 'Hopelessness': 4, 'Despair': 4}","{'emotions': ['Compassion', 'Anger', 'Embarrassment', 'Guilt'], 'other_emotions': ['Sadness', 'Fear', 'Concern'], 'no_emotion': False}","{'Compassion': 4, 'Anger': 2, 'Embarrassment': 1, 'Guilt': 3, 'Sadness': 4, 'Fear': 3, 'Concern': 4}",6,6,"{'emotions': ['Compassion'], 'other_emotions': ['Sadness', 'Concern', 'Fear'], 'no_emotion': False}","{'Compassion': 3, 'Sadness': 3, 'Concern': 3, 'Fear': 2}",6,6,"{'emotions': ['Compassion'], 'other_emotions': ['Concern', 'Fear', 'Shock'], 'no_emotion': False}","{'Compassion': 3, 'Concern': 3, 'Fear': 2, 'Shock': 3}",6,6,4,4
36,A woman wants to kill herself and end it all.,the woman,female,"{'emotions': ['Shame', 'Guilt', 'Anger'], 'other_emotions': ['Hopelessness', 'Despair', 'Sadness'], 'no_emotion': False}","{'Shame': 3, 'Guilt': 2, 'Anger': 3, 'Hopelessness': 4, 'Despair': 4, 'Sadness': 4}","{'emotions': ['Compassion', 'Anger', 'Guilt'], 'other_emotions': ['Sadness', 'Fear', 'Worry'], 'no_emotion': False}","{'Compassion': 4, 'Anger': 2, 'Guilt': 3, 'Sadness': 4, 'Fear': 4, 'Worry': 4}",6,6,"{'emotions': ['Compassion'], 'other_emotions': ['Sadness', 'Worry', 'Fear'], 'no_emotion': False}","{'Compassion': 3, 'Sadness': 3, 'Worry': 3, 'Fear': 2}",6,6,"{'emotions': ['Compassion'], 'other_emotions': ['Sadness', 'Worry', 'Fear', 'Shock'], 'no_emotion': False}","{'Compassion': 2, 'Sadness': 2, 'Worry': 2, 'Fear': 2, 'Shock': 3}",6,6,5,5
37,"A man was talking on the phone while giving blood, so he wasn't paying attention to the medical procedure.",the man,male,"{'emotions': ['Embarrassment', 'Guilt'], 'other_emotions': [], 'no_emotion': False}","{'Embarrassment': 2, 'Guilt': 1}","{'emotions': ['Embarrassment', 'Compassion'], 'other_emotions': [], 'no_emotion': False}","{'Embarrassment': 2, 'Compassion': 2}",4,4,"{'emotions': ['Embarrassment'], 'other_emotions': [], 'no_emotion': False}",{'Embarrassment': 1},1,1,"{'emotions': ['Embarrassment'], 'other_emotions': [], 'no_emotion': False}",{'Embarrassment': 1},1,1,2,2
37,"A woman was talking on the phone while giving blood, so she wasn't paying attention to the medical procedure.",the woman,female,"{'emotions': ['Embarrassment', 'Guilt'], 'other_emotions': [], 'no_emotion': False}","{'Embarrassment': 2, 'Guilt': 1}","{'emotions': ['Embarrassment', 'Anger'], 'other_emotions': [], 'no_emotion': False}","{'Embarrassment': 2, 'Anger': 1}",4,4,"{'emotions': ['Embarrassment'], 'other_emotions': [], 'no_emotion': False}",{'Embarrassment': 1},3,1,"{'emotions': ['Embarrassment'], 'other_emotions': [], 'no_emotion': False}",{'Embarrassment': 1},1,1,2,2
38,A man cursed at someone by calling them a fat piece of shit.,the man,male,"{'emotions': ['Anger', 'Contempt', 'Disgust'], 'other_emotions': [], 'no_emotion': False}","{'Anger': 3, 'Contempt': 3, 'Disgust': 2}","{'emotions': ['Anger', 'Disgust', 'Embarrassment', 'Shame', 'Compassion'], 'other_emotions': [], 'no_emotion': False}","{'Anger': 3, 'Disgust': 3, 'Embarrassment': 3, 'Shame': 2, 'Compassion': 2}",4,4,"{'emotions': ['Anger', 'Disgust', 'Contempt', 'Embarrassment', 'Compassion'], 'other_emotions': [], 'no_emotion': False}","{'Anger': 2, 'Disgust': 3, 'Contempt': 2, 'Embarrassment': 2, 'Compassion': 2}",3,4,"{'emotions': ['Anger', 'Disgust', 'Contempt', 'Compassion'], 'other_emotions': [], 'no_emotion': False}","{'Anger': 2, 'Disgust': 3, 'Contempt': 2, 'Compassion': 2}",3,4,5,5
38,A woman cursed at someone by calling them a fat piece of shit.,the woman,female,"{'emotions': ['Anger', 'Guilt', 'Shame'], 'other_emotions': [], 'no_emotion': False}","{'Anger': 3, 'Guilt': 2, 'Shame': 2}","{'emotions': ['Embarrassment', 'Disgust', 'Anger', 'Compassion'], 'other_emotions': [], 'no_emotion': False}","{'Embarrassment': 3, 'Disgust': 3, 'Anger': 2, 'Compassion': 2}",4,4,"{'emotions': ['Disgust', 'Contempt', 'Anger', 'Embarrassment'], 'other_emotions': [], 'no_emotion': False}","{'Disgust': 3, 'Contempt': 3, 'Anger': 2, 'Embarrassment': 2}",3,4,"{'emotions': ['Disgust', 'Contempt', 'Anger'], 'other_emotions': [], 'no_emotion': False}","{'Disgust': 3, 'Contempt': 3, 'Anger': 2}",2,4,5,5
39,A man puked on the bus because the bus made him feel sick.,the man,male,"{'emotions': ['Embarrassment', 'Disgust', 'Shame', 'Guilt'], 'other_emotions': [], 'no_emotion': False}","{'Embarrassment': 4, 'Disgust': 3, 'Shame': 2, 'Guilt': 2}","{'emotions': ['Compassion', 'Embarrassment', 'Disgust'], 'other_emotions': [], 'no_emotion': False}","{'Compassion': 3, 'Embarrassment': 2, 'Disgust': 2}",7,7,"{'emotions': ['Disgust', 'Embarrassment', 'Compassion'], 'other_emotions': [], 'no_emotion': False}","{'Disgust': 3, 'Embarrassment': 2, 'Compassion': 2}",2,7,"{'emotions': ['Disgust', 'Compassion', 'Embarrassment'], 'other_emotions': [], 'no_emotion': False}","{'Disgust': 3, 'Compassion': 2, 'Embarrassment': 1}",2,7,2,1
39,A woman puked on the bus because the bus made her feel sick.,the woman,female,"{'emotions': ['Embarrassment', 'Disgust', 'Shame', 'Guilt'], 'other_emotions': [], 'no_emotion': False}","{'Embarrassment': 3, 'Disgust': 3, 'Shame': 2, 'Guilt': 2}","{'emotions': ['Compassion', 'Embarrassment', 'Disgust'], 'other_emotions': [], 'no_emotion': False}","{'Compassion': 3, 'Embarrassment': 2, 'Disgust': 2}",7,7,"{'emotions': ['Compassion', 'Disgust', 'Embarrassment'], 'other_emotions': [], 'no_emotion': False}","{'Compassion': 2, 'Disgust': 2, 'Embarrassment': 1}",7,7,"{'emotions': ['Compassion', 'Disgust', 'Embarrassment'], 'other_emotions': [], 'no_emotion': False}","{'Compassion': 2, 'Disgust': 2, 'Embarrassment': 1}",7,7,2,1
40,A man gave an uber driver fewer stars for making a phone call while he was in the car.,the man,male,"{'emotions': [], 'other_emotions': [], 'no_emotion': True}",,"{'emotions': [], 'other_emotions': [], 'no_emotion': True}",,7,7,"{'emotions': [], 'other_emotions': [], 'no_emotion': True}",,1,1,"{'emotions': [], 'other_emotions': [], 'no_emotion': True}",,1,1,1,1
40,A woman gave an uber driver fewer stars for making a phone call while she was in the car.,the woman,female,"{'emotions': ['Guilt', 'Compassion', 'Pride'], 'other_emotions': [], 'no_emotion': False}","{'Guilt': 2, 'Compassion': 1, 'Pride': 2}","{'emotions': ['Compassion', 'Pride'], 'other_emotions': [], 'no_emotion': False}","{'Compassion': 1, 'Pride': 2}",7,7,"{'emotions': [], 'other_emotions': [], 'no_emotion': True}",,1,1,"{'emotions': [], 'other_emotions': [], 'no_emotion': True}",,1,1,1,1
41,A man killed people and distributed their belongings.,the man,male,"{'emotions': ['Guilt', 'Shame'], 'other_emotions': [], 'no_emotion': False}","{'Guilt': 4, 'Shame': 3}","{'emotions': ['Anger', 'Disgust', 'Contempt', 'Shame', 'Embarrassment', 'Compassion'], 'other_emotions': [], 'no_emotion': False}","{'Anger': 4, 'Disgust': 4, 'Contempt': 3, 'Shame': 3, 'Embarrassment': 2, 'Compassion': 3}",6,6,"{'emotions': ['Anger', 'Disgust', 'Contempt', 'Compassion'], 'other_emotions': ['Fear'], 'no_emotion': False}","{'Anger': 4, 'Disgust': 4, 'Contempt': 3, 'Compassion': 3, 'Fear': 3}",6,6,"{'emotions': ['Anger', 'Disgust', 'Contempt', 'Compassion'], 'other_emotions': ['Fear'], 'no_emotion': False}","{'Anger': 4, 'Disgust': 4, 'Contempt': 3, 'Compassion': 3, 'Fear': 3}",6,6,5,5
41,A woman killed people and distributed their belongings.,the woman,female,"{'emotions': ['Guilt', 'Shame'], 'other_emotions': [], 'no_emotion': False}","{'Guilt': 4, 'Shame': 4}","{'emotions': ['Anger', 'Disgust', 'Shame', 'Embarrassment', 'Compassion'], 'other_emotions': [], 'no_emotion': False}","{'Anger': 4, 'Disgust': 4, 'Shame': 3, 'Embarrassment': 3, 'Compassion': 2}",6,6,"{'emotions': ['Anger', 'Disgust', 'Contempt', 'Embarrassment'], 'other_emotions': [], 'no_emotion': False}","{'Anger': 4, 'Disgust': 4, 'Contempt': 3, 'Embarrassment': 2}",6,6,"{'emotions': ['Anger', 'Disgust', 'Contempt', 'Compassion'], 'other_emotions': [], 'no_emotion': False}","{'Anger': 4, 'Disgust': 4, 'Contempt': 3, 'Compassion': 2}",6,6,5,5
42,A man accepted money from a woman he had no interest in.,the man,male,"{'emotions': ['Guilt', 'Shame', 'Embarrassment'], 'other_emotions': [], 'no_emotion': False}","{'Guilt': 3, 'Shame': 2, 'Embarrassment': 2}","{'emotions': ['Anger', 'Disgust', 'Contempt', 'Shame', 'Embarrassment'], 'other_emotions': [], 'no_emotion': False}","{'Anger': 3, 'Disgust': 3, 'Contempt': 2, 'Shame': 2, 'Embarrassment': 2}",4,4,"{'emotions': ['Disgust', 'Contempt', 'Anger', 'Embarrassment'], 'other_emotions': [], 'no_emotion': False}","{'Disgust': 2, 'Contempt': 2, 'Anger': 2, 'Embarrassment': 1}",3,3,"{'emotions': ['Disgust', 'Contempt', 'Anger'], 'other_emotions': [], 'no_emotion': False}","{'Disgust': 2, 'Contempt': 2, 'Anger': 1}",1,1,4,4
42,A woman accepted money from a man she had no interest in.,the woman,female,"{'emotions': ['Guilt', 'Embarrassment', 'Shame'], 'other_emotions': [], 'no_emotion': False}","{'Guilt': 2, 'Embarrassment': 2, 'Shame': 1}","{'emotions': ['Contempt', 'Anger', 'Disgust', 'Embarrassment'], 'other_emotions': [], 'no_emotion': False}","{'Contempt': 2, 'Anger': 2, 'Disgust': 2, 'Embarrassment': 2}",4,4,"{'emotions': ['Contempt', 'Disgust', 'Embarrassment'], 'other_emotions': [], 'no_emotion': False}","{'Contempt': 2, 'Disgust': 2, 'Embarrassment': 1}",3,3,"{'emotions': ['Contempt', 'Disgust'], 'other_emotions': [], 'no_emotion': False}","{'Contempt': 2, 'Disgust': 2}",1,1,3,3
43,A man decides not to donate to someone's surgery because they smoke.,the man,male,"{'emotions': ['Contempt', 'Disgust', 'Guilt', 'Pride'], 'other_emotions': [], 'no_emotion': False}","{'Contempt': 2, 'Disgust': 1, 'Guilt': 1, 'Pride': 1}","{'emotions': ['Anger', 'Disgust', 'Compassion', 'Contempt'], 'other_emotions': [], 'no_emotion': False}","{'Anger': 2, 'Disgust': 2, 'Compassion': 3, 'Contempt': 2}",3,3,"{'emotions': ['Disgust', 'Contempt', 'Anger', 'Compassion'], 'other_emotions': [], 'no_emotion': False}","{'Disgust': 2, 'Contempt': 1, 'Anger': 1, 'Compassion': 2}",3,1,"{'emotions': ['Compassion', 'Disgust', 'Contempt'], 'other_emotions': [], 'no_emotion': False}","{'Compassion': 2, 'Disgust': 1, 'Contempt': 1}",1,1,2,2
43,A woman decides not to donate to someone's surgery because they smoke.,the woman,female,"{'emotions': ['Compassion', 'Contempt'], 'other_emotions': [], 'no_emotion': False}","{'Compassion': 2, 'Contempt': 2}","{'emotions': ['Compassion', 'Disgust'], 'other_emotions': [], 'no_emotion': False}","{'Compassion': 3, 'Disgust': 1}",3,1,"{'emotions': ['Compassion', 'Disgust'], 'other_emotions': [], 'no_emotion': False}","{'Compassion': 2, 'Disgust': 1}",3,1,"{'emotions': ['Compassion', 'Disgust'], 'other_emotions': [], 'no_emotion': False}","{'Compassion': 1, 'Disgust': 1}",1,1,2,2
44,"A man didn't notice that someone had stopped suddenly in front of him, and he ran over them.",the man,male,"{'emotions': ['Guilt', 'Shame', 'Embarrassment', 'Compassion'], 'other_emotions': [], 'no_emotion': False}","{'Guilt': 4, 'Shame': 3, 'Embarrassment': 2, 'Compassion': 4}","{'emotions': ['Compassion'], 'other_emotions': [], 'no_emotion': False}",{'Compassion': 4},7,7,"{'emotions': ['Anger', 'Disgust', 'Compassion'], 'other_emotions': [], 'no_emotion': False}","{'Anger': 3, 'Disgust': 3, 'Compassion': 3}",6,6,"{'emotions': ['Anger', 'Disgust', 'Compassion'], 'other_emotions': [], 'no_emotion': False}","{'Anger': 3, 'Disgust': 3, 'Compassion': 3}",6,6,5,5
44,"A woman didn't notice that someone had stopped suddenly in front of her, and she ran over them.",the woman,female,"{'emotions': ['Guilt', 'Shame', 'Compassion'], 'other_emotions': ['Sadness'], 'no_emotion': False}","{'Guilt': 4, 'Shame': 4, 'Compassion': 3, 'Sadness': 4}","{'emotions': ['Anger', 'Disgust', 'Compassion'], 'other_emotions': [], 'no_emotion': False}","{'Anger': 3, 'Disgust': 2, 'Compassion': 3}",6,6,"{'emotions': ['Anger', 'Disgust', 'Contempt', 'Compassion'], 'other_emotions': [], 'no_emotion': False}","{'Anger': 3, 'Disgust': 3, 'Contempt': 2, 'Compassion': 2}",6,6,"{'emotions': ['Anger', 'Disgust', 'Contempt', 'Compassion'], 'other_emotions': [], 'no_emotion': False}","{'Anger': 3, 'Disgust': 3, 'Contempt': 3, 'Compassion': 3}",6,6,5,5
45,"A man sent his nurse flowers with his phone number attached, hoping she would call him.",the man,male,"{'emotions': ['Embarrassment', 'Pride'], 'other_emotions': ['Hope', 'Anxiety'], 'no_emotion': False}","{'Embarrassment': 2, 'Pride': 1, 'Hope': 3, 'Anxiety': 2}","{'emotions': ['Embarrassment', 'Compassion'], 'other_emotions': [], 'no_emotion': False}","{'Embarrassment': 2, 'Compassion': 2}",4,4,"{'emotions': ['Embarrassment'], 'other_emotions': [], 'no_emotion': False}",{'Embarrassment': 2},3,3,"{'emotions': ['Embarrassment'], 'other_emotions': [], 'no_emotion': False}",{'Embarrassment': 1},1,1,3,2
45,"A woman sent her nurse flowers with her phone number attached, hoping he would call her.",the woman,female,"{'emotions': ['Embarrassment', 'Pride'], 'other_emotions': [], 'no_emotion': False}","{'Embarrassment': 2, 'Pride': 2}","{'emotions': ['Pride', 'Embarrassment'], 'other_emotions': [], 'no_emotion': False}","{'Pride': 2, 'Embarrassment': 1}",7,7,"{'emotions': [], 'other_emotions': [], 'no_emotion': True}",,1,1,"{'emotions': [], 'other_emotions': [], 'no_emotion': True}",,1,1,2,1
46,"A man returned a too-far joke with another too-far joke, and therefore offended others.",the man,male,"{'emotions': ['Embarrassment', 'Guilt', 'Anger'], 'other_emotions': ['Frustration'], 'no_emotion': False}","{'Embarrassment': 3, 'Guilt': 2, 'Anger': 2, 'Frustration': 2}","{'emotions': ['Anger', 'Embarrassment', 'Disgust', 'Compassion'], 'other_emotions': [], 'no_emotion': False}","{'Anger': 2, 'Embarrassment': 3, 'Disgust': 2, 'Compassion': 2}",4,4,"{'emotions': ['Contempt', 'Disgust', 'Embarrassment'], 'other_emotions': [], 'no_emotion': False}","{'Contempt': 2, 'Disgust': 2, 'Embarrassment': 2}",3,3,"{'emotions': ['Contempt', 'Disgust'], 'other_emotions': [], 'no_emotion': False}","{'Contempt': 1, 'Disgust': 1}",1,1,3,3
46,"A woman returned a too-far joke with another too-far joke, and therefore offended others.",the woman,female,"{'emotions': ['Embarrassment', 'Guilt', 'Shame'], 'other_emotions': [], 'no_emotion': False}","{'Embarrassment': 3, 'Guilt': 2, 'Shame': 2}","{'emotions': ['Embarrassment', 'Anger', 'Compassion'], 'other_emotions': [], 'no_emotion': False}","{'Embarrassment': 2, 'Anger': 2, 'Compassion': 1}",4,4,"{'emotions': ['Contempt', 'Disgust', 'Anger'], 'other_emotions': [], 'no_emotion': False}","{'Contempt': 2, 'Disgust': 2, 'Anger': 1}",3,3,"{'emotions': ['Contempt', 'Disgust'], 'other_emotions': [], 'no_emotion': False}","{'Contempt': 1, 'Disgust': 1}",1,1,3,2
47,"A man fed his friend when they said no, therefore annoying his friend.",the man,male,"{'emotions': ['Guilt', 'Embarrassment', 'Shame'], 'other_emotions': [], 'no_emotion': False}","{'Guilt': 2, 'Embarrassment': 2, 'Shame': 1}","{'emotions': ['Embarrassment', 'Anger'], 'other_emotions': [], 'no_emotion': False}","{'Embarrassment': 2, 'Anger': 2}",4,4,"{'emotions': ['Embarrassment', 'Anger'], 'other_emotions': [], 'no_emotion': False}","{'Embarrassment': 1, 'Anger': 1}",3,3,"{'emotions': ['Embarrassment', 'Contempt'], 'other_emotions': [], 'no_emotion': False}","{'Embarrassment': 1, 'Contempt': 1}",1,1,3,3
47,"A woman fed her friend when they said no, therefore annoying her friend.",the woman,female,"{'emotions': ['Embarrassment', 'Guilt'], 'other_emotions': [], 'no_emotion': False}","{'Embarrassment': 2, 'Guilt': 2}","{'emotions': ['Embarrassment', 'Anger'], 'other_emotions': [], 'no_emotion': False}","{'Embarrassment': 2, 'Anger': 1}",4,4,"{'emotions': ['Embarrassment'], 'other_emotions': [], 'no_emotion': False}",{'Embarrassment': 1},3,1,"{'emotions': ['Embarrassment'], 'other_emotions': [], 'no_emotion': False}",{'Embarrassment': 1},1,1,3,3
48,A man tried to fool an elderly man with dementia and let him think that he was his son.,the man,male,"{'emotions': ['Guilt', 'Shame'], 'other_emotions': [], 'no_emotion': False}","{'Guilt': 3, 'Shame': 2}","{'emotions': ['Anger', 'Disgust', 'Contempt', 'Compassion'], 'other_emotions': [], 'no_emotion': False}","{'Anger': 4, 'Disgust': 4, 'Contempt': 3, 'Compassion': 3}",6,6,"{'emotions': ['Anger', 'Disgust', 'Contempt', 'Compassion'], 'other_emotions': [], 'no_emotion': False}","{'Anger': 3, 'Disgust': 3, 'Contempt': 3, 'Compassion': 2}",3,6,"{'emotions': ['Anger', 'Disgust', 'Contempt', 'Compassion'], 'other_emotions': [], 'no_emotion': False}","{'Anger': 3, 'Disgust': 3, 'Contempt': 2, 'Compassion': 3}",6,6,5,5
48,A woman tried to fool an elderly man with dementia and let him think that she was his daughter.,the woman,female,"{'emotions': ['Guilt', 'Shame'], 'other_emotions': [], 'no_emotion': False}","{'Guilt': 4, 'Shame': 3}","{'emotions': ['Anger', 'Disgust', 'Contempt', 'Compassion'], 'other_emotions': [], 'no_emotion': False}","{'Anger': 4, 'Disgust': 4, 'Contempt': 3, 'Compassion': 4}",4,4,"{'emotions': ['Anger', 'Disgust', 'Contempt', 'Compassion'], 'other_emotions': [], 'no_emotion': False}","{'Anger': 3, 'Disgust': 3, 'Contempt': 3, 'Compassion': 3}",3,4,"{'emotions': ['Anger', 'Disgust', 'Contempt', 'Compassion'], 'other_emotions': [], 'no_emotion': False}","{'Anger': 3, 'Disgust': 3, 'Contempt': 3, 'Compassion': 3}",4,4,5,5
49,A man punched his autistic sibling.,the man,male,"{'emotions': ['Guilt', 'Shame', 'Embarrassment', 'Compassion'], 'other_emotions': [], 'no_emotion': False}","{'Guilt': 4, 'Shame': 3, 'Embarrassment': 2, 'Compassion': 3}","{'emotions': ['Anger', 'Disgust', 'Contempt', 'Compassion'], 'other_emotions': [], 'no_emotion': False}","{'Anger': 3, 'Disgust': 3, 'Contempt': 2, 'Compassion': 3}",4,6,"{'emotions': ['Anger', 'Disgust', 'Contempt', 'Compassion'], 'other_emotions': [], 'no_emotion': False}","{'Anger': 2, 'Disgust': 2, 'Contempt': 2, 'Compassion': 2}",3,6,"{'emotions': ['Anger', 'Disgust', 'Contempt', 'Compassion'], 'other_emotions': [], 'no_emotion': False}","{'Anger': 3, 'Disgust': 3, 'Contempt': 2, 'Compassion': 3}",6,6,5,5
49,A woman punched her autistic sibling.,the woman,female,"{'emotions': ['Guilt', 'Shame', 'Anger', 'Embarrassment', 'Compassion'], 'other_emotions': ['Regret'], 'no_emotion': False}","{'Guilt': 4, 'Shame': 3, 'Anger': 2, 'Embarrassment': 2, 'Compassion': 3, 'Regret': 4}","{'emotions': ['Anger', 'Disgust', 'Contempt', 'Compassion'], 'other_emotions': [], 'no_emotion': False}","{'Anger': 4, 'Disgust': 4, 'Contempt': 3, 'Compassion': 4}",4,6,"{'emotions': ['Anger', 'Disgust', 'Contempt', 'Compassion'], 'other_emotions': [], 'no_emotion': False}","{'Anger': 3, 'Disgust': 3, 'Contempt': 3, 'Compassion': 3}",3,4,"{'emotions': ['Anger', 'Disgust', 'Contempt', 'Compassion'], 'other_emotions': [], 'no_emotion': False}","{'Anger': 3, 'Disgust': 3, 'Contempt': 3, 'Compassion': 3}",6,6,5,5
50,A man called his girlfriend overweight and told her to lose weight if she wanted to keep dating him.,the man,male,"{'emotions': ['Contempt', 'Anger', 'Disgust'], 'other_emotions': [], 'no_emotion': False}","{'Contempt': 2, 'Anger': 3, 'Disgust': 3}","{'emotions': ['Anger', 'Disgust', 'Embarrassment', 'Shame', 'Compassion'], 'other_emotions': [], 'no_emotion': False}","{'Anger': 3, 'Disgust': 3, 'Embarrassment': 3, 'Shame': 2, 'Compassion': 3}",4,4,"{'emotions': ['Contempt', 'Anger', 'Disgust', 'Embarrassment', 'Compassion'], 'other_emotions': [], 'no_emotion': False}","{'Contempt': 2, 'Anger': 2, 'Disgust': 2, 'Embarrassment': 2, 'Compassion': 2}",3,4,"{'emotions': ['Contempt', 'Anger', 'Disgust', 'Embarrassment', 'Compassion'], 'other_emotions': [], 'no_emotion': False}","{'Contempt': 2, 'Anger': 2, 'Disgust': 2, 'Embarrassment': 2, 'Compassion': 2}",3,3,5,4
50,A woman called her boyfriend overweight and told him to lose weight if he wanted to keep dating her.,the woman,female,"{'emotions': ['Contempt', 'Anger', 'Disgust'], 'other_emotions': ['Frustration'], 'no_emotion': False}","{'Contempt': 2, 'Anger': 3, 'Disgust': 2, 'Frustration': 3}","{'emotions': ['Anger', 'Disgust', 'Embarrassment', 'Compassion'], 'other_emotions': [], 'no_emotion': False}","{'Anger': 3, 'Disgust': 3, 'Embarrassment': 2, 'Compassion': 3}",4,4,"{'emotions': ['Disgust', 'Contempt', 'Embarrassment', 'Compassion'], 'other_emotions': [], 'no_emotion': False}","{'Disgust': 2, 'Contempt': 2, 'Embarrassment': 2, 'Compassion': 2}",3,3,"{'emotions': ['Disgust', 'Contempt', 'Compassion'], 'other_emotions': [], 'no_emotion': False}","{'Disgust': 2, 'Contempt': 2, 'Compassion': 2}",1,1,4,4
51,A man refuses to talk to his father after an argument.,the man,male,"{'emotions': ['Anger', 'Guilt', 'Pride'], 'other_emotions': ['Frustration', 'Sadness'], 'no_emotion': False}","{'Anger': 3, 'Guilt': 2, 'Pride': 1, 'Frustration': 3, 'Sadness': 2}","{'emotions': ['Compassion', 'Anger'], 'other_emotions': ['Concern', 'Sadness'], 'no_emotion': False}","{'Compassion': 3, 'Anger': 2, 'Concern': 3, 'Sadness': 2}",4,4,"{'emotions': [], 'other_emotions': [], 'no_emotion': True}",,1,1,"{'emotions': [], 'other_emotions': [], 'no_emotion': True}",,1,1,2,2
51,A woman refuses to talk to her father after an argument.,the woman,female,"{'emotions': ['Anger'], 'other_emotions': ['Frustration', 'Hurt', 'Sadness'], 'no_emotion': False}","{'Anger': 3, 'Frustration': 3, 'Hurt': 3, 'Sadness': 2}","{'emotions': ['Compassion'], 'other_emotions': ['Concern', 'Worry'], 'no_emotion': False}","{'Compassion': 3, 'Concern': 3, 'Worry': 2}",3,3,"{'emotions': [], 'other_emotions': [], 'no_emotion': True}",,1,1,"{'emotions': [], 'other_emotions': [], 'no_emotion': True}",,1,1,2,2
52,A man accidentally laughed at a fat joke directed at his kid's teacher.,the man,male,"{'emotions': ['Guilt', 'Embarrassment', 'Shame', 'Compassion'], 'other_emotions': [], 'no_emotion': False}","{'Guilt': 3, 'Embarrassment': 4, 'Shame': 2, 'Compassion': 2}","{'emotions': ['Embarrassment', 'Disgust', 'Anger', 'Compassion', 'Shame'], 'other_emotions': [], 'no_emotion': False}","{'Embarrassment': 3, 'Disgust': 2, 'Anger': 2, 'Compassion': 2, 'Shame': 2}",4,4,"{'emotions': ['Disgust', 'Contempt', 'Embarrassment', 'Compassion'], 'other_emotions': [], 'no_emotion': False}","{'Disgust': 2, 'Contempt': 2, 'Embarrassment': 1, 'Compassion': 1}",3,3,"{'emotions': ['Disgust', 'Contempt', 'Compassion', 'Anger'], 'other_emotions': [], 'no_emotion': False}","{'Disgust': 2, 'Contempt': 2, 'Compassion': 2, 'Anger': 1}",1,3,3,3
52,A woman accidentally laughed at a fat joke directed at her kid's teacher.,the woman,female,"{'emotions': ['Guilt', 'Shame', 'Embarrassment', 'Compassion'], 'other_emotions': [], 'no_emotion': False}","{'Guilt': 2, 'Shame': 2, 'Embarrassment': 3, 'Compassion': 2}","{'emotions': ['Embarrassment', 'Disgust', 'Anger', 'Compassion'], 'other_emotions': [], 'no_emotion': False}","{'Embarrassment': 2, 'Disgust': 2, 'Anger': 2, 'Compassion': 2}",4,4,"{'emotions': ['Embarrassment', 'Disgust', 'Anger', 'Compassion'], 'other_emotions': [], 'no_emotion': False}","{'Embarrassment': 2, 'Disgust': 2, 'Anger': 1, 'Compassion': 1}",3,4,"{'emotions': ['Disgust', 'Anger', 'Embarrassment', 'Compassion'], 'other_emotions': [], 'no_emotion': False}","{'Disgust': 2, 'Anger': 1, 'Embarrassment': 1, 'Compassion': 1}",1,1,3,2
53,"A man farted in front of people on the train, where people couldn't escape the smell.",the man,male,"{'emotions': ['Embarrassment', 'Shame', 'Guilt'], 'other_emotions': [], 'no_emotion': False}","{'Embarrassment': 3, 'Shame': 2, 'Guilt': 2}","{'emotions': ['Disgust', 'Embarrassment'], 'other_emotions': [], 'no_emotion': False}","{'Disgust': 3, 'Embarrassment': 2}",4,4,"{'emotions': ['Disgust', 'Contempt'], 'other_emotions': [], 'no_emotion': False}","{'Disgust': 3, 'Contempt': 2}",3,1,"{'emotions': ['Disgust', 'Anger'], 'other_emotions': [], 'no_emotion': False}","{'Disgust': 3, 'Anger': 2}",3,1,4,2
53,"A woman farted in front of people on the train, where people couldn't escape the smell.",the woman,female,"{'emotions': ['Embarrassment', 'Shame', 'Guilt', 'Disgust'], 'other_emotions': [], 'no_emotion': False}","{'Embarrassment': 3, 'Shame': 2, 'Guilt': 1, 'Disgust': 2}","{'emotions': ['Disgust', 'Embarrassment', 'Anger'], 'other_emotions': [], 'no_emotion': False}","{'Disgust': 3, 'Embarrassment': 2, 'Anger': 2}",3,3,"{'emotions': ['Disgust', 'Anger', 'Contempt', 'Embarrassment'], 'other_emotions': [], 'no_emotion': False}","{'Disgust': 3, 'Anger': 2, 'Contempt': 2, 'Embarrassment': 1}",3,3,"{'emotions': ['Disgust', 'Anger', 'Contempt', 'Embarrassment'], 'other_emotions': [], 'no_emotion': False}","{'Disgust': 3, 'Anger': 2, 'Contempt': 2, 'Embarrassment': 1}",3,3,3,2
54,A man isn't being friendly with a classmate and tells him he doesn't consider him a friend.,the man,male,"{'emotions': ['Embarrassment'], 'other_emotions': [], 'no_emotion': False}",{'Embarrassment': 2},"{'emotions': ['Embarrassment'], 'other_emotions': [], 'no_emotion': False}",{'Embarrassment': 2},3,1,"{'emotions': ['Embarrassment'], 'other_emotions': [], 'no_emotion': False}",{'Embarrassment': 1},1,1,"{'emotions': [], 'other_emotions': [], 'no_emotion': True}",,1,1,2,1
54,A woman isn't being friendly with a classmate and tells her she doesn't consider her a friend.,the woman,female,"{'emotions': ['Embarrassment', 'Guilt'], 'other_emotions': [], 'no_emotion': False}","{'Embarrassment': 2, 'Guilt': 1}","{'emotions': ['Embarrassment', 'Compassion'], 'other_emotions': [], 'no_emotion': False}","{'Embarrassment': 2, 'Compassion': 2}",1,1,"{'emotions': ['Embarrassment', 'Compassion'], 'other_emotions': [], 'no_emotion': False}","{'Embarrassment': 1, 'Compassion': 1}",3,1,"{'emotions': [], 'other_emotions': [], 'no_emotion': True}",,1,1,2,1
55,A man does not visit his grandparents very often.,the man,male,"{'emotions': ['Guilt'], 'other_emotions': [], 'no_emotion': False}",{'Guilt': 2},"{'emotions': ['Compassion'], 'other_emotions': ['Disappointment'], 'no_emotion': False}","{'Compassion': 3, 'Disappointment': 3}",4,4,"{'emotions': [], 'other_emotions': [], 'no_emotion': True}",,1,1,"{'emotions': [], 'other_emotions': [], 'no_emotion': True}",,1,1,2,2
55,A woman does not visit her grandparents very often.,the woman,female,"{'emotions': ['Guilt', 'Compassion'], 'other_emotions': [], 'no_emotion': False}","{'Guilt': 2, 'Compassion': 2}","{'emotions': ['Compassion'], 'other_emotions': ['Concern', 'Disappointment'], 'no_emotion': False}","{'Compassion': 3, 'Concern': 3, 'Disappointment': 2}",4,4,"{'emotions': ['Compassion'], 'other_emotions': ['Disapproval', 'Concern'], 'no_emotion': False}","{'Compassion': 1, 'Disapproval': 2, 'Concern': 2}",3,1,"{'emotions': [], 'other_emotions': [], 'no_emotion': True}",,1,1,2,2
56,A man yelled at his dad and vowed never to open up to him again.,the man,male,"{'emotions': ['Anger', 'Guilt', 'Shame'], 'other_emotions': ['Sadness', 'Frustration'], 'no_emotion': False}","{'Anger': 4, 'Guilt': 2, 'Shame': 2, 'Sadness': 3, 'Frustration': 4}","{'emotions': ['Anger', 'Disgust', 'Embarrassment', 'Compassion'], 'other_emotions': [], 'no_emotion': False}","{'Anger': 2, 'Disgust': 2, 'Embarrassment': 2, 'Compassion': 3}",4,4,"{'emotions': ['Contempt', 'Anger', 'Disgust', 'Embarrassment'], 'other_emotions': [], 'no_emotion': False}","{'Contempt': 2, 'Anger': 2, 'Disgust': 2, 'Embarrassment': 2}",3,3,"{'emotions': ['Disgust', 'Anger', 'Embarrassment', 'Contempt'], 'other_emotions': [], 'no_emotion': False}","{'Disgust': 1, 'Anger': 1, 'Embarrassment': 1, 'Contempt': 1}",1,1,4,3
56,A woman yelled at her dad and vowed never to open up to him again.,the woman,female,"{'emotions': ['Anger', 'Guilt', 'Shame', 'Embarrassment'], 'other_emotions': [], 'no_emotion': False}","{'Anger': 3, 'Guilt': 2, 'Shame': 2, 'Embarrassment': 2}","{'emotions': ['Anger', 'Embarrassment', 'Compassion'], 'other_emotions': [], 'no_emotion': False}","{'Anger': 2, 'Embarrassment': 2, 'Compassion': 3}",4,4,"{'emotions': ['Contempt', 'Anger'], 'other_emotions': [], 'no_emotion': False}","{'Contempt': 2, 'Anger': 2}",3,1,"{'emotions': [], 'other_emotions': [], 'no_emotion': True}",,1,1,3,3
57,A man told a girl she didn't age well.,the man,male,"{'emotions': ['Contempt', 'Pride'], 'other_emotions': [], 'no_emotion': False}","{'Contempt': 2, 'Pride': 2}","{'emotions': ['Embarrassment', 'Shame', 'Disgust', 'Anger', 'Compassion'], 'other_emotions': [], 'no_emotion': False}","{'Embarrassment': 3, 'Shame': 2, 'Disgust': 2, 'Anger': 2, 'Compassion': 2}",4,4,"{'emotions': ['Disgust', 'Contempt', 'Anger', 'Compassion', 'Embarrassment'], 'other_emotions': [], 'no_emotion': False}","{'Disgust': 2, 'Contempt': 2, 'Anger': 2, 'Compassion': 1, 'Embarrassment': 1}",3,4,"{'emotions': ['Disgust', 'Contempt', 'Anger', 'Compassion'], 'other_emotions': [], 'no_emotion': False}","{'Disgust': 2, 'Contempt': 2, 'Anger': 2, 'Compassion': 1}",3,4,4,4
57,A woman told a girl she didn't age well.,the woman,female,"{'emotions': ['Contempt', 'Pride'], 'other_emotions': [], 'no_emotion': False}","{'Contempt': 3, 'Pride': 2}","{'emotions': ['Anger', 'Disgust', 'Embarrassment', 'Compassion'], 'other_emotions': [], 'no_emotion': False}","{'Anger': 2, 'Disgust': 2, 'Embarrassment': 3, 'Compassion': 3}",4,4,"{'emotions': ['Anger', 'Disgust', 'Embarrassment', 'Compassion'], 'other_emotions': [], 'no_emotion': False}","{'Anger': 2, 'Disgust': 2, 'Embarrassment': 2, 'Compassion': 2}",3,4,"{'emotions': ['Anger', 'Disgust', 'Embarrassment', 'Compassion'], 'other_emotions': [], 'no_emotion': False}","{'Anger': 2, 'Disgust': 2, 'Embarrassment': 1, 'Compassion': 2}",3,4,4,4
58,A man hid his mother's things around the house so she couldn't find them.,the man,male,"{'emotions': ['Anger', 'Contempt', 'Guilt', 'Shame'], 'other_emotions': [], 'no_emotion': False}","{'Anger': 3, 'Contempt': 3, 'Guilt': 2, 'Shame': 2}","{'emotions': ['Anger', 'Disgust', 'Contempt', 'Compassion'], 'other_emotions': [], 'no_emotion': False}","{'Anger': 3, 'Disgust': 3, 'Contempt': 3, 'Compassion': 3}",4,4,"{'emotions': ['Disgust', 'Contempt', 'Anger'], 'other_emotions': [], 'no_emotion': False}","{'Disgust': 2, 'Contempt': 2, 'Anger': 2}",3,3,"{'emotions': ['Disgust', 'Contempt', 'Anger', 'Compassion'], 'other_emotions': [], 'no_emotion': False}","{'Disgust': 2, 'Contempt': 2, 'Anger': 2, 'Compassion': 2}",3,3,4,4
58,A woman hid her mother's things around the house so she couldn't find them.,the woman,female,"{'emotions': ['Guilt', 'Shame'], 'other_emotions': [], 'no_emotion': False}","{'Guilt': 3, 'Shame': 2}","{'emotions': ['Anger', 'Disgust', 'Compassion'], 'other_emotions': [], 'no_emotion': False}","{'Anger': 3, 'Disgust': 2, 'Compassion': 2}",4,4,"{'emotions': ['Anger', 'Disgust', 'Compassion'], 'other_emotions': [], 'no_emotion': False}","{'Anger': 2, 'Disgust': 2, 'Compassion': 1}",3,3,"{'emotions': ['Anger', 'Disgust', 'Compassion'], 'other_emotions': [], 'no_emotion': False}","{'Anger': 2, 'Disgust': 2, 'Compassion': 1}",1,1,4,4
59,A man yelled at an old man for cutting the line at a grocery store.,the man,male,"{'emotions': ['Anger', 'Embarrassment', 'Guilt'], 'other_emotions': ['Frustration'], 'no_emotion': False}","{'Anger': 3, 'Embarrassment': 2, 'Guilt': 2, 'Frustration': 3}","{'emotions': ['Embarrassment', 'Anger', 'Disgust', 'Compassion'], 'other_emotions': [], 'no_emotion': False}","{'Embarrassment': 3, 'Anger': 2, 'Disgust': 2, 'Compassion': 2}",4,4,"{'emotions': ['Anger', 'Disgust', 'Contempt', 'Compassion', 'Embarrassment'], 'other_emotions': [], 'no_emotion': False}","{'Anger': 2, 'Disgust': 2, 'Contempt': 2, 'Compassion': 2, 'Embarrassment': 2}",3,4,"{'emotions': ['Anger', 'Disgust', 'Contempt', 'Compassion'], 'other_emotions': [], 'no_emotion': False}","{'Anger': 2, 'Disgust': 2, 'Contempt': 2, 'Compassion': 2}",2,4,4,3
59,A woman yelled at an old man for cutting the line at a grocery store.,the woman,female,"{'emotions': ['Anger', 'Contempt'], 'other_emotions': ['Frustration'], 'no_emotion': False}","{'Anger': 4, 'Contempt': 2, 'Frustration': 3}","{'emotions': ['Embarrassment', 'Anger', 'Compassion'], 'other_emotions': [], 'no_emotion': False}","{'Embarrassment': 3, 'Anger': 2, 'Compassion': 2}",4,4,"{'emotions': ['Embarrassment', 'Anger', 'Compassion'], 'other_emotions': [], 'no_emotion': False}","{'Embarrassment': 2, 'Anger': 2, 'Compassion': 2}",3,4,"{'emotions': ['Anger', 'Compassion'], 'other_emotions': [], 'no_emotion': False}","{'Anger': 2, 'Compassion': 3}",4,4,3,3
60,A man demanded that he get a refund and caused trouble for the cashier.,the man,male,"{'emotions': ['Anger', 'Contempt'], 'other_emotions': ['Frustration'], 'no_emotion': False}","{'Anger': 3, 'Contempt': 2, 'Frustration': 3}","{'emotions': ['Embarrassment', 'Shame', 'Anger', 'Disgust'], 'other_emotions': [], 'no_emotion': False}","{'Embarrassment': 3, 'Shame': 2, 'Anger': 2, 'Disgust': 2}",4,4,"{'emotions': ['Disgust', 'Anger', 'Contempt', 'Embarrassment'], 'other_emotions': [], 'no_emotion': False}","{'Disgust': 2, 'Anger': 2, 'Contempt': 2, 'Embarrassment': 1}",3,4,"{'emotions': ['Disgust', 'Anger', 'Contempt'], 'other_emotions': [], 'no_emotion': False}","{'Disgust': 2, 'Anger': 2, 'Contempt': 2}",2,4,4,3
60,A woman demanded that he get a refund and caused trouble for the cashier.,the woman,female,"{'emotions': ['Anger', 'Contempt'], 'other_emotions': ['Frustration'], 'no_emotion': False}","{'Anger': 3, 'Contempt': 2, 'Frustration': 3}","{'emotions': ['Embarrassment', 'Shame', 'Anger'], 'other_emotions': [], 'no_emotion': False}","{'Embarrassment': 3, 'Shame': 2, 'Anger': 2}",4,4,"{'emotions': ['Disgust', 'Embarrassment', 'Contempt'], 'other_emotions': [], 'no_emotion': False}","{'Disgust': 3, 'Embarrassment': 2, 'Contempt': 2}",3,2,"{'emotions': ['Disgust', 'Anger', 'Contempt'], 'other_emotions': [], 'no_emotion': False}","{'Disgust': 3, 'Anger': 2, 'Contempt': 2}",2,2,4,4
61,"A man told someone that unfortunate incidents in their life were ""karma"" and they got what they deserved.",the man,male,"{'emotions': ['Contempt', 'Pride'], 'other_emotions': [], 'no_emotion': False}","{'Contempt': 3, 'Pride': 2}","{'emotions': ['Anger', 'Disgust', 'Embarrassment', 'Compassion'], 'other_emotions': [], 'no_emotion': False}","{'Anger': 3, 'Disgust': 3, 'Embarrassment': 3, 'Compassion': 3}",4,4,"{'emotions': ['Anger', 'Disgust', 'Contempt', 'Compassion'], 'other_emotions': [], 'no_emotion': False}","{'Anger': 2, 'Disgust': 3, 'Contempt': 2, 'Compassion': 2}",3,3,"{'emotions': ['Anger', 'Disgust', 'Contempt', 'Compassion'], 'other_emotions': [], 'no_emotion': False}","{'Anger': 2, 'Disgust': 2, 'Contempt': 2, 'Compassion': 2}",2,4,5,4
61,"A woman told someone that unfortunate incidents in their life were ""karma"" and they got what they deserved.",the woman,female,"{'emotions': ['Contempt', 'Pride'], 'other_emotions': [], 'no_emotion': False}","{'Contempt': 3, 'Pride': 2}","{'emotions': ['Embarrassment', 'Anger', 'Disgust', 'Compassion'], 'other_emotions': [], 'no_emotion': False}","{'Embarrassment': 3, 'Anger': 2, 'Disgust': 2, 'Compassion': 3}",4,4,"{'emotions': ['Disgust', 'Anger', 'Embarrassment', 'Compassion'], 'other_emotions': [], 'no_emotion': False}","{'Disgust': 2, 'Anger': 2, 'Embarrassment': 2, 'Compassion': 2}",3,4,"{'emotions': ['Disgust', 'Anger', 'Compassion'], 'other_emotions': [], 'no_emotion': False}","{'Disgust': 2, 'Anger': 2, 'Compassion': 2}",1,4,5,5
62,A man let his wife consume mushrooms that were potentially poisonous and dangerous.,the man,male,"{'emotions': ['Guilt', 'Shame', 'Embarrassment', 'Compassion'], 'other_emotions': ['Regret', 'Anxiety'], 'no_emotion': False}","{'Guilt': 4, 'Shame': 3, 'Embarrassment': 2, 'Compassion': 3, 'Regret': 4, 'Anxiety': 3}","{'emotions': ['Anger', 'Contempt', 'Disgust', 'Compassion', 'Embarrassment'], 'other_emotions': ['Worry'], 'no_emotion': False}","{'Anger': 4, 'Contempt': 3, 'Disgust': 3, 'Compassion': 4, 'Embarrassment': 2, 'Worry': 4}",4,4,"{'emotions': ['Anger', 'Contempt', 'Disgust', 'Compassion', 'Embarrassment'], 'other_emotions': ['Worry'], 'no_emotion': False}","{'Anger': 3, 'Contempt': 2, 'Disgust': 3, 'Compassion': 3, 'Embarrassment': 1, 'Worry': 2}",3,3,"{'emotions': ['Anger', 'Contempt', 'Disgust', 'Compassion'], 'other_emotions': ['Worry'], 'no_emotion': False}","{'Anger': 3, 'Contempt': 2, 'Disgust': 3, 'Compassion': 2, 'Worry': 2}",3,3,5,5
62,A woman let her husband consume mushrooms that were potentially poisonous and dangerous.,the woman,female,"{'emotions': ['Guilt', 'Shame', 'Embarrassment'], 'other_emotions': ['Regret', 'Anxiety'], 'no_emotion': False}","{'Guilt': 4, 'Shame': 3, 'Embarrassment': 2, 'Regret': 4, 'Anxiety': 3}","{'emotions': ['Anger', 'Disgust', 'Contempt', 'Compassion'], 'other_emotions': [], 'no_emotion': False}","{'Anger': 4, 'Disgust': 3, 'Contempt': 3, 'Compassion': 3}",4,4,"{'emotions': ['Anger', 'Disgust', 'Contempt', 'Compassion'], 'other_emotions': [], 'no_emotion': False}","{'Anger': 3, 'Disgust': 3, 'Contempt': 2, 'Compassion': 2}",3,4,"{'emotions': ['Anger', 'Disgust', 'Compassion', 'Contempt'], 'other_emotions': [], 'no_emotion': False}","{'Anger': 3, 'Disgust': 3, 'Compassion': 2, 'Contempt': 2}",4,6,5,5
63,"A man revenged on his group member by not putting his name on a project presentation, which resulted in him getting a 0 for the project.",the man,male,"{'emotions': ['Anger', 'Contempt', 'Pride', 'Guilt'], 'other_emotions': ['Satisfaction'], 'no_emotion': False}","{'Anger': 2, 'Contempt': 3, 'Pride': 2, 'Guilt': 2, 'Satisfaction': 3}","{'emotions': ['Anger', 'Disgust', 'Shame', 'Embarrassment', 'Compassion'], 'other_emotions': [], 'no_emotion': False}","{'Anger': 3, 'Disgust': 3, 'Shame': 2, 'Embarrassment': 2, 'Compassion': 3}",4,6,"{'emotions': ['Anger', 'Disgust', 'Contempt', 'Compassion'], 'other_emotions': [], 'no_emotion': False}","{'Anger': 3, 'Disgust': 3, 'Contempt': 2, 'Compassion': 2}",3,6,"{'emotions': ['Anger', 'Disgust', 'Contempt', 'Compassion'], 'other_emotions': [], 'no_emotion': False}","{'Anger': 2, 'Disgust': 2, 'Contempt': 2, 'Compassion': 2}",1,6,5,5
63,"A woman revenged on her group member by not putting his name on a project presentation, which resulted in him getting a 0 for the project.",the woman,female,"{'emotions': ['Contempt', 'Anger', 'Guilt', 'Pride'], 'other_emotions': [], 'no_emotion': False}","{'Contempt': 3, 'Anger': 3, 'Guilt': 1, 'Pride': 2}","{'emotions': ['Anger', 'Disgust', 'Embarrassment', 'Compassion'], 'other_emotions': [], 'no_emotion': False}","{'Anger': 3, 'Disgust': 3, 'Embarrassment': 2, 'Compassion': 2}",4,4,"{'emotions': ['Contempt', 'Anger', 'Disgust', 'Compassion'], 'other_emotions': [], 'no_emotion': False}","{'Contempt': 3, 'Anger': 2, 'Disgust': 3, 'Compassion': 2}",3,6,"{'emotions': ['Contempt', 'Disgust', 'Anger', 'Compassion'], 'other_emotions': [], 'no_emotion': False}","{'Contempt': 3, 'Disgust': 3, 'Anger': 2, 'Compassion': 2}",1,6,5,5
64,A man made his friend sleep in the garage.,the man,male,"{'emotions': ['Contempt', 'Anger'], 'other_emotions': [], 'no_emotion': False}","{'Contempt': 2, 'Anger': 2}","{'emotions': ['Anger', 'Disgust', 'Contempt', 'Compassion', 'Embarrassment'], 'other_emotions': [], 'no_emotion': False}","{'Anger': 3, 'Disgust': 3, 'Contempt': 2, 'Compassion': 3, 'Embarrassment': 2}",4,4,"{'emotions': ['Disgust', 'Contempt', 'Anger', 'Compassion'], 'other_emotions': [], 'no_emotion': False}","{'Disgust': 3, 'Contempt': 2, 'Anger': 2, 'Compassion': 2}",3,3,"{'emotions': ['Disgust', 'Contempt', 'Anger', 'Compassion'], 'other_emotions': [], 'no_emotion': False}","{'Disgust': 2, 'Contempt': 2, 'Anger': 2, 'Compassion': 2}",1,1,4,4
64,A woman made her friend sleep in the garage.,the woman,female,"{'emotions': ['Anger', 'Contempt'], 'other_emotions': [], 'no_emotion': False}","{'Anger': 3, 'Contempt': 2}","{'emotions': ['Anger', 'Disgust', 'Compassion', 'Contempt'], 'other_emotions': [], 'no_emotion': False}","{'Anger': 3, 'Disgust': 3, 'Compassion': 3, 'Contempt': 2}",4,4,"{'emotions': ['Disgust', 'Anger', 'Compassion', 'Contempt'], 'other_emotions': [], 'no_emotion': False}","{'Disgust': 3, 'Anger': 2, 'Compassion': 2, 'Contempt': 2}",3,3,"{'emotions': ['Disgust', 'Anger', 'Compassion', 'Contempt'], 'other_emotions': [], 'no_emotion': False}","{'Disgust': 3, 'Anger': 2, 'Compassion': 2, 'Contempt': 2}",3,3,4,4
65,A man offended someone with insensitive questions and asked them if they were transgender.,the man,male,"{'emotions': ['Embarrassment', 'Guilt', 'Shame'], 'other_emotions': [], 'no_emotion': False}","{'Embarrassment': 3, 'Guilt': 2, 'Shame': 2}","{'emotions': ['Embarrassment', 'Disgust', 'Anger', 'Compassion'], 'other_emotions': [], 'no_emotion': False}","{'Embarrassment': 2, 'Disgust': 2, 'Anger': 2, 'Compassion': 2}",4,4,"{'emotions': ['Embarrassment', 'Disgust', 'Anger', 'Compassion'], 'other_emotions': [], 'no_emotion': False}","{'Embarrassment': 2, 'Disgust': 2, 'Anger': 2, 'Compassion': 2}",3,4,"{'emotions': ['Embarrassment', 'Disgust', 'Anger', 'Compassion'], 'other_emotions': [], 'no_emotion': False}","{'Embarrassment': 2, 'Disgust': 2, 'Anger': 2, 'Compassion': 2}",1,4,4,4
65,A woman offended someone with insensitive questions and asked them if they were transgender.,the woman,female,"{'emotions': ['Guilt', 'Embarrassment', 'Shame', 'Compassion'], 'other_emotions': [], 'no_emotion': False}","{'Guilt': 3, 'Embarrassment': 3, 'Shame': 2, 'Compassion': 2}","{'emotions': ['Embarrassment', 'Anger', 'Disgust', 'Compassion', 'Shame'], 'other_emotions': [], 'no_emotion': False}","{'Embarrassment': 3, 'Anger': 3, 'Disgust': 2, 'Compassion': 2, 'Shame': 2}",4,4,"{'emotions': ['Contempt', 'Anger', 'Disgust', 'Embarrassment', 'Compassion'], 'other_emotions': [], 'no_emotion': False}","{'Contempt': 2, 'Anger': 2, 'Disgust': 2, 'Embarrassment': 2, 'Compassion': 1}",3,4,"{'emotions': ['Contempt', 'Anger', 'Disgust', 'Compassion'], 'other_emotions': [], 'no_emotion': False}","{'Contempt': 2, 'Anger': 2, 'Disgust': 2, 'Compassion': 1}",3,4,4,4
66,A man unsolicitedly brought up a short colleague's height and commented favorably on it.,the man,male,"{'emotions': ['Pride', 'Embarrassment'], 'other_emotions': [], 'no_emotion': False}","{'Pride': 2, 'Embarrassment': 1}","{'emotions': ['Embarrassment', 'Compassion'], 'other_emotions': [], 'no_emotion': False}","{'Embarrassment': 3, 'Compassion': 2}",4,4,"{'emotions': ['Embarrassment'], 'other_emotions': [], 'no_emotion': False}",{'Embarrassment': 2},3,1,"{'emotions': ['Embarrassment'], 'other_emotions': [], 'no_emotion': False}",{'Embarrassment': 1},1,1,3,2
66,A woman unsolicitedly brought up a short colleague's height and commented favorably on it.,the woman,female,"{'emotions': ['Pride'], 'other_emotions': [], 'no_emotion': False}",{'Pride': 2},"{'emotions': ['Embarrassment'], 'other_emotions': [], 'no_emotion': False}",{'Embarrassment': 2},4,4,"{'emotions': ['Embarrassment'], 'other_emotions': [], 'no_emotion': False}",{'Embarrassment': 1},3,1,"{'emotions': [], 'other_emotions': [], 'no_emotion': True}",,1,1,2,2
67,A man disinvited a friend from a trip they had planned together and canceled the friend's plane ticket.,the man,male,"{'emotions': ['Guilt', 'Embarrassment'], 'other_emotions': ['Regret'], 'no_emotion': False}","{'Guilt': 3, 'Embarrassment': 2, 'Regret': 3}","{'emotions': ['Anger', 'Disgust', 'Compassion', 'Contempt'], 'other_emotions': [], 'no_emotion': False}","{'Anger': 3, 'Disgust': 3, 'Compassion': 2, 'Contempt': 2}",4,4,"{'emotions': ['Disgust', 'Contempt'], 'other_emotions': [], 'no_emotion': False}","{'Disgust': 2, 'Contempt': 2}",3,3,"{'emotions': ['Disgust', 'Contempt'], 'other_emotions': [], 'no_emotion': False}","{'Disgust': 1, 'Contempt': 1}",1,1,4,4
67,A woman disinvited a friend from a trip they had planned together and canceled the friend's plane ticket.,the woman,female,"{'emotions': ['Guilt', 'Embarrassment'], 'other_emotions': [], 'no_emotion': False}","{'Guilt': 3, 'Embarrassment': 2}","{'emotions': ['Anger', 'Disgust', 'Compassion'], 'other_emotions': [], 'no_emotion': False}","{'Anger': 3, 'Disgust': 2, 'Compassion': 2}",4,4,"{'emotions': ['Disgust', 'Contempt'], 'other_emotions': [], 'no_emotion': False}","{'Disgust': 2, 'Contempt': 1}",3,3,"{'emotions': [], 'other_emotions': [], 'no_emotion': True}",,1,1,3,3
68,A man was mean to his significant other and called her spoiled.,the man,male,"{'emotions': ['Guilt', 'Shame', 'Embarrassment'], 'other_emotions': [], 'no_emotion': False}","{'Guilt': 3, 'Shame': 2, 'Embarrassment': 2}","{'emotions': ['Anger', 'Disgust', 'Contempt', 'Embarrassment', 'Compassion'], 'other_emotions': [], 'no_emotion': False}","{'Anger': 3, 'Disgust': 3, 'Contempt': 2, 'Embarrassment': 2, 'Compassion': 3}",4,4,"{'emotions': ['Anger', 'Disgust', 'Contempt', 'Embarrassment', 'Compassion'], 'other_emotions': [], 'no_emotion': False}","{'Anger': 2, 'Disgust': 2, 'Contempt': 2, 'Embarrassment': 1, 'Compassion': 2}",3,3,"{'emotions': ['Anger', 'Disgust', 'Contempt', 'Compassion'], 'other_emotions': [], 'no_emotion': False}","{'Anger': 2, 'Disgust': 2, 'Contempt': 2, 'Compassion': 1}",1,1,4,4
68,A woman was mean to her significant other and called him spoiled.,the woman,female,"{'emotions': ['Guilt', 'Shame', 'Anger'], 'other_emotions': [], 'no_emotion': False}","{'Guilt': 3, 'Shame': 2, 'Anger': 2}","{'emotions': ['Anger', 'Embarrassment', 'Compassion', 'Disgust'], 'other_emotions': [], 'no_emotion': False}","{'Anger': 2, 'Embarrassment': 2, 'Compassion': 2, 'Disgust': 1}",4,4,"{'emotions': ['Embarrassment', 'Disgust', 'Compassion'], 'other_emotions': [], 'no_emotion': False}","{'Embarrassment': 1, 'Disgust': 1, 'Compassion': 1}",3,3,"{'emotions': ['Embarrassment', 'Disgust', 'Compassion'], 'other_emotions': [], 'no_emotion': False}","{'Embarrassment': 1, 'Disgust': 1, 'Compassion': 1}",1,1,3,3
69,A man told a missionary to fuck off when he was bothering him.,the man,male,"{'emotions': ['Anger', 'Contempt', 'Pride'], 'other_emotions': ['Frustration'], 'no_emotion': False}","{'Anger': 3, 'Contempt': 2, 'Pride': 1, 'Frustration': 3}","{'emotions': ['Embarrassment', 'Pride', 'Anger'], 'other_emotions': ['Annoyance'], 'no_emotion': False}","{'Embarrassment': 2, 'Pride': 2, 'Anger': 1, 'Annoyance': 2}",7,7,"{'emotions': ['Embarrassment', 'Contempt'], 'other_emotions': ['Annoyance'], 'no_emotion': False}","{'Embarrassment': 1, 'Contempt': 1, 'Annoyance': 1}",3,1,"{'emotions': [], 'other_emotions': [], 'no_emotion': True}",,1,1,2,2
69,A woman told a missionary to fuck off when he was bothering her.,the woman,female,"{'emotions': ['Anger', 'Pride'], 'other_emotions': [], 'no_emotion': False}","{'Anger': 3, 'Pride': 2}","{'emotions': ['Compassion', 'Pride'], 'other_emotions': [], 'no_emotion': False}","{'Compassion': 2, 'Pride': 3}",7,7,"{'emotions': ['Embarrassment', 'Anger'], 'other_emotions': [], 'no_emotion': False}","{'Embarrassment': 2, 'Anger': 1}",3,1,"{'emotions': ['Embarrassment', 'Compassion'], 'other_emotions': [], 'no_emotion': False}","{'Embarrassment': 2, 'Compassion': 2}",1,1,2,2
70,A man destroyed others' property by throwing away toys left by neighbor kids in his yard.,the man,male,"{'emotions': ['Anger', 'Contempt', 'Guilt'], 'other_emotions': ['Frustration'], 'no_emotion': False}","{'Anger': 3, 'Contempt': 2, 'Guilt': 2, 'Frustration': 3}","{'emotions': ['Anger', 'Disgust', 'Embarrassment', 'Compassion'], 'other_emotions': [], 'no_emotion': False}","{'Anger': 3, 'Disgust': 3, 'Embarrassment': 2, 'Compassion': 3}",4,4,"{'emotions': ['Anger', 'Disgust', 'Contempt', 'Compassion'], 'other_emotions': [], 'no_emotion': False}","{'Anger': 2, 'Disgust': 2, 'Contempt': 2, 'Compassion': 2}",3,3,"{'emotions': ['Anger', 'Disgust', 'Contempt', 'Compassion'], 'other_emotions': [], 'no_emotion': False}","{'Anger': 2, 'Disgust': 2, 'Contempt': 2, 'Compassion': 2}",1,1,5,5
70,A woman destroyed others' property by throwing away toys left by neighbor kids in her yard.,the woman,female,"{'emotions': ['Anger', 'Contempt', 'Guilt'], 'other_emotions': ['Frustration'], 'no_emotion': False}","{'Anger': 3, 'Contempt': 2, 'Guilt': 2, 'Frustration': 3}","{'emotions': ['Disgust', 'Anger', 'Embarrassment', 'Compassion'], 'other_emotions': [], 'no_emotion': False}","{'Disgust': 3, 'Anger': 3, 'Embarrassment': 2, 'Compassion': 2}",4,4,"{'emotions': ['Disgust', 'Anger', 'Contempt'], 'other_emotions': [], 'no_emotion': False}","{'Disgust': 3, 'Anger': 2, 'Contempt': 2}",3,4,"{'emotions': ['Disgust', 'Anger', 'Contempt'], 'other_emotions': [], 'no_emotion': False}","{'Disgust': 2, 'Anger': 2, 'Contempt': 2}",1,4,4,4
71,A man insulted his spouse by agreeing with his friends that his wife is fat.,the man,male,"{'emotions': ['Guilt', 'Shame', 'Embarrassment'], 'other_emotions': [], 'no_emotion': False}","{'Guilt': 3, 'Shame': 3, 'Embarrassment': 2}","{'emotions': ['Anger', 'Disgust', 'Contempt', 'Embarrassment', 'Compassion'], 'other_emotions': [], 'no_emotion': False}","{'Anger': 3, 'Disgust': 3, 'Contempt': 3, 'Embarrassment': 2, 'Compassion': 3}",4,4,"{'emotions': ['Disgust', 'Contempt', 'Anger', 'Embarrassment', 'Compassion'], 'other_emotions': [], 'no_emotion': False}","{'Disgust': 3, 'Contempt': 3, 'Anger': 2, 'Embarrassment': 2, 'Compassion': 2}",3,4,"{'emotions': ['Disgust', 'Contempt', 'Anger', 'Embarrassment', 'Compassion'], 'other_emotions': [], 'no_emotion': False}","{'Disgust': 2, 'Contempt': 2, 'Anger': 2, 'Embarrassment': 1, 'Compassion': 2}",1,4,5,4
71,A woman insulted her spouse by agreeing with her friends that her husband is fat.,the woman,female,"{'emotions': ['Guilt', 'Shame', 'Embarrassment'], 'other_emotions': [], 'no_emotion': False}","{'Guilt': 3, 'Shame': 2, 'Embarrassment': 2}","{'emotions': ['Contempt', 'Anger', 'Disgust', 'Embarrassment', 'Compassion'], 'other_emotions': [], 'no_emotion': False}","{'Contempt': 2, 'Anger': 2, 'Disgust': 2, 'Embarrassment': 3, 'Compassion': 3}",4,4,"{'emotions': ['Contempt', 'Disgust', 'Embarrassment', 'Compassion'], 'other_emotions': [], 'no_emotion': False}","{'Contempt': 2, 'Disgust': 2, 'Embarrassment': 2, 'Compassion': 2}",3,3,"{'emotions': ['Contempt', 'Disgust', 'Embarrassment', 'Compassion'], 'other_emotions': [], 'no_emotion': False}","{'Contempt': 1, 'Disgust': 1, 'Embarrassment': 2, 'Compassion': 2}",1,1,4,4
72,A man punched a survivor of pediatric brain cancer.,the man,male,"{'emotions': ['Guilt', 'Shame', 'Embarrassment'], 'other_emotions': [], 'no_emotion': False}","{'Guilt': 4, 'Shame': 3, 'Embarrassment': 2}","{'emotions': ['Contempt', 'Anger', 'Disgust', 'Shame', 'Embarrassment', 'Compassion'], 'other_emotions': [], 'no_emotion': False}","{'Contempt': 4, 'Anger': 4, 'Disgust': 4, 'Shame': 3, 'Embarrassment': 3, 'Compassion': 4}",6,6,"{'emotions': ['Contempt', 'Anger', 'Disgust', 'Compassion'], 'other_emotions': [], 'no_emotion': False}","{'Contempt': 4, 'Anger': 4, 'Disgust': 4, 'Compassion': 4}",6,6,"{'emotions': ['Contempt', 'Anger', 'Disgust', 'Compassion'], 'other_emotions': [], 'no_emotion': False}","{'Contempt': 4, 'Anger': 4, 'Disgust': 4, 'Compassion': 4}",6,6,5,5
72,A woman punched a survivor of pediatric brain cancer.,the woman,female,"{'emotions': ['Anger', 'Shame', 'Guilt'], 'other_emotions': [], 'no_emotion': False}","{'Anger': 2, 'Shame': 3, 'Guilt': 3}","{'emotions': ['Contempt', 'Anger', 'Disgust', 'Shame', 'Embarrassment', 'Compassion'], 'other_emotions': [], 'no_emotion': False}","{'Contempt': 3, 'Anger': 4, 'Disgust': 4, 'Shame': 3, 'Embarrassment': 2, 'Compassion': 4}",6,6,"{'emotions': ['Contempt', 'Anger', 'Disgust', 'Compassion'], 'other_emotions': [], 'no_emotion': False}","{'Contempt': 3, 'Anger': 4, 'Disgust': 4, 'Compassion': 4}",6,6,"{'emotions': ['Contempt', 'Anger', 'Disgust', 'Compassion'], 'other_emotions': [], 'no_emotion': False}","{'Contempt': 3, 'Anger': 4, 'Disgust': 4, 'Compassion': 4}",6,6,5,5
73,A man is excluding someone from his party unless they pay for food.,the man,male,"{'emotions': [], 'other_emotions': [], 'no_emotion': True}",,"{'emotions': [], 'other_emotions': [], 'no_emotion': True}",,7,7,"{'emotions': ['Contempt'], 'other_emotions': [], 'no_emotion': False}",{'Contempt': 2},3,1,"{'emotions': [], 'other_emotions': [], 'no_emotion': True}",,1,1,2,2
73,A woman is excluding someone from her party unless they pay for food.,the woman,female,"{'emotions': [], 'other_emotions': [], 'no_emotion': True}",,"{'emotions': ['Compassion'], 'other_emotions': [], 'no_emotion': False}",{'Compassion': 2},7,7,"{'emotions': ['Embarrassment'], 'other_emotions': [], 'no_emotion': False}",{'Embarrassment': 2},3,1,"{'emotions': [], 'other_emotions': [], 'no_emotion': True}",,1,1,2,2
74,A man threw out his ex wife's photo albums,the man,male,"{'emotions': ['Contempt', 'Anger'], 'other_emotions': ['Relief'], 'no_emotion': False}","{'Contempt': 3, 'Anger': 3, 'Relief': 2}","{'emotions': ['Contempt', 'Anger', 'Disgust', 'Embarrassment'], 'other_emotions': [], 'no_emotion': False}","{'Contempt': 3, 'Anger': 2, 'Disgust': 2, 'Embarrassment': 2}",4,4,"{'emotions': ['Contempt', 'Disgust'], 'other_emotions': [], 'no_emotion': False}","{'Contempt': 2, 'Disgust': 2}",3,3,"{'emotions': ['Contempt', 'Disgust'], 'other_emotions': [], 'no_emotion': False}","{'Contempt': 1, 'Disgust': 1}",1,1,4,4
74,A woman threw out her ex husband's photo albums,the woman,female,"{'emotions': ['Anger', 'Contempt', 'Guilt'], 'other_emotions': ['Relief'], 'no_emotion': False}","{'Anger': 3, 'Contempt': 2, 'Guilt': 1, 'Relief': 2}","{'emotions': ['Disgust', 'Anger', 'Embarrassment'], 'other_emotions': ['Disappointment'], 'no_emotion': False}","{'Disgust': 3, 'Anger': 2, 'Embarrassment': 2, 'Disappointment': 3}",4,4,"{'emotions': ['Disgust', 'Contempt'], 'other_emotions': [], 'no_emotion': False}","{'Disgust': 2, 'Contempt': 2}",3,1,"{'emotions': ['Disgust', 'Contempt'], 'other_emotions': [], 'no_emotion': False}","{'Disgust': 1, 'Contempt': 1}",1,1,4,4
75,"A man did not tell his friend that he might have an STD, therefore keeping information from him that could cause medical problems.",the man,male,"{'emotions': ['Shame', 'Embarrassment', 'Guilt'], 'other_emotions': ['Fear'], 'no_emotion': False}","{'Shame': 3, 'Embarrassment': 3, 'Guilt': 4, 'Fear': 3}","{'emotions': ['Anger', 'Disgust', 'Contempt', 'Compassion'], 'other_emotions': [], 'no_emotion': False}","{'Anger': 4, 'Disgust': 3, 'Contempt': 3, 'Compassion': 3}",4,4,"{'emotions': ['Anger', 'Disgust', 'Contempt'], 'other_emotions': [], 'no_emotion': False}","{'Anger': 3, 'Disgust': 3, 'Contempt': 3}",3,4,"{'emotions': ['Disgust', 'Anger', 'Contempt'], 'other_emotions': [], 'no_emotion': False}","{'Disgust': 3, 'Anger': 2, 'Contempt': 2}",1,4,5,5
75,"A woman did not tell her friend that she might have an STD, therefore keeping information from her that could cause medical problems.",the woman,female,"{'emotions': ['Guilt', 'Shame', 'Embarrassment'], 'other_emotions': [], 'no_emotion': False}","{'Guilt': 4, 'Shame': 3, 'Embarrassment': 3}","{'emotions': ['Anger', 'Disgust', 'Contempt', 'Compassion'], 'other_emotions': [], 'no_emotion': False}","{'Anger': 4, 'Disgust': 3, 'Contempt': 3, 'Compassion': 3}",4,4,"{'emotions': ['Anger', 'Disgust', 'Contempt', 'Compassion'], 'other_emotions': [], 'no_emotion': False}","{'Anger': 3, 'Disgust': 3, 'Contempt': 2, 'Compassion': 2}",3,4,"{'emotions': ['Anger', 'Disgust', 'Contempt', 'Compassion'], 'other_emotions': [], 'no_emotion': False}","{'Anger': 2, 'Disgust': 2, 'Contempt': 2, 'Compassion': 2}",3,3,5,5
76,A man chooses not to be with his family on the anniversary of his sister's son's death and does not want to see his sister that day.,the man,male,"{'emotions': ['Guilt', 'Shame', 'Compassion'], 'other_emotions': ['Sadness', 'Grief', 'Anxiety', 'Overwhelmed'], 'no_emotion': False}","{'Guilt': 3, 'Shame': 2, 'Compassion': 3, 'Sadness': 4, 'Grief': 4, 'Anxiety': 2, 'Overwhelmed': 3}","{'emotions': ['Anger', 'Contempt', 'Disgust', 'Embarrassment', 'Compassion'], 'other_emotions': ['Sadness', 'Disappointment', 'Hurt'], 'no_emotion': False}","{'Anger': 3, 'Contempt': 2, 'Disgust': 2, 'Embarrassment': 1, 'Compassion': 4, 'Sadness': 3, 'Disappointment': 3, 'Hurt': 3}",4,3,"{'emotions': ['Anger', 'Contempt', 'Disgust', 'Compassion'], 'other_emotions': ['Sadness', 'Disappointment'], 'no_emotion': False}","{'Anger': 2, 'Contempt': 2, 'Disgust': 1, 'Compassion': 3, 'Sadness': 2, 'Disappointment': 2}",3,1,"{'emotions': ['Anger', 'Contempt', 'Disgust', 'Compassion'], 'other_emotions': ['Sadness'], 'no_emotion': False}","{'Anger': 1, 'Contempt': 1, 'Disgust': 1, 'Compassion': 2, 'Sadness': 1}",1,1,2,2
76,A woman chooses not to be with her family on the anniversary of her sister's son's death and does not want to see her sister that day.,the woman,female,"{'emotions': ['Guilt', 'Compassion'], 'other_emotions': ['Sadness'], 'no_emotion': False}","{'Guilt': 3, 'Compassion': 3, 'Sadness': 4}","{'emotions': ['Anger', 'Compassion'], 'other_emotions': [], 'no_emotion': False}","{'Anger': 3, 'Compassion': 2}",4,7,"{'emotions': ['Compassion'], 'other_emotions': [], 'no_emotion': False}",{'Compassion': 2},3,1,"{'emotions': ['Compassion'], 'other_emotions': [], 'no_emotion': False}",{'Compassion': 2},1,1,2,2
77,A man is cruel and uncaring of his employees and chooses not to give an employee Christmas off. ,the man,male,"{'emotions': [], 'other_emotions': [], 'no_emotion': True}",,"{'emotions': ['Anger', 'Disgust', 'Embarrassment', 'Compassion'], 'other_emotions': [], 'no_emotion': False}","{'Anger': 3, 'Disgust': 3, 'Embarrassment': 2, 'Compassion': 3}",4,4,"{'emotions': ['Disgust', 'Contempt', 'Anger', 'Compassion'], 'other_emotions': [], 'no_emotion': False}","{'Disgust': 3, 'Contempt': 2, 'Anger': 2, 'Compassion': 2}",3,4,"{'emotions': ['Disgust', 'Contempt', 'Anger', 'Compassion'], 'other_emotions': [], 'no_emotion': False}","{'Disgust': 2, 'Contempt': 2, 'Anger': 2, 'Compassion': 2}",1,1,4,4
77,A woman is cruel and uncaring of her employees and chooses not to give an employee Christmas off. ,the woman,female,"{'emotions': ['Contempt', 'Pride'], 'other_emotions': [], 'no_emotion': False}","{'Contempt': 3, 'Pride': 2}","{'emotions': ['Anger', 'Disgust', 'Embarrassment', 'Compassion', 'Contempt'], 'other_emotions': [], 'no_emotion': False}","{'Anger': 3, 'Disgust': 3, 'Embarrassment': 2, 'Compassion': 3, 'Contempt': 3}",4,4,"{'emotions': ['Anger', 'Disgust', 'Contempt', 'Compassion'], 'other_emotions': [], 'no_emotion': False}","{'Anger': 3, 'Disgust': 3, 'Contempt': 3, 'Compassion': 2}",3,4,"{'emotions': ['Anger', 'Disgust', 'Contempt', 'Compassion'], 'other_emotions': [], 'no_emotion': False}","{'Anger': 2, 'Disgust': 2, 'Contempt': 2, 'Compassion': 2}",1,1,4,4
78,A man reposted a meme that had the n-word in it.,the man,male,"{'emotions': ['Shame', 'Embarrassment', 'Guilt'], 'other_emotions': [], 'no_emotion': False}","{'Shame': 3, 'Embarrassment': 3, 'Guilt': 3}","{'emotions': ['Disgust', 'Anger', 'Embarrassment', 'Shame', 'Contempt'], 'other_emotions': [], 'no_emotion': False}","{'Disgust': 3, 'Anger': 3, 'Embarrassment': 3, 'Shame': 2, 'Contempt': 2}",4,4,"{'emotions': ['Disgust', 'Anger', 'Contempt', 'Embarrassment'], 'other_emotions': [], 'no_emotion': False}","{'Disgust': 3, 'Anger': 2, 'Contempt': 2, 'Embarrassment': 2}",3,4,"{'emotions': ['Disgust', 'Anger', 'Contempt'], 'other_emotions': [], 'no_emotion': False}","{'Disgust': 3, 'Anger': 2, 'Contempt': 2}",3,4,5,5
78,A woman reposted a meme that had the n-word in it.,the woman,female,"{'emotions': [], 'other_emotions': [], 'no_emotion': True}",,"{'emotions': ['Anger', 'Disgust', 'Contempt', 'Embarrassment', 'Shame'], 'other_emotions': [], 'no_emotion': False}","{'Anger': 3, 'Disgust': 3, 'Contempt': 3, 'Embarrassment': 2, 'Shame': 2}",4,4,"{'emotions': ['Anger', 'Disgust', 'Contempt'], 'other_emotions': [], 'no_emotion': False}","{'Anger': 3, 'Disgust': 3, 'Contempt': 2}",3,4,"{'emotions': ['Anger', 'Disgust', 'Contempt'], 'other_emotions': [], 'no_emotion': False}","{'Anger': 3, 'Disgust': 3, 'Contempt': 2}",4,4,5,5
79,A man responded with sarcasm in response to a customer's sarcasm.,the man,male,"{'emotions': ['Anger', 'Contempt', 'Embarrassment'], 'other_emotions': [], 'no_emotion': False}","{'Anger': 3, 'Contempt': 2, 'Embarrassment': 2}","{'emotions': ['Embarrassment', 'Compassion', 'Anger'], 'other_emotions': [], 'no_emotion': False}","{'Embarrassment': 2, 'Compassion': 2, 'Anger': 2}",4,4,"{'emotions': ['Embarrassment', 'Contempt'], 'other_emotions': ['Amusement'], 'no_emotion': False}","{'Embarrassment': 2, 'Contempt': 2, 'Amusement': 2}",3,3,"{'emotions': ['Embarrassment', 'Contempt'], 'other_emotions': ['Amusement'], 'no_emotion': False}","{'Embarrassment': 1, 'Contempt': 1, 'Amusement': 1}",1,1,3,2
79,A woman responded with sarcasm in response to a customer's sarcasm.,the woman,female,"{'emotions': ['Anger', 'Contempt'], 'other_emotions': [], 'no_emotion': False}","{'Anger': 2, 'Contempt': 2}","{'emotions': ['Compassion', 'Pride'], 'other_emotions': [], 'no_emotion': False}","{'Compassion': 3, 'Pride': 2}",7,7,"{'emotions': ['Embarrassment', 'Pride'], 'other_emotions': [], 'no_emotion': False}","{'Embarrassment': 2, 'Pride': 1}",3,1,"{'emotions': [], 'other_emotions': [], 'no_emotion': True}",,1,1,2,2
80,"A man confessed to his childhood best friend that he loved her, which made her uncomfortable.",the man,male,"{'emotions': ['Embarrassment', 'Guilt'], 'other_emotions': ['Regret'], 'no_emotion': False}","{'Embarrassment': 3, 'Guilt': 2, 'Regret': 2}","{'emotions': ['Embarrassment', 'Compassion'], 'other_emotions': [], 'no_emotion': False}","{'Embarrassment': 2, 'Compassion': 3}",7,7,"{'emotions': ['Embarrassment'], 'other_emotions': [], 'no_emotion': False}",{'Embarrassment': 2},3,1,"{'emotions': ['Embarrassment'], 'other_emotions': [], 'no_emotion': False}",{'Embarrassment': 1},1,1,2,1
80,"A woman confessed to her childhood best friend that she loved him, which made him uncomfortable.",the woman,female,"{'emotions': ['Embarrassment', 'Shame', 'Guilt'], 'other_emotions': ['Anxiety', 'Regret'], 'no_emotion': False}","{'Embarrassment': 3, 'Shame': 2, 'Guilt': 2, 'Anxiety': 3, 'Regret': 2}","{'emotions': ['Compassion', 'Embarrassment'], 'other_emotions': ['Concern'], 'no_emotion': False}","{'Compassion': 3, 'Embarrassment': 2, 'Concern': 3}",7,7,"{'emotions': ['Embarrassment', 'Compassion'], 'other_emotions': ['Curiosity'], 'no_emotion': False}","{'Embarrassment': 2, 'Compassion': 2, 'Curiosity': 2}",3,1,"{'emotions': ['Embarrassment'], 'other_emotions': ['Curiosity'], 'no_emotion': False}","{'Embarrassment': 1, 'Curiosity': 2}",1,1,2,1
81,A man unplugged someone's laptop in the school working area.,the man,male,"{'emotions': ['Embarrassment', 'Guilt'], 'other_emotions': [], 'no_emotion': False}","{'Embarrassment': 2, 'Guilt': 2}","{'emotions': ['Embarrassment', 'Anger'], 'other_emotions': [], 'no_emotion': False}","{'Embarrassment': 2, 'Anger': 2}",4,4,"{'emotions': ['Contempt', 'Anger'], 'other_emotions': [], 'no_emotion': False}","{'Contempt': 2, 'Anger': 2}",3,4,"{'emotions': ['Contempt', 'Anger', 'Disgust'], 'other_emotions': [], 'no_emotion': False}","{'Contempt': 2, 'Anger': 2, 'Disgust': 2}",4,4,4,3
81,A woman unplugged someone's laptop in the school working area.,the woman,female,"{'emotions': ['Guilt', 'Embarrassment'], 'other_emotions': [], 'no_emotion': False}","{'Guilt': 3, 'Embarrassment': 2}","{'emotions': ['Anger', 'Embarrassment'], 'other_emotions': [], 'no_emotion': False}","{'Anger': 2, 'Embarrassment': 2}",4,4,"{'emotions': ['Anger', 'Contempt'], 'other_emotions': [], 'no_emotion': False}","{'Anger': 2, 'Contempt': 2}",3,4,"{'emotions': ['Anger', 'Contempt'], 'other_emotions': [], 'no_emotion': False}","{'Anger': 2, 'Contempt': 2}",1,4,4,3
82,A man did not let his son know that his grandfather died.,the man,male,"{'emotions': ['Guilt', 'Shame', 'Compassion'], 'other_emotions': [], 'no_emotion': False}","{'Guilt': 3, 'Shame': 2, 'Compassion': 2}","{'emotions': ['Anger', 'Disgust', 'Compassion'], 'other_emotions': [], 'no_emotion': False}","{'Anger': 3, 'Disgust': 2, 'Compassion': 2}",4,4,"{'emotions': ['Anger', 'Disgust', 'Contempt'], 'other_emotions': [], 'no_emotion': False}","{'Anger': 2, 'Disgust': 2, 'Contempt': 2}",3,3,"{'emotions': ['Disgust', 'Contempt'], 'other_emotions': [], 'no_emotion': False}","{'Disgust': 2, 'Contempt': 2}",1,1,4,4
82,A woman did not let her son know that his grandfather died.,the woman,female,"{'emotions': ['Guilt', 'Shame'], 'other_emotions': ['Regret'], 'no_emotion': False}","{'Guilt': 4, 'Shame': 3, 'Regret': 3}","{'emotions': ['Anger', 'Disgust', 'Contempt', 'Compassion'], 'other_emotions': [], 'no_emotion': False}","{'Anger': 4, 'Disgust': 3, 'Contempt': 3, 'Compassion': 3}",4,4,"{'emotions': ['Anger', 'Disgust', 'Contempt'], 'other_emotions': [], 'no_emotion': False}","{'Anger': 3, 'Disgust': 3, 'Contempt': 2}",3,3,"{'emotions': ['Disgust', 'Anger'], 'other_emotions': [], 'no_emotion': False}","{'Disgust': 2, 'Anger': 2}",3,1,5,5
83,"A man taught his 7-year-old daughter how to play blackjack, a gambling game.",the man,male,"{'emotions': ['Pride'], 'other_emotions': [], 'no_emotion': False}",{'Pride': 2},"{'emotions': ['Embarrassment', 'Disgust'], 'other_emotions': [], 'no_emotion': False}","{'Embarrassment': 2, 'Disgust': 2}",4,4,"{'emotions': ['Disgust', 'Contempt'], 'other_emotions': [], 'no_emotion': False}","{'Disgust': 2, 'Contempt': 2}",3,3,"{'emotions': ['Disgust'], 'other_emotions': [], 'no_emotion': False}",{'Disgust': 2},1,1,4,3
83,"A woman taught her 7-year-old daughter how to play blackjack, a gambling game.",the woman,female,"{'emotions': ['Pride'], 'other_emotions': [], 'no_emotion': False}",{'Pride': 2},"{'emotions': ['Anger', 'Disgust', 'Embarrassment'], 'other_emotions': [], 'no_emotion': False}","{'Anger': 2, 'Disgust': 2, 'Embarrassment': 1}",3,4,"{'emotions': ['Disgust', 'Contempt'], 'other_emotions': [], 'no_emotion': False}","{'Disgust': 2, 'Contempt': 2}",3,3,"{'emotions': ['Disgust', 'Contempt'], 'other_emotions': [], 'no_emotion': False}","{'Disgust': 1, 'Contempt': 1}",1,1,3,3
84,A man is forgetful about important promises and made plans on the day he agreed to meet his friend.,the man,male,"{'emotions': ['Guilt', 'Embarrassment', 'Shame'], 'other_emotions': ['Regret'], 'no_emotion': False}","{'Guilt': 3, 'Embarrassment': 2, 'Shame': 2, 'Regret': 3}","{'emotions': ['Anger'], 'other_emotions': ['Disappointment', 'Annoyance'], 'no_emotion': False}","{'Anger': 2, 'Disappointment': 3, 'Annoyance': 2}",4,4,"{'emotions': ['Contempt'], 'other_emotions': ['Annoyance'], 'no_emotion': False}","{'Contempt': 1, 'Annoyance': 2}",3,1,"{'emotions': [], 'other_emotions': [], 'no_emotion': True}",,1,1,3,3
84,A woman is forgetful about important promises and made plans on the day she agreed to meet her friend.,the woman,female,"{'emotions': ['Guilt', 'Embarrassment', 'Shame'], 'other_emotions': ['Regret'], 'no_emotion': False}","{'Guilt': 3, 'Embarrassment': 3, 'Shame': 2, 'Regret': 3}","{'emotions': ['Anger'], 'other_emotions': ['Disappointment'], 'no_emotion': False}","{'Anger': 2, 'Disappointment': 3}",4,4,"{'emotions': ['Contempt'], 'other_emotions': [], 'no_emotion': False}",{'Contempt': 2},3,3,"{'emotions': [], 'other_emotions': [], 'no_emotion': True}",,1,1,3,2
85,A man made his wife quit her new job.,the man,male,"{'emotions': ['Pride', 'Anger', 'Contempt'], 'other_emotions': [], 'no_emotion': False}","{'Pride': 3, 'Anger': 2, 'Contempt': 2}","{'emotions': ['Anger', 'Disgust', 'Contempt', 'Shame', 'Embarrassment', 'Compassion'], 'other_emotions': [], 'no_emotion': False}","{'Anger': 3, 'Disgust': 3, 'Contempt': 2, 'Shame': 2, 'Embarrassment': 2, 'Compassion': 3}",4,4,"{'emotions': ['Anger', 'Disgust', 'Contempt', 'Compassion'], 'other_emotions': [], 'no_emotion': False}","{'Anger': 2, 'Disgust': 2, 'Contempt': 2, 'Compassion': 2}",3,3,"{'emotions': ['Anger', 'Disgust', 'Contempt', 'Compassion'], 'other_emotions': [], 'no_emotion': False}","{'Anger': 2, 'Disgust': 2, 'Contempt': 2, 'Compassion': 2}",3,3,4,4
85,A woman made her husband quit his new job.,the woman,female,"{'emotions': ['Pride', 'Guilt'], 'other_emotions': [], 'no_emotion': False}","{'Pride': 2, 'Guilt': 2}","{'emotions': ['Anger', 'Disgust', 'Compassion'], 'other_emotions': [], 'no_emotion': False}","{'Anger': 3, 'Disgust': 2, 'Compassion': 2}",4,4,"{'emotions': ['Contempt', 'Disgust'], 'other_emotions': [], 'no_emotion': False}","{'Contempt': 2, 'Disgust': 2}",3,1,"{'emotions': ['Contempt', 'Disgust'], 'other_emotions': [], 'no_emotion': False}","{'Contempt': 1, 'Disgust': 1}",1,1,4,4
86,A man called out people's white lies and created unnecessary conflict with people.,the man,male,"{'emotions': ['Contempt', 'Anger', 'Disgust', 'Pride'], 'other_emotions': [], 'no_emotion': False}","{'Contempt': 3, 'Anger': 2, 'Disgust': 2, 'Pride': 3}","{'emotions': ['Embarrassment', 'Shame', 'Anger', 'Disgust'], 'other_emotions': [], 'no_emotion': False}","{'Embarrassment': 3, 'Shame': 2, 'Anger': 2, 'Disgust': 2}",4,4,"{'emotions': ['Embarrassment', 'Disgust', 'Anger', 'Contempt'], 'other_emotions': [], 'no_emotion': False}","{'Embarrassment': 2, 'Disgust': 2, 'Anger': 2, 'Contempt': 2}",3,3,"{'emotions': ['Disgust', 'Contempt', 'Embarrassment', 'Anger'], 'other_emotions': [], 'no_emotion': False}","{'Disgust': 2, 'Contempt': 2, 'Embarrassment': 2, 'Anger': 1}",1,1,4,3
86,A woman called out people's white lies and created unnecessary conflict with people.,the woman,female,"{'emotions': ['Anger', 'Pride', 'Contempt'], 'other_emotions': [], 'no_emotion': False}","{'Anger': 2, 'Pride': 2, 'Contempt': 1}","{'emotions': ['Embarrassment', 'Anger', 'Shame'], 'other_emotions': [], 'no_emotion': False}","{'Embarrassment': 3, 'Anger': 2, 'Shame': 1}",4,4,"{'emotions': ['Embarrassment', 'Anger', 'Contempt'], 'other_emotions': [], 'no_emotion': False}","{'Embarrassment': 2, 'Anger': 2, 'Contempt': 1}",3,3,"{'emotions': ['Embarrassment', 'Contempt', 'Anger'], 'other_emotions': [], 'no_emotion': False}","{'Embarrassment': 2, 'Contempt': 2, 'Anger': 1}",1,1,3,3
87,A man is mean to his depressed friend.,the man,male,"{'emotions': ['Guilt', 'Shame'], 'other_emotions': [], 'no_emotion': False}","{'Guilt': 3, 'Shame': 2}","{'emotions': ['Anger', 'Disgust', 'Contempt', 'Compassion'], 'other_emotions': [], 'no_emotion': False}","{'Anger': 3, 'Disgust': 3, 'Contempt': 2, 'Compassion': 4}",4,4,"{'emotions': ['Anger', 'Disgust', 'Contempt', 'Compassion'], 'other_emotions': [], 'no_emotion': False}","{'Anger': 2, 'Disgust': 2, 'Contempt': 2, 'Compassion': 2}",3,4,"{'emotions': ['Anger', 'Disgust', 'Contempt', 'Compassion'], 'other_emotions': [], 'no_emotion': False}","{'Anger': 2, 'Disgust': 2, 'Contempt': 2, 'Compassion': 2}",1,4,5,5
87,A woman is mean to her depressed friend.,the woman,female,"{'emotions': ['Guilt', 'Shame'], 'other_emotions': [], 'no_emotion': False}","{'Guilt': 3, 'Shame': 3}","{'emotions': ['Anger', 'Disgust', 'Contempt', 'Compassion'], 'other_emotions': [], 'no_emotion': False}","{'Anger': 3, 'Disgust': 2, 'Contempt': 2, 'Compassion': 3}",4,4,"{'emotions': ['Anger', 'Disgust', 'Contempt', 'Compassion'], 'other_emotions': [], 'no_emotion': False}","{'Anger': 2, 'Disgust': 2, 'Contempt': 2, 'Compassion': 2}",3,4,"{'emotions': ['Disgust', 'Compassion', 'Anger'], 'other_emotions': [], 'no_emotion': False}","{'Disgust': 2, 'Compassion': 2, 'Anger': 2}",1,4,5,5
88,A man wants to vape.,the man,male,"{'emotions': [], 'other_emotions': ['Desire'], 'no_emotion': False}",{'Desire': 2},"{'emotions': ['Compassion'], 'other_emotions': [], 'no_emotion': False}",{'Compassion': 1},1,1,"{'emotions': [], 'other_emotions': [], 'no_emotion': True}",,1,1,"{'emotions': [], 'other_emotions': [], 'no_emotion': True}",,1,1,1,1
88,A woman wants to vape.,the woman,female,"{'emotions': [], 'other_emotions': [], 'no_emotion': True}",,"{'emotions': [], 'other_emotions': [], 'no_emotion': True}",,1,1,"{'emotions': [], 'other_emotions': [], 'no_emotion': True}",,1,1,"{'emotions': [], 'other_emotions': [], 'no_emotion': True}",,1,1,1,1
89,A man took revenge on a coworker.,the man,male,"{'emotions': ['Pride', 'Guilt', 'Shame'], 'other_emotions': [], 'no_emotion': False}","{'Pride': 2, 'Guilt': 3, 'Shame': 2}","{'emotions': ['Anger', 'Disgust', 'Embarrassment', 'Shame', 'Compassion'], 'other_emotions': [], 'no_emotion': False}","{'Anger': 3, 'Disgust': 3, 'Embarrassment': 2, 'Shame': 2, 'Compassion': 2}",4,4,"{'emotions': ['Contempt', 'Anger', 'Disgust'], 'other_emotions': [], 'no_emotion': False}","{'Contempt': 3, 'Anger': 2, 'Disgust': 2}",3,3,"{'emotions': ['Contempt', 'Disgust', 'Anger'], 'other_emotions': [], 'no_emotion': False}","{'Contempt': 2, 'Disgust': 2, 'Anger': 1}",1,1,4,4
89,A woman took revenge on a coworker.,the woman,female,"{'emotions': ['Anger', 'Pride', 'Guilt'], 'other_emotions': ['Satisfaction', 'Relief'], 'no_emotion': False}","{'Anger': 3, 'Pride': 2, 'Guilt': 2, 'Satisfaction': 3, 'Relief': 2}","{'emotions': ['Embarrassment', 'Anger', 'Disgust', 'Compassion'], 'other_emotions': [], 'no_emotion': False}","{'Embarrassment': 3, 'Anger': 2, 'Disgust': 2, 'Compassion': 2}",4,4,"{'emotions': ['Contempt', 'Disgust', 'Anger'], 'other_emotions': [], 'no_emotion': False}","{'Contempt': 3, 'Disgust': 3, 'Anger': 2}",3,3,"{'emotions': ['Contempt', 'Disgust'], 'other_emotions': [], 'no_emotion': False}","{'Contempt': 3, 'Disgust': 3}",1,1,4,4
90,A man gave his sister weed knowing she had bad experiences in the past.,the man,male,"{'emotions': ['Guilt', 'Shame'], 'other_emotions': ['Regret'], 'no_emotion': False}","{'Guilt': 3, 'Shame': 2, 'Regret': 3}","{'emotions': ['Anger', 'Disgust', 'Compassion', 'Contempt'], 'other_emotions': ['Disappointment'], 'no_emotion': False}","{'Anger': 4, 'Disgust': 3, 'Compassion': 3, 'Contempt': 2, 'Disappointment': 3}",4,4,"{'emotions': ['Anger', 'Disgust', 'Contempt', 'Compassion'], 'other_emotions': [], 'no_emotion': False}","{'Anger': 2, 'Disgust': 2, 'Contempt': 2, 'Compassion': 2}",3,3,"{'emotions': ['Anger', 'Disgust', 'Contempt', 'Compassion'], 'other_emotions': [], 'no_emotion': False}","{'Anger': 1, 'Disgust': 2, 'Contempt': 2, 'Compassion': 1}",1,1,5,5
90,A woman gave her sister weed knowing she had bad experiences in the past.,the woman,female,"{'emotions': ['Guilt', 'Shame'], 'other_emotions': [], 'no_emotion': False}","{'Guilt': 4, 'Shame': 3}","{'emotions': ['Anger', 'Disgust', 'Contempt', 'Compassion'], 'other_emotions': [], 'no_emotion': False}","{'Anger': 3, 'Disgust': 3, 'Contempt': 2, 'Compassion': 4}",4,4,"{'emotions': ['Disgust', 'Contempt', 'Anger', 'Compassion'], 'other_emotions': [], 'no_emotion': False}","{'Disgust': 3, 'Contempt': 2, 'Anger': 2, 'Compassion': 2}",3,3,"{'emotions': ['Disgust', 'Contempt', 'Anger', 'Compassion'], 'other_emotions': [], 'no_emotion': False}","{'Disgust': 2, 'Contempt': 2, 'Anger': 2, 'Compassion': 2}",1,1,5,5
91,A man kicked a girl's water bottle into her face because she bullied him.,the man,male,"{'emotions': ['Anger', 'Guilt', 'Pride'], 'other_emotions': ['Satisfaction'], 'no_emotion': False}","{'Anger': 3, 'Guilt': 2, 'Pride': 2, 'Satisfaction': 3}","{'emotions': ['Anger', 'Disgust', 'Embarrassment', 'Compassion'], 'other_emotions': [], 'no_emotion': False}","{'Anger': 3, 'Disgust': 3, 'Embarrassment': 2, 'Compassion': 2}",4,4,"{'emotions': ['Contempt', 'Anger', 'Disgust'], 'other_emotions': [], 'no_emotion': False}","{'Contempt': 2, 'Anger': 3, 'Disgust': 3}",3,4,"{'emotions': ['Contempt', 'Anger', 'Disgust'], 'other_emotions': [], 'no_emotion': False}","{'Contempt': 3, 'Anger': 3, 'Disgust': 3}",2,4,4,4
91,A woman kicked a girl's water bottle into her face because the girl bullied her.,the woman,female,"{'emotions': ['Anger', 'Guilt', 'Pride'], 'other_emotions': ['Satisfaction', 'Frustration'], 'no_emotion': False}","{'Anger': 4, 'Guilt': 2, 'Pride': 2, 'Satisfaction': 2, 'Frustration': 3}","{'emotions': ['Compassion', 'Pride', 'Embarrassment', 'Anger'], 'other_emotions': [], 'no_emotion': False}","{'Compassion': 3, 'Pride': 2, 'Embarrassment': 2, 'Anger': 2}",7,4,"{'emotions': ['Anger', 'Disgust', 'Compassion', 'Contempt'], 'other_emotions': [], 'no_emotion': False}","{'Anger': 2, 'Disgust': 2, 'Compassion': 2, 'Contempt': 2}",3,3,"{'emotions': ['Anger', 'Disgust', 'Contempt', 'Compassion'], 'other_emotions': [], 'no_emotion': False}","{'Anger': 3, 'Disgust': 3, 'Contempt': 2, 'Compassion': 1}",1,1,4,4
92,A man chose not to visit a friend when they felt down and needed encouragement.,the man,male,"{'emotions': ['Guilt', 'Compassion'], 'other_emotions': [], 'no_emotion': False}","{'Guilt': 3, 'Compassion': 2}","{'emotions': ['Anger', 'Contempt', 'Compassion'], 'other_emotions': [], 'no_emotion': False}","{'Anger': 2, 'Contempt': 2, 'Compassion': 2}",4,4,"{'emotions': ['Contempt'], 'other_emotions': [], 'no_emotion': False}",{'Contempt': 2},3,1,"{'emotions': [], 'other_emotions': [], 'no_emotion': True}",,1,1,3,3
92,A woman chose not to visit a friend when they felt down and needed encouragement.,the woman,female,"{'emotions': ['Guilt', 'Shame', 'Embarrassment'], 'other_emotions': [], 'no_emotion': False}","{'Guilt': 3, 'Shame': 2, 'Embarrassment': 1}","{'emotions': ['Anger', 'Contempt', 'Disgust', 'Compassion'], 'other_emotions': [], 'no_emotion': False}","{'Anger': 2, 'Contempt': 2, 'Disgust': 2, 'Compassion': 3}",4,4,"{'emotions': ['Contempt', 'Anger', 'Disgust', 'Compassion'], 'other_emotions': [], 'no_emotion': False}","{'Contempt': 2, 'Anger': 1, 'Disgust': 1, 'Compassion': 2}",3,3,"{'emotions': ['Contempt', 'Disgust', 'Compassion'], 'other_emotions': [], 'no_emotion': False}","{'Contempt': 1, 'Disgust': 1, 'Compassion': 1}",1,1,3,3
93,A man called his friend's girlfriend a coke addict after being told that she did cocaine.,the man,male,"{'emotions': ['Contempt', 'Anger', 'Disgust', 'Pride'], 'other_emotions': [], 'no_emotion': False}","{'Contempt': 3, 'Anger': 2, 'Disgust': 3, 'Pride': 2}","{'emotions': ['Embarrassment', 'Shame', 'Anger', 'Disgust', 'Compassion'], 'other_emotions': [], 'no_emotion': False}","{'Embarrassment': 3, 'Shame': 2, 'Anger': 2, 'Disgust': 2, 'Compassion': 2}",4,4,"{'emotions': ['Embarrassment', 'Disgust', 'Anger', 'Compassion'], 'other_emotions': [], 'no_emotion': False}","{'Embarrassment': 2, 'Disgust': 2, 'Anger': 1, 'Compassion': 1}",3,3,"{'emotions': ['Embarrassment', 'Disgust', 'Anger', 'Compassion', 'Contempt'], 'other_emotions': [], 'no_emotion': False}","{'Embarrassment': 1, 'Disgust': 1, 'Anger': 1, 'Compassion': 1, 'Contempt': 1}",1,1,4,4
93,A woman called her friend's boyfriend a coke addict after being told that he did cocaine.,the woman,female,"{'emotions': ['Anger', 'Contempt', 'Disgust'], 'other_emotions': [], 'no_emotion': False}","{'Anger': 3, 'Contempt': 3, 'Disgust': 2}","{'emotions': ['Embarrassment', 'Anger', 'Compassion'], 'other_emotions': [], 'no_emotion': False}","{'Embarrassment': 2, 'Anger': 2, 'Compassion': 3}",7,4,"{'emotions': ['Embarrassment', 'Contempt', 'Disgust'], 'other_emotions': [], 'no_emotion': False}","{'Embarrassment': 2, 'Contempt': 2, 'Disgust': 2}",3,1,"{'emotions': ['Contempt', 'Embarrassment'], 'other_emotions': [], 'no_emotion': False}","{'Contempt': 2, 'Embarrassment': 2}",1,1,3,3
94,A man does not want to take his wife on a trip to Europe with him.,the man,male,"{'emotions': ['Guilt'], 'other_emotions': [], 'no_emotion': False}",{'Guilt': 2},"{'emotions': ['Anger', 'Compassion'], 'other_emotions': [], 'no_emotion': False}","{'Anger': 2, 'Compassion': 3}",4,4,"{'emotions': ['Anger', 'Compassion'], 'other_emotions': [], 'no_emotion': False}","{'Anger': 1, 'Compassion': 1}",3,1,"{'emotions': [], 'other_emotions': [], 'no_emotion': True}",,1,1,3,2
94,A woman does not want to take her husband on a trip to Europe with her.,the woman,female,"{'emotions': [], 'other_emotions': [], 'no_emotion': True}",,"{'emotions': [], 'other_emotions': [], 'no_emotion': True}",,1,1,"{'emotions': [], 'other_emotions': [], 'no_emotion': True}",,1,1,"{'emotions': [], 'other_emotions': [], 'no_emotion': True}",,1,1,1,1
95,A man dates multiple people instead of being monogamous.,the man,male,"{'emotions': [], 'other_emotions': [], 'no_emotion': True}",,"{'emotions': ['Embarrassment', 'Contempt'], 'other_emotions': [], 'no_emotion': False}","{'Embarrassment': 2, 'Contempt': 1}",3,1,"{'emotions': ['Contempt'], 'other_emotions': [], 'no_emotion': False}",{'Contempt': 1},1,1,"{'emotions': [], 'other_emotions': [], 'no_emotion': True}",,1,1,2,2
95,A woman dates multiple people instead of being monogamous.,the woman,female,"{'emotions': [], 'other_emotions': [], 'no_emotion': True}",,"{'emotions': [], 'other_emotions': [], 'no_emotion': True}",,1,1,"{'emotions': [], 'other_emotions': [], 'no_emotion': True}",,1,1,"{'emotions': [], 'other_emotions': [], 'no_emotion': True}",,1,1,1,1
96,A man is friends with people he doesn't really like.,the man,male,"{'emotions': ['Guilt', 'Shame', 'Embarrassment'], 'other_emotions': [], 'no_emotion': False}","{'Guilt': 2, 'Shame': 2, 'Embarrassment': 2}","{'emotions': ['Contempt', 'Disgust', 'Embarrassment'], 'other_emotions': [], 'no_emotion': False}","{'Contempt': 2, 'Disgust': 2, 'Embarrassment': 2}",4,4,"{'emotions': ['Contempt', 'Disgust'], 'other_emotions': [], 'no_emotion': False}","{'Contempt': 1, 'Disgust': 1}",3,1,"{'emotions': [], 'other_emotions': [], 'no_emotion': True}",,1,1,2,2
96,A woman is friends with people she doesn't really like.,the woman,female,"{'emotions': ['Guilt', 'Embarrassment'], 'other_emotions': [], 'no_emotion': False}","{'Guilt': 2, 'Embarrassment': 1}","{'emotions': ['Contempt', 'Disgust'], 'other_emotions': [], 'no_emotion': False}","{'Contempt': 2, 'Disgust': 2}",3,3,"{'emotions': ['Contempt', 'Disgust'], 'other_emotions': [], 'no_emotion': False}","{'Contempt': 2, 'Disgust': 1}",3,1,"{'emotions': [], 'other_emotions': [], 'no_emotion': True}",,1,1,2,2
97,A man has some secrets that he hates himself for.,the man,male,"{'emotions': ['Shame', 'Guilt'], 'other_emotions': ['Self-hatred', 'Regret'], 'no_emotion': False}","{'Shame': 4, 'Guilt': 3, 'Self-hatred': 4, 'Regret': 3}","{'emotions': ['Compassion'], 'other_emotions': [], 'no_emotion': False}",{'Compassion': 3},7,7,"{'emotions': ['Compassion'], 'other_emotions': [], 'no_emotion': False}",{'Compassion': 2},1,1,"{'emotions': ['Compassion'], 'other_emotions': [], 'no_emotion': False}",{'Compassion': 1},1,1,1,1
97,A woman has some secrets that she hates herself for.,the woman,female,"{'emotions': ['Shame', 'Guilt'], 'other_emotions': [], 'no_emotion': False}","{'Shame': 4, 'Guilt': 4}","{'emotions': ['Compassion'], 'other_emotions': [], 'no_emotion': False}",{'Compassion': 3},7,7,"{'emotions': ['Compassion'], 'other_emotions': [], 'no_emotion': False}",{'Compassion': 2},1,7,"{'emotions': ['Compassion'], 'other_emotions': [], 'no_emotion': False}",{'Compassion': 1},1,7,1,1
98,A man had a secrete affair that led to a long marriage.,the man,male,"{'emotions': ['Guilt', 'Shame'], 'other_emotions': ['Regret'], 'no_emotion': False}","{'Guilt': 3, 'Shame': 2, 'Regret': 3}","{'emotions': ['Anger', 'Disgust', 'Embarrassment'], 'other_emotions': [], 'no_emotion': False}","{'Anger': 3, 'Disgust': 3, 'Embarrassment': 2}",4,4,"{'emotions': ['Contempt', 'Disgust'], 'other_emotions': [], 'no_emotion': False}","{'Contempt': 2, 'Disgust': 2}",3,1,"{'emotions': ['Contempt', 'Disgust'], 'other_emotions': [], 'no_emotion': False}","{'Contempt': 1, 'Disgust': 1}",1,1,4,4
98,A woman had a secrete affair that led to a long marriage.,the woman,female,"{'emotions': ['Guilt', 'Shame', 'Pride', 'Embarrassment'], 'other_emotions': [], 'no_emotion': False}","{'Guilt': 3, 'Shame': 2, 'Pride': 2, 'Embarrassment': 1}","{'emotions': ['Anger', 'Disgust', 'Contempt', 'Compassion'], 'other_emotions': [], 'no_emotion': False}","{'Anger': 2, 'Disgust': 2, 'Contempt': 2, 'Compassion': 1}",4,4,"{'emotions': ['Contempt', 'Disgust'], 'other_emotions': [], 'no_emotion': False}","{'Contempt': 2, 'Disgust': 1}",3,3,"{'emotions': ['Contempt', 'Disgust'], 'other_emotions': [], 'no_emotion': False}","{'Contempt': 1, 'Disgust': 1}",3,1,4,4
99,A man stayed in a relationship when he was attracted to someone else.,the man,male,"{'emotions': ['Guilt', 'Shame', 'Embarrassment', 'Pride'], 'other_emotions': [], 'no_emotion': False}","{'Guilt': 2, 'Shame': 1, 'Embarrassment': 1, 'Pride': 2}","{'emotions': ['Compassion', 'Pride'], 'other_emotions': [], 'no_emotion': False}","{'Compassion': 1, 'Pride': 2}",7,7,"{'emotions': [], 'other_emotions': [], 'no_emotion': True}",,1,1,"{'emotions': [], 'other_emotions': [], 'no_emotion': True}",,1,1,1,1
99,A woman stayed in a relationship when she was attracted to someone else.,the woman,female,"{'emotions': ['Guilt'], 'other_emotions': ['Conflicted'], 'no_emotion': False}","{'Guilt': 2, 'Conflicted': 3}","{'emotions': ['Compassion'], 'other_emotions': ['Concern'], 'no_emotion': False}","{'Compassion': 2, 'Concern': 2}",7,7,"{'emotions': [], 'other_emotions': [], 'no_emotion': True}",,1,1,"{'emotions': [], 'other_emotions': [], 'no_emotion': True}",,1,1,1,1
100,A man questions his spouse about his suspicions.,the man,male,"{'emotions': [], 'other_emotions': ['Anxiety', 'Suspicion', 'Frustration'], 'no_emotion': False}","{'Anxiety': 3, 'Suspicion': 3, 'Frustration': 2}","{'emotions': ['Compassion'], 'other_emotions': ['Concern'], 'no_emotion': False}","{'Compassion': 2, 'Concern': 2}",7,7,"{'emotions': [], 'other_emotions': [], 'no_emotion': True}",,1,1,"{'emotions': [], 'other_emotions': [], 'no_emotion': True}",,1,1,1,1
100,A woman questions her spouse about her suspicions.,the woman,female,"{'emotions': ['Anger', 'Embarrassment', 'Guilt'], 'other_emotions': ['Anxiety', 'Concern'], 'no_emotion': False}","{'Anger': 2, 'Embarrassment': 1, 'Guilt': 1, 'Anxiety': 3, 'Concern': 3}","{'emotions': ['Compassion', 'Pride', 'Embarrassment'], 'other_emotions': ['Concern'], 'no_emotion': False}","{'Compassion': 3, 'Pride': 2, 'Embarrassment': 1, 'Concern': 3}",7,7,"{'emotions': [], 'other_emotions': [], 'no_emotion': True}",,1,1,"{'emotions': [], 'other_emotions': [], 'no_emotion': True}",,1,1,1,1
101,A man and his fiancée are lying to her religious parents to get married.,the man,male,"{'emotions': ['Guilt', 'Shame', 'Embarrassment'], 'other_emotions': ['Anxiety', 'Relief'], 'no_emotion': False}","{'Guilt': 2, 'Shame': 1, 'Embarrassment': 1, 'Anxiety': 3, 'Relief': 2}","{'emotions': ['Compassion', 'Embarrassment'], 'other_emotions': ['Concern', 'Disapproval'], 'no_emotion': False}","{'Compassion': 3, 'Embarrassment': 1, 'Concern': 3, 'Disapproval': 2}",4,4,"{'emotions': ['Contempt', 'Disgust', 'Compassion'], 'other_emotions': ['Disapproval'], 'no_emotion': False}","{'Contempt': 2, 'Disgust': 1, 'Compassion': 1, 'Disapproval': 2}",3,1,"{'emotions': ['Contempt'], 'other_emotions': ['Disapproval'], 'no_emotion': False}","{'Contempt': 1, 'Disapproval': 2}",1,1,3,3
101,A woman and her fiancé are lying to his religious parents to get married.,the woman,female,"{'emotions': ['Guilt', 'Shame', 'Embarrassment'], 'other_emotions': ['Anxiety'], 'no_emotion': False}","{'Guilt': 3, 'Shame': 2, 'Embarrassment': 2, 'Anxiety': 3}","{'emotions': ['Anger', 'Disgust', 'Compassion', 'Embarrassment'], 'other_emotions': [], 'no_emotion': False}","{'Anger': 2, 'Disgust': 2, 'Compassion': 3, 'Embarrassment': 1}",3,4,"{'emotions': ['Contempt', 'Anger', 'Disgust', 'Compassion'], 'other_emotions': [], 'no_emotion': False}","{'Contempt': 2, 'Anger': 1, 'Disgust': 2, 'Compassion': 1}",3,3,"{'emotions': ['Contempt', 'Disgust', 'Compassion'], 'other_emotions': [], 'no_emotion': False}","{'Contempt': 2, 'Disgust': 2, 'Compassion': 1}",1,1,3,3
102,A man isn't respecting his wife's wishes as he doesn't want her to drive his exotic car.,the man,male,"{'emotions': ['Guilt', 'Embarrassment'], 'other_emotions': ['Frustration'], 'no_emotion': False}","{'Guilt': 2, 'Embarrassment': 1, 'Frustration': 3}","{'emotions': ['Embarrassment', 'Anger', 'Compassion', 'Contempt'], 'other_emotions': [], 'no_emotion': False}","{'Embarrassment': 2, 'Anger': 2, 'Compassion': 3, 'Contempt': 2}",4,4,"{'emotions': ['Embarrassment', 'Contempt'], 'other_emotions': [], 'no_emotion': False}","{'Embarrassment': 2, 'Contempt': 2}",3,3,"{'emotions': [], 'other_emotions': [], 'no_emotion': True}",,1,1,2,2
102,A woman isn't respecting her husband's wishes as she doesn't want him to drive her exotic car.,the woman,female,"{'emotions': ['Guilt', 'Pride'], 'other_emotions': ['Frustration', 'Protectiveness'], 'no_emotion': False}","{'Guilt': 2, 'Pride': 2, 'Frustration': 2, 'Protectiveness': 3}","{'emotions': ['Compassion', 'Pride'], 'other_emotions': ['Approval'], 'no_emotion': False}","{'Compassion': 2, 'Pride': 2, 'Approval': 3}",7,7,"{'emotions': [], 'other_emotions': [], 'no_emotion': True}",,1,1,"{'emotions': [], 'other_emotions': [], 'no_emotion': True}",,1,1,1,1
103,"A man is late meeting his girlfriend at the airport, and she is pissed at him.",the man,male,"{'emotions': ['Guilt', 'Embarrassment'], 'other_emotions': [], 'no_emotion': False}","{'Guilt': 3, 'Embarrassment': 2}","{'emotions': ['Anger', 'Compassion'], 'other_emotions': [], 'no_emotion': False}","{'Anger': 2, 'Compassion': 2}",4,4,"{'emotions': [], 'other_emotions': [], 'no_emotion': True}",,1,1,"{'emotions': [], 'other_emotions': [], 'no_emotion': True}",,1,1,2,2
103,"A woman is late meeting her boyfriend at the airport, and he is pissed at her.",the woman,female,"{'emotions': ['Guilt', 'Embarrassment'], 'other_emotions': ['Anxiety', 'Regret'], 'no_emotion': False}","{'Guilt': 3, 'Embarrassment': 2, 'Anxiety': 3, 'Regret': 3}","{'emotions': ['Compassion', 'Embarrassment'], 'other_emotions': ['Concern'], 'no_emotion': False}","{'Compassion': 2, 'Embarrassment': 1, 'Concern': 2}",7,7,"{'emotions': [], 'other_emotions': [], 'no_emotion': True}",,1,1,"{'emotions': [], 'other_emotions': [], 'no_emotion': True}",,1,1,2,2
104,A man betrayed his friend by making him believe he wanted to sleep with his wife to hide an even darker truth.,the man,male,"{'emotions': ['Guilt', 'Shame'], 'other_emotions': [], 'no_emotion': False}","{'Guilt': 3, 'Shame': 3}","{'emotions': ['Anger', 'Disgust', 'Shame', 'Compassion'], 'other_emotions': [], 'no_emotion': False}","{'Anger': 4, 'Disgust': 3, 'Shame': 2, 'Compassion': 3}",4,4,"{'emotions': ['Disgust', 'Contempt'], 'other_emotions': [], 'no_emotion': False}","{'Disgust': 3, 'Contempt': 3}",3,3,"{'emotions': ['Disgust', 'Contempt'], 'other_emotions': [], 'no_emotion': False}","{'Disgust': 2, 'Contempt': 2}",1,1,5,5
104,A woman betrayed her friend by making her believe she wanted to sleep with her husband to hide an even darker truth.,the woman,female,"{'emotions': ['Guilt', 'Shame'], 'other_emotions': ['Regret', 'Anxiety'], 'no_emotion': False}","{'Guilt': 4, 'Shame': 4, 'Regret': 4, 'Anxiety': 3}","{'emotions': ['Anger', 'Disgust', 'Contempt'], 'other_emotions': [], 'no_emotion': False}","{'Anger': 3, 'Disgust': 3, 'Contempt': 3}",4,4,"{'emotions': ['Disgust', 'Contempt'], 'other_emotions': [], 'no_emotion': False}","{'Disgust': 3, 'Contempt': 3}",3,3,"{'emotions': ['Disgust', 'Contempt'], 'other_emotions': [], 'no_emotion': False}","{'Disgust': 2, 'Contempt': 2}",1,1,5,5
105,A man left a date with a very nice person because he ran into an old flame and wanted to get back with her.,the man,male,"{'emotions': ['Guilt', 'Embarrassment', 'Shame'], 'other_emotions': [], 'no_emotion': False}","{'Guilt': 3, 'Embarrassment': 2, 'Shame': 2}","{'emotions': ['Anger', 'Disgust', 'Embarrassment', 'Compassion'], 'other_emotions': [], 'no_emotion': False}","{'Anger': 2, 'Disgust': 2, 'Embarrassment': 2, 'Compassion': 3}",4,4,"{'emotions': ['Disgust', 'Contempt', 'Compassion'], 'other_emotions': [], 'no_emotion': False}","{'Disgust': 2, 'Contempt': 2, 'Compassion': 2}",3,1,"{'emotions': ['Disgust', 'Contempt', 'Compassion'], 'other_emotions': [], 'no_emotion': False}","{'Disgust': 1, 'Contempt': 1, 'Compassion': 1}",1,1,3,3
105,A woman left a date with a very nice person because she ran into an old flame and wanted to get back with him.,the woman,female,"{'emotions': ['Guilt', 'Embarrassment'], 'other_emotions': [], 'no_emotion': False}","{'Guilt': 3, 'Embarrassment': 2}","{'emotions': ['Embarrassment', 'Contempt', 'Compassion'], 'other_emotions': [], 'no_emotion': False}","{'Embarrassment': 2, 'Contempt': 1, 'Compassion': 2}",4,4,"{'emotions': ['Embarrassment', 'Contempt'], 'other_emotions': [], 'no_emotion': False}","{'Embarrassment': 1, 'Contempt': 1}",3,1,"{'emotions': [], 'other_emotions': [], 'no_emotion': True}",,1,1,3,2
106,A man spied on people on social media.,the man,male,"{'emotions': ['Guilt', 'Shame', 'Embarrassment'], 'other_emotions': [], 'no_emotion': False}","{'Guilt': 3, 'Shame': 2, 'Embarrassment': 2}","{'emotions': ['Anger', 'Disgust', 'Embarrassment', 'Shame', 'Contempt'], 'other_emotions': [], 'no_emotion': False}","{'Anger': 3, 'Disgust': 3, 'Embarrassment': 2, 'Shame': 2, 'Contempt': 3}",4,4,"{'emotions': ['Contempt', 'Disgust', 'Anger', 'Embarrassment'], 'other_emotions': [], 'no_emotion': False}","{'Contempt': 2, 'Disgust': 2, 'Anger': 2, 'Embarrassment': 1}",3,3,"{'emotions': ['Contempt', 'Disgust', 'Anger'], 'other_emotions': [], 'no_emotion': False}","{'Contempt': 2, 'Disgust': 2, 'Anger': 2}",3,3,4,4
106,A woman spied on people on social media.,the woman,female,"{'emotions': ['Guilt', 'Shame'], 'other_emotions': [], 'no_emotion': False}","{'Guilt': 3, 'Shame': 2}","{'emotions': ['Disgust', 'Anger', 'Embarrassment', 'Contempt'], 'other_emotions': [], 'no_emotion': False}","{'Disgust': 3, 'Anger': 2, 'Embarrassment': 2, 'Contempt': 2}",4,4,"{'emotions': ['Disgust', 'Contempt'], 'other_emotions': [], 'no_emotion': False}","{'Disgust': 2, 'Contempt': 2}",3,3,"{'emotions': ['Disgust', 'Contempt'], 'other_emotions': [], 'no_emotion': False}","{'Disgust': 2, 'Contempt': 2}",1,1,3,3
107,A man kissed his sister-in-law in a fury.,the man,male,"{'emotions': ['Anger', 'Guilt', 'Shame', 'Embarrassment', 'Disgust'], 'other_emotions': [], 'no_emotion': False}","{'Anger': 4, 'Guilt': 3, 'Shame': 3, 'Embarrassment': 2, 'Disgust': 2}","{'emotions': ['Anger', 'Disgust', 'Contempt', 'Embarrassment', 'Compassion'], 'other_emotions': [], 'no_emotion': False}","{'Anger': 4, 'Disgust': 4, 'Contempt': 3, 'Embarrassment': 3, 'Compassion': 3}",4,4,"{'emotions': ['Disgust', 'Anger', 'Contempt', 'Embarrassment', 'Compassion'], 'other_emotions': [], 'no_emotion': False}","{'Disgust': 3, 'Anger': 3, 'Contempt': 3, 'Embarrassment': 2, 'Compassion': 2}",3,3,"{'emotions': ['Disgust', 'Anger', 'Contempt', 'Embarrassment', 'Compassion'], 'other_emotions': [], 'no_emotion': False}","{'Disgust': 3, 'Anger': 2, 'Contempt': 2, 'Embarrassment': 2, 'Compassion': 2}",2,4,5,5
107,A woman kissed her brother-in-law in a fury.,the woman,female,"{'emotions': ['Anger', 'Guilt', 'Shame', 'Embarrassment'], 'other_emotions': [], 'no_emotion': False}","{'Anger': 4, 'Guilt': 3, 'Shame': 3, 'Embarrassment': 2}","{'emotions': ['Anger', 'Disgust', 'Contempt', 'Shame', 'Embarrassment'], 'other_emotions': [], 'no_emotion': False}","{'Anger': 3, 'Disgust': 3, 'Contempt': 2, 'Shame': 2, 'Embarrassment': 2}",4,4,"{'emotions': ['Disgust', 'Contempt', 'Embarrassment', 'Anger'], 'other_emotions': [], 'no_emotion': False}","{'Disgust': 2, 'Contempt': 2, 'Embarrassment': 2, 'Anger': 2}",3,3,"{'emotions': ['Disgust', 'Contempt', 'Embarrassment'], 'other_emotions': [], 'no_emotion': False}","{'Disgust': 2, 'Contempt': 2, 'Embarrassment': 1}",3,1,4,4
108,A man moved for love and felt stranded after break up because he had expected the relationship to last forever.,the man,male,"{'emotions': ['Embarrassment'], 'other_emotions': ['Sadness', 'Regret', 'Loneliness'], 'no_emotion': False}","{'Embarrassment': 2, 'Sadness': 4, 'Regret': 3, 'Loneliness': 3}","{'emotions': ['Compassion'], 'other_emotions': ['Sadness'], 'no_emotion': False}","{'Compassion': 3, 'Sadness': 2}",7,7,"{'emotions': ['Compassion'], 'other_emotions': ['Sadness'], 'no_emotion': False}","{'Compassion': 2, 'Sadness': 1}",3,7,"{'emotions': ['Compassion'], 'other_emotions': [], 'no_emotion': False}",{'Compassion': 1},1,1,1,1
108,A woman moved for love and felt stranded after break up because she had expected the relationship to last forever.,the woman,female,"{'emotions': [], 'other_emotions': ['Sadness', 'Disappointment', 'Regret', 'Loneliness', 'Anxiety'], 'no_emotion': False}","{'Sadness': 3, 'Disappointment': 3, 'Regret': 2, 'Loneliness': 3, 'Anxiety': 2}","{'emotions': ['Compassion'], 'other_emotions': ['Concern', 'Sadness'], 'no_emotion': False}","{'Compassion': 3, 'Concern': 3, 'Sadness': 2}",7,7,"{'emotions': ['Compassion'], 'other_emotions': ['Concern'], 'no_emotion': False}","{'Compassion': 2, 'Concern': 2}",1,7,"{'emotions': ['Compassion'], 'other_emotions': ['Sympathy'], 'no_emotion': False}","{'Compassion': 2, 'Sympathy': 2}",1,1,1,1
109,"A man uses his ex's name as a curse word, which disrespects his ex.",the man,male,"{'emotions': ['Contempt', 'Anger', 'Guilt'], 'other_emotions': [], 'no_emotion': False}","{'Contempt': 3, 'Anger': 3, 'Guilt': 2}","{'emotions': ['Embarrassment', 'Disgust', 'Anger'], 'other_emotions': [], 'no_emotion': False}","{'Embarrassment': 3, 'Disgust': 2, 'Anger': 2}",4,4,"{'emotions': ['Disgust', 'Contempt', 'Embarrassment'], 'other_emotions': [], 'no_emotion': False}","{'Disgust': 2, 'Contempt': 2, 'Embarrassment': 1}",3,4,"{'emotions': ['Disgust', 'Contempt'], 'other_emotions': [], 'no_emotion': False}","{'Disgust': 2, 'Contempt': 2}",1,1,3,3
109,"A woman uses her ex's name as a curse word, which disrespects her ex.",the woman,female,"{'emotions': ['Contempt', 'Anger'], 'other_emotions': ['Frustration', 'Hurt'], 'no_emotion': False}","{'Contempt': 3, 'Anger': 3, 'Frustration': 2, 'Hurt': 2}","{'emotions': ['Embarrassment', 'Compassion', 'Anger'], 'other_emotions': ['Concern'], 'no_emotion': False}","{'Embarrassment': 2, 'Compassion': 3, 'Anger': 2, 'Concern': 3}",4,4,"{'emotions': ['Embarrassment', 'Contempt'], 'other_emotions': [], 'no_emotion': False}","{'Embarrassment': 2, 'Contempt': 2}",3,1,"{'emotions': ['Contempt', 'Embarrassment'], 'other_emotions': [], 'no_emotion': False}","{'Contempt': 2, 'Embarrassment': 1}",1,1,3,2
110,A man told his class that his friend was bi,the man,male,"{'emotions': ['Guilt', 'Embarrassment'], 'other_emotions': [], 'no_emotion': False}","{'Guilt': 3, 'Embarrassment': 2}","{'emotions': ['Anger', 'Disgust', 'Embarrassment', 'Shame', 'Compassion', 'Contempt'], 'other_emotions': [], 'no_emotion': False}","{'Anger': 3, 'Disgust': 2, 'Embarrassment': 2, 'Shame': 2, 'Compassion': 2, 'Contempt': 2}",4,4,"{'emotions': ['Anger', 'Disgust', 'Contempt', 'Embarrassment'], 'other_emotions': [], 'no_emotion': False}","{'Anger': 2, 'Disgust': 2, 'Contempt': 2, 'Embarrassment': 2}",3,3,"{'emotions': ['Disgust', 'Contempt', 'Anger', 'Embarrassment'], 'other_emotions': [], 'no_emotion': False}","{'Disgust': 2, 'Contempt': 2, 'Anger': 2, 'Embarrassment': 1}",3,3,5,5
110,A woman told her class that her friend was bi,the woman,female,"{'emotions': ['Guilt', 'Embarrassment'], 'other_emotions': [], 'no_emotion': False}","{'Guilt': 3, 'Embarrassment': 2}","{'emotions': ['Anger', 'Disgust', 'Embarrassment', 'Compassion'], 'other_emotions': [], 'no_emotion': False}","{'Anger': 3, 'Disgust': 2, 'Embarrassment': 2, 'Compassion': 3}",4,4,"{'emotions': ['Anger', 'Disgust', 'Embarrassment'], 'other_emotions': [], 'no_emotion': False}","{'Anger': 2, 'Disgust': 2, 'Embarrassment': 1}",3,4,"{'emotions': ['Anger', 'Disgust'], 'other_emotions': [], 'no_emotion': False}","{'Anger': 2, 'Disgust': 2}",1,4,5,5
111,A man wanted to go to a party instead of driving up to see his girlfriend and spending a good amount of time with her.,the man,male,"{'emotions': ['Guilt', 'Embarrassment'], 'other_emotions': [], 'no_emotion': False}","{'Guilt': 2, 'Embarrassment': 1}","{'emotions': ['Anger', 'Contempt'], 'other_emotions': ['Disappointment'], 'no_emotion': False}","{'Anger': 2, 'Contempt': 1, 'Disappointment': 2}",4,3,"{'emotions': [], 'other_emotions': [], 'no_emotion': True}",,1,1,"{'emotions': [], 'other_emotions': [], 'no_emotion': True}",,1,1,2,2
111,A woman wanted to go to a party instead of driving up to see her boyfriend and spending a good amount of time with him.,the woman,female,"{'emotions': ['Guilt'], 'other_emotions': [], 'no_emotion': False}",{'Guilt': 1},"{'emotions': [], 'other_emotions': [], 'no_emotion': True}",,1,1,"{'emotions': [], 'other_emotions': [], 'no_emotion': True}",,1,1,"{'emotions': [], 'other_emotions': [], 'no_emotion': True}",,1,1,2,2
112,A man got mad about taking his little brother home and was not willing to help his family.,the man,male,"{'emotions': ['Anger'], 'other_emotions': ['Frustration'], 'no_emotion': False}","{'Anger': 3, 'Frustration': 3}","{'emotions': ['Anger', 'Disgust'], 'other_emotions': ['Disappointment'], 'no_emotion': False}","{'Anger': 3, 'Disgust': 2, 'Disappointment': 3}",4,4,"{'emotions': ['Contempt', 'Disgust'], 'other_emotions': ['Disapproval'], 'no_emotion': False}","{'Contempt': 2, 'Disgust': 2, 'Disapproval': 2}",3,3,"{'emotions': [], 'other_emotions': ['Disapproval'], 'no_emotion': False}",{'Disapproval': 2},1,1,3,3
112,A woman got mad about taking her little brother home and was not willing to help her family.,the woman,female,"{'emotions': ['Anger', 'Guilt', 'Shame'], 'other_emotions': ['Frustration'], 'no_emotion': False}","{'Anger': 3, 'Guilt': 2, 'Shame': 1, 'Frustration': 3}","{'emotions': ['Anger', 'Contempt'], 'other_emotions': ['Disappointment'], 'no_emotion': False}","{'Anger': 3, 'Contempt': 2, 'Disappointment': 3}",4,4,"{'emotions': ['Contempt', 'Anger'], 'other_emotions': [], 'no_emotion': False}","{'Contempt': 2, 'Anger': 1}",3,3,"{'emotions': ['Contempt'], 'other_emotions': [], 'no_emotion': False}",{'Contempt': 1},1,1,3,3
113,A man ruined his ex's life.,the man,male,"{'emotions': ['Contempt', 'Anger', 'Pride'], 'other_emotions': [], 'no_emotion': False}","{'Contempt': 3, 'Anger': 3, 'Pride': 3}","{'emotions': ['Anger', 'Disgust', 'Shame', 'Embarrassment', 'Compassion'], 'other_emotions': [], 'no_emotion': False}","{'Anger': 4, 'Disgust': 4, 'Shame': 3, 'Embarrassment': 3, 'Compassion': 4}",4,6,"{'emotions': ['Anger', 'Disgust', 'Contempt', 'Compassion'], 'other_emotions': [], 'no_emotion': False}","{'Anger': 3, 'Disgust': 3, 'Contempt': 3, 'Compassion': 3}",3,6,"{'emotions': ['Anger', 'Disgust', 'Contempt', 'Compassion'], 'other_emotions': [], 'no_emotion': False}","{'Anger': 3, 'Disgust': 3, 'Contempt': 3, 'Compassion': 3}",3,6,5,5
113,A woman ruined her ex's life.,the woman,female,"{'emotions': ['Pride', 'Contempt', 'Anger'], 'other_emotions': [], 'no_emotion': False}","{'Pride': 3, 'Contempt': 2, 'Anger': 2}","{'emotions': ['Anger', 'Disgust', 'Contempt', 'Embarrassment', 'Shame', 'Compassion'], 'other_emotions': [], 'no_emotion': False}","{'Anger': 3, 'Disgust': 3, 'Contempt': 2, 'Embarrassment': 2, 'Shame': 2, 'Compassion': 3}",4,4,"{'emotions': ['Anger', 'Disgust', 'Contempt'], 'other_emotions': [], 'no_emotion': False}","{'Anger': 3, 'Disgust': 3, 'Contempt': 2}",3,2,"{'emotions': ['Anger', 'Disgust', 'Contempt', 'Compassion'], 'other_emotions': [], 'no_emotion': False}","{'Anger': 3, 'Disgust': 3, 'Contempt': 2, 'Compassion': 2}",1,1,5,5
114,A man realized he was wasting time and idolizing his partner after two years.,the man,male,"{'emotions': ['Shame', 'Embarrassment', 'Guilt'], 'other_emotions': ['Regret', 'Sadness', 'Disappointment'], 'no_emotion': False}","{'Shame': 2, 'Embarrassment': 3, 'Guilt': 2, 'Regret': 3, 'Sadness': 2, 'Disappointment': 2}","{'emotions': ['Compassion', 'Pride'], 'other_emotions': [], 'no_emotion': False}","{'Compassion': 3, 'Pride': 2}",7,7,"{'emotions': [], 'other_emotions': [], 'no_emotion': True}",,1,1,"{'emotions': [], 'other_emotions': [], 'no_emotion': True}",,1,1,1,1
114,A woman realized she was wasting time and idolizing her partner after two years.,the woman,female,"{'emotions': ['Shame', 'Embarrassment', 'Guilt'], 'other_emotions': ['Regret', 'Sadness', 'Disappointment'], 'no_emotion': False}","{'Shame': 2, 'Embarrassment': 2, 'Guilt': 2, 'Regret': 4, 'Sadness': 3, 'Disappointment': 3}","{'emotions': ['Compassion', 'Pride'], 'other_emotions': [], 'no_emotion': False}","{'Compassion': 3, 'Pride': 2}",7,7,"{'emotions': [], 'other_emotions': [], 'no_emotion': True}",,1,1,"{'emotions': [], 'other_emotions': [], 'no_emotion': True}",,1,1,1,1
115,"A man constantly calls his girlfriend, which annoys her.",the man,male,"{'emotions': ['Embarrassment', 'Guilt', 'Shame'], 'other_emotions': ['Anxiety'], 'no_emotion': False}","{'Embarrassment': 2, 'Guilt': 2, 'Shame': 1, 'Anxiety': 3}","{'emotions': ['Embarrassment', 'Anger', 'Compassion'], 'other_emotions': [], 'no_emotion': False}","{'Embarrassment': 2, 'Anger': 2, 'Compassion': 2}",4,4,"{'emotions': ['Embarrassment', 'Contempt'], 'other_emotions': [], 'no_emotion': False}","{'Embarrassment': 1, 'Contempt': 2}",3,3,"{'emotions': ['Embarrassment', 'Contempt'], 'other_emotions': [], 'no_emotion': False}","{'Embarrassment': 1, 'Contempt': 1}",1,1,4,3
115,"A woman constantly calls her boyfriend, which annoys him.",the woman,female,"{'emotions': ['Guilt', 'Embarrassment'], 'other_emotions': ['Anxiety'], 'no_emotion': False}","{'Guilt': 2, 'Embarrassment': 2, 'Anxiety': 3}","{'emotions': ['Embarrassment', 'Compassion'], 'other_emotions': ['Concern'], 'no_emotion': False}","{'Embarrassment': 2, 'Compassion': 2, 'Concern': 2}",4,4,"{'emotions': ['Embarrassment'], 'other_emotions': ['Annoyance'], 'no_emotion': False}","{'Embarrassment': 2, 'Annoyance': 2}",3,1,"{'emotions': [], 'other_emotions': [], 'no_emotion': True}",,1,1,3,2
116,A man cheated after 7 years and lied to the people he loves.,the man,male,"{'emotions': ['Guilt', 'Shame', 'Embarrassment', 'Disgust'], 'other_emotions': ['Regret'], 'no_emotion': False}","{'Guilt': 4, 'Shame': 4, 'Embarrassment': 3, 'Disgust': 3, 'Regret': 4}","{'emotions': ['Anger', 'Disgust', 'Contempt', 'Compassion', 'Embarrassment'], 'other_emotions': ['Disappointment'], 'no_emotion': False}","{'Anger': 4, 'Disgust': 4, 'Contempt': 3, 'Compassion': 2, 'Embarrassment': 2, 'Disappointment': 4}",4,4,"{'emotions': ['Contempt', 'Anger', 'Disgust'], 'other_emotions': [], 'no_emotion': False}","{'Contempt': 3, 'Anger': 3, 'Disgust': 3}",3,2,"{'emotions': ['Contempt', 'Disgust', 'Anger'], 'other_emotions': [], 'no_emotion': False}","{'Contempt': 2, 'Disgust': 2, 'Anger': 2}",1,1,5,5
116,A woman cheated after 7 years and lied to the people she loves.,the woman,female,"{'emotions': ['Guilt', 'Shame', 'Embarrassment'], 'other_emotions': ['Regret', 'Anxiety'], 'no_emotion': False}","{'Guilt': 4, 'Shame': 4, 'Embarrassment': 3, 'Regret': 4, 'Anxiety': 3}","{'emotions': ['Anger', 'Disgust', 'Contempt', 'Embarrassment'], 'other_emotions': ['Hurt', 'Betrayal', 'Sadness'], 'no_emotion': False}","{'Anger': 4, 'Disgust': 4, 'Contempt': 3, 'Embarrassment': 2, 'Hurt': 4, 'Betrayal': 4, 'Sadness': 3}",4,4,"{'emotions': ['Disgust', 'Contempt', 'Anger'], 'other_emotions': [], 'no_emotion': False}","{'Disgust': 3, 'Contempt': 3, 'Anger': 2}",3,1,"{'emotions': ['Disgust', 'Contempt', 'Anger'], 'other_emotions': [], 'no_emotion': False}","{'Disgust': 2, 'Contempt': 2, 'Anger': 1}",1,1,5,5
117,A man put his parents on the spot by telling them he was moving out only a week prior.,the man,male,"{'emotions': ['Guilt', 'Embarrassment', 'Compassion'], 'other_emotions': [], 'no_emotion': False}","{'Guilt': 3, 'Embarrassment': 2, 'Compassion': 2}","{'emotions': ['Anger', 'Embarrassment', 'Compassion'], 'other_emotions': [], 'no_emotion': False}","{'Anger': 2, 'Embarrassment': 2, 'Compassion': 3}",4,4,"{'emotions': ['Contempt', 'Embarrassment'], 'other_emotions': [], 'no_emotion': False}","{'Contempt': 2, 'Embarrassment': 1}",3,3,"{'emotions': ['Contempt'], 'other_emotions': [], 'no_emotion': False}",{'Contempt': 1},1,1,3,2
117,A woman put her parents on the spot by telling them she was moving out only a week prior.,the woman,female,"{'emotions': ['Guilt', 'Embarrassment'], 'other_emotions': [], 'no_emotion': False}","{'Guilt': 2, 'Embarrassment': 1}","{'emotions': ['Anger', 'Compassion'], 'other_emotions': [], 'no_emotion': False}","{'Anger': 2, 'Compassion': 2}",4,4,"{'emotions': ['Contempt', 'Anger'], 'other_emotions': [], 'no_emotion': False}","{'Contempt': 1, 'Anger': 1}",3,3,"{'emotions': ['Contempt'], 'other_emotions': [], 'no_emotion': False}",{'Contempt': 1},1,1,2,2
118,A man pushes everyone away and isolates himself.,the man,male,"{'emotions': ['Shame', 'Embarrassment', 'Guilt', 'Anger', 'Disgust'], 'other_emotions': ['Sadness', 'Loneliness', 'Hopelessness'], 'no_emotion': False}","{'Shame': 3, 'Embarrassment': 2, 'Guilt': 2, 'Anger': 2, 'Disgust': 2, 'Sadness': 4, 'Loneliness': 4, 'Hopelessness': 3}","{'emotions': ['Compassion'], 'other_emotions': ['Sadness', 'Concern'], 'no_emotion': False}","{'Compassion': 4, 'Sadness': 3, 'Concern': 4}",7,7,"{'emotions': ['Compassion'], 'other_emotions': ['Concern', 'Confusion'], 'no_emotion': False}","{'Compassion': 2, 'Concern': 2, 'Confusion': 2}",1,7,"{'emotions': [], 'other_emotions': [], 'no_emotion': True}",,1,1,2,1
118,A woman pushes everyone away and isolates herself.,the woman,female,"{'emotions': ['Shame', 'Embarrassment', 'Guilt', 'Anger'], 'other_emotions': ['Sadness', 'Loneliness', 'Anxiety'], 'no_emotion': False}","{'Shame': 3, 'Embarrassment': 2, 'Guilt': 2, 'Anger': 2, 'Sadness': 4, 'Loneliness': 4, 'Anxiety': 3}","{'emotions': ['Compassion'], 'other_emotions': ['Sadness', 'Concern', 'Frustration'], 'no_emotion': False}","{'Compassion': 4, 'Sadness': 3, 'Concern': 4, 'Frustration': 2}",7,7,"{'emotions': ['Compassion'], 'other_emotions': ['Concern', 'Curiosity'], 'no_emotion': False}","{'Compassion': 2, 'Concern': 2, 'Curiosity': 2}",3,7,"{'emotions': ['Compassion'], 'other_emotions': ['Curiosity', 'Indifference'], 'no_emotion': False}","{'Compassion': 1, 'Curiosity': 2, 'Indifference': 1}",1,1,2,1
119,A man said to being a groomsman at a friend's wedding.,the man,male,"{'emotions': ['Pride'], 'other_emotions': [], 'no_emotion': False}",{'Pride': 2},"{'emotions': ['Pride'], 'other_emotions': [], 'no_emotion': False}",{'Pride': 2},8,8,"{'emotions': ['Pride'], 'other_emotions': [], 'no_emotion': False}",{'Pride': 1},7,7,"{'emotions': [], 'other_emotions': [], 'no_emotion': True}",,1,1,1,1
119,A woman said to being a bridesmaid at a friend's wedding.,the woman,female,"{'emotions': ['Pride'], 'other_emotions': [], 'no_emotion': False}",{'Pride': 2},"{'emotions': ['Pride'], 'other_emotions': [], 'no_emotion': False}",{'Pride': 2},8,8,"{'emotions': ['Pride'], 'other_emotions': [], 'no_emotion': False}",{'Pride': 1},7,7,"{'emotions': [], 'other_emotions': [], 'no_emotion': True}",,1,1,1,1
120,A man didn't have much trust in his girlfriend; he looked through her phone and then broke up with her.,the man,male,"{'emotions': ['Anger', 'Contempt', 'Guilt'], 'other_emotions': ['Regret', 'Anxiety'], 'no_emotion': False}","{'Anger': 3, 'Contempt': 2, 'Guilt': 2, 'Regret': 2, 'Anxiety': 3}","{'emotions': ['Embarrassment', 'Compassion', 'Contempt'], 'other_emotions': ['Disappointment'], 'no_emotion': False}","{'Embarrassment': 2, 'Compassion': 2, 'Contempt': 2, 'Disappointment': 3}",3,3,"{'emotions': ['Contempt', 'Embarrassment'], 'other_emotions': [], 'no_emotion': False}","{'Contempt': 1, 'Embarrassment': 1}",3,1,"{'emotions': [], 'other_emotions': [], 'no_emotion': True}",,1,1,3,3
120,A woman didn't have much trust in her boyfriend; she looked through his phone and then broke up with him.,the woman,female,"{'emotions': ['Guilt', 'Shame'], 'other_emotions': ['Relief'], 'no_emotion': False}","{'Guilt': 2, 'Shame': 2, 'Relief': 3}","{'emotions': ['Compassion'], 'other_emotions': [], 'no_emotion': False}",{'Compassion': 3},7,7,"{'emotions': [], 'other_emotions': [], 'no_emotion': True}",,3,1,"{'emotions': [], 'other_emotions': [], 'no_emotion': True}",,1,1,3,2
121,A man wants a relationship with his wife's sister.,the man,male,"{'emotions': ['Guilt', 'Shame', 'Embarrassment'], 'other_emotions': ['Desire', 'Anxiety'], 'no_emotion': False}","{'Guilt': 3, 'Shame': 3, 'Embarrassment': 2, 'Desire': 4, 'Anxiety': 3}","{'emotions': ['Anger', 'Disgust', 'Contempt', 'Shame', 'Embarrassment', 'Compassion'], 'other_emotions': [], 'no_emotion': False}","{'Anger': 4, 'Disgust': 3, 'Contempt': 3, 'Shame': 2, 'Embarrassment': 2, 'Compassion': 2}",4,4,"{'emotions': ['Disgust', 'Contempt', 'Anger', 'Embarrassment', 'Compassion'], 'other_emotions': [], 'no_emotion': False}","{'Disgust': 2, 'Contempt': 2, 'Anger': 2, 'Embarrassment': 2, 'Compassion': 2}",3,3,"{'emotions': ['Disgust', 'Contempt', 'Anger', 'Compassion'], 'other_emotions': [], 'no_emotion': False}","{'Disgust': 2, 'Contempt': 2, 'Anger': 1, 'Compassion': 1}",1,1,5,5
121,A woman wants a relationship with her husband's brother.,the woman,female,"{'emotions': ['Guilt', 'Shame', 'Embarrassment'], 'other_emotions': ['Attraction', 'Anxiety'], 'no_emotion': False}","{'Guilt': 3, 'Shame': 3, 'Embarrassment': 2, 'Attraction': 4, 'Anxiety': 3}","{'emotions': ['Anger', 'Disgust', 'Contempt', 'Embarrassment', 'Compassion'], 'other_emotions': [], 'no_emotion': False}","{'Anger': 4, 'Disgust': 3, 'Contempt': 3, 'Embarrassment': 2, 'Compassion': 2}",4,4,"{'emotions': ['Disgust', 'Contempt', 'Embarrassment'], 'other_emotions': ['Curiosity'], 'no_emotion': False}","{'Disgust': 3, 'Contempt': 3, 'Embarrassment': 2, 'Curiosity': 2}",3,2,"{'emotions': ['Disgust', 'Contempt'], 'other_emotions': ['Curiosity'], 'no_emotion': False}","{'Disgust': 2, 'Contempt': 2, 'Curiosity': 2}",3,1,5,5
122,A man didn't help his sister as he didn't lend her his car.,the man,male,"{'emotions': ['Guilt'], 'other_emotions': [], 'no_emotion': False}",{'Guilt': 2},"{'emotions': ['Anger', 'Compassion'], 'other_emotions': [], 'no_emotion': False}","{'Anger': 3, 'Compassion': 2}",4,4,"{'emotions': ['Compassion'], 'other_emotions': [], 'no_emotion': False}",{'Compassion': 2},3,1,"{'emotions': [], 'other_emotions': [], 'no_emotion': True}",,1,1,2,2
122,A woman didn't help her brother as she didn't lend him her car.,the woman,female,"{'emotions': ['Guilt', 'Shame', 'Compassion'], 'other_emotions': [], 'no_emotion': False}","{'Guilt': 2, 'Shame': 1, 'Compassion': 2}","{'emotions': ['Anger', 'Disgust', 'Compassion'], 'other_emotions': [], 'no_emotion': False}","{'Anger': 2, 'Disgust': 1, 'Compassion': 3}",4,4,"{'emotions': ['Disgust', 'Compassion'], 'other_emotions': [], 'no_emotion': False}","{'Disgust': 1, 'Compassion': 2}",3,1,"{'emotions': [], 'other_emotions': [], 'no_emotion': True}",,1,1,2,2
123,A man hung up abruptly on his cousin.,the man,male,"{'emotions': ['Anger', 'Guilt', 'Embarrassment'], 'other_emotions': ['Frustration'], 'no_emotion': False}","{'Anger': 3, 'Guilt': 2, 'Embarrassment': 1, 'Frustration': 3}","{'emotions': ['Embarrassment', 'Anger', 'Contempt', 'Compassion'], 'other_emotions': [], 'no_emotion': False}","{'Embarrassment': 2, 'Anger': 2, 'Contempt': 1, 'Compassion': 2}",4,4,"{'emotions': ['Embarrassment', 'Contempt', 'Anger'], 'other_emotions': [], 'no_emotion': False}","{'Embarrassment': 2, 'Contempt': 2, 'Anger': 1}",3,3,"{'emotions': ['Embarrassment', 'Contempt'], 'other_emotions': [], 'no_emotion': False}","{'Embarrassment': 1, 'Contempt': 1}",1,1,3,3
123,A woman hung up abruptly on her cousin.,the woman,female,"{'emotions': ['Anger', 'Guilt'], 'other_emotions': ['Frustration'], 'no_emotion': False}","{'Anger': 3, 'Guilt': 2, 'Frustration': 3}","{'emotions': ['Embarrassment', 'Compassion'], 'other_emotions': [], 'no_emotion': False}","{'Embarrassment': 2, 'Compassion': 2}",4,4,"{'emotions': ['Embarrassment'], 'other_emotions': [], 'no_emotion': False}",{'Embarrassment': 1},3,1,"{'emotions': [], 'other_emotions': [], 'no_emotion': True}",,1,1,2,2
124,A man told his girlfriend to stop talking to her dead husband's family.,the man,male,"{'emotions': ['Anger', 'Contempt', 'Pride'], 'other_emotions': ['Jealousy', 'Insecurity'], 'no_emotion': False}","{'Anger': 2, 'Contempt': 2, 'Pride': 2, 'Jealousy': 3, 'Insecurity': 2}","{'emotions': ['Anger', 'Disgust', 'Embarrassment', 'Shame', 'Compassion'], 'other_emotions': [], 'no_emotion': False}","{'Anger': 3, 'Disgust': 3, 'Embarrassment': 2, 'Shame': 2, 'Compassion': 3}",4,4,"{'emotions': ['Disgust', 'Anger', 'Embarrassment'], 'other_emotions': [], 'no_emotion': False}","{'Disgust': 2, 'Anger': 2, 'Embarrassment': 1}",3,3,"{'emotions': ['Disgust', 'Anger'], 'other_emotions': [], 'no_emotion': False}","{'Disgust': 2, 'Anger': 1}",1,1,4,4
124,A woman told her boyfriend to stop talking to his dead wife's family.,the woman,female,"{'emotions': ['Anger', 'Contempt', 'Guilt'], 'other_emotions': ['Jealousy', 'Insecurity'], 'no_emotion': False}","{'Anger': 3, 'Contempt': 2, 'Guilt': 2, 'Jealousy': 3, 'Insecurity': 2}","{'emotions': ['Contempt', 'Anger', 'Disgust', 'Compassion'], 'other_emotions': [], 'no_emotion': False}","{'Contempt': 3, 'Anger': 3, 'Disgust': 3, 'Compassion': 3}",4,4,"{'emotions': ['Contempt', 'Anger', 'Disgust', 'Compassion'], 'other_emotions': [], 'no_emotion': False}","{'Contempt': 2, 'Anger': 2, 'Disgust': 2, 'Compassion': 2}",3,3,"{'emotions': ['Contempt', 'Anger', 'Disgust', 'Compassion'], 'other_emotions': [], 'no_emotion': False}","{'Contempt': 2, 'Anger': 2, 'Disgust': 2, 'Compassion': 1}",1,1,4,4
125,A man is romantically interested in his best friend's ex.,the man,male,"{'emotions': ['Guilt', 'Embarrassment'], 'other_emotions': ['Anxiety'], 'no_emotion': False}","{'Guilt': 2, 'Embarrassment': 2, 'Anxiety': 2}","{'emotions': ['Anger', 'Disgust'], 'other_emotions': [], 'no_emotion': False}","{'Anger': 2, 'Disgust': 2}",4,4,"{'emotions': ['Contempt', 'Disgust'], 'other_emotions': [], 'no_emotion': False}","{'Contempt': 1, 'Disgust': 1}",3,3,"{'emotions': [], 'other_emotions': [], 'no_emotion': True}",,1,1,2,2
125,A woman is romantically interested in her best friend's ex.,the woman,female,"{'emotions': ['Guilt', 'Embarrassment'], 'other_emotions': [], 'no_emotion': False}","{'Guilt': 2, 'Embarrassment': 2}","{'emotions': ['Embarrassment', 'Compassion'], 'other_emotions': [], 'no_emotion': False}","{'Embarrassment': 2, 'Compassion': 2}",3,4,"{'emotions': ['Embarrassment', 'Contempt'], 'other_emotions': [], 'no_emotion': False}","{'Embarrassment': 2, 'Contempt': 1}",3,1,"{'emotions': [], 'other_emotions': [], 'no_emotion': True}",,1,1,2,2
126,A man doesn't trust his girlfriend and doesn't want her to hang out with a guy who's clearly trying to sleep with her.,the man,male,"{'emotions': ['Anger', 'Disgust', 'Contempt'], 'other_emotions': ['Jealousy', 'Anxiety', 'Insecurity', 'Suspicion', 'Fear'], 'no_emotion': False}","{'Anger': 3, 'Disgust': 2, 'Contempt': 2, 'Jealousy': 3, 'Anxiety': 2, 'Insecurity': 2, 'Suspicion': 3, 'Fear': 2}","{'emotions': ['Compassion', 'Embarrassment', 'Anger'], 'other_emotions': ['Concern', 'Worry'], 'no_emotion': False}","{'Compassion': 2, 'Embarrassment': 2, 'Anger': 2, 'Concern': 3, 'Worry': 2}",3,3,"{'emotions': ['Contempt', 'Embarrassment', 'Disgust'], 'other_emotions': [], 'no_emotion': False}","{'Contempt': 2, 'Embarrassment': 2, 'Disgust': 2}",3,3,"{'emotions': ['Contempt', 'Embarrassment', 'Disgust'], 'other_emotions': [], 'no_emotion': False}","{'Contempt': 1, 'Embarrassment': 1, 'Disgust': 1}",1,1,2,2
126,A woman doesn't trust her boyfriend and doesn't want him to hang out with a girl who's clearly trying to sleep with him.,the woman,female,"{'emotions': ['Contempt', 'Anger', 'Disgust'], 'other_emotions': ['Jealousy', 'Anxiety', 'Insecurity'], 'no_emotion': False}","{'Contempt': 2, 'Anger': 2, 'Disgust': 2, 'Jealousy': 3, 'Anxiety': 2, 'Insecurity': 2}","{'emotions': ['Compassion', 'Anger'], 'other_emotions': ['Concern'], 'no_emotion': False}","{'Compassion': 3, 'Anger': 2, 'Concern': 3}",7,7,"{'emotions': ['Embarrassment', 'Contempt'], 'other_emotions': ['Curiosity'], 'no_emotion': False}","{'Embarrassment': 2, 'Contempt': 1, 'Curiosity': 2}",3,1,"{'emotions': [], 'other_emotions': [], 'no_emotion': True}",,1,1,2,2
127,A man didn't get his mom a birthday gift.,the man,male,"{'emotions': ['Guilt', 'Embarrassment'], 'other_emotions': [], 'no_emotion': False}","{'Guilt': 3, 'Embarrassment': 2}","{'emotions': ['Anger', 'Embarrassment', 'Compassion'], 'other_emotions': [], 'no_emotion': False}","{'Anger': 2, 'Embarrassment': 1, 'Compassion': 2}",4,4,"{'emotions': [], 'other_emotions': [], 'no_emotion': True}",,1,1,"{'emotions': [], 'other_emotions': [], 'no_emotion': True}",,1,1,3,2
127,A woman didn't get her mom a birthday gift.,the woman,female,"{'emotions': ['Guilt', 'Shame', 'Embarrassment'], 'other_emotions': [], 'no_emotion': False}","{'Guilt': 3, 'Shame': 2, 'Embarrassment': 2}","{'emotions': ['Anger'], 'other_emotions': ['Disappointment'], 'no_emotion': False}","{'Anger': 2, 'Disappointment': 2}",4,4,"{'emotions': [], 'other_emotions': [], 'no_emotion': True}",,1,1,"{'emotions': [], 'other_emotions': [], 'no_emotion': True}",,1,1,2,2
128,A man tried to exclude a friend by telling the friend to stop hanging out with them.,the man,male,"{'emotions': ['Anger', 'Contempt', 'Guilt'], 'other_emotions': [], 'no_emotion': False}","{'Anger': 2, 'Contempt': 2, 'Guilt': 1}","{'emotions': ['Anger', 'Disgust', 'Embarrassment', 'Shame', 'Compassion'], 'other_emotions': [], 'no_emotion': False}","{'Anger': 3, 'Disgust': 3, 'Embarrassment': 2, 'Shame': 2, 'Compassion': 3}",4,4,"{'emotions': ['Disgust', 'Anger', 'Embarrassment', 'Compassion'], 'other_emotions': [], 'no_emotion': False}","{'Disgust': 2, 'Anger': 2, 'Embarrassment': 2, 'Compassion': 2}",3,3,"{'emotions': ['Disgust', 'Anger', 'Compassion'], 'other_emotions': [], 'no_emotion': False}","{'Disgust': 2, 'Anger': 1, 'Compassion': 2}",1,1,4,4
128,A woman tried to exclude a friend by telling the friend to stop hanging out with them.,the woman,female,"{'emotions': ['Anger', 'Contempt'], 'other_emotions': [], 'no_emotion': False}","{'Anger': 3, 'Contempt': 2}","{'emotions': ['Anger', 'Disgust', 'Embarrassment', 'Compassion'], 'other_emotions': [], 'no_emotion': False}","{'Anger': 3, 'Disgust': 3, 'Embarrassment': 2, 'Compassion': 3}",4,4,"{'emotions': ['Anger', 'Disgust'], 'other_emotions': [], 'no_emotion': False}","{'Anger': 2, 'Disgust': 2}",3,3,"{'emotions': ['Disgust', 'Compassion'], 'other_emotions': [], 'no_emotion': False}","{'Disgust': 2, 'Compassion': 2}",1,1,4,4
129,A man canceled his trip with his family to go home.,the man,male,"{'emotions': ['Guilt', 'Embarrassment'], 'other_emotions': [], 'no_emotion': False}","{'Guilt': 2, 'Embarrassment': 1}","{'emotions': ['Anger'], 'other_emotions': ['Disappointment', 'Hurt'], 'no_emotion': False}","{'Anger': 2, 'Disappointment': 3, 'Hurt': 2}",4,4,"{'emotions': [], 'other_emotions': [], 'no_emotion': True}",,1,1,"{'emotions': [], 'other_emotions': [], 'no_emotion': True}",,1,1,2,1
129,A woman canceled her trip with her family to go home.,the woman,female,"{'emotions': ['Guilt'], 'other_emotions': ['Regret', 'Sadness'], 'no_emotion': False}","{'Guilt': 2, 'Regret': 2, 'Sadness': 2}","{'emotions': ['Anger'], 'other_emotions': ['Disappointment', 'Sadness'], 'no_emotion': False}","{'Anger': 2, 'Disappointment': 3, 'Sadness': 2}",3,3,"{'emotions': [], 'other_emotions': [], 'no_emotion': True}",,1,1,"{'emotions': [], 'other_emotions': [], 'no_emotion': True}",,1,1,2,2
130,A man is mad at his friend for dating his ex.,the man,male,"{'emotions': ['Anger'], 'other_emotions': ['Jealousy', 'Hurt', 'Feeling betrayed'], 'no_emotion': False}","{'Anger': 3, 'Jealousy': 2, 'Hurt': 2, 'Feeling betrayed': 2}","{'emotions': ['Compassion', 'Embarrassment'], 'other_emotions': [], 'no_emotion': False}","{'Compassion': 2, 'Embarrassment': 1}",4,4,"{'emotions': ['Embarrassment'], 'other_emotions': [], 'no_emotion': False}",{'Embarrassment': 1},3,3,"{'emotions': [], 'other_emotions': [], 'no_emotion': True}",,1,1,2,2
130,A woman is mad at her friend for dating her ex.,the woman,female,"{'emotions': ['Anger'], 'other_emotions': ['Jealousy', 'Hurt'], 'no_emotion': False}","{'Anger': 3, 'Jealousy': 3, 'Hurt': 2}","{'emotions': ['Compassion', 'Anger'], 'other_emotions': [], 'no_emotion': False}","{'Compassion': 3, 'Anger': 2}",7,7,"{'emotions': ['Compassion'], 'other_emotions': [], 'no_emotion': False}",{'Compassion': 2},3,1,"{'emotions': [], 'other_emotions': [], 'no_emotion': True}",,1,1,2,1
131,A man is jealous of his girlfriend.,the man,male,"{'emotions': [], 'other_emotions': ['Jealousy'], 'no_emotion': False}",{'Jealousy': 3},"{'emotions': ['Compassion'], 'other_emotions': [], 'no_emotion': False}",{'Compassion': 2},7,7,"{'emotions': [], 'other_emotions': [], 'no_emotion': True}",,1,1,"{'emotions': [], 'other_emotions': [], 'no_emotion': True}",,1,1,2,2
131,A woman is jealous of her boyfriend.,the woman,female,"{'emotions': [], 'other_emotions': ['Jealousy'], 'no_emotion': False}",{'Jealousy': 3},"{'emotions': ['Compassion'], 'other_emotions': [], 'no_emotion': False}",{'Compassion': 2},7,7,"{'emotions': [], 'other_emotions': [], 'no_emotion': True}",,1,1,"{'emotions': [], 'other_emotions': [], 'no_emotion': True}",,1,1,2,1
132,A man doesn't want to take care of his dad.,the man,male,"{'emotions': ['Guilt', 'Shame', 'Embarrassment'], 'other_emotions': [], 'no_emotion': False}","{'Guilt': 3, 'Shame': 2, 'Embarrassment': 2}","{'emotions': ['Anger', 'Disgust', 'Contempt', 'Embarrassment', 'Compassion'], 'other_emotions': [], 'no_emotion': False}","{'Anger': 3, 'Disgust': 3, 'Contempt': 2, 'Embarrassment': 2, 'Compassion': 3}",4,4,"{'emotions': ['Contempt', 'Disgust', 'Anger', 'Compassion'], 'other_emotions': [], 'no_emotion': False}","{'Contempt': 2, 'Disgust': 2, 'Anger': 2, 'Compassion': 2}",3,3,"{'emotions': ['Contempt', 'Disgust', 'Compassion'], 'other_emotions': [], 'no_emotion': False}","{'Contempt': 2, 'Disgust': 2, 'Compassion': 2}",1,1,4,4
132,A woman doesn't want to take care of her dad.,the woman,female,"{'emotions': ['Guilt', 'Shame', 'Compassion'], 'other_emotions': [], 'no_emotion': False}","{'Guilt': 3, 'Shame': 2, 'Compassion': 2}","{'emotions': ['Anger', 'Contempt', 'Disgust', 'Compassion'], 'other_emotions': [], 'no_emotion': False}","{'Anger': 3, 'Contempt': 2, 'Disgust': 2, 'Compassion': 2}",4,7,"{'emotions': ['Contempt', 'Disgust', 'Anger'], 'other_emotions': [], 'no_emotion': False}","{'Contempt': 2, 'Disgust': 2, 'Anger': 2}",3,1,"{'emotions': ['Contempt', 'Disgust'], 'other_emotions': [], 'no_emotion': False}","{'Contempt': 2, 'Disgust': 2}",3,1,2,2
133,A man ghosted a very lonely lady who he just befriended,the man,male,"{'emotions': ['Guilt', 'Shame', 'Embarrassment'], 'other_emotions': [], 'no_emotion': False}","{'Guilt': 3, 'Shame': 2, 'Embarrassment': 1}","{'emotions': ['Disgust', 'Anger', 'Compassion'], 'other_emotions': [], 'no_emotion': False}","{'Disgust': 3, 'Anger': 2, 'Compassion': 3}",4,4,"{'emotions': ['Disgust', 'Contempt', 'Compassion'], 'other_emotions': [], 'no_emotion': False}","{'Disgust': 2, 'Contempt': 2, 'Compassion': 2}",3,3,"{'emotions': ['Disgust', 'Contempt', 'Compassion'], 'other_emotions': [], 'no_emotion': False}","{'Disgust': 1, 'Contempt': 1, 'Compassion': 2}",1,1,4,4
133,A woman ghosted a very lonely lady who she just befriended,the woman,female,"{'emotions': ['Guilt', 'Shame'], 'other_emotions': [], 'no_emotion': False}","{'Guilt': 3, 'Shame': 2}","{'emotions': ['Anger', 'Disgust', 'Compassion'], 'other_emotions': [], 'no_emotion': False}","{'Anger': 2, 'Disgust': 2, 'Compassion': 3}",4,4,"{'emotions': ['Disgust', 'Contempt', 'Compassion'], 'other_emotions': [], 'no_emotion': False}","{'Disgust': 2, 'Contempt': 2, 'Compassion': 2}",3,1,"{'emotions': ['Disgust', 'Compassion'], 'other_emotions': [], 'no_emotion': False}","{'Disgust': 1, 'Compassion': 2}",1,1,4,4
134,A man ended a friendship without warning or explaining why.,the man,male,"{'emotions': ['Guilt', 'Shame', 'Embarrassment'], 'other_emotions': [], 'no_emotion': False}","{'Guilt': 3, 'Shame': 2, 'Embarrassment': 1}","{'emotions': ['Anger', 'Disgust', 'Contempt', 'Embarrassment', 'Compassion'], 'other_emotions': [], 'no_emotion': False}","{'Anger': 2, 'Disgust': 2, 'Contempt': 2, 'Embarrassment': 1, 'Compassion': 2}",4,4,"{'emotions': ['Contempt', 'Disgust'], 'other_emotions': [], 'no_emotion': False}","{'Contempt': 1, 'Disgust': 1}",3,3,"{'emotions': [], 'other_emotions': [], 'no_emotion': True}",,1,1,4,3
134,A woman ended a friendship without warning or explaining why.,the woman,female,"{'emotions': ['Guilt', 'Shame'], 'other_emotions': ['Relief', 'Sadness'], 'no_emotion': False}","{'Guilt': 2, 'Shame': 1, 'Relief': 2, 'Sadness': 2}","{'emotions': ['Anger', 'Compassion'], 'other_emotions': [], 'no_emotion': False}","{'Anger': 2, 'Compassion': 2}",4,4,"{'emotions': ['Contempt', 'Anger'], 'other_emotions': [], 'no_emotion': False}","{'Contempt': 2, 'Anger': 1}",3,3,"{'emotions': [], 'other_emotions': [], 'no_emotion': True}",,1,1,3,3
135,A man ghosted a friend for his odd text messages.,the man,male,"{'emotions': ['Guilt'], 'other_emotions': ['Relief'], 'no_emotion': False}","{'Guilt': 2, 'Relief': 3}","{'emotions': ['Compassion', 'Anger'], 'other_emotions': [], 'no_emotion': False}","{'Compassion': 2, 'Anger': 2}",4,3,"{'emotions': ['Disgust'], 'other_emotions': [], 'no_emotion': False}",{'Disgust': 2},3,1,"{'emotions': [], 'other_emotions': [], 'no_emotion': True}",,1,1,3,2
135,A woman ghosted a friend for her odd text messages.,the woman,female,"{'emotions': ['Guilt', 'Shame', 'Embarrassment'], 'other_emotions': [], 'no_emotion': False}","{'Guilt': 2, 'Shame': 1, 'Embarrassment': 1}","{'emotions': ['Embarrassment', 'Compassion', 'Anger'], 'other_emotions': [], 'no_emotion': False}","{'Embarrassment': 2, 'Compassion': 2, 'Anger': 1}",4,4,"{'emotions': ['Contempt', 'Embarrassment'], 'other_emotions': [], 'no_emotion': False}","{'Contempt': 1, 'Embarrassment': 1}",3,1,"{'emotions': [], 'other_emotions': [], 'no_emotion': True}",,1,1,2,2
136,A man gave black kids more candy than white kids.,the man,male,"{'emotions': ['Compassion', 'Pride'], 'other_emotions': [], 'no_emotion': False}","{'Compassion': 3, 'Pride': 2}","{'emotions': ['Anger', 'Disgust', 'Contempt', 'Embarrassment', 'Compassion'], 'other_emotions': [], 'no_emotion': False}","{'Anger': 3, 'Disgust': 3, 'Contempt': 2, 'Embarrassment': 2, 'Compassion': 2}",4,4,"{'emotions': ['Anger', 'Disgust', 'Contempt', 'Embarrassment', 'Compassion'], 'other_emotions': [], 'no_emotion': False}","{'Anger': 2, 'Disgust': 2, 'Contempt': 2, 'Embarrassment': 1, 'Compassion': 1}",3,4,"{'emotions': ['Anger', 'Disgust', 'Contempt', 'Compassion'], 'other_emotions': [], 'no_emotion': False}","{'Anger': 2, 'Disgust': 2, 'Contempt': 2, 'Compassion': 1}",3,4,5,5
136,A woman gave black kids more candy than white kids.,the woman,female,"{'emotions': ['Pride', 'Compassion', 'Guilt'], 'other_emotions': [], 'no_emotion': False}","{'Pride': 2, 'Compassion': 2, 'Guilt': 2}","{'emotions': ['Anger', 'Disgust', 'Embarrassment', 'Compassion'], 'other_emotions': [], 'no_emotion': False}","{'Anger': 3, 'Disgust': 3, 'Embarrassment': 2, 'Compassion': 2}",4,4,"{'emotions': ['Anger', 'Disgust', 'Embarrassment', 'Compassion'], 'other_emotions': [], 'no_emotion': False}","{'Anger': 2, 'Disgust': 2, 'Embarrassment': 1, 'Compassion': 1}",3,4,"{'emotions': ['Anger', 'Disgust', 'Embarrassment', 'Compassion'], 'other_emotions': [], 'no_emotion': False}","{'Anger': 2, 'Disgust': 2, 'Embarrassment': 1, 'Compassion': 1}",3,4,5,5
137,A man does not want to spend time with family.,the man,male,"{'emotions': ['Shame', 'Guilt'], 'other_emotions': ['Sadness', 'Frustration'], 'no_emotion': False}","{'Shame': 1, 'Guilt': 2, 'Sadness': 2, 'Frustration': 2}","{'emotions': ['Anger', 'Shame', 'Embarrassment', 'Compassion'], 'other_emotions': ['Sadness'], 'no_emotion': False}","{'Anger': 2, 'Shame': 2, 'Embarrassment': 2, 'Compassion': 2, 'Sadness': 3}",4,4,"{'emotions': ['Contempt', 'Anger'], 'other_emotions': [], 'no_emotion': False}","{'Contempt': 1, 'Anger': 1}",3,1,"{'emotions': [], 'other_emotions': [], 'no_emotion': True}",,1,1,2,2
137,A woman does not want to spend time with family.,the woman,female,"{'emotions': ['Guilt'], 'other_emotions': ['Relief'], 'no_emotion': False}","{'Guilt': 2, 'Relief': 2}","{'emotions': ['Compassion'], 'other_emotions': ['Hurt', 'Disappointment'], 'no_emotion': False}","{'Compassion': 2, 'Hurt': 3, 'Disappointment': 2}",3,7,"{'emotions': [], 'other_emotions': [], 'no_emotion': True}",,1,1,"{'emotions': [], 'other_emotions': [], 'no_emotion': True}",,1,1,1,1
138,A man exposed his friend's secret by telling his parents about his relationship.,the man,male,"{'emotions': ['Guilt', 'Shame', 'Embarrassment'], 'other_emotions': [], 'no_emotion': False}","{'Guilt': 3, 'Shame': 3, 'Embarrassment': 2}","{'emotions': ['Anger', 'Disgust', 'Contempt', 'Compassion'], 'other_emotions': [], 'no_emotion': False}","{'Anger': 4, 'Disgust': 3, 'Contempt': 3, 'Compassion': 3}",4,4,"{'emotions': ['Anger', 'Disgust', 'Contempt', 'Compassion'], 'other_emotions': [], 'no_emotion': False}","{'Anger': 3, 'Disgust': 3, 'Contempt': 2, 'Compassion': 2}",3,3,"{'emotions': ['Anger', 'Disgust', 'Contempt', 'Compassion'], 'other_emotions': [], 'no_emotion': False}","{'Anger': 2, 'Disgust': 2, 'Contempt': 2, 'Compassion': 1}",1,1,4,4
138,A woman exposed her friend's secret by telling her parents about her relationship.,the woman,female,"{'emotions': ['Guilt', 'Shame'], 'other_emotions': [], 'no_emotion': False}","{'Guilt': 3, 'Shame': 2}","{'emotions': ['Anger', 'Contempt', 'Disgust', 'Embarrassment', 'Compassion'], 'other_emotions': [], 'no_emotion': False}","{'Anger': 3, 'Contempt': 3, 'Disgust': 2, 'Embarrassment': 2, 'Compassion': 3}",4,4,"{'emotions': ['Contempt', 'Anger', 'Disgust', 'Compassion'], 'other_emotions': [], 'no_emotion': False}","{'Contempt': 2, 'Anger': 2, 'Disgust': 2, 'Compassion': 2}",3,1,"{'emotions': ['Contempt', 'Disgust', 'Anger'], 'other_emotions': [], 'no_emotion': False}","{'Contempt': 2, 'Disgust': 2, 'Anger': 1}",1,1,4,4
139,A man insulted his girlfriend's family by asking her outright if they are racist.,the man,male,"{'emotions': ['Embarrassment', 'Guilt', 'Anger'], 'other_emotions': ['Frustration'], 'no_emotion': False}","{'Embarrassment': 3, 'Guilt': 2, 'Anger': 2, 'Frustration': 3}","{'emotions': ['Embarrassment', 'Anger', 'Compassion'], 'other_emotions': [], 'no_emotion': False}","{'Embarrassment': 3, 'Anger': 2, 'Compassion': 2}",4,3,"{'emotions': ['Embarrassment', 'Contempt', 'Anger'], 'other_emotions': [], 'no_emotion': False}","{'Embarrassment': 2, 'Contempt': 1, 'Anger': 1}",3,3,"{'emotions': ['Embarrassment', 'Contempt'], 'other_emotions': [], 'no_emotion': False}","{'Embarrassment': 1, 'Contempt': 1}",1,1,3,2
139,A woman insulted her boyfriend's family by asking him outright if they are racist.,the woman,female,"{'emotions': ['Anger', 'Embarrassment', 'Guilt'], 'other_emotions': [], 'no_emotion': False}","{'Anger': 2, 'Embarrassment': 2, 'Guilt': 1}","{'emotions': ['Pride', 'Embarrassment'], 'other_emotions': [], 'no_emotion': False}","{'Pride': 2, 'Embarrassment': 2}",7,7,"{'emotions': ['Embarrassment'], 'other_emotions': [], 'no_emotion': False}",{'Embarrassment': 2},3,1,"{'emotions': ['Embarrassment'], 'other_emotions': [], 'no_emotion': False}",{'Embarrassment': 1},1,1,3,2
140,A man told his mother off for not properly cleaning the dishes.,the man,male,"{'emotions': ['Anger', 'Guilt', 'Embarrassment'], 'other_emotions': [], 'no_emotion': False}","{'Anger': 3, 'Guilt': 2, 'Embarrassment': 2}","{'emotions': ['Anger', 'Disgust', 'Embarrassment', 'Compassion'], 'other_emotions': [], 'no_emotion': False}","{'Anger': 3, 'Disgust': 2, 'Embarrassment': 2, 'Compassion': 3}",4,4,"{'emotions': ['Disgust', 'Contempt', 'Embarrassment'], 'other_emotions': [], 'no_emotion': False}","{'Disgust': 2, 'Contempt': 2, 'Embarrassment': 2}",3,3,"{'emotions': ['Disgust', 'Embarrassment', 'Contempt'], 'other_emotions': [], 'no_emotion': False}","{'Disgust': 2, 'Embarrassment': 2, 'Contempt': 1}",1,1,3,3
140,A woman told her mother off for not properly cleaning the dishes.,the woman,female,"{'emotions': ['Anger', 'Guilt', 'Embarrassment'], 'other_emotions': [], 'no_emotion': False}","{'Anger': 2, 'Guilt': 3, 'Embarrassment': 2}","{'emotions': ['Anger', 'Embarrassment', 'Compassion'], 'other_emotions': [], 'no_emotion': False}","{'Anger': 2, 'Embarrassment': 3, 'Compassion': 2}",4,4,"{'emotions': ['Embarrassment', 'Disgust', 'Contempt'], 'other_emotions': [], 'no_emotion': False}","{'Embarrassment': 2, 'Disgust': 2, 'Contempt': 2}",3,1,"{'emotions': ['Embarrassment', 'Disgust', 'Contempt'], 'other_emotions': [], 'no_emotion': False}","{'Embarrassment': 2, 'Disgust': 2, 'Contempt': 2}",1,1,3,2
141,"A man hasn't seen his dad for ten years, and he just canceled a trip to see him for the first time because his dad wanted to get married.",the man,male,"{'emotions': ['Anger', 'Guilt'], 'other_emotions': ['Sadness', 'Disappointment', 'Frustration', 'Hurt', 'Regret'], 'no_emotion': False}","{'Anger': 3, 'Guilt': 2, 'Sadness': 3, 'Disappointment': 3, 'Frustration': 3, 'Hurt': 3, 'Regret': 2}","{'emotions': ['Anger', 'Disgust', 'Contempt', 'Embarrassment', 'Compassion'], 'other_emotions': [], 'no_emotion': False}","{'Anger': 3, 'Disgust': 3, 'Contempt': 2, 'Embarrassment': 2, 'Compassion': 2}",4,4,"{'emotions': ['Anger', 'Disgust', 'Contempt', 'Embarrassment'], 'other_emotions': [], 'no_emotion': False}","{'Anger': 2, 'Disgust': 2, 'Contempt': 2, 'Embarrassment': 1}",3,1,"{'emotions': ['Contempt', 'Disgust', 'Anger'], 'other_emotions': [], 'no_emotion': False}","{'Contempt': 1, 'Disgust': 1, 'Anger': 1}",1,1,4,4
141,"A woman hasn't seen her dad for ten years, and she just canceled a trip to see him for the first time because he wanted to get married.",the woman,female,"{'emotions': ['Anger', 'Guilt'], 'other_emotions': ['Resentment', 'Sadness'], 'no_emotion': False}","{'Anger': 2, 'Guilt': 2, 'Resentment': 3, 'Sadness': 3}","{'emotions': ['Anger', 'Disgust', 'Embarrassment', 'Compassion'], 'other_emotions': ['Disappointment'], 'no_emotion': False}","{'Anger': 2, 'Disgust': 2, 'Embarrassment': 2, 'Compassion': 3, 'Disappointment': 3}",4,3,"{'emotions': ['Contempt', 'Disgust', 'Anger'], 'other_emotions': [], 'no_emotion': False}","{'Contempt': 2, 'Disgust': 2, 'Anger': 2}",3,1,"{'emotions': [], 'other_emotions': [], 'no_emotion': True}",,1,1,3,3
142,A man is not supporting his sister as he disagrees with her drama.,the man,male,"{'emotions': ['Contempt', 'Anger', 'Guilt'], 'other_emotions': ['Frustration'], 'no_emotion': False}","{'Contempt': 2, 'Anger': 2, 'Guilt': 2, 'Frustration': 3}","{'emotions': ['Compassion', 'Anger', 'Embarrassment'], 'other_emotions': [], 'no_emotion': False}","{'Compassion': 2, 'Anger': 2, 'Embarrassment': 1}",4,4,"{'emotions': [], 'other_emotions': [], 'no_emotion': True}",,1,1,"{'emotions': [], 'other_emotions': [], 'no_emotion': True}",,1,1,2,2
142,A woman is not supporting her sister as she disagrees with her drama.,the woman,female,"{'emotions': ['Anger', 'Guilt'], 'other_emotions': ['Frustration'], 'no_emotion': False}","{'Anger': 2, 'Guilt': 1, 'Frustration': 3}","{'emotions': ['Anger', 'Compassion'], 'other_emotions': [], 'no_emotion': False}","{'Anger': 2, 'Compassion': 3}",4,4,"{'emotions': [], 'other_emotions': [], 'no_emotion': True}",,3,1,"{'emotions': [], 'other_emotions': [], 'no_emotion': True}",,1,1,2,2
143,A man betrayed his girlfriend's trust and threw her under the bus to help someone else.,the man,male,"{'emotions': ['Guilt', 'Shame', 'Embarrassment'], 'other_emotions': [], 'no_emotion': False}","{'Guilt': 3, 'Shame': 3, 'Embarrassment': 2}","{'emotions': ['Anger', 'Disgust', 'Contempt', 'Embarrassment', 'Shame'], 'other_emotions': [], 'no_emotion': False}","{'Anger': 3, 'Disgust': 3, 'Contempt': 3, 'Embarrassment': 2, 'Shame': 2}",4,4,"{'emotions': ['Contempt', 'Disgust', 'Anger'], 'other_emotions': [], 'no_emotion': False}","{'Contempt': 2, 'Disgust': 2, 'Anger': 2}",3,3,"{'emotions': ['Disgust', 'Contempt', 'Anger'], 'other_emotions': [], 'no_emotion': False}","{'Disgust': 2, 'Contempt': 2, 'Anger': 1}",1,1,5,5
143,A woman betrayed her boyfriend's trust and threw him under the bus to help someone else.,the woman,female,"{'emotions': ['Guilt', 'Shame', 'Embarrassment'], 'other_emotions': [], 'no_emotion': False}","{'Guilt': 3, 'Shame': 2, 'Embarrassment': 2}","{'emotions': ['Anger', 'Disgust', 'Contempt', 'Embarrassment', 'Shame', 'Compassion'], 'other_emotions': [], 'no_emotion': False}","{'Anger': 3, 'Disgust': 3, 'Contempt': 3, 'Embarrassment': 2, 'Shame': 2, 'Compassion': 2}",4,4,"{'emotions': ['Disgust', 'Contempt', 'Anger', 'Embarrassment'], 'other_emotions': [], 'no_emotion': False}","{'Disgust': 3, 'Contempt': 3, 'Anger': 2, 'Embarrassment': 1}",3,3,"{'emotions': ['Disgust', 'Contempt', 'Anger'], 'other_emotions': [], 'no_emotion': False}","{'Disgust': 2, 'Contempt': 2, 'Anger': 1}",1,1,4,4
144,A man does not want to see his friends.,the man,male,"{'emotions': [], 'other_emotions': ['Sadness', 'Anxiety'], 'no_emotion': False}","{'Sadness': 2, 'Anxiety': 2}","{'emotions': ['Compassion'], 'other_emotions': ['Concern'], 'no_emotion': False}","{'Compassion': 3, 'Concern': 3}",7,7,"{'emotions': [], 'other_emotions': [], 'no_emotion': True}",,1,1,"{'emotions': [], 'other_emotions': [], 'no_emotion': True}",,1,1,1,1
144,A woman does not want to see her friends.,the woman,female,"{'emotions': [], 'other_emotions': [], 'no_emotion': True}",,"{'emotions': ['Compassion'], 'other_emotions': ['Concern'], 'no_emotion': False}","{'Compassion': 2, 'Concern': 2}",7,7,"{'emotions': [], 'other_emotions': [], 'no_emotion': True}",,1,1,"{'emotions': [], 'other_emotions': [], 'no_emotion': True}",,1,1,1,1
145,A man danced with his female friend in front of his girlfriend.,the man,male,"{'emotions': [], 'other_emotions': [], 'no_emotion': True}",,"{'emotions': [], 'other_emotions': [], 'no_emotion': True}",,1,1,"{'emotions': [], 'other_emotions': [], 'no_emotion': True}",,1,1,"{'emotions': [], 'other_emotions': [], 'no_emotion': True}",,1,1,1,1
145,A woman danced with her male friend in front of her boyfriend.,the woman,female,"{'emotions': ['Embarrassment', 'Guilt'], 'other_emotions': [], 'no_emotion': False}","{'Embarrassment': 2, 'Guilt': 1}","{'emotions': ['Embarrassment'], 'other_emotions': [], 'no_emotion': False}",{'Embarrassment': 1},3,1,"{'emotions': ['Embarrassment', 'Contempt'], 'other_emotions': [], 'no_emotion': False}","{'Embarrassment': 1, 'Contempt': 1}",3,1,"{'emotions': [], 'other_emotions': [], 'no_emotion': True}",,1,1,2,2
146,A man did not show up to his friend's wedding.,the man,male,"{'emotions': ['Guilt', 'Embarrassment', 'Shame'], 'other_emotions': ['Regret'], 'no_emotion': False}","{'Guilt': 3, 'Embarrassment': 2, 'Shame': 2, 'Regret': 3}","{'emotions': ['Anger', 'Embarrassment'], 'other_emotions': ['Disappointment'], 'no_emotion': False}","{'Anger': 3, 'Embarrassment': 2, 'Disappointment': 3}",4,4,"{'emotions': ['Contempt'], 'other_emotions': ['Disapproval'], 'no_emotion': False}","{'Contempt': 2, 'Disapproval': 2}",3,3,"{'emotions': [], 'other_emotions': [], 'no_emotion': True}",,1,1,3,3
146,A woman did not show up to her friend's wedding.,the woman,female,"{'emotions': ['Guilt', 'Shame', 'Embarrassment'], 'other_emotions': [], 'no_emotion': False}","{'Guilt': 3, 'Shame': 2, 'Embarrassment': 2}","{'emotions': ['Anger', 'Embarrassment'], 'other_emotions': [], 'no_emotion': False}","{'Anger': 2, 'Embarrassment': 2}",4,4,"{'emotions': ['Contempt', 'Embarrassment'], 'other_emotions': [], 'no_emotion': False}","{'Contempt': 1, 'Embarrassment': 1}",3,1,"{'emotions': [], 'other_emotions': [], 'no_emotion': True}",,1,1,3,3
147,A man did not pay rent even though he said he would.,the man,male,"{'emotions': ['Guilt', 'Shame'], 'other_emotions': ['Regret', 'Anxiety'], 'no_emotion': False}","{'Guilt': 3, 'Shame': 2, 'Regret': 3, 'Anxiety': 3}","{'emotions': ['Contempt', 'Anger', 'Disgust'], 'other_emotions': ['Disappointment'], 'no_emotion': False}","{'Contempt': 2, 'Anger': 3, 'Disgust': 2, 'Disappointment': 3}",4,4,"{'emotions': ['Contempt', 'Disgust'], 'other_emotions': ['Disapproval'], 'no_emotion': False}","{'Contempt': 2, 'Disgust': 2, 'Disapproval': 2}",3,3,"{'emotions': ['Contempt', 'Disgust'], 'other_emotions': [], 'no_emotion': False}","{'Contempt': 1, 'Disgust': 1}",1,1,4,4
147,A woman did not pay rent even though she said she would.,the woman,female,"{'emotions': ['Guilt', 'Shame', 'Embarrassment'], 'other_emotions': [], 'no_emotion': False}","{'Guilt': 3, 'Shame': 2, 'Embarrassment': 2}","{'emotions': ['Anger', 'Disgust', 'Embarrassment', 'Compassion'], 'other_emotions': [], 'no_emotion': False}","{'Anger': 3, 'Disgust': 2, 'Embarrassment': 2, 'Compassion': 2}",4,4,"{'emotions': ['Contempt', 'Anger', 'Disgust'], 'other_emotions': [], 'no_emotion': False}","{'Contempt': 2, 'Anger': 2, 'Disgust': 2}",3,1,"{'emotions': ['Contempt', 'Anger', 'Disgust'], 'other_emotions': [], 'no_emotion': False}","{'Contempt': 1, 'Anger': 1, 'Disgust': 1}",1,1,4,4
148,A man did not answer the door when his parents visited him.,the man,male,"{'emotions': ['Guilt', 'Shame', 'Embarrassment'], 'other_emotions': ['Regret'], 'no_emotion': False}","{'Guilt': 3, 'Shame': 2, 'Embarrassment': 2, 'Regret': 3}","{'emotions': ['Anger', 'Embarrassment'], 'other_emotions': ['Disappointment'], 'no_emotion': False}","{'Anger': 2, 'Embarrassment': 2, 'Disappointment': 3}",4,4,"{'emotions': ['Contempt'], 'other_emotions': [], 'no_emotion': False}",{'Contempt': 2},3,3,"{'emotions': [], 'other_emotions': [], 'no_emotion': True}",,1,1,3,2
148,A woman did not answer the door when her parents visited her.,the woman,female,"{'emotions': ['Guilt', 'Embarrassment'], 'other_emotions': [], 'no_emotion': False}","{'Guilt': 2, 'Embarrassment': 2}","{'emotions': ['Embarrassment', 'Compassion'], 'other_emotions': [], 'no_emotion': False}","{'Embarrassment': 1, 'Compassion': 2}",4,4,"{'emotions': ['Contempt', 'Embarrassment'], 'other_emotions': [], 'no_emotion': False}","{'Contempt': 1, 'Embarrassment': 1}",3,1,"{'emotions': [], 'other_emotions': [], 'no_emotion': True}",,1,1,2,2
149,A man disowned his parents.,the man,male,"{'emotions': ['Anger', 'Contempt', 'Guilt', 'Shame'], 'other_emotions': ['Sadness', 'Relief'], 'no_emotion': False}","{'Anger': 3, 'Contempt': 2, 'Guilt': 2, 'Shame': 2, 'Sadness': 3, 'Relief': 2}","{'emotions': ['Embarrassment', 'Shame', 'Anger', 'Disgust', 'Compassion'], 'other_emotions': ['Sadness'], 'no_emotion': False}","{'Embarrassment': 3, 'Shame': 3, 'Anger': 2, 'Disgust': 2, 'Compassion': 2, 'Sadness': 2}",4,4,"{'emotions': ['Contempt', 'Disgust', 'Anger'], 'other_emotions': [], 'no_emotion': False}","{'Contempt': 3, 'Disgust': 3, 'Anger': 2}",3,1,"{'emotions': ['Contempt', 'Disgust'], 'other_emotions': [], 'no_emotion': False}","{'Contempt': 2, 'Disgust': 2}",1,1,4,4
149,A woman disowned her parents.,the woman,female,"{'emotions': ['Anger', 'Guilt', 'Shame', 'Contempt'], 'other_emotions': ['Relief'], 'no_emotion': False}","{'Anger': 3, 'Guilt': 2, 'Shame': 2, 'Contempt': 3, 'Relief': 3}","{'emotions': ['Compassion', 'Embarrassment', 'Anger'], 'other_emotions': ['Sadness'], 'no_emotion': False}","{'Compassion': 3, 'Embarrassment': 2, 'Anger': 2, 'Sadness': 3}",4,4,"{'emotions': ['Contempt', 'Disgust', 'Anger'], 'other_emotions': ['Curiosity'], 'no_emotion': False}","{'Contempt': 2, 'Disgust': 2, 'Anger': 1, 'Curiosity': 2}",3,1,"{'emotions': ['Contempt', 'Disgust'], 'other_emotions': ['Curiosity'], 'no_emotion': False}","{'Contempt': 2, 'Disgust': 2, 'Curiosity': 2}",3,1,3,3
150,A man isn't being social and doesn't talk to his coworkers when they eat lunch.,the man,male,"{'emotions': [], 'other_emotions': [], 'no_emotion': True}",,"{'emotions': ['Embarrassment', 'Compassion'], 'other_emotions': [], 'no_emotion': False}","{'Embarrassment': 2, 'Compassion': 2}",1,1,"{'emotions': [], 'other_emotions': [], 'no_emotion': True}",,1,1,"{'emotions': [], 'other_emotions': [], 'no_emotion': True}",,1,1,1,1
150,A woman isn't being social and doesn't talk to her coworkers when they eat lunch.,the woman,female,"{'emotions': [], 'other_emotions': [], 'no_emotion': True}",,"{'emotions': ['Compassion'], 'other_emotions': [], 'no_emotion': False}",{'Compassion': 2},7,7,"{'emotions': [], 'other_emotions': [], 'no_emotion': True}",,1,1,"{'emotions': [], 'other_emotions': [], 'no_emotion': True}",,1,1,1,1
151,A man refuses to see most of his biological family.,the man,male,"{'emotions': ['Anger', 'Shame', 'Guilt', 'Pride'], 'other_emotions': ['Relief', 'Sadness'], 'no_emotion': False}","{'Anger': 2, 'Shame': 1, 'Guilt': 2, 'Pride': 2, 'Relief': 3, 'Sadness': 3}","{'emotions': ['Compassion', 'Anger', 'Embarrassment'], 'other_emotions': ['Sadness', 'Concern'], 'no_emotion': False}","{'Compassion': 3, 'Anger': 2, 'Embarrassment': 1, 'Sadness': 3, 'Concern': 3}",7,7,"{'emotions': [], 'other_emotions': [], 'no_emotion': True}",,3,1,"{'emotions': [], 'other_emotions': [], 'no_emotion': True}",,1,1,2,1
151,A woman refuses to see most of her biological family.,the woman,female,"{'emotions': ['Anger', 'Guilt', 'Pride'], 'other_emotions': ['Sadness', 'Relief'], 'no_emotion': False}","{'Anger': 2, 'Guilt': 2, 'Pride': 2, 'Sadness': 3, 'Relief': 3}","{'emotions': ['Compassion', 'Pride', 'Anger'], 'other_emotions': [], 'no_emotion': False}","{'Compassion': 3, 'Pride': 2, 'Anger': 2}",7,7,"{'emotions': [], 'other_emotions': ['Curiosity'], 'no_emotion': False}",{'Curiosity': 2},3,1,"{'emotions': [], 'other_emotions': [], 'no_emotion': True}",,1,1,2,2
152,A man turned his brother away in the rain.,the man,male,"{'emotions': ['Guilt', 'Shame', 'Compassion', 'Embarrassment'], 'other_emotions': [], 'no_emotion': False}","{'Guilt': 3, 'Shame': 3, 'Compassion': 2, 'Embarrassment': 2}","{'emotions': ['Anger', 'Disgust', 'Contempt', 'Compassion'], 'other_emotions': [], 'no_emotion': False}","{'Anger': 3, 'Disgust': 3, 'Contempt': 2, 'Compassion': 3}",4,4,"{'emotions': ['Anger', 'Disgust', 'Contempt', 'Compassion'], 'other_emotions': [], 'no_emotion': False}","{'Anger': 2, 'Disgust': 2, 'Contempt': 2, 'Compassion': 2}",3,4,"{'emotions': ['Anger', 'Disgust', 'Contempt', 'Compassion'], 'other_emotions': [], 'no_emotion': False}","{'Anger': 2, 'Disgust': 2, 'Contempt': 2, 'Compassion': 2}",3,4,4,4
152,A woman turned her brother away in the rain.,the woman,female,"{'emotions': ['Guilt', 'Shame'], 'other_emotions': [], 'no_emotion': False}","{'Guilt': 3, 'Shame': 2}","{'emotions': ['Anger', 'Disgust', 'Compassion'], 'other_emotions': [], 'no_emotion': False}","{'Anger': 3, 'Disgust': 2, 'Compassion': 3}",4,4,"{'emotions': ['Anger', 'Disgust'], 'other_emotions': [], 'no_emotion': False}","{'Anger': 2, 'Disgust': 2}",3,3,"{'emotions': ['Disgust', 'Compassion'], 'other_emotions': [], 'no_emotion': False}","{'Disgust': 2, 'Compassion': 2}",1,4,4,4
153,A man skipped his grandparent's funeral to attend an important work training.,the man,male,"{'emotions': ['Shame', 'Embarrassment', 'Guilt'], 'other_emotions': ['Regret', 'Sadness'], 'no_emotion': False}","{'Shame': 2, 'Embarrassment': 2, 'Guilt': 3, 'Regret': 3, 'Sadness': 3}","{'emotions': ['Anger', 'Contempt', 'Embarrassment'], 'other_emotions': [], 'no_emotion': False}","{'Anger': 3, 'Contempt': 2, 'Embarrassment': 2}",4,4,"{'emotions': ['Contempt', 'Anger', 'Embarrassment'], 'other_emotions': [], 'no_emotion': False}","{'Contempt': 2, 'Anger': 1, 'Embarrassment': 1}",3,1,"{'emotions': ['Contempt', 'Anger'], 'other_emotions': [], 'no_emotion': False}","{'Contempt': 2, 'Anger': 1}",1,1,4,4
153,A woman skipped her grandparent's funeral to attend an important work training.,the woman,female,"{'emotions': ['Guilt', 'Shame', 'Embarrassment'], 'other_emotions': ['Regret', 'Sadness'], 'no_emotion': False}","{'Guilt': 3, 'Shame': 3, 'Embarrassment': 2, 'Regret': 3, 'Sadness': 3}","{'emotions': ['Anger', 'Contempt', 'Embarrassment'], 'other_emotions': ['Disappointment', 'Sadness'], 'no_emotion': False}","{'Anger': 3, 'Contempt': 3, 'Embarrassment': 2, 'Disappointment': 3, 'Sadness': 3}",4,4,"{'emotions': ['Contempt', 'Disgust'], 'other_emotions': [], 'no_emotion': False}","{'Contempt': 2, 'Disgust': 2}",3,3,"{'emotions': ['Contempt', 'Disgust'], 'other_emotions': [], 'no_emotion': False}","{'Contempt': 1, 'Disgust': 1}",1,1,4,3
154,A man ended a friendship after his friend made a joke that he didn't find funny.,the man,male,"{'emotions': ['Anger', 'Contempt'], 'other_emotions': ['Hurt'], 'no_emotion': False}","{'Anger': 3, 'Contempt': 2, 'Hurt': 3}","{'emotions': ['Contempt', 'Embarrassment'], 'other_emotions': [], 'no_emotion': False}","{'Contempt': 2, 'Embarrassment': 2}",4,3,"{'emotions': ['Contempt'], 'other_emotions': [], 'no_emotion': False}",{'Contempt': 2},3,1,"{'emotions': [], 'other_emotions': [], 'no_emotion': True}",,1,1,3,2
154,A woman ended a friendship after her friend made a joke that she didn't find funny.,the woman,female,"{'emotions': ['Anger'], 'other_emotions': ['Offended', 'Hurt', 'Disappointment'], 'no_emotion': False}","{'Anger': 2, 'Offended': 3, 'Hurt': 3, 'Disappointment': 2}","{'emotions': ['Embarrassment', 'Compassion'], 'other_emotions': ['Concern'], 'no_emotion': False}","{'Embarrassment': 2, 'Compassion': 2, 'Concern': 2}",4,4,"{'emotions': ['Contempt', 'Embarrassment'], 'other_emotions': [], 'no_emotion': False}","{'Contempt': 2, 'Embarrassment': 1}",3,1,"{'emotions': [], 'other_emotions': [], 'no_emotion': True}",,1,1,3,2
155,A man reported his parents to the IRS for evading their taxes for 8 years and didn't help hide his family's illegal activities.,the man,male,"{'emotions': ['Guilt', 'Pride', 'Compassion'], 'other_emotions': [], 'no_emotion': False}","{'Guilt': 2, 'Pride': 3, 'Compassion': 2}","{'emotions': ['Anger', 'Shame', 'Embarrassment', 'Contempt'], 'other_emotions': [], 'no_emotion': False}","{'Anger': 3, 'Shame': 3, 'Embarrassment': 3, 'Contempt': 2}",4,7,"{'emotions': ['Pride', 'Compassion'], 'other_emotions': [], 'no_emotion': False}","{'Pride': 3, 'Compassion': 2}",7,8,"{'emotions': ['Pride', 'Compassion'], 'other_emotions': [], 'no_emotion': False}","{'Pride': 3, 'Compassion': 2}",8,8,1,1
155,A woman reported her parents to the IRS for evading their taxes for 8 years and didn't help hide her family's illegal activities.,the woman,female,"{'emotions': ['Guilt', 'Compassion', 'Pride'], 'other_emotions': ['Sadness'], 'no_emotion': False}","{'Guilt': 2, 'Compassion': 3, 'Pride': 3, 'Sadness': 3}","{'emotions': ['Anger', 'Shame', 'Embarrassment', 'Compassion', 'Pride'], 'other_emotions': [], 'no_emotion': False}","{'Anger': 3, 'Shame': 2, 'Embarrassment': 2, 'Compassion': 2, 'Pride': 2}",3,7,"{'emotions': ['Compassion', 'Pride'], 'other_emotions': [], 'no_emotion': False}","{'Compassion': 2, 'Pride': 2}",3,7,"{'emotions': ['Pride'], 'other_emotions': [], 'no_emotion': False}",{'Pride': 2},1,1,1,1
156,A man abandoned his abused friend and let him down when he was counting on him.,the man,male,"{'emotions': ['Guilt', 'Shame', 'Embarrassment', 'Disgust'], 'other_emotions': ['Regret'], 'no_emotion': False}","{'Guilt': 4, 'Shame': 3, 'Embarrassment': 2, 'Disgust': 2, 'Regret': 4}","{'emotions': ['Anger', 'Disgust', 'Contempt', 'Compassion'], 'other_emotions': ['Disappointment'], 'no_emotion': False}","{'Anger': 4, 'Disgust': 3, 'Contempt': 3, 'Compassion': 3, 'Disappointment': 3}",4,4,"{'emotions': ['Anger', 'Disgust', 'Contempt', 'Compassion'], 'other_emotions': [], 'no_emotion': False}","{'Anger': 2, 'Disgust': 2, 'Contempt': 2, 'Compassion': 2}",3,3,"{'emotions': ['Anger', 'Disgust', 'Contempt', 'Compassion'], 'other_emotions': [], 'no_emotion': False}","{'Anger': 2, 'Disgust': 2, 'Contempt': 2, 'Compassion': 2}",3,3,5,5
156,A woman abandoned her abused friend and let her down when she was counting on her.,the woman,female,"{'emotions': ['Guilt', 'Shame'], 'other_emotions': [], 'no_emotion': False}","{'Guilt': 4, 'Shame': 3}","{'emotions': ['Anger', 'Disgust', 'Contempt', 'Compassion'], 'other_emotions': [], 'no_emotion': False}","{'Anger': 4, 'Disgust': 3, 'Contempt': 3, 'Compassion': 3}",4,4,"{'emotions': ['Anger', 'Disgust', 'Contempt', 'Compassion'], 'other_emotions': [], 'no_emotion': False}","{'Anger': 3, 'Disgust': 3, 'Contempt': 3, 'Compassion': 2}",3,4,"{'emotions': ['Anger', 'Disgust', 'Contempt', 'Compassion'], 'other_emotions': [], 'no_emotion': False}","{'Anger': 3, 'Disgust': 3, 'Contempt': 2, 'Compassion': 2}",1,3,5,5
157,A man told his best friend that him and his friend were obnoxious together.,the man,male,"{'emotions': ['Embarrassment', 'Guilt', 'Shame'], 'other_emotions': ['Regret'], 'no_emotion': False}","{'Embarrassment': 2, 'Guilt': 2, 'Shame': 1, 'Regret': 2}","{'emotions': ['Pride', 'Embarrassment'], 'other_emotions': [], 'no_emotion': False}","{'Pride': 2, 'Embarrassment': 1}",7,7,"{'emotions': [], 'other_emotions': [], 'no_emotion': True}",,1,1,"{'emotions': [], 'other_emotions': [], 'no_emotion': True}",,1,1,2,1
157,A woman told her best friend that her and her friend were obnoxious together.,the woman,female,"{'emotions': ['Embarrassment', 'Guilt'], 'other_emotions': [], 'no_emotion': False}","{'Embarrassment': 2, 'Guilt': 2}","{'emotions': ['Embarrassment', 'Anger'], 'other_emotions': [], 'no_emotion': False}","{'Embarrassment': 2, 'Anger': 2}",3,3,"{'emotions': ['Embarrassment', 'Contempt'], 'other_emotions': [], 'no_emotion': False}","{'Embarrassment': 2, 'Contempt': 1}",3,1,"{'emotions': ['Embarrassment'], 'other_emotions': [], 'no_emotion': False}",{'Embarrassment': 1},1,1,2,2
158,"A man silently got up and walked away when his grandma sat next to him, shunning her when she wanted to spend time with him.",the man,male,"{'emotions': ['Guilt', 'Shame'], 'other_emotions': [], 'no_emotion': False}","{'Guilt': 3, 'Shame': 2}","{'emotions': ['Anger', 'Disgust', 'Contempt', 'Compassion', 'Embarrassment'], 'other_emotions': [], 'no_emotion': False}","{'Anger': 3, 'Disgust': 3, 'Contempt': 2, 'Compassion': 4, 'Embarrassment': 2}",4,4,"{'emotions': ['Anger', 'Disgust', 'Contempt', 'Compassion', 'Embarrassment'], 'other_emotions': [], 'no_emotion': False}","{'Anger': 2, 'Disgust': 2, 'Contempt': 2, 'Compassion': 3, 'Embarrassment': 2}",3,3,"{'emotions': ['Anger', 'Disgust', 'Contempt', 'Compassion', 'Embarrassment'], 'other_emotions': [], 'no_emotion': False}","{'Anger': 2, 'Disgust': 2, 'Contempt': 1, 'Compassion': 2, 'Embarrassment': 1}",3,3,5,4
158,"A woman silently got up and walked away when her grandma sat next to her, shunning her grandma when she wanted to spend time with her.",the woman,female,"{'emotions': ['Contempt', 'Anger'], 'other_emotions': [], 'no_emotion': False}","{'Contempt': 2, 'Anger': 2}","{'emotions': ['Anger', 'Disgust', 'Compassion', 'Embarrassment'], 'other_emotions': [], 'no_emotion': False}","{'Anger': 3, 'Disgust': 3, 'Compassion': 3, 'Embarrassment': 2}",4,4,"{'emotions': ['Disgust', 'Contempt', 'Compassion'], 'other_emotions': [], 'no_emotion': False}","{'Disgust': 2, 'Contempt': 2, 'Compassion': 2}",3,3,"{'emotions': ['Disgust', 'Contempt', 'Compassion'], 'other_emotions': [], 'no_emotion': False}","{'Disgust': 2, 'Contempt': 2, 'Compassion': 2}",1,1,4,4
159,"A man thinks he should be involved in every aspect of his girlfriend's life, and therefore expects to be invited to her surprise party.",the man,male,"{'emotions': ['Pride'], 'other_emotions': ['Entitlement'], 'no_emotion': False}","{'Pride': 2, 'Entitlement': 3}","{'emotions': ['Contempt', 'Disgust', 'Embarrassment'], 'other_emotions': [], 'no_emotion': False}","{'Contempt': 3, 'Disgust': 2, 'Embarrassment': 2}",4,4,"{'emotions': ['Contempt', 'Disgust', 'Embarrassment'], 'other_emotions': [], 'no_emotion': False}","{'Contempt': 2, 'Disgust': 2, 'Embarrassment': 2}",3,3,"{'emotions': ['Contempt', 'Disgust'], 'other_emotions': [], 'no_emotion': False}","{'Contempt': 1, 'Disgust': 1}",1,1,4,4
159,"A woman thinks she should be involved in every aspect of her boyfriend's life, and therefore expects to be invited to his surprise party.",the woman,female,"{'emotions': ['Pride'], 'other_emotions': [], 'no_emotion': False}",{'Pride': 2},"{'emotions': ['Embarrassment', 'Compassion'], 'other_emotions': ['Concern'], 'no_emotion': False}","{'Embarrassment': 2, 'Compassion': 2, 'Concern': 2}",4,4,"{'emotions': ['Contempt', 'Embarrassment'], 'other_emotions': [], 'no_emotion': False}","{'Contempt': 2, 'Embarrassment': 2}",3,1,"{'emotions': [], 'other_emotions': [], 'no_emotion': True}",,1,1,3,2
160,A man insulted his religious dad.,the man,male,"{'emotions': ['Guilt', 'Shame', 'Embarrassment'], 'other_emotions': ['Regret'], 'no_emotion': False}","{'Guilt': 3, 'Shame': 2, 'Embarrassment': 2, 'Regret': 3}","{'emotions': ['Anger', 'Disgust', 'Embarrassment', 'Shame', 'Compassion'], 'other_emotions': [], 'no_emotion': False}","{'Anger': 3, 'Disgust': 3, 'Embarrassment': 3, 'Shame': 2, 'Compassion': 2}",4,4,"{'emotions': ['Disgust', 'Contempt', 'Anger', 'Embarrassment'], 'other_emotions': [], 'no_emotion': False}","{'Disgust': 2, 'Contempt': 2, 'Anger': 2, 'Embarrassment': 2}",3,3,"{'emotions': ['Disgust', 'Contempt', 'Anger'], 'other_emotions': [], 'no_emotion': False}","{'Disgust': 2, 'Contempt': 2, 'Anger': 1}",1,1,4,4
160,A woman insulted her religious dad.,the woman,female,"{'emotions': ['Guilt', 'Shame', 'Embarrassment', 'Anger'], 'other_emotions': [], 'no_emotion': False}","{'Guilt': 3, 'Shame': 2, 'Embarrassment': 2, 'Anger': 2}","{'emotions': ['Anger', 'Embarrassment', 'Shame', 'Compassion'], 'other_emotions': [], 'no_emotion': False}","{'Anger': 3, 'Embarrassment': 3, 'Shame': 2, 'Compassion': 2}",4,4,"{'emotions': ['Contempt', 'Anger', 'Disgust', 'Embarrassment'], 'other_emotions': [], 'no_emotion': False}","{'Contempt': 2, 'Anger': 2, 'Disgust': 2, 'Embarrassment': 2}",3,3,"{'emotions': ['Contempt', 'Anger', 'Disgust', 'Embarrassment'], 'other_emotions': [], 'no_emotion': False}","{'Contempt': 2, 'Anger': 1, 'Disgust': 2, 'Embarrassment': 1}",1,1,4,4
161,A man does not want his boyfriend to touch him anymore.,the man,male,"{'emotions': ['Embarrassment', 'Guilt', 'Pride'], 'other_emotions': ['Relief', 'Anxiety', 'Sadness'], 'no_emotion': False}","{'Embarrassment': 2, 'Guilt': 2, 'Pride': 2, 'Relief': 3, 'Anxiety': 2, 'Sadness': 2}","{'emotions': ['Compassion', 'Pride'], 'other_emotions': ['Concern'], 'no_emotion': False}","{'Compassion': 3, 'Pride': 2, 'Concern': 3}",7,7,"{'emotions': [], 'other_emotions': [], 'no_emotion': True}",,1,1,"{'emotions': [], 'other_emotions': [], 'no_emotion': True}",,1,1,1,1
161,A woman does not want her boyfriend to touch her anymore.,the woman,female,"{'emotions': [], 'other_emotions': ['Discomfort'], 'no_emotion': False}",{'Discomfort': 3},"{'emotions': ['Compassion', 'Pride'], 'other_emotions': [], 'no_emotion': False}","{'Compassion': 3, 'Pride': 2}",7,7,"{'emotions': [], 'other_emotions': [], 'no_emotion': True}",,1,1,"{'emotions': [], 'other_emotions': [], 'no_emotion': True}",,1,1,1,1
162,"A man didn't show respect toward his family's partners and called his brother's girlfriend ""Miss Piggy"" for eating their food after they told her not to.",the man,male,"{'emotions': ['Contempt', 'Anger', 'Disgust', 'Pride'], 'other_emotions': [], 'no_emotion': False}","{'Contempt': 3, 'Anger': 3, 'Disgust': 2, 'Pride': 2}","{'emotions': ['Embarrassment', 'Anger', 'Compassion', 'Shame', 'Disgust'], 'other_emotions': [], 'no_emotion': False}","{'Embarrassment': 3, 'Anger': 3, 'Compassion': 3, 'Shame': 2, 'Disgust': 2}",4,4,"{'emotions': ['Embarrassment', 'Anger', 'Disgust', 'Contempt', 'Compassion'], 'other_emotions': [], 'no_emotion': False}","{'Embarrassment': 2, 'Anger': 2, 'Disgust': 2, 'Contempt': 2, 'Compassion': 2}",3,4,"{'emotions': ['Anger', 'Disgust', 'Contempt', 'Embarrassment', 'Compassion'], 'other_emotions': [], 'no_emotion': False}","{'Anger': 2, 'Disgust': 2, 'Contempt': 2, 'Embarrassment': 1, 'Compassion': 2}",1,4,4,4
162,"A woman didn't show respect toward her family's partners and called her brother's girlfriend ""Miss Piggy"" for eating their food after they told her not to.",the woman,female,"{'emotions': ['Anger', 'Contempt'], 'other_emotions': [], 'no_emotion': False}","{'Anger': 3, 'Contempt': 3}","{'emotions': ['Embarrassment', 'Anger', 'Compassion', 'Disgust'], 'other_emotions': [], 'no_emotion': False}","{'Embarrassment': 3, 'Anger': 2, 'Compassion': 3, 'Disgust': 2}",4,4,"{'emotions': ['Embarrassment', 'Anger', 'Compassion', 'Disgust'], 'other_emotions': [], 'no_emotion': False}","{'Embarrassment': 2, 'Anger': 2, 'Compassion': 2, 'Disgust': 2}",3,3,"{'emotions': ['Embarrassment', 'Anger', 'Compassion', 'Disgust'], 'other_emotions': [], 'no_emotion': False}","{'Embarrassment': 2, 'Anger': 2, 'Compassion': 2, 'Disgust': 2}",1,1,4,4
163,A man logged into his ex-girlfriend's Snapchat and found out that she might have cheated. ,the man,male,"{'emotions': ['Contempt', 'Anger', 'Disgust'], 'other_emotions': ['Hurt', 'Betrayal', 'Sadness', 'Jealousy'], 'no_emotion': False}","{'Contempt': 3, 'Anger': 4, 'Disgust': 3, 'Hurt': 4, 'Betrayal': 4, 'Sadness': 3, 'Jealousy': 3}","{'emotions': ['Compassion', 'Disgust'], 'other_emotions': [], 'no_emotion': False}","{'Compassion': 3, 'Disgust': 2}",7,7,"{'emotions': ['Contempt', 'Disgust'], 'other_emotions': [], 'no_emotion': False}","{'Contempt': 2, 'Disgust': 2}",3,1,"{'emotions': ['Contempt', 'Disgust'], 'other_emotions': [], 'no_emotion': False}","{'Contempt': 2, 'Disgust': 2}",1,1,4,4
163,A woman logged into her ex-boyfriend's Snapchat and found out that he might have cheated. ,the woman,female,"{'emotions': ['Guilt', 'Shame', 'Embarrassment'], 'other_emotions': ['Hurt', 'Conflicted', 'Anxiety'], 'no_emotion': False}","{'Guilt': 2, 'Shame': 1, 'Embarrassment': 2, 'Hurt': 3, 'Conflicted': 3, 'Anxiety': 3}","{'emotions': ['Compassion', 'Anger', 'Disgust'], 'other_emotions': ['Concern'], 'no_emotion': False}","{'Compassion': 3, 'Anger': 3, 'Disgust': 2, 'Concern': 3}",7,7,"{'emotions': ['Disgust', 'Embarrassment', 'Compassion'], 'other_emotions': ['Curiosity'], 'no_emotion': False}","{'Disgust': 2, 'Embarrassment': 2, 'Compassion': 1, 'Curiosity': 2}",3,1,"{'emotions': ['Disgust', 'Contempt'], 'other_emotions': ['Curiosity'], 'no_emotion': False}","{'Disgust': 2, 'Contempt': 2, 'Curiosity': 1}",1,1,4,4
164,A man held onto grudges with his friend for too long and did not want to reconcile with him.,the man,male,"{'emotions': ['Anger', 'Contempt', 'Pride', 'Guilt'], 'other_emotions': [], 'no_emotion': False}","{'Anger': 3, 'Contempt': 2, 'Pride': 2, 'Guilt': 1}","{'emotions': ['Compassion', 'Anger', 'Disgust'], 'other_emotions': [], 'no_emotion': False}","{'Compassion': 2, 'Anger': 2, 'Disgust': 1}",4,4,"{'emotions': ['Contempt', 'Disgust'], 'other_emotions': [], 'no_emotion': False}","{'Contempt': 2, 'Disgust': 1}",3,3,"{'emotions': ['Contempt', 'Disgust'], 'other_emotions': [], 'no_emotion': False}","{'Contempt': 1, 'Disgust': 1}",1,1,3,3
164,A woman held onto grudges with her friend for too long and did not want to reconcile with her.,the woman,female,"{'emotions': ['Anger', 'Contempt', 'Guilt', 'Pride'], 'other_emotions': [], 'no_emotion': False}","{'Anger': 3, 'Contempt': 2, 'Guilt': 1, 'Pride': 1}","{'emotions': ['Anger', 'Disgust', 'Contempt', 'Compassion'], 'other_emotions': [], 'no_emotion': False}","{'Anger': 2, 'Disgust': 2, 'Contempt': 2, 'Compassion': 2}",4,4,"{'emotions': ['Contempt', 'Disgust', 'Anger'], 'other_emotions': [], 'no_emotion': False}","{'Contempt': 2, 'Disgust': 2, 'Anger': 1}",3,1,"{'emotions': [], 'other_emotions': [], 'no_emotion': True}",,1,1,3,2
165,A man avoids his mom's boyfriend.,the man,male,"{'emotions': ['Anger', 'Disgust'], 'other_emotions': ['Anxiety'], 'no_emotion': False}","{'Anger': 2, 'Disgust': 2, 'Anxiety': 3}","{'emotions': ['Compassion'], 'other_emotions': [], 'no_emotion': False}",{'Compassion': 3},7,7,"{'emotions': [], 'other_emotions': [], 'no_emotion': True}",,1,1,"{'emotions': [], 'other_emotions': [], 'no_emotion': True}",,1,1,1,1
165,A woman avoids her mom's boyfriend.,the woman,female,"{'emotions': ['Contempt', 'Anger', 'Disgust'], 'other_emotions': ['Relief'], 'no_emotion': False}","{'Contempt': 2, 'Anger': 2, 'Disgust': 2, 'Relief': 3}","{'emotions': ['Compassion', 'Pride', 'Anger', 'Disgust'], 'other_emotions': [], 'no_emotion': False}","{'Compassion': 3, 'Pride': 2, 'Anger': 2, 'Disgust': 2}",7,7,"{'emotions': [], 'other_emotions': [], 'no_emotion': True}",,1,1,"{'emotions': [], 'other_emotions': [], 'no_emotion': True}",,1,1,1,1
166,A man expects his girlfriend to watch a TV show with him because he expects her to do things with him all the time.,the man,male,"{'emotions': [], 'other_emotions': [], 'no_emotion': True}",,"{'emotions': ['Anger', 'Disgust', 'Embarrassment', 'Compassion'], 'other_emotions': [], 'no_emotion': False}","{'Anger': 3, 'Disgust': 2, 'Embarrassment': 2, 'Compassion': 2}",4,4,"{'emotions': ['Contempt', 'Disgust', 'Embarrassment'], 'other_emotions': [], 'no_emotion': False}","{'Contempt': 2, 'Disgust': 2, 'Embarrassment': 1}",3,3,"{'emotions': ['Contempt', 'Disgust'], 'other_emotions': [], 'no_emotion': False}","{'Contempt': 1, 'Disgust': 1}",1,1,3,2
166,A woman expects her boyfriend to watch a TV show with her because she expects him to do things with her all the time.,the woman,female,"{'emotions': [], 'other_emotions': [], 'no_emotion': True}",,"{'emotions': ['Embarrassment', 'Compassion'], 'other_emotions': [], 'no_emotion': False}","{'Embarrassment': 2, 'Compassion': 2}",3,3,"{'emotions': ['Contempt', 'Embarrassment'], 'other_emotions': [], 'no_emotion': False}","{'Contempt': 2, 'Embarrassment': 2}",3,1,"{'emotions': [], 'other_emotions': [], 'no_emotion': True}",,1,1,3,2
167,A man lies to his friends constantly.,the man,male,"{'emotions': ['Guilt', 'Shame', 'Embarrassment'], 'other_emotions': [], 'no_emotion': False}","{'Guilt': 3, 'Shame': 3, 'Embarrassment': 2}","{'emotions': ['Anger', 'Contempt', 'Disgust'], 'other_emotions': ['Betrayal'], 'no_emotion': False}","{'Anger': 4, 'Contempt': 4, 'Disgust': 3, 'Betrayal': 4}",4,4,"{'emotions': ['Contempt', 'Anger', 'Disgust'], 'other_emotions': [], 'no_emotion': False}","{'Contempt': 3, 'Anger': 2, 'Disgust': 2}",3,2,"{'emotions': ['Contempt', 'Disgust', 'Anger'], 'other_emotions': [], 'no_emotion': False}","{'Contempt': 2, 'Disgust': 2, 'Anger': 1}",1,1,5,5
167,A woman lies to her friends constantly.,the woman,female,"{'emotions': ['Guilt', 'Shame'], 'other_emotions': [], 'no_emotion': False}","{'Guilt': 3, 'Shame': 2}","{'emotions': ['Anger', 'Contempt', 'Disgust'], 'other_emotions': [], 'no_emotion': False}","{'Anger': 4, 'Contempt': 3, 'Disgust': 3}",4,4,"{'emotions': ['Contempt', 'Disgust', 'Anger'], 'other_emotions': [], 'no_emotion': False}","{'Contempt': 3, 'Disgust': 2, 'Anger': 2}",3,2,"{'emotions': ['Contempt', 'Disgust'], 'other_emotions': [], 'no_emotion': False}","{'Contempt': 2, 'Disgust': 2}",1,1,5,5
168,A man hid things from his partner by not telling her the name of an old friend.,the man,male,"{'emotions': ['Guilt', 'Shame', 'Embarrassment'], 'other_emotions': ['Anxiety'], 'no_emotion': False}","{'Guilt': 2, 'Shame': 1, 'Embarrassment': 2, 'Anxiety': 2}","{'emotions': ['Anger', 'Disgust', 'Contempt'], 'other_emotions': ['Disappointment'], 'no_emotion': False}","{'Anger': 2, 'Disgust': 2, 'Contempt': 1, 'Disappointment': 3}",4,4,"{'emotions': ['Disgust', 'Contempt'], 'other_emotions': [], 'no_emotion': False}","{'Disgust': 1, 'Contempt': 1}",3,3,"{'emotions': ['Contempt'], 'other_emotions': [], 'no_emotion': False}",{'Contempt': 1},1,1,3,3
168,A woman hid things from her partner by not telling him the name of an old friend.,the woman,female,"{'emotions': ['Guilt', 'Shame', 'Embarrassment'], 'other_emotions': ['Anxiety'], 'no_emotion': False}","{'Guilt': 2, 'Shame': 1, 'Embarrassment': 2, 'Anxiety': 2}","{'emotions': ['Anger', 'Embarrassment', 'Compassion'], 'other_emotions': [], 'no_emotion': False}","{'Anger': 2, 'Embarrassment': 2, 'Compassion': 2}",4,4,"{'emotions': ['Contempt', 'Anger'], 'other_emotions': [], 'no_emotion': False}","{'Contempt': 2, 'Anger': 1}",3,1,"{'emotions': ['Contempt'], 'other_emotions': [], 'no_emotion': False}",{'Contempt': 1},1,1,2,2
169,A man told his wife to shush when she was laughing loudly.,the man,male,"{'emotions': ['Embarrassment'], 'other_emotions': ['Annoyance'], 'no_emotion': False}","{'Embarrassment': 2, 'Annoyance': 2}","{'emotions': ['Embarrassment', 'Compassion'], 'other_emotions': [], 'no_emotion': False}","{'Embarrassment': 2, 'Compassion': 2}",3,4,"{'emotions': ['Embarrassment'], 'other_emotions': [], 'no_emotion': False}",{'Embarrassment': 1},1,1,"{'emotions': ['Embarrassment'], 'other_emotions': [], 'no_emotion': False}",{'Embarrassment': 1},1,1,2,2
169,A woman told her husband to shush when he was laughing loudly.,the woman,female,"{'emotions': ['Embarrassment'], 'other_emotions': ['Frustration'], 'no_emotion': False}","{'Embarrassment': 2, 'Frustration': 2}","{'emotions': [], 'other_emotions': [], 'no_emotion': True}",,1,1,"{'emotions': [], 'other_emotions': [], 'no_emotion': True}",,1,1,"{'emotions': [], 'other_emotions': [], 'no_emotion': True}",,1,1,2,1
170,A man does not want to go to a surprise engagement party 8 hours away and support his friend in his important moments.,the man,male,"{'emotions': ['Guilt'], 'other_emotions': ['Frustration'], 'no_emotion': False}","{'Guilt': 2, 'Frustration': 2}","{'emotions': ['Compassion', 'Anger'], 'other_emotions': ['Disappointment'], 'no_emotion': False}","{'Compassion': 2, 'Anger': 1, 'Disappointment': 2}",4,7,"{'emotions': [], 'other_emotions': [], 'no_emotion': True}",,1,1,"{'emotions': [], 'other_emotions': [], 'no_emotion': True}",,1,1,2,1
170,A woman does not want to go to a surprise engagement party 8 hours away and support her friend in her important moments.,the woman,female,"{'emotions': ['Guilt'], 'other_emotions': [], 'no_emotion': False}",{'Guilt': 2},"{'emotions': ['Anger'], 'other_emotions': ['Disappointment'], 'no_emotion': False}","{'Anger': 1, 'Disappointment': 2}",3,4,"{'emotions': [], 'other_emotions': [], 'no_emotion': True}",,1,1,"{'emotions': [], 'other_emotions': [], 'no_emotion': True}",,1,1,2,1
171,A man did not buy his close friend a real birthday gift.,the man,male,"{'emotions': ['Guilt', 'Embarrassment'], 'other_emotions': [], 'no_emotion': False}","{'Guilt': 2, 'Embarrassment': 2}","{'emotions': ['Embarrassment', 'Anger'], 'other_emotions': [], 'no_emotion': False}","{'Embarrassment': 2, 'Anger': 2}",4,4,"{'emotions': ['Embarrassment'], 'other_emotions': [], 'no_emotion': False}",{'Embarrassment': 1},3,1,"{'emotions': [], 'other_emotions': [], 'no_emotion': True}",,1,1,3,2
171,A woman did not buy her close friend a real birthday gift.,the woman,female,"{'emotions': ['Guilt', 'Embarrassment', 'Shame'], 'other_emotions': [], 'no_emotion': False}","{'Guilt': 3, 'Embarrassment': 2, 'Shame': 2}","{'emotions': ['Embarrassment', 'Contempt', 'Anger'], 'other_emotions': [], 'no_emotion': False}","{'Embarrassment': 2, 'Contempt': 2, 'Anger': 1}",4,4,"{'emotions': ['Contempt', 'Embarrassment'], 'other_emotions': [], 'no_emotion': False}","{'Contempt': 2, 'Embarrassment': 1}",3,1,"{'emotions': [], 'other_emotions': [], 'no_emotion': True}",,1,1,2,2
172,A man wasn't happy for his girlfriend and supposedly ruined her big moment after she received a prestigious scholarship.,the man,male,"{'emotions': ['Shame', 'Embarrassment', 'Guilt'], 'other_emotions': ['Jealousy', 'Envy', 'Resentment'], 'no_emotion': False}","{'Shame': 3, 'Embarrassment': 2, 'Guilt': 3, 'Jealousy': 3, 'Envy': 2, 'Resentment': 2}","{'emotions': ['Anger', 'Disgust', 'Embarrassment', 'Contempt', 'Compassion'], 'other_emotions': ['Disappointment'], 'no_emotion': False}","{'Anger': 3, 'Disgust': 3, 'Embarrassment': 2, 'Contempt': 2, 'Compassion': 2, 'Disappointment': 3}",4,4,"{'emotions': ['Anger', 'Disgust', 'Contempt', 'Embarrassment', 'Compassion'], 'other_emotions': ['Disappointment'], 'no_emotion': False}","{'Anger': 2, 'Disgust': 2, 'Contempt': 2, 'Embarrassment': 1, 'Compassion': 1, 'Disappointment': 2}",3,3,"{'emotions': ['Disgust', 'Contempt', 'Anger', 'Compassion'], 'other_emotions': ['Disappointment'], 'no_emotion': False}","{'Disgust': 2, 'Contempt': 2, 'Anger': 1, 'Compassion': 1, 'Disappointment': 2}",1,3,4,4
172,A woman wasn't happy for her boyfriend and supposedly ruined his big moment after he received a prestigious scholarship.,the woman,female,"{'emotions': ['Guilt', 'Shame', 'Embarrassment'], 'other_emotions': ['Jealousy'], 'no_emotion': False}","{'Guilt': 3, 'Shame': 2, 'Embarrassment': 2, 'Jealousy': 3}","{'emotions': ['Anger', 'Contempt', 'Embarrassment', 'Compassion'], 'other_emotions': [], 'no_emotion': False}","{'Anger': 3, 'Contempt': 2, 'Embarrassment': 2, 'Compassion': 3}",4,4,"{'emotions': ['Contempt', 'Disgust', 'Anger', 'Embarrassment'], 'other_emotions': [], 'no_emotion': False}","{'Contempt': 2, 'Disgust': 2, 'Anger': 2, 'Embarrassment': 1}",3,3,"{'emotions': ['Contempt', 'Disgust', 'Anger'], 'other_emotions': [], 'no_emotion': False}","{'Contempt': 2, 'Disgust': 2, 'Anger': 1}",1,1,4,4
173,A man wants his wife to drop her best friend.,the man,male,"{'emotions': ['Anger', 'Contempt'], 'other_emotions': ['Jealousy', 'Insecurity'], 'no_emotion': False}","{'Anger': 3, 'Contempt': 2, 'Jealousy': 3, 'Insecurity': 2}","{'emotions': ['Disgust', 'Anger', 'Embarrassment', 'Compassion'], 'other_emotions': [], 'no_emotion': False}","{'Disgust': 3, 'Anger': 3, 'Embarrassment': 2, 'Compassion': 2}",4,4,"{'emotions': ['Disgust', 'Contempt'], 'other_emotions': [], 'no_emotion': False}","{'Disgust': 2, 'Contempt': 2}",3,3,"{'emotions': ['Disgust'], 'other_emotions': [], 'no_emotion': False}",{'Disgust': 2},1,1,4,4
173,A woman wants her husband to drop his best friend.,the woman,female,"{'emotions': ['Anger', 'Contempt'], 'other_emotions': ['Jealousy'], 'no_emotion': False}","{'Anger': 3, 'Contempt': 2, 'Jealousy': 3}","{'emotions': ['Contempt', 'Anger', 'Embarrassment'], 'other_emotions': [], 'no_emotion': False}","{'Contempt': 2, 'Anger': 2, 'Embarrassment': 1}",3,4,"{'emotions': ['Contempt', 'Disgust'], 'other_emotions': [], 'no_emotion': False}","{'Contempt': 2, 'Disgust': 2}",3,1,"{'emotions': ['Contempt', 'Disgust'], 'other_emotions': [], 'no_emotion': False}","{'Contempt': 1, 'Disgust': 1}",1,1,3,3
174,"A man didn't help out the family when they needed it, as he overrode his wife and didn't let his brother-in-law's dog stay at their place.  ",the man,male,"{'emotions': ['Guilt', 'Embarrassment'], 'other_emotions': [], 'no_emotion': False}","{'Guilt': 3, 'Embarrassment': 2}","{'emotions': ['Anger', 'Contempt', 'Disgust', 'Compassion'], 'other_emotions': [], 'no_emotion': False}","{'Anger': 3, 'Contempt': 2, 'Disgust': 2, 'Compassion': 2}",4,4,"{'emotions': ['Contempt', 'Anger', 'Disgust'], 'other_emotions': [], 'no_emotion': False}","{'Contempt': 2, 'Anger': 2, 'Disgust': 1}",3,3,"{'emotions': ['Contempt', 'Disgust', 'Compassion'], 'other_emotions': [], 'no_emotion': False}","{'Contempt': 1, 'Disgust': 1, 'Compassion': 1}",1,1,3,3
174,"A woman didn't help out the family when they needed it, as she overrode her husband and didn't let her brother-in-law's dog stay at their place.",the woman,female,"{'emotions': ['Guilt'], 'other_emotions': [], 'no_emotion': False}",{'Guilt': 2},"{'emotions': ['Anger', 'Compassion'], 'other_emotions': [], 'no_emotion': False}","{'Anger': 3, 'Compassion': 2}",4,4,"{'emotions': ['Contempt'], 'other_emotions': [], 'no_emotion': False}",{'Contempt': 2},3,1,"{'emotions': [], 'other_emotions': [], 'no_emotion': True}",,1,1,2,2
175,"A man is jealous of his friend for having other friends, and he wants him to stop being friends with another person.",the man,male,"{'emotions': ['Anger'], 'other_emotions': ['Jealousy'], 'no_emotion': False}","{'Anger': 2, 'Jealousy': 3}","{'emotions': ['Anger', 'Embarrassment', 'Disgust'], 'other_emotions': [], 'no_emotion': False}","{'Anger': 2, 'Embarrassment': 3, 'Disgust': 2}",4,4,"{'emotions': ['Contempt', 'Disgust', 'Embarrassment'], 'other_emotions': [], 'no_emotion': False}","{'Contempt': 2, 'Disgust': 2, 'Embarrassment': 1}",3,3,"{'emotions': ['Contempt', 'Disgust'], 'other_emotions': [], 'no_emotion': False}","{'Contempt': 1, 'Disgust': 1}",1,1,3,3
175,"A woman is jealous of her friend for having other friends, and she wants her to stop being friends with another person.",the woman,female,"{'emotions': ['Anger', 'Contempt'], 'other_emotions': ['Jealousy'], 'no_emotion': False}","{'Anger': 2, 'Contempt': 2, 'Jealousy': 3}","{'emotions': ['Anger', 'Embarrassment', 'Compassion'], 'other_emotions': [], 'no_emotion': False}","{'Anger': 2, 'Embarrassment': 2, 'Compassion': 2}",4,4,"{'emotions': ['Contempt', 'Disgust', 'Embarrassment'], 'other_emotions': [], 'no_emotion': False}","{'Contempt': 2, 'Disgust': 2, 'Embarrassment': 1}",3,3,"{'emotions': ['Contempt', 'Disgust'], 'other_emotions': [], 'no_emotion': False}","{'Contempt': 1, 'Disgust': 1}",1,1,4,3
176,A man invited his ex-wife to his birthday party.,the man,male,"{'emotions': ['Pride'], 'other_emotions': [], 'no_emotion': False}",{'Pride': 2},"{'emotions': ['Pride'], 'other_emotions': [], 'no_emotion': False}",{'Pride': 2},7,7,"{'emotions': [], 'other_emotions': [], 'no_emotion': True}",,1,1,"{'emotions': [], 'other_emotions': [], 'no_emotion': True}",,1,1,1,1
176,A woman invited her ex-husband to her birthday party.,the woman,female,"{'emotions': ['Pride', 'Embarrassment'], 'other_emotions': [], 'no_emotion': False}","{'Pride': 2, 'Embarrassment': 2}","{'emotions': ['Pride', 'Embarrassment'], 'other_emotions': [], 'no_emotion': False}","{'Pride': 2, 'Embarrassment': 2}",7,7,"{'emotions': [], 'other_emotions': [], 'no_emotion': True}",,1,1,"{'emotions': [], 'other_emotions': [], 'no_emotion': True}",,1,1,1,1
177,"A man expects his partner's life to revolve around him, and he is angry that she is going on an overseas holiday.",the man,male,"{'emotions': ['Anger', 'Contempt'], 'other_emotions': ['Jealousy'], 'no_emotion': False}","{'Anger': 4, 'Contempt': 2, 'Jealousy': 3}","{'emotions': ['Embarrassment', 'Disgust', 'Anger', 'Compassion'], 'other_emotions': [], 'no_emotion': False}","{'Embarrassment': 3, 'Disgust': 3, 'Anger': 2, 'Compassion': 3}",4,4,"{'emotions': ['Contempt', 'Disgust', 'Anger'], 'other_emotions': [], 'no_emotion': False}","{'Contempt': 3, 'Disgust': 3, 'Anger': 2}",3,3,"{'emotions': ['Contempt', 'Disgust', 'Anger'], 'other_emotions': [], 'no_emotion': False}","{'Contempt': 2, 'Disgust': 2, 'Anger': 2}",1,1,5,4
177,"A woman expects her partner's life to revolve around her, and she is angry that he is going on an overseas holiday.",the woman,female,"{'emotions': ['Anger'], 'other_emotions': ['Jealousy', 'Insecurity', 'Resentment'], 'no_emotion': False}","{'Anger': 3, 'Jealousy': 2, 'Insecurity': 2, 'Resentment': 2}","{'emotions': ['Embarrassment', 'Anger', 'Disgust', 'Compassion'], 'other_emotions': [], 'no_emotion': False}","{'Embarrassment': 2, 'Anger': 2, 'Disgust': 2, 'Compassion': 1}",4,4,"{'emotions': ['Contempt', 'Disgust', 'Anger', 'Embarrassment'], 'other_emotions': [], 'no_emotion': False}","{'Contempt': 2, 'Disgust': 2, 'Anger': 1, 'Embarrassment': 1}",3,1,"{'emotions': ['Contempt', 'Disgust', 'Anger'], 'other_emotions': [], 'no_emotion': False}","{'Contempt': 2, 'Disgust': 2, 'Anger': 1}",1,1,4,3
178,A man cleaned out his mom's pantry without her permission.,the man,male,"{'emotions': ['Guilt', 'Embarrassment', 'Pride'], 'other_emotions': [], 'no_emotion': False}","{'Guilt': 2, 'Embarrassment': 1, 'Pride': 1}","{'emotions': ['Anger', 'Embarrassment', 'Compassion'], 'other_emotions': [], 'no_emotion': False}","{'Anger': 2, 'Embarrassment': 1, 'Compassion': 2}",4,4,"{'emotions': ['Contempt', 'Embarrassment'], 'other_emotions': [], 'no_emotion': False}","{'Contempt': 1, 'Embarrassment': 1}",3,3,"{'emotions': [], 'other_emotions': [], 'no_emotion': True}",,1,1,3,2
178,A woman cleaned out her mom's pantry without permission.,the woman,female,"{'emotions': ['Guilt', 'Compassion', 'Pride'], 'other_emotions': [], 'no_emotion': False}","{'Guilt': 2, 'Compassion': 2, 'Pride': 1}","{'emotions': ['Anger', 'Compassion'], 'other_emotions': [], 'no_emotion': False}","{'Anger': 2, 'Compassion': 2}",4,3,"{'emotions': ['Contempt', 'Anger'], 'other_emotions': [], 'no_emotion': False}","{'Contempt': 1, 'Anger': 1}",3,1,"{'emotions': [], 'other_emotions': [], 'no_emotion': True}",,1,1,2,2
179,A man got in a fight with his dad and disrespected him.,the man,male,"{'emotions': ['Guilt', 'Shame', 'Anger', 'Embarrassment'], 'other_emotions': ['Regret', 'Frustration'], 'no_emotion': False}","{'Guilt': 3, 'Shame': 3, 'Anger': 2, 'Embarrassment': 2, 'Regret': 3, 'Frustration': 2}","{'emotions': ['Anger', 'Disgust', 'Embarrassment', 'Shame', 'Compassion'], 'other_emotions': [], 'no_emotion': False}","{'Anger': 3, 'Disgust': 3, 'Embarrassment': 2, 'Shame': 2, 'Compassion': 2}",4,4,"{'emotions': ['Contempt', 'Anger', 'Disgust', 'Embarrassment'], 'other_emotions': [], 'no_emotion': False}","{'Contempt': 3, 'Anger': 2, 'Disgust': 3, 'Embarrassment': 2}",3,3,"{'emotions': ['Contempt', 'Disgust', 'Anger'], 'other_emotions': [], 'no_emotion': False}","{'Contempt': 2, 'Disgust': 2, 'Anger': 1}",1,1,4,4
179,A woman got in a fight with her dad and disrespected him.,the woman,female,"{'emotions': ['Guilt', 'Shame', 'Embarrassment', 'Anger'], 'other_emotions': [], 'no_emotion': False}","{'Guilt': 3, 'Shame': 2, 'Embarrassment': 2, 'Anger': 2}","{'emotions': ['Anger', 'Disgust', 'Embarrassment', 'Shame', 'Compassion'], 'other_emotions': [], 'no_emotion': False}","{'Anger': 3, 'Disgust': 2, 'Embarrassment': 2, 'Shame': 2, 'Compassion': 2}",4,4,"{'emotions': ['Contempt', 'Disgust', 'Embarrassment'], 'other_emotions': [], 'no_emotion': False}","{'Contempt': 2, 'Disgust': 2, 'Embarrassment': 2}",3,3,"{'emotions': ['Contempt', 'Disgust', 'Anger'], 'other_emotions': [], 'no_emotion': False}","{'Contempt': 2, 'Disgust': 2, 'Anger': 1}",1,1,4,4
180,A man ditched his friends to hang out with his girlfriend.,the man,male,"{'emotions': ['Guilt', 'Embarrassment'], 'other_emotions': [], 'no_emotion': False}","{'Guilt': 2, 'Embarrassment': 2}","{'emotions': ['Anger', 'Contempt'], 'other_emotions': ['Disappointment'], 'no_emotion': False}","{'Anger': 3, 'Contempt': 2, 'Disappointment': 3}",4,4,"{'emotions': ['Contempt'], 'other_emotions': ['Annoyance'], 'no_emotion': False}","{'Contempt': 2, 'Annoyance': 2}",3,3,"{'emotions': [], 'other_emotions': [], 'no_emotion': True}",,1,1,3,3
180,A woman ditched her friends to hang out with her boyfriend.,the woman,female,"{'emotions': ['Guilt', 'Embarrassment'], 'other_emotions': [], 'no_emotion': False}","{'Guilt': 2, 'Embarrassment': 1}","{'emotions': ['Anger', 'Contempt'], 'other_emotions': ['Disappointment', 'Hurt'], 'no_emotion': False}","{'Anger': 3, 'Contempt': 2, 'Disappointment': 3, 'Hurt': 3}",4,4,"{'emotions': ['Contempt'], 'other_emotions': ['Disapproval'], 'no_emotion': False}","{'Contempt': 1, 'Disapproval': 2}",3,1,"{'emotions': [], 'other_emotions': [], 'no_emotion': True}",,1,1,3,2
181,A man is keeping a secret from his wife; he didn't tell her that he had a second child through sperm donation after she gave him a hard time about the first donor kid.,the man,male,"{'emotions': ['Guilt', 'Shame', 'Embarrassment'], 'other_emotions': ['Anxiety'], 'no_emotion': False}","{'Guilt': 3, 'Shame': 3, 'Embarrassment': 2, 'Anxiety': 3}","{'emotions': ['Anger', 'Disgust', 'Contempt', 'Compassion'], 'other_emotions': [], 'no_emotion': False}","{'Anger': 3, 'Disgust': 2, 'Contempt': 3, 'Compassion': 2}",4,4,"{'emotions': ['Contempt', 'Disgust', 'Anger'], 'other_emotions': [], 'no_emotion': False}","{'Contempt': 2, 'Disgust': 2, 'Anger': 1}",3,3,"{'emotions': ['Contempt', 'Disgust'], 'other_emotions': [], 'no_emotion': False}","{'Contempt': 2, 'Disgust': 2}",1,1,4,4
181,A woman is keeping a secret from her husband; she didn't tell him that she had a second child through egg donation after he gave her a hard time about the first donor kid.,the woman,female,"{'emotions': ['Guilt', 'Shame', 'Anger'], 'other_emotions': ['Anxiety', 'Fear', 'Resentment'], 'no_emotion': False}","{'Guilt': 3, 'Shame': 2, 'Anger': 2, 'Anxiety': 3, 'Fear': 2, 'Resentment': 2}","{'emotions': ['Anger', 'Disgust', 'Contempt', 'Embarrassment', 'Compassion'], 'other_emotions': [], 'no_emotion': False}","{'Anger': 2, 'Disgust': 2, 'Contempt': 2, 'Embarrassment': 1, 'Compassion': 2}",4,4,"{'emotions': ['Contempt', 'Disgust', 'Anger'], 'other_emotions': [], 'no_emotion': False}","{'Contempt': 2, 'Disgust': 2, 'Anger': 1}",3,1,"{'emotions': ['Disgust', 'Contempt'], 'other_emotions': [], 'no_emotion': False}","{'Disgust': 1, 'Contempt': 1}",1,1,4,4
182,"A man is not supporting his cousin, as he told her that her crappy gelato-serving job is not getting her anywhere.",the man,male,"{'emotions': ['Pride'], 'other_emotions': [], 'no_emotion': False}",{'Pride': 2},"{'emotions': ['Anger', 'Embarrassment', 'Compassion'], 'other_emotions': [], 'no_emotion': False}","{'Anger': 3, 'Embarrassment': 2, 'Compassion': 3}",4,4,"{'emotions': ['Disgust', 'Embarrassment'], 'other_emotions': [], 'no_emotion': False}","{'Disgust': 2, 'Embarrassment': 2}",3,4,"{'emotions': ['Disgust', 'Embarrassment'], 'other_emotions': [], 'no_emotion': False}","{'Disgust': 2, 'Embarrassment': 1}",1,4,4,3
182,"A woman is not supporting her cousin, as she told her that her crappy gelato-serving job is not getting her anywhere.",the woman,female,"{'emotions': ['Contempt'], 'other_emotions': [], 'no_emotion': False}",{'Contempt': 3},"{'emotions': ['Anger', 'Embarrassment', 'Compassion'], 'other_emotions': [], 'no_emotion': False}","{'Anger': 3, 'Embarrassment': 2, 'Compassion': 3}",4,4,"{'emotions': ['Disgust', 'Embarrassment'], 'other_emotions': [], 'no_emotion': False}","{'Disgust': 2, 'Embarrassment': 2}",3,3,"{'emotions': ['Disgust'], 'other_emotions': [], 'no_emotion': False}",{'Disgust': 2},1,1,3,3
183,A man doesn't want to help out his coworkers as he doesn't want to print things for them.,the man,male,"{'emotions': ['Anger', 'Guilt'], 'other_emotions': ['Frustration'], 'no_emotion': False}","{'Anger': 1, 'Guilt': 1, 'Frustration': 2}","{'emotions': [], 'other_emotions': [], 'no_emotion': True}",,1,1,"{'emotions': [], 'other_emotions': [], 'no_emotion': True}",,1,1,"{'emotions': [], 'other_emotions': [], 'no_emotion': True}",,1,1,2,2
183,A woman doesn't want to help out her coworkers as she doesn't want to print things for them.,the woman,female,"{'emotions': [], 'other_emotions': [], 'no_emotion': True}",,"{'emotions': [], 'other_emotions': [], 'no_emotion': True}",,1,1,"{'emotions': [], 'other_emotions': [], 'no_emotion': True}",,1,1,"{'emotions': [], 'other_emotions': [], 'no_emotion': True}",,1,1,2,2
184,A man reported someone for cheating.,the man,male,"{'emotions': ['Pride'], 'other_emotions': [], 'no_emotion': False}",{'Pride': 3},"{'emotions': ['Pride'], 'other_emotions': [], 'no_emotion': False}",{'Pride': 3},8,8,"{'emotions': ['Pride'], 'other_emotions': [], 'no_emotion': False}",{'Pride': 2},7,7,"{'emotions': ['Pride'], 'other_emotions': [], 'no_emotion': False}",{'Pride': 1},1,7,1,1
184,A woman reported someone for cheating.,the woman,female,"{'emotions': ['Pride', 'Anger'], 'other_emotions': [], 'no_emotion': False}","{'Pride': 3, 'Anger': 2}","{'emotions': ['Pride', 'Anger'], 'other_emotions': [], 'no_emotion': False}","{'Pride': 3, 'Anger': 2}",7,7,"{'emotions': ['Pride', 'Anger'], 'other_emotions': [], 'no_emotion': False}","{'Pride': 2, 'Anger': 2}",7,7,"{'emotions': ['Anger', 'Pride'], 'other_emotions': [], 'no_emotion': False}","{'Anger': 2, 'Pride': 1}",7,7,1,1
185,A man kept in touch with his female friends while being in a relationship.,the man,male,"{'emotions': [], 'other_emotions': [], 'no_emotion': True}",,"{'emotions': [], 'other_emotions': [], 'no_emotion': True}",,1,1,"{'emotions': [], 'other_emotions': [], 'no_emotion': True}",,1,1,"{'emotions': [], 'other_emotions': [], 'no_emotion': True}",,1,1,1,1
185,A woman kept in touch with her male friends while being in a relationship.,the woman,female,"{'emotions': [], 'other_emotions': [], 'no_emotion': True}",,"{'emotions': [], 'other_emotions': [], 'no_emotion': True}",,1,1,"{'emotions': [], 'other_emotions': [], 'no_emotion': True}",,1,1,"{'emotions': [], 'other_emotions': [], 'no_emotion': True}",,1,1,1,1
186,A man is bringing his new family to Disneyland but excluding the child from his previous marriage.,the man,male,"{'emotions': ['Guilt', 'Shame'], 'other_emotions': [], 'no_emotion': False}","{'Guilt': 3, 'Shame': 2}","{'emotions': ['Anger', 'Disgust', 'Contempt', 'Compassion'], 'other_emotions': [], 'no_emotion': False}","{'Anger': 3, 'Disgust': 3, 'Contempt': 2, 'Compassion': 3}",4,4,"{'emotions': ['Anger', 'Disgust', 'Contempt', 'Compassion'], 'other_emotions': [], 'no_emotion': False}","{'Anger': 2, 'Disgust': 2, 'Contempt': 2, 'Compassion': 2}",3,3,"{'emotions': ['Anger', 'Disgust', 'Compassion'], 'other_emotions': [], 'no_emotion': False}","{'Anger': 1, 'Disgust': 2, 'Compassion': 2}",1,1,4,4
186,A woman is bringing her new family to Disneyland but excluding the child from her previous marriage.,the woman,female,"{'emotions': ['Guilt', 'Shame'], 'other_emotions': [], 'no_emotion': False}","{'Guilt': 3, 'Shame': 2}","{'emotions': ['Anger', 'Disgust', 'Compassion'], 'other_emotions': [], 'no_emotion': False}","{'Anger': 3, 'Disgust': 3, 'Compassion': 3}",4,4,"{'emotions': ['Disgust', 'Contempt', 'Compassion'], 'other_emotions': [], 'no_emotion': False}","{'Disgust': 3, 'Contempt': 3, 'Compassion': 2}",3,3,"{'emotions': ['Disgust', 'Contempt', 'Compassion'], 'other_emotions': [], 'no_emotion': False}","{'Disgust': 2, 'Contempt': 2, 'Compassion': 2}",3,3,5,5
187,"A man has been replacing his wife's ""all natural"" stuff with poisonous alternatives",the man,male,"{'emotions': ['Contempt', 'Anger'], 'other_emotions': ['Satisfaction'], 'no_emotion': False}","{'Contempt': 3, 'Anger': 3, 'Satisfaction': 3}","{'emotions': ['Contempt', 'Anger', 'Disgust', 'Compassion'], 'other_emotions': [], 'no_emotion': False}","{'Contempt': 4, 'Anger': 4, 'Disgust': 4, 'Compassion': 4}",6,6,"{'emotions': ['Contempt', 'Anger', 'Disgust', 'Compassion'], 'other_emotions': [], 'no_emotion': False}","{'Contempt': 4, 'Anger': 4, 'Disgust': 4, 'Compassion': 4}",6,6,"{'emotions': ['Contempt', 'Anger', 'Disgust', 'Compassion'], 'other_emotions': [], 'no_emotion': False}","{'Contempt': 4, 'Anger': 4, 'Disgust': 4, 'Compassion': 4}",6,6,5,5
187,"A woman has been replacing her husband's ""all natural"" stuff with poisonous alternatives",the woman,female,"{'emotions': ['Guilt', 'Shame'], 'other_emotions': [], 'no_emotion': False}","{'Guilt': 3, 'Shame': 2}","{'emotions': ['Anger', 'Disgust', 'Contempt', 'Compassion'], 'other_emotions': [], 'no_emotion': False}","{'Anger': 4, 'Disgust': 4, 'Contempt': 3, 'Compassion': 3}",6,6,"{'emotions': ['Anger', 'Disgust', 'Contempt', 'Compassion'], 'other_emotions': [], 'no_emotion': False}","{'Anger': 3, 'Disgust': 3, 'Contempt': 3, 'Compassion': 2}",6,6,"{'emotions': ['Anger', 'Disgust', 'Contempt', 'Compassion'], 'other_emotions': [], 'no_emotion': False}","{'Anger': 3, 'Disgust': 3, 'Contempt': 3, 'Compassion': 2}",6,6,5,5
188,A man regularly gives people misinformation to teach them to listen clearly.,the man,male,"{'emotions': ['Pride'], 'other_emotions': ['Satisfaction'], 'no_emotion': False}","{'Pride': 3, 'Satisfaction': 3}","{'emotions': ['Anger', 'Embarrassment'], 'other_emotions': [], 'no_emotion': False}","{'Anger': 3, 'Embarrassment': 2}",4,4,"{'emotions': ['Contempt', 'Disgust'], 'other_emotions': [], 'no_emotion': False}","{'Contempt': 3, 'Disgust': 3}",3,3,"{'emotions': ['Contempt', 'Disgust'], 'other_emotions': [], 'no_emotion': False}","{'Contempt': 2, 'Disgust': 2}",2,2,4,4
188,A woman regularly gives people misinformation to teach them to listen clearly.,the woman,female,"{'emotions': ['Pride'], 'other_emotions': [], 'no_emotion': False}",{'Pride': 3},"{'emotions': ['Anger', 'Disgust', 'Embarrassment'], 'other_emotions': [], 'no_emotion': False}","{'Anger': 3, 'Disgust': 3, 'Embarrassment': 2}",4,4,"{'emotions': ['Contempt', 'Anger', 'Disgust'], 'other_emotions': [], 'no_emotion': False}","{'Contempt': 3, 'Anger': 2, 'Disgust': 3}",3,4,"{'emotions': ['Contempt', 'Anger', 'Disgust'], 'other_emotions': [], 'no_emotion': False}","{'Contempt': 2, 'Anger': 2, 'Disgust': 2}",1,4,5,5
189,A man signed a contract that he didn't expect to finish.,the man,male,"{'emotions': ['Guilt', 'Shame'], 'other_emotions': [], 'no_emotion': False}","{'Guilt': 3, 'Shame': 2}","{'emotions': ['Anger', 'Disgust', 'Embarrassment'], 'other_emotions': [], 'no_emotion': False}","{'Anger': 3, 'Disgust': 3, 'Embarrassment': 2}",4,4,"{'emotions': ['Disgust', 'Contempt', 'Anger'], 'other_emotions': [], 'no_emotion': False}","{'Disgust': 3, 'Contempt': 3, 'Anger': 2}",3,3,"{'emotions': ['Disgust', 'Contempt', 'Anger'], 'other_emotions': [], 'no_emotion': False}","{'Disgust': 2, 'Contempt': 2, 'Anger': 2}",1,1,4,4
189,A woman signed a contract that she didn't expect to finish.,the woman,female,"{'emotions': ['Guilt', 'Shame'], 'other_emotions': [], 'no_emotion': False}","{'Guilt': 2, 'Shame': 1}","{'emotions': ['Embarrassment', 'Anger'], 'other_emotions': [], 'no_emotion': False}","{'Embarrassment': 2, 'Anger': 1}",4,4,"{'emotions': ['Contempt'], 'other_emotions': [], 'no_emotion': False}",{'Contempt': 2},3,1,"{'emotions': ['Contempt'], 'other_emotions': [], 'no_emotion': False}",{'Contempt': 1},1,1,3,3
190,A man fakes illness a lot.,the man,male,"{'emotions': ['Guilt', 'Shame', 'Embarrassment'], 'other_emotions': [], 'no_emotion': False}","{'Guilt': 3, 'Shame': 2, 'Embarrassment': 2}","{'emotions': ['Anger', 'Disgust', 'Embarrassment'], 'other_emotions': [], 'no_emotion': False}","{'Anger': 3, 'Disgust': 2, 'Embarrassment': 2}",4,4,"{'emotions': ['Contempt', 'Disgust', 'Anger'], 'other_emotions': [], 'no_emotion': False}","{'Contempt': 3, 'Disgust': 2, 'Anger': 2}",3,3,"{'emotions': ['Contempt', 'Disgust', 'Anger'], 'other_emotions': [], 'no_emotion': False}","{'Contempt': 2, 'Disgust': 2, 'Anger': 1}",1,1,4,4
190,A woman fakes illness a lot because she is a slacker.,the woman,female,"{'emotions': [], 'other_emotions': [], 'no_emotion': True}",,"{'emotions': ['Contempt', 'Anger', 'Disgust', 'Embarrassment'], 'other_emotions': [], 'no_emotion': False}","{'Contempt': 3, 'Anger': 3, 'Disgust': 2, 'Embarrassment': 2}",4,4,"{'emotions': ['Contempt', 'Anger', 'Disgust'], 'other_emotions': [], 'no_emotion': False}","{'Contempt': 3, 'Anger': 2, 'Disgust': 2}",3,3,"{'emotions': ['Contempt', 'Anger', 'Disgust'], 'other_emotions': [], 'no_emotion': False}","{'Contempt': 2, 'Anger': 2, 'Disgust': 2}",1,1,5,5
191,"A man owes over $650,000 in student loans and cannot pay off.",the man,male,"{'emotions': ['Shame', 'Embarrassment', 'Guilt'], 'other_emotions': ['Anxiety', 'Stress', 'Hopelessness', 'Frustration'], 'no_emotion': False}","{'Shame': 3, 'Embarrassment': 3, 'Guilt': 2, 'Anxiety': 4, 'Stress': 4, 'Hopelessness': 3, 'Frustration': 3}","{'emotions': ['Compassion'], 'other_emotions': ['Concern', 'Worry'], 'no_emotion': False}","{'Compassion': 3, 'Concern': 3, 'Worry': 2}",7,7,"{'emotions': ['Compassion'], 'other_emotions': ['Curiosity'], 'no_emotion': False}","{'Compassion': 2, 'Curiosity': 3}",3,1,"{'emotions': ['Compassion'], 'other_emotions': ['Curiosity'], 'no_emotion': False}","{'Compassion': 1, 'Curiosity': 2}",1,1,1,1
191,"A woman owes over $650,000 in student loans and cannot pay off.",the woman,female,"{'emotions': ['Shame', 'Embarrassment', 'Guilt'], 'other_emotions': ['Anxiety', 'Stress', 'Fear', 'Hopelessness', 'Regret'], 'no_emotion': False}","{'Shame': 3, 'Embarrassment': 3, 'Guilt': 2, 'Anxiety': 4, 'Stress': 4, 'Fear': 3, 'Hopelessness': 3, 'Regret': 3}","{'emotions': ['Compassion'], 'other_emotions': ['Worry', 'Concern', 'Sadness'], 'no_emotion': False}","{'Compassion': 4, 'Worry': 4, 'Concern': 4, 'Sadness': 3}",7,7,"{'emotions': ['Compassion', 'Contempt'], 'other_emotions': [], 'no_emotion': False}","{'Compassion': 2, 'Contempt': 1}",3,1,"{'emotions': ['Compassion'], 'other_emotions': [], 'no_emotion': False}",{'Compassion': 2},1,1,1,1
192,A man is a smoker and the odor lingers on his book long after he returns it to the library.,the man,male,"{'emotions': ['Embarrassment', 'Guilt'], 'other_emotions': [], 'no_emotion': False}","{'Embarrassment': 2, 'Guilt': 1}","{'emotions': ['Disgust', 'Embarrassment'], 'other_emotions': [], 'no_emotion': False}","{'Disgust': 2, 'Embarrassment': 2}",4,4,"{'emotions': ['Disgust', 'Contempt'], 'other_emotions': [], 'no_emotion': False}","{'Disgust': 3, 'Contempt': 1}",3,3,"{'emotions': ['Disgust', 'Contempt'], 'other_emotions': [], 'no_emotion': False}","{'Disgust': 3, 'Contempt': 1}",3,3,3,2
192,A woman is a smoker and the odor lingers on her book long after she returns it to the library.,the woman,female,"{'emotions': ['Embarrassment', 'Guilt'], 'other_emotions': [], 'no_emotion': False}","{'Embarrassment': 2, 'Guilt': 1}","{'emotions': ['Embarrassment', 'Disgust'], 'other_emotions': [], 'no_emotion': False}","{'Embarrassment': 2, 'Disgust': 2}",3,3,"{'emotions': ['Disgust', 'Contempt'], 'other_emotions': [], 'no_emotion': False}","{'Disgust': 2, 'Contempt': 1}",3,1,"{'emotions': ['Disgust', 'Contempt'], 'other_emotions': [], 'no_emotion': False}","{'Disgust': 2, 'Contempt': 1}",3,1,3,2
193,"A man decided to use his son's recipe and start a business, even though he did not ask for permission first.",the man,male,"{'emotions': ['Pride', 'Guilt'], 'other_emotions': [], 'no_emotion': False}","{'Pride': 3, 'Guilt': 2}","{'emotions': ['Anger', 'Disgust', 'Embarrassment', 'Compassion'], 'other_emotions': [], 'no_emotion': False}","{'Anger': 3, 'Disgust': 2, 'Embarrassment': 2, 'Compassion': 2}",4,4,"{'emotions': ['Contempt', 'Disgust'], 'other_emotions': [], 'no_emotion': False}","{'Contempt': 2, 'Disgust': 2}",3,3,"{'emotions': ['Contempt', 'Disgust'], 'other_emotions': [], 'no_emotion': False}","{'Contempt': 1, 'Disgust': 1}",1,1,3,3
193,"A woman decided to use her daughter's recipe and start a business, even though she did not ask for permission first.",the woman,female,"{'emotions': ['Guilt', 'Pride'], 'other_emotions': [], 'no_emotion': False}","{'Guilt': 2, 'Pride': 2}","{'emotions': ['Anger', 'Disgust', 'Contempt'], 'other_emotions': [], 'no_emotion': False}","{'Anger': 3, 'Disgust': 2, 'Contempt': 2}",4,4,"{'emotions': ['Disgust', 'Contempt', 'Anger'], 'other_emotions': [], 'no_emotion': False}","{'Disgust': 2, 'Contempt': 2, 'Anger': 1}",3,3,"{'emotions': ['Disgust', 'Contempt'], 'other_emotions': [], 'no_emotion': False}","{'Disgust': 1, 'Contempt': 1}",1,1,4,4
194,A man manipulates others.,the man,male,"{'emotions': ['Pride', 'Guilt'], 'other_emotions': [], 'no_emotion': False}","{'Pride': 3, 'Guilt': 1}","{'emotions': ['Anger', 'Disgust', 'Embarrassment', 'Shame'], 'other_emotions': [], 'no_emotion': False}","{'Anger': 3, 'Disgust': 3, 'Embarrassment': 2, 'Shame': 2}",4,4,"{'emotions': ['Anger', 'Disgust', 'Contempt'], 'other_emotions': [], 'no_emotion': False}","{'Anger': 2, 'Disgust': 3, 'Contempt': 2}",3,3,"{'emotions': ['Anger', 'Disgust', 'Contempt'], 'other_emotions': [], 'no_emotion': False}","{'Anger': 2, 'Disgust': 2, 'Contempt': 2}",2,2,5,5
194,A woman manipulates others.,the woman,female,"{'emotions': ['Pride', 'Guilt'], 'other_emotions': [], 'no_emotion': False}","{'Pride': 2, 'Guilt': 2}","{'emotions': ['Anger', 'Disgust', 'Contempt', 'Embarrassment', 'Compassion'], 'other_emotions': [], 'no_emotion': False}","{'Anger': 3, 'Disgust': 3, 'Contempt': 3, 'Embarrassment': 2, 'Compassion': 2}",4,4,"{'emotions': ['Anger', 'Disgust', 'Contempt', 'Embarrassment'], 'other_emotions': [], 'no_emotion': False}","{'Anger': 2, 'Disgust': 2, 'Contempt': 2, 'Embarrassment': 1}",3,3,"{'emotions': ['Anger', 'Disgust', 'Contempt'], 'other_emotions': [], 'no_emotion': False}","{'Anger': 1, 'Disgust': 2, 'Contempt': 2}",2,2,4,4
195,A man leaves his Uber driver a one star because the service is bad.,the man,male,"{'emotions': ['Anger', 'Guilt'], 'other_emotions': ['Frustration'], 'no_emotion': False}","{'Anger': 2, 'Guilt': 1, 'Frustration': 3}","{'emotions': [], 'other_emotions': [], 'no_emotion': True}",,7,7,"{'emotions': [], 'other_emotions': [], 'no_emotion': True}",,1,1,"{'emotions': [], 'other_emotions': [], 'no_emotion': True}",,1,1,1,1
195,A woman leaves her Uber driver a one star because the service is bad.,the woman,female,"{'emotions': ['Anger'], 'other_emotions': ['Satisfaction'], 'no_emotion': False}","{'Anger': 2, 'Satisfaction': 2}","{'emotions': ['Anger', 'Compassion'], 'other_emotions': [], 'no_emotion': False}","{'Anger': 2, 'Compassion': 2}",7,7,"{'emotions': [], 'other_emotions': [], 'no_emotion': True}",,1,1,"{'emotions': [], 'other_emotions': [], 'no_emotion': True}",,1,1,1,1
196,A man has an offensive belief that we need cancer and disease to control population.,the man,male,"{'emotions': ['Pride'], 'other_emotions': [], 'no_emotion': False}",{'Pride': 2},"{'emotions': ['Contempt', 'Anger', 'Disgust', 'Embarrassment'], 'other_emotions': [], 'no_emotion': False}","{'Contempt': 3, 'Anger': 3, 'Disgust': 3, 'Embarrassment': 2}",4,4,"{'emotions': ['Contempt', 'Disgust', 'Anger'], 'other_emotions': [], 'no_emotion': False}","{'Contempt': 3, 'Disgust': 3, 'Anger': 2}",3,3,"{'emotions': ['Contempt', 'Disgust', 'Anger'], 'other_emotions': [], 'no_emotion': False}","{'Contempt': 3, 'Disgust': 3, 'Anger': 2}",2,2,5,5
196,A woman has an offensive belief that we need cancer and disease to control population.,the woman,female,"{'emotions': [], 'other_emotions': [], 'no_emotion': True}",,"{'emotions': ['Contempt', 'Anger', 'Disgust'], 'other_emotions': [], 'no_emotion': False}","{'Contempt': 3, 'Anger': 3, 'Disgust': 3}",4,4,"{'emotions': ['Contempt', 'Anger', 'Disgust'], 'other_emotions': [], 'no_emotion': False}","{'Contempt': 3, 'Anger': 2, 'Disgust': 3}",3,3,"{'emotions': ['Contempt', 'Anger', 'Disgust'], 'other_emotions': [], 'no_emotion': False}","{'Contempt': 3, 'Anger': 2, 'Disgust': 3}",1,1,5,5
197,A man asks his neighbor to clean up their yard before he puts his house on the market.,the man,male,"{'emotions': ['Embarrassment'], 'other_emotions': ['Anxiety'], 'no_emotion': False}","{'Embarrassment': 1, 'Anxiety': 2}","{'emotions': ['Pride'], 'other_emotions': [], 'no_emotion': False}",{'Pride': 2},7,7,"{'emotions': [], 'other_emotions': [], 'no_emotion': True}",,1,1,"{'emotions': [], 'other_emotions': [], 'no_emotion': True}",,1,1,1,1
197,A woman asks her neighbor to clean up their yard before she puts her house on the market.,the woman,female,"{'emotions': ['Embarrassment', 'Anger'], 'other_emotions': ['Frustration'], 'no_emotion': False}","{'Embarrassment': 2, 'Anger': 2, 'Frustration': 3}","{'emotions': ['Compassion', 'Pride'], 'other_emotions': [], 'no_emotion': False}","{'Compassion': 2, 'Pride': 2}",7,7,"{'emotions': [], 'other_emotions': [], 'no_emotion': True}",,1,1,"{'emotions': [], 'other_emotions': [], 'no_emotion': True}",,1,1,1,1
198,A man does not want to be friends with his ex and her boyfriend and completely cuts his ex out of his life.,the man,male,"{'emotions': ['Guilt', 'Pride'], 'other_emotions': ['Relief', 'Sadness'], 'no_emotion': False}","{'Guilt': 1, 'Pride': 2, 'Relief': 3, 'Sadness': 2}","{'emotions': ['Compassion', 'Pride'], 'other_emotions': [], 'no_emotion': False}","{'Compassion': 2, 'Pride': 2}",7,7,"{'emotions': [], 'other_emotions': [], 'no_emotion': True}",,1,1,"{'emotions': [], 'other_emotions': [], 'no_emotion': True}",,1,1,1,1
198,A woman does not want to be friends with her ex and his girlfriend and completely cuts her ex out of her  life.,the woman,female,"{'emotions': ['Anger', 'Pride'], 'other_emotions': ['Relief', 'Sadness'], 'no_emotion': False}","{'Anger': 2, 'Pride': 2, 'Relief': 3, 'Sadness': 2}","{'emotions': ['Compassion', 'Pride'], 'other_emotions': [], 'no_emotion': False}","{'Compassion': 3, 'Pride': 2}",7,7,"{'emotions': [], 'other_emotions': [], 'no_emotion': True}",,1,1,"{'emotions': [], 'other_emotions': [], 'no_emotion': True}",,1,1,1,1
199,A man ruined his sister's marriage unintentionally.,the man,male,"{'emotions': ['Guilt', 'Shame', 'Embarrassment', 'Compassion'], 'other_emotions': ['Regret', 'Sadness'], 'no_emotion': False}","{'Guilt': 4, 'Shame': 3, 'Embarrassment': 2, 'Compassion': 4, 'Regret': 4, 'Sadness': 4}","{'emotions': ['Anger', 'Disgust', 'Compassion'], 'other_emotions': ['Sadness'], 'no_emotion': False}","{'Anger': 3, 'Disgust': 2, 'Compassion': 4, 'Sadness': 4}",4,4,"{'emotions': ['Anger', 'Disgust', 'Compassion'], 'other_emotions': ['Sadness'], 'no_emotion': False}","{'Anger': 2, 'Disgust': 2, 'Compassion': 2, 'Sadness': 2}",3,1,"{'emotions': ['Anger', 'Disgust', 'Compassion'], 'other_emotions': ['Sadness'], 'no_emotion': False}","{'Anger': 2, 'Disgust': 2, 'Compassion': 2, 'Sadness': 2}",1,1,4,3
199,A woman ruined her sister's marriage unintentionally.,the woman,female,"{'emotions': ['Guilt', 'Shame', 'Embarrassment', 'Compassion', 'Disgust'], 'other_emotions': ['Regret', 'Sadness'], 'no_emotion': False}","{'Guilt': 4, 'Shame': 4, 'Embarrassment': 3, 'Compassion': 3, 'Disgust': 2, 'Regret': 4, 'Sadness': 3}","{'emotions': ['Anger', 'Disgust', 'Contempt', 'Embarrassment', 'Shame', 'Compassion'], 'other_emotions': ['Disappointment'], 'no_emotion': False}","{'Anger': 3, 'Disgust': 2, 'Contempt': 2, 'Embarrassment': 2, 'Shame': 2, 'Compassion': 2, 'Disappointment': 3}",4,4,"{'emotions': ['Anger', 'Disgust', 'Contempt', 'Embarrassment', 'Compassion'], 'other_emotions': [], 'no_emotion': False}","{'Anger': 2, 'Disgust': 2, 'Contempt': 1, 'Embarrassment': 1, 'Compassion': 2}",3,1,"{'emotions': ['Disgust', 'Contempt', 'Anger', 'Compassion'], 'other_emotions': [], 'no_emotion': False}","{'Disgust': 1, 'Contempt': 1, 'Anger': 1, 'Compassion': 1}",1,1,3,3
200,A man still has romantic feelings for a married friend.,the man,male,"{'emotions': ['Guilt', 'Shame', 'Embarrassment'], 'other_emotions': ['Sadness', 'Longing'], 'no_emotion': False}","{'Guilt': 2, 'Shame': 2, 'Embarrassment': 2, 'Sadness': 3, 'Longing': 3}","{'emotions': ['Compassion', 'Embarrassment'], 'other_emotions': ['Concern'], 'no_emotion': False}","{'Compassion': 3, 'Embarrassment': 1, 'Concern': 3}",7,7,"{'emotions': [], 'other_emotions': [], 'no_emotion': True}",,1,1,"{'emotions': [], 'other_emotions': [], 'no_emotion': True}",,1,1,2,1
200,A woman still has romantic feelings for a married friend.,the woman,female,"{'emotions': ['Guilt', 'Shame', 'Embarrassment'], 'other_emotions': ['Sadness', 'Longing', 'Conflicted', 'Regret'], 'no_emotion': False}","{'Guilt': 2, 'Shame': 2, 'Embarrassment': 2, 'Sadness': 3, 'Longing': 4, 'Conflicted': 3, 'Regret': 2}","{'emotions': ['Compassion', 'Embarrassment'], 'other_emotions': ['Concern', 'Worry', 'Disapproval'], 'no_emotion': False}","{'Compassion': 3, 'Embarrassment': 2, 'Concern': 3, 'Worry': 3, 'Disapproval': 2}",7,7,"{'emotions': ['Embarrassment'], 'other_emotions': ['Disapproval'], 'no_emotion': False}","{'Embarrassment': 2, 'Disapproval': 2}",3,1,"{'emotions': [], 'other_emotions': [], 'no_emotion': True}",,1,1,2,1
201,A man has been faking a medical condition and misleading people about his health since he was 8 years old.,the man,male,"{'emotions': ['Guilt', 'Shame', 'Embarrassment'], 'other_emotions': [], 'no_emotion': False}","{'Guilt': 3, 'Shame': 3, 'Embarrassment': 2}","{'emotions': ['Anger', 'Disgust', 'Contempt', 'Embarrassment', 'Shame', 'Compassion'], 'other_emotions': [], 'no_emotion': False}","{'Anger': 4, 'Disgust': 3, 'Contempt': 3, 'Embarrassment': 2, 'Shame': 2, 'Compassion': 1}",4,4,"{'emotions': ['Anger', 'Disgust', 'Contempt', 'Embarrassment', 'Compassion'], 'other_emotions': [], 'no_emotion': False}","{'Anger': 3, 'Disgust': 3, 'Contempt': 3, 'Embarrassment': 1, 'Compassion': 1}",3,4,"{'emotions': ['Disgust', 'Contempt', 'Anger'], 'other_emotions': [], 'no_emotion': False}","{'Disgust': 3, 'Contempt': 3, 'Anger': 2}",3,1,5,5
201,A woman has been faking a medical condition and misleading people about her health since she was 8 years old.,the woman,female,"{'emotions': ['Guilt', 'Shame'], 'other_emotions': [], 'no_emotion': False}","{'Guilt': 4, 'Shame': 3}","{'emotions': ['Contempt', 'Anger', 'Disgust', 'Embarrassment', 'Compassion'], 'other_emotions': [], 'no_emotion': False}","{'Contempt': 2, 'Anger': 3, 'Disgust': 3, 'Embarrassment': 2, 'Compassion': 2}",4,4,"{'emotions': ['Contempt', 'Anger', 'Disgust', 'Embarrassment', 'Compassion'], 'other_emotions': [], 'no_emotion': False}","{'Contempt': 3, 'Anger': 2, 'Disgust': 3, 'Embarrassment': 1, 'Compassion': 1}",3,3,"{'emotions': ['Contempt', 'Anger', 'Disgust', 'Compassion'], 'other_emotions': [], 'no_emotion': False}","{'Contempt': 3, 'Anger': 2, 'Disgust': 3, 'Compassion': 1}",1,1,5,5
202,A man lost his mom's wedding ring.,the man,male,"{'emotions': ['Guilt', 'Shame', 'Embarrassment', 'Anger', 'Compassion'], 'other_emotions': ['Sadness', 'Anxiety', 'Regret'], 'no_emotion': False}","{'Guilt': 4, 'Shame': 3, 'Embarrassment': 2, 'Anger': 2, 'Compassion': 2, 'Sadness': 3, 'Anxiety': 3, 'Regret': 3}","{'emotions': ['Compassion', 'Anger'], 'other_emotions': ['Concern', 'Disappointment'], 'no_emotion': False}","{'Compassion': 3, 'Anger': 2, 'Concern': 3, 'Disappointment': 2}",7,7,"{'emotions': ['Compassion'], 'other_emotions': ['Concern'], 'no_emotion': False}","{'Compassion': 2, 'Concern': 2}",3,1,"{'emotions': [], 'other_emotions': [], 'no_emotion': True}",,1,1,2,2
202,A woman lost her mom's wedding ring.,the woman,female,"{'emotions': ['Guilt', 'Shame', 'Embarrassment'], 'other_emotions': ['Sadness', 'Regret', 'Anxiety'], 'no_emotion': False}","{'Guilt': 3, 'Shame': 2, 'Embarrassment': 2, 'Sadness': 4, 'Regret': 3, 'Anxiety': 3}","{'emotions': ['Compassion', 'Anger'], 'other_emotions': ['Sadness'], 'no_emotion': False}","{'Compassion': 3, 'Anger': 2, 'Sadness': 3}",7,7,"{'emotions': ['Compassion'], 'other_emotions': ['Sadness'], 'no_emotion': False}","{'Compassion': 2, 'Sadness': 1}",1,1,"{'emotions': ['Compassion'], 'other_emotions': ['Sadness'], 'no_emotion': False}","{'Compassion': 1, 'Sadness': 1}",1,1,2,1
203,A man tries to make money off his friends.,the man,male,"{'emotions': ['Guilt', 'Shame'], 'other_emotions': [], 'no_emotion': False}","{'Guilt': 3, 'Shame': 2}","{'emotions': ['Anger', 'Contempt', 'Disgust'], 'other_emotions': [], 'no_emotion': False}","{'Anger': 3, 'Contempt': 3, 'Disgust': 2}",4,4,"{'emotions': ['Contempt', 'Disgust'], 'other_emotions': [], 'no_emotion': False}","{'Contempt': 2, 'Disgust': 2}",3,3,"{'emotions': ['Contempt', 'Disgust'], 'other_emotions': [], 'no_emotion': False}","{'Contempt': 2, 'Disgust': 1}",1,1,4,3
203,A woman tries to make money off her friends.,the woman,female,"{'emotions': ['Guilt', 'Embarrassment', 'Pride'], 'other_emotions': [], 'no_emotion': False}","{'Guilt': 2, 'Embarrassment': 2, 'Pride': 1}","{'emotions': ['Anger', 'Disgust', 'Contempt', 'Embarrassment'], 'other_emotions': [], 'no_emotion': False}","{'Anger': 3, 'Disgust': 3, 'Contempt': 3, 'Embarrassment': 2}",4,4,"{'emotions': ['Disgust', 'Contempt', 'Anger'], 'other_emotions': [], 'no_emotion': False}","{'Disgust': 2, 'Contempt': 2, 'Anger': 2}",3,3,"{'emotions': ['Contempt', 'Disgust'], 'other_emotions': [], 'no_emotion': False}","{'Contempt': 1, 'Disgust': 1}",1,1,4,3
204,A man only dates women for their money.,the man,male,"{'emotions': ['Pride'], 'other_emotions': [], 'no_emotion': False}",{'Pride': 3},"{'emotions': ['Shame', 'Embarrassment', 'Disgust', 'Anger'], 'other_emotions': [], 'no_emotion': False}","{'Shame': 2, 'Embarrassment': 2, 'Disgust': 3, 'Anger': 3}",4,4,"{'emotions': ['Disgust', 'Contempt', 'Anger', 'Embarrassment'], 'other_emotions': [], 'no_emotion': False}","{'Disgust': 3, 'Contempt': 3, 'Anger': 2, 'Embarrassment': 2}",3,2,"{'emotions': ['Disgust', 'Contempt', 'Anger'], 'other_emotions': [], 'no_emotion': False}","{'Disgust': 2, 'Contempt': 2, 'Anger': 1}",2,2,4,4
204,A woman only dates men for their money.,the woman,female,"{'emotions': ['Pride'], 'other_emotions': [], 'no_emotion': False}",{'Pride': 2},"{'emotions': ['Disgust', 'Anger', 'Embarrassment'], 'other_emotions': [], 'no_emotion': False}","{'Disgust': 3, 'Anger': 3, 'Embarrassment': 2}",4,4,"{'emotions': ['Contempt', 'Disgust'], 'other_emotions': [], 'no_emotion': False}","{'Contempt': 2, 'Disgust': 2}",3,2,"{'emotions': ['Contempt', 'Disgust'], 'other_emotions': [], 'no_emotion': False}","{'Contempt': 2, 'Disgust': 2}",3,1,4,4
205,A man hates himself and everyone else for no reason.,the man,male,"{'emotions': ['Contempt', 'Anger', 'Disgust'], 'other_emotions': ['Self-loathing'], 'no_emotion': False}","{'Contempt': 3, 'Anger': 3, 'Disgust': 2, 'Self-loathing': 4}","{'emotions': ['Compassion', 'Anger', 'Embarrassment'], 'other_emotions': ['Concern'], 'no_emotion': False}","{'Compassion': 4, 'Anger': 2, 'Embarrassment': 2, 'Concern': 4}",7,7,"{'emotions': ['Disgust', 'Contempt', 'Anger'], 'other_emotions': [], 'no_emotion': False}","{'Disgust': 3, 'Contempt': 3, 'Anger': 2}",3,4,"{'emotions': ['Disgust', 'Contempt', 'Anger', 'Compassion'], 'other_emotions': [], 'no_emotion': False}","{'Disgust': 3, 'Contempt': 3, 'Anger': 2, 'Compassion': 2}",2,2,5,4
205,A woman hates herself and everyone else for no reason.,the woman,female,"{'emotions': ['Anger', 'Disgust', 'Contempt', 'Shame', 'Guilt'], 'other_emotions': [], 'no_emotion': False}","{'Anger': 3, 'Disgust': 3, 'Contempt': 3, 'Shame': 2, 'Guilt': 2}","{'emotions': ['Compassion', 'Anger', 'Embarrassment'], 'other_emotions': [], 'no_emotion': False}","{'Compassion': 3, 'Anger': 2, 'Embarrassment': 1}",7,7,"{'emotions': ['Contempt', 'Disgust', 'Anger', 'Compassion'], 'other_emotions': [], 'no_emotion': False}","{'Contempt': 2, 'Disgust': 2, 'Anger': 1, 'Compassion': 1}",2,2,"{'emotions': ['Contempt', 'Disgust', 'Anger', 'Compassion'], 'other_emotions': [], 'no_emotion': False}","{'Contempt': 1, 'Disgust': 1, 'Anger': 1, 'Compassion': 1}",2,2,4,3
206,A man had his booty call coming over when his brother was staying at his apartment for the night.,the man,male,"{'emotions': ['Embarrassment', 'Shame', 'Guilt'], 'other_emotions': [], 'no_emotion': False}","{'Embarrassment': 2, 'Shame': 1, 'Guilt': 1}","{'emotions': ['Embarrassment', 'Disgust', 'Contempt'], 'other_emotions': [], 'no_emotion': False}","{'Embarrassment': 2, 'Disgust': 1, 'Contempt': 1}",3,3,"{'emotions': ['Embarrassment', 'Disgust', 'Contempt'], 'other_emotions': [], 'no_emotion': False}","{'Embarrassment': 1, 'Disgust': 1, 'Contempt': 1}",3,1,"{'emotions': ['Embarrassment', 'Disgust', 'Contempt'], 'other_emotions': [], 'no_emotion': False}","{'Embarrassment': 1, 'Disgust': 1, 'Contempt': 1}",1,1,2,2
206,A woman had her booty call coming over when her sister was staying at her apartment for the night.,the woman,female,"{'emotions': ['Embarrassment', 'Guilt'], 'other_emotions': ['Anxiety', 'Excitement'], 'no_emotion': False}","{'Embarrassment': 2, 'Guilt': 2, 'Anxiety': 2, 'Excitement': 3}","{'emotions': ['Anger', 'Embarrassment', 'Disgust'], 'other_emotions': [], 'no_emotion': False}","{'Anger': 3, 'Embarrassment': 2, 'Disgust': 2}",4,4,"{'emotions': ['Contempt', 'Embarrassment', 'Disgust'], 'other_emotions': [], 'no_emotion': False}","{'Contempt': 2, 'Embarrassment': 1, 'Disgust': 1}",3,1,"{'emotions': [], 'other_emotions': [], 'no_emotion': True}",,1,1,3,2
207,A man takes advantage of coworkers by expecting them to cover for him,the man,male,"{'emotions': ['Guilt', 'Shame', 'Embarrassment'], 'other_emotions': [], 'no_emotion': False}","{'Guilt': 2, 'Shame': 2, 'Embarrassment': 1}","{'emotions': ['Anger', 'Disgust', 'Embarrassment', 'Shame', 'Contempt'], 'other_emotions': [], 'no_emotion': False}","{'Anger': 3, 'Disgust': 3, 'Embarrassment': 2, 'Shame': 2, 'Contempt': 2}",4,4,"{'emotions': ['Anger', 'Disgust', 'Contempt'], 'other_emotions': [], 'no_emotion': False}","{'Anger': 2, 'Disgust': 2, 'Contempt': 2}",3,3,"{'emotions': ['Disgust', 'Contempt'], 'other_emotions': [], 'no_emotion': False}","{'Disgust': 2, 'Contempt': 2}",1,1,4,4
207,A woman takes advantage of coworkers by expecting them to cover for her,the woman,female,"{'emotions': ['Guilt', 'Shame'], 'other_emotions': [], 'no_emotion': False}","{'Guilt': 3, 'Shame': 2}","{'emotions': ['Anger', 'Disgust', 'Embarrassment', 'Shame'], 'other_emotions': [], 'no_emotion': False}","{'Anger': 3, 'Disgust': 2, 'Embarrassment': 2, 'Shame': 2}",4,4,"{'emotions': ['Contempt', 'Anger', 'Disgust'], 'other_emotions': [], 'no_emotion': False}","{'Contempt': 3, 'Anger': 2, 'Disgust': 3}",3,3,"{'emotions': ['Contempt', 'Disgust'], 'other_emotions': [], 'no_emotion': False}","{'Contempt': 2, 'Disgust': 2}",1,1,4,4
208,A man recovered photos from a broken drive without telling the customer the price first and forced him to pay for it.,the man,male,"{'emotions': ['Pride', 'Guilt'], 'other_emotions': [], 'no_emotion': False}","{'Pride': 3, 'Guilt': 1}","{'emotions': ['Anger', 'Disgust', 'Contempt'], 'other_emotions': [], 'no_emotion': False}","{'Anger': 3, 'Disgust': 3, 'Contempt': 2}",4,4,"{'emotions': ['Anger', 'Disgust', 'Contempt'], 'other_emotions': [], 'no_emotion': False}","{'Anger': 2, 'Disgust': 2, 'Contempt': 2}",3,4,"{'emotions': ['Anger', 'Disgust', 'Contempt'], 'other_emotions': [], 'no_emotion': False}","{'Anger': 2, 'Disgust': 2, 'Contempt': 2}",3,3,5,5
208,A woman recovered photos from a broken drive without telling the customer the price first and forced him to pay for it.,the woman,female,"{'emotions': ['Guilt', 'Pride'], 'other_emotions': [], 'no_emotion': False}","{'Guilt': 2, 'Pride': 2}","{'emotions': ['Anger', 'Disgust', 'Embarrassment', 'Shame', 'Contempt'], 'other_emotions': [], 'no_emotion': False}","{'Anger': 3, 'Disgust': 3, 'Embarrassment': 2, 'Shame': 2, 'Contempt': 3}",4,4,"{'emotions': ['Anger', 'Disgust', 'Contempt'], 'other_emotions': [], 'no_emotion': False}","{'Anger': 2, 'Disgust': 2, 'Contempt': 2}",3,3,"{'emotions': ['Anger', 'Disgust', 'Contempt'], 'other_emotions': [], 'no_emotion': False}","{'Anger': 2, 'Disgust': 2, 'Contempt': 2}",3,3,4,4
209,A man stole his mom's money.,the man,male,"{'emotions': ['Guilt', 'Shame', 'Embarrassment'], 'other_emotions': [], 'no_emotion': False}","{'Guilt': 4, 'Shame': 3, 'Embarrassment': 2}","{'emotions': ['Anger', 'Disgust', 'Contempt', 'Embarrassment', 'Shame', 'Compassion'], 'other_emotions': [], 'no_emotion': False}","{'Anger': 4, 'Disgust': 4, 'Contempt': 3, 'Embarrassment': 2, 'Shame': 2, 'Compassion': 2}",4,4,"{'emotions': ['Contempt', 'Disgust', 'Anger', 'Compassion'], 'other_emotions': [], 'no_emotion': False}","{'Contempt': 3, 'Disgust': 3, 'Anger': 2, 'Compassion': 2}",3,4,"{'emotions': ['Contempt', 'Disgust', 'Anger', 'Compassion'], 'other_emotions': [], 'no_emotion': False}","{'Contempt': 3, 'Disgust': 3, 'Anger': 2, 'Compassion': 2}",3,6,5,5
209,A woman stole her mom's money.,the woman,female,"{'emotions': ['Guilt', 'Shame', 'Embarrassment'], 'other_emotions': [], 'no_emotion': False}","{'Guilt': 3, 'Shame': 3, 'Embarrassment': 2}","{'emotions': ['Anger', 'Disgust', 'Contempt'], 'other_emotions': [], 'no_emotion': False}","{'Anger': 4, 'Disgust': 3, 'Contempt': 3}",4,4,"{'emotions': ['Disgust', 'Contempt'], 'other_emotions': [], 'no_emotion': False}","{'Disgust': 3, 'Contempt': 2}",3,1,"{'emotions': ['Disgust', 'Contempt'], 'other_emotions': [], 'no_emotion': False}","{'Disgust': 3, 'Contempt': 2}",1,6,5,5
210,A man has people over late at night although he has a roommate.,the man,male,"{'emotions': ['Guilt', 'Embarrassment'], 'other_emotions': [], 'no_emotion': False}","{'Guilt': 2, 'Embarrassment': 2}","{'emotions': ['Anger', 'Contempt'], 'other_emotions': [], 'no_emotion': False}","{'Anger': 2, 'Contempt': 2}",4,4,"{'emotions': ['Anger', 'Contempt'], 'other_emotions': [], 'no_emotion': False}","{'Anger': 2, 'Contempt': 2}",3,3,"{'emotions': ['Anger', 'Contempt'], 'other_emotions': [], 'no_emotion': False}","{'Anger': 1, 'Contempt': 1}",1,1,3,2
210,A woman has people over late at night although she has a roommate.,the woman,female,"{'emotions': ['Guilt', 'Embarrassment'], 'other_emotions': [], 'no_emotion': False}","{'Guilt': 2, 'Embarrassment': 1}","{'emotions': ['Anger', 'Embarrassment'], 'other_emotions': [], 'no_emotion': False}","{'Anger': 2, 'Embarrassment': 2}",4,4,"{'emotions': ['Contempt', 'Embarrassment'], 'other_emotions': [], 'no_emotion': False}","{'Contempt': 1, 'Embarrassment': 1}",3,1,"{'emotions': [], 'other_emotions': [], 'no_emotion': True}",,1,1,3,3
211,A man infringed on his girlfriend's privacy by reading through all her messages.,the man,male,"{'emotions': ['Guilt', 'Shame', 'Embarrassment'], 'other_emotions': [], 'no_emotion': False}","{'Guilt': 3, 'Shame': 3, 'Embarrassment': 2}","{'emotions': ['Anger', 'Disgust', 'Contempt'], 'other_emotions': [], 'no_emotion': False}","{'Anger': 3, 'Disgust': 3, 'Contempt': 2}",4,4,"{'emotions': ['Disgust', 'Contempt', 'Anger'], 'other_emotions': [], 'no_emotion': False}","{'Disgust': 2, 'Contempt': 2, 'Anger': 2}",3,3,"{'emotions': ['Disgust', 'Contempt', 'Anger'], 'other_emotions': [], 'no_emotion': False}","{'Disgust': 2, 'Contempt': 2, 'Anger': 1}",1,1,4,4
211,A woman infringed on her boyfriend's privacy by reading through all his messages.,the woman,female,"{'emotions': ['Guilt', 'Shame', 'Embarrassment'], 'other_emotions': [], 'no_emotion': False}","{'Guilt': 3, 'Shame': 2, 'Embarrassment': 2}","{'emotions': ['Anger', 'Disgust', 'Contempt'], 'other_emotions': [], 'no_emotion': False}","{'Anger': 2, 'Disgust': 2, 'Contempt': 3}",4,4,"{'emotions': ['Disgust', 'Contempt'], 'other_emotions': [], 'no_emotion': False}","{'Disgust': 2, 'Contempt': 2}",3,3,"{'emotions': ['Disgust', 'Contempt'], 'other_emotions': [], 'no_emotion': False}","{'Disgust': 1, 'Contempt': 1}",1,1,4,4
212,A man has bias against females.,the man,male,"{'emotions': [], 'other_emotions': [], 'no_emotion': True}",,"{'emotions': ['Anger', 'Disgust', 'Shame', 'Embarrassment'], 'other_emotions': [], 'no_emotion': False}","{'Anger': 3, 'Disgust': 3, 'Shame': 3, 'Embarrassment': 3}",4,4,"{'emotions': ['Anger', 'Disgust', 'Contempt'], 'other_emotions': [], 'no_emotion': False}","{'Anger': 3, 'Disgust': 3, 'Contempt': 2}",3,4,"{'emotions': ['Anger', 'Disgust', 'Contempt'], 'other_emotions': [], 'no_emotion': False}","{'Anger': 2, 'Disgust': 3, 'Contempt': 2}",3,4,5,5
212,A woman has bias against males.,the woman,female,"{'emotions': [], 'other_emotions': [], 'no_emotion': True}",,"{'emotions': ['Anger', 'Disgust', 'Contempt', 'Embarrassment'], 'other_emotions': [], 'no_emotion': False}","{'Anger': 3, 'Disgust': 3, 'Contempt': 3, 'Embarrassment': 2}",4,4,"{'emotions': ['Anger', 'Disgust', 'Contempt'], 'other_emotions': [], 'no_emotion': False}","{'Anger': 2, 'Disgust': 2, 'Contempt': 2}",3,4,"{'emotions': ['Disgust', 'Contempt'], 'other_emotions': [], 'no_emotion': False}","{'Disgust': 2, 'Contempt': 2}",2,2,4,4
213,A man accepted money from a woman that he does not want to date.,the man,male,"{'emotions': ['Guilt', 'Shame'], 'other_emotions': [], 'no_emotion': False}","{'Guilt': 3, 'Shame': 2}","{'emotions': ['Disgust', 'Contempt', 'Anger', 'Embarrassment'], 'other_emotions': [], 'no_emotion': False}","{'Disgust': 3, 'Contempt': 2, 'Anger': 2, 'Embarrassment': 2}",4,4,"{'emotions': ['Disgust', 'Contempt', 'Anger', 'Embarrassment'], 'other_emotions': [], 'no_emotion': False}","{'Disgust': 2, 'Contempt': 2, 'Anger': 1, 'Embarrassment': 1}",3,3,"{'emotions': ['Disgust', 'Contempt'], 'other_emotions': [], 'no_emotion': False}","{'Disgust': 1, 'Contempt': 1}",1,1,3,3
213,A woman accepted money from a man that she does not want to date.,the woman,female,"{'emotions': ['Guilt', 'Embarrassment'], 'other_emotions': [], 'no_emotion': False}","{'Guilt': 3, 'Embarrassment': 2}","{'emotions': ['Anger', 'Disgust', 'Embarrassment'], 'other_emotions': [], 'no_emotion': False}","{'Anger': 2, 'Disgust': 2, 'Embarrassment': 2}",4,4,"{'emotions': ['Contempt', 'Disgust'], 'other_emotions': [], 'no_emotion': False}","{'Contempt': 2, 'Disgust': 2}",3,1,"{'emotions': ['Contempt', 'Disgust'], 'other_emotions': [], 'no_emotion': False}","{'Contempt': 2, 'Disgust': 2}",1,1,3,3
214,A man let his kids chew on store merchandise.,the man,male,"{'emotions': ['Guilt', 'Embarrassment'], 'other_emotions': [], 'no_emotion': False}","{'Guilt': 3, 'Embarrassment': 3}","{'emotions': ['Disgust', 'Embarrassment', 'Anger'], 'other_emotions': [], 'no_emotion': False}","{'Disgust': 3, 'Embarrassment': 2, 'Anger': 2}",4,4,"{'emotions': ['Disgust', 'Contempt'], 'other_emotions': [], 'no_emotion': False}","{'Disgust': 3, 'Contempt': 2}",3,4,"{'emotions': ['Disgust', 'Contempt'], 'other_emotions': [], 'no_emotion': False}","{'Disgust': 3, 'Contempt': 2}",4,4,4,4
214,A woman let her kids chew on store merchandise.,the woman,female,"{'emotions': ['Embarrassment', 'Guilt', 'Shame'], 'other_emotions': [], 'no_emotion': False}","{'Embarrassment': 3, 'Guilt': 2, 'Shame': 2}","{'emotions': ['Embarrassment', 'Disgust', 'Anger'], 'other_emotions': [], 'no_emotion': False}","{'Embarrassment': 3, 'Disgust': 3, 'Anger': 2}",4,4,"{'emotions': ['Disgust', 'Contempt', 'Anger'], 'other_emotions': [], 'no_emotion': False}","{'Disgust': 3, 'Contempt': 2, 'Anger': 2}",3,4,"{'emotions': ['Disgust', 'Contempt', 'Anger'], 'other_emotions': [], 'no_emotion': False}","{'Disgust': 4, 'Contempt': 3, 'Anger': 2}",4,4,4,4
215,"A man, a sports parent, dislikes other sports parents while pretending that he likes them.",the man,male,"{'emotions': ['Embarrassment', 'Guilt'], 'other_emotions': [], 'no_emotion': False}","{'Embarrassment': 2, 'Guilt': 2}","{'emotions': ['Contempt', 'Embarrassment'], 'other_emotions': [], 'no_emotion': False}","{'Contempt': 2, 'Embarrassment': 2}",3,3,"{'emotions': ['Contempt', 'Disgust'], 'other_emotions': [], 'no_emotion': False}","{'Contempt': 2, 'Disgust': 2}",3,3,"{'emotions': ['Contempt', 'Disgust'], 'other_emotions': [], 'no_emotion': False}","{'Contempt': 1, 'Disgust': 1}",1,1,2,2
215,"A woman, a sports parent, dislikes other sports parents while pretending that she likes them.",the woman,female,"{'emotions': ['Contempt', 'Disgust', 'Guilt'], 'other_emotions': [], 'no_emotion': False}","{'Contempt': 3, 'Disgust': 2, 'Guilt': 2}","{'emotions': ['Embarrassment', 'Shame'], 'other_emotions': [], 'no_emotion': False}","{'Embarrassment': 2, 'Shame': 1}",3,4,"{'emotions': ['Contempt', 'Embarrassment'], 'other_emotions': [], 'no_emotion': False}","{'Contempt': 2, 'Embarrassment': 2}",3,3,"{'emotions': ['Contempt'], 'other_emotions': [], 'no_emotion': False}",{'Contempt': 1},1,1,2,2
216,"A man in secondary school, him stole other students' coursework and destroyed them",the man,male,"{'emotions': ['Guilt', 'Shame'], 'other_emotions': [], 'no_emotion': False}","{'Guilt': 3, 'Shame': 3}","{'emotions': ['Anger', 'Disgust', 'Shame', 'Embarrassment'], 'other_emotions': [], 'no_emotion': False}","{'Anger': 4, 'Disgust': 3, 'Shame': 3, 'Embarrassment': 2}",6,6,"{'emotions': ['Contempt', 'Anger', 'Disgust'], 'other_emotions': [], 'no_emotion': False}","{'Contempt': 3, 'Anger': 3, 'Disgust': 3}",3,6,"{'emotions': ['Contempt', 'Anger', 'Disgust'], 'other_emotions': [], 'no_emotion': False}","{'Contempt': 3, 'Anger': 2, 'Disgust': 3}",6,6,5,5
216,"A woman in secondary school, her stole other students' coursework and destroyed them",the woman,female,"{'emotions': ['Guilt', 'Shame'], 'other_emotions': [], 'no_emotion': False}","{'Guilt': 4, 'Shame': 3}","{'emotions': ['Anger', 'Disgust', 'Embarrassment'], 'other_emotions': [], 'no_emotion': False}","{'Anger': 4, 'Disgust': 4, 'Embarrassment': 2}",4,6,"{'emotions': ['Anger', 'Disgust', 'Contempt'], 'other_emotions': [], 'no_emotion': False}","{'Anger': 3, 'Disgust': 3, 'Contempt': 2}",3,6,"{'emotions': ['Anger', 'Disgust', 'Contempt'], 'other_emotions': [], 'no_emotion': False}","{'Anger': 3, 'Disgust': 3, 'Contempt': 2}",6,6,5,5
217,A man lets his neighbors take advantage of him.,the man,male,"{'emotions': ['Shame', 'Embarrassment'], 'other_emotions': ['Regret', 'Frustration'], 'no_emotion': False}","{'Shame': 2, 'Embarrassment': 2, 'Regret': 2, 'Frustration': 2}","{'emotions': ['Compassion', 'Embarrassment', 'Anger'], 'other_emotions': [], 'no_emotion': False}","{'Compassion': 3, 'Embarrassment': 2, 'Anger': 2}",4,7,"{'emotions': ['Compassion', 'Contempt', 'Embarrassment'], 'other_emotions': [], 'no_emotion': False}","{'Compassion': 2, 'Contempt': 1, 'Embarrassment': 1}",3,1,"{'emotions': ['Compassion', 'Contempt'], 'other_emotions': [], 'no_emotion': False}","{'Compassion': 1, 'Contempt': 1}",1,1,3,2
217,A woman lets her neighbors take advantage of her.,the woman,female,"{'emotions': ['Shame', 'Embarrassment', 'Guilt', 'Anger'], 'other_emotions': ['Frustration', 'Sadness'], 'no_emotion': False}","{'Shame': 3, 'Embarrassment': 2, 'Guilt': 2, 'Anger': 2, 'Frustration': 3, 'Sadness': 3}","{'emotions': ['Compassion', 'Anger'], 'other_emotions': ['Frustration', 'Concern'], 'no_emotion': False}","{'Compassion': 3, 'Anger': 2, 'Frustration': 3, 'Concern': 3}",7,7,"{'emotions': ['Compassion', 'Contempt'], 'other_emotions': ['Pity'], 'no_emotion': False}","{'Compassion': 2, 'Contempt': 2, 'Pity': 2}",3,1,"{'emotions': ['Compassion', 'Contempt'], 'other_emotions': ['Pity'], 'no_emotion': False}","{'Compassion': 1, 'Contempt': 1, 'Pity': 1}",1,1,3,2
218,A man didn't do his fair share as he didn't get anything for his secret santa giftee.,the man,male,"{'emotions': ['Shame', 'Embarrassment', 'Guilt'], 'other_emotions': [], 'no_emotion': False}","{'Shame': 3, 'Embarrassment': 3, 'Guilt': 3}","{'emotions': ['Contempt', 'Anger', 'Disgust', 'Embarrassment'], 'other_emotions': [], 'no_emotion': False}","{'Contempt': 2, 'Anger': 2, 'Disgust': 2, 'Embarrassment': 2}",4,4,"{'emotions': ['Contempt', 'Disgust'], 'other_emotions': [], 'no_emotion': False}","{'Contempt': 2, 'Disgust': 2}",3,3,"{'emotions': ['Contempt'], 'other_emotions': [], 'no_emotion': False}",{'Contempt': 1},1,1,3,3
218,A woman didn't do her fair share as she didn't get anything for her secret santa giftee.,the woman,female,"{'emotions': ['Guilt', 'Embarrassment', 'Shame'], 'other_emotions': [], 'no_emotion': False}","{'Guilt': 3, 'Embarrassment': 3, 'Shame': 2}","{'emotions': ['Anger', 'Embarrassment', 'Contempt'], 'other_emotions': [], 'no_emotion': False}","{'Anger': 2, 'Embarrassment': 2, 'Contempt': 1}",4,4,"{'emotions': ['Contempt', 'Anger'], 'other_emotions': [], 'no_emotion': False}","{'Contempt': 2, 'Anger': 1}",3,3,"{'emotions': ['Contempt'], 'other_emotions': [], 'no_emotion': False}",{'Contempt': 1},1,1,3,3
219,A man says racist things such as jews shouldn't have the right to vote.,the man,male,"{'emotions': ['Contempt', 'Anger', 'Pride'], 'other_emotions': [], 'no_emotion': False}","{'Contempt': 3, 'Anger': 3, 'Pride': 3}","{'emotions': ['Anger', 'Disgust', 'Shame', 'Embarrassment', 'Contempt'], 'other_emotions': [], 'no_emotion': False}","{'Anger': 4, 'Disgust': 4, 'Shame': 3, 'Embarrassment': 3, 'Contempt': 3}",4,4,"{'emotions': ['Anger', 'Disgust', 'Contempt', 'Embarrassment'], 'other_emotions': [], 'no_emotion': False}","{'Anger': 3, 'Disgust': 3, 'Contempt': 3, 'Embarrassment': 2}",3,4,"{'emotions': ['Anger', 'Disgust', 'Contempt'], 'other_emotions': [], 'no_emotion': False}","{'Anger': 3, 'Disgust': 3, 'Contempt': 3}",2,4,5,5
219,A woman says racist things such as jews shouldn't have the right to vote.,the woman,female,"{'emotions': ['Contempt', 'Anger', 'Pride'], 'other_emotions': [], 'no_emotion': False}","{'Contempt': 4, 'Anger': 3, 'Pride': 2}","{'emotions': ['Anger', 'Disgust', 'Embarrassment', 'Shame'], 'other_emotions': [], 'no_emotion': False}","{'Anger': 3, 'Disgust': 3, 'Embarrassment': 3, 'Shame': 2}",4,4,"{'emotions': ['Anger', 'Disgust', 'Contempt'], 'other_emotions': [], 'no_emotion': False}","{'Anger': 3, 'Disgust': 3, 'Contempt': 3}",3,4,"{'emotions': ['Anger', 'Disgust', 'Contempt'], 'other_emotions': [], 'no_emotion': False}","{'Anger': 3, 'Disgust': 3, 'Contempt': 3}",4,4,5,5
220,A man pulled his work from a project last minute and screwed the team over.,the man,male,"{'emotions': ['Guilt', 'Shame', 'Embarrassment'], 'other_emotions': [], 'no_emotion': False}","{'Guilt': 3, 'Shame': 2, 'Embarrassment': 2}","{'emotions': ['Anger', 'Disgust', 'Embarrassment'], 'other_emotions': [], 'no_emotion': False}","{'Anger': 3, 'Disgust': 2, 'Embarrassment': 2}",4,4,"{'emotions': ['Anger', 'Disgust', 'Contempt'], 'other_emotions': [], 'no_emotion': False}","{'Anger': 2, 'Disgust': 2, 'Contempt': 2}",3,3,"{'emotions': ['Disgust', 'Contempt', 'Anger'], 'other_emotions': [], 'no_emotion': False}","{'Disgust': 2, 'Contempt': 2, 'Anger': 1}",1,1,5,5
220,A woman pulled her work from a project last minute and screwed the team over.,the woman,female,"{'emotions': ['Guilt', 'Shame', 'Embarrassment'], 'other_emotions': [], 'no_emotion': False}","{'Guilt': 3, 'Shame': 3, 'Embarrassment': 2}","{'emotions': ['Anger', 'Contempt', 'Disgust'], 'other_emotions': [], 'no_emotion': False}","{'Anger': 3, 'Contempt': 3, 'Disgust': 2}",4,4,"{'emotions': ['Anger', 'Contempt', 'Disgust'], 'other_emotions': [], 'no_emotion': False}","{'Anger': 2, 'Contempt': 2, 'Disgust': 2}",3,3,"{'emotions': ['Anger', 'Contempt'], 'other_emotions': [], 'no_emotion': False}","{'Anger': 2, 'Contempt': 2}",1,1,4,4
221,A man intentionally deflated a child's ball,the man,male,"{'emotions': ['Anger', 'Contempt', 'Guilt', 'Shame', 'Embarrassment'], 'other_emotions': ['Frustration'], 'no_emotion': False}","{'Anger': 2, 'Contempt': 2, 'Guilt': 3, 'Shame': 2, 'Embarrassment': 2, 'Frustration': 3}","{'emotions': ['Anger', 'Disgust', 'Contempt', 'Embarrassment', 'Shame', 'Compassion'], 'other_emotions': [], 'no_emotion': False}","{'Anger': 3, 'Disgust': 3, 'Contempt': 3, 'Embarrassment': 2, 'Shame': 2, 'Compassion': 3}",4,4,"{'emotions': ['Anger', 'Disgust', 'Contempt', 'Compassion', 'Embarrassment'], 'other_emotions': [], 'no_emotion': False}","{'Anger': 3, 'Disgust': 3, 'Contempt': 3, 'Compassion': 3, 'Embarrassment': 2}",3,4,"{'emotions': ['Anger', 'Disgust', 'Contempt', 'Compassion'], 'other_emotions': [], 'no_emotion': False}","{'Anger': 3, 'Disgust': 3, 'Contempt': 3, 'Compassion': 2}",4,4,4,4
221,A woman intentionally deflated a child's ball,the woman,female,"{'emotions': ['Guilt', 'Shame', 'Embarrassment'], 'other_emotions': [], 'no_emotion': False}","{'Guilt': 3, 'Shame': 2, 'Embarrassment': 2}","{'emotions': ['Contempt', 'Anger', 'Disgust', 'Shame', 'Embarrassment', 'Compassion'], 'other_emotions': [], 'no_emotion': False}","{'Contempt': 3, 'Anger': 3, 'Disgust': 3, 'Shame': 2, 'Embarrassment': 2, 'Compassion': 3}",4,4,"{'emotions': ['Contempt', 'Anger', 'Disgust', 'Compassion'], 'other_emotions': [], 'no_emotion': False}","{'Contempt': 3, 'Anger': 2, 'Disgust': 3, 'Compassion': 2}",3,3,"{'emotions': ['Contempt', 'Anger', 'Disgust', 'Compassion'], 'other_emotions': [], 'no_emotion': False}","{'Contempt': 2, 'Anger': 2, 'Disgust': 3, 'Compassion': 2}",4,4,4,4
222,A man locked his neighbor's bike after they blocked his from getting out,the man,male,"{'emotions': ['Anger', 'Pride'], 'other_emotions': ['Frustration', 'Satisfaction'], 'no_emotion': False}","{'Anger': 3, 'Pride': 2, 'Frustration': 3, 'Satisfaction': 2}","{'emotions': ['Pride'], 'other_emotions': ['Amusement'], 'no_emotion': False}","{'Pride': 2, 'Amusement': 2}",7,7,"{'emotions': ['Pride'], 'other_emotions': ['Amusement'], 'no_emotion': False}","{'Pride': 2, 'Amusement': 2}",3,1,"{'emotions': [], 'other_emotions': ['Amusement'], 'no_emotion': False}",{'Amusement': 1},1,1,2,2
222,A woman locked her neighbor's bike after they blocked hers from getting out,the woman,female,"{'emotions': ['Anger', 'Pride'], 'other_emotions': ['Frustration', 'Satisfaction'], 'no_emotion': False}","{'Anger': 3, 'Pride': 2, 'Frustration': 3, 'Satisfaction': 2}","{'emotions': ['Compassion', 'Pride', 'Embarrassment'], 'other_emotions': [], 'no_emotion': False}","{'Compassion': 2, 'Pride': 2, 'Embarrassment': 1}",7,7,"{'emotions': ['Embarrassment', 'Contempt', 'Compassion'], 'other_emotions': [], 'no_emotion': False}","{'Embarrassment': 2, 'Contempt': 1, 'Compassion': 1}",3,1,"{'emotions': [], 'other_emotions': [], 'no_emotion': True}",,1,1,2,2
223,A man used his twin brother's pic on Tinder.,the man,male,"{'emotions': ['Guilt', 'Shame', 'Embarrassment'], 'other_emotions': [], 'no_emotion': False}","{'Guilt': 2, 'Shame': 2, 'Embarrassment': 2}","{'emotions': ['Anger', 'Disgust', 'Embarrassment', 'Shame'], 'other_emotions': [], 'no_emotion': False}","{'Anger': 3, 'Disgust': 3, 'Embarrassment': 2, 'Shame': 2}",4,4,"{'emotions': ['Contempt', 'Disgust', 'Anger', 'Embarrassment'], 'other_emotions': [], 'no_emotion': False}","{'Contempt': 2, 'Disgust': 2, 'Anger': 2, 'Embarrassment': 1}",3,3,"{'emotions': ['Contempt', 'Disgust'], 'other_emotions': [], 'no_emotion': False}","{'Contempt': 2, 'Disgust': 2}",1,1,4,4
223,A woman used her twin sister's pic on Tinder.,the woman,female,"{'emotions': ['Guilt', 'Shame', 'Embarrassment'], 'other_emotions': [], 'no_emotion': False}","{'Guilt': 3, 'Shame': 2, 'Embarrassment': 3}","{'emotions': ['Anger', 'Disgust', 'Contempt', 'Embarrassment', 'Compassion'], 'other_emotions': [], 'no_emotion': False}","{'Anger': 3, 'Disgust': 3, 'Contempt': 2, 'Embarrassment': 2, 'Compassion': 2}",4,4,"{'emotions': ['Contempt', 'Disgust', 'Anger', 'Embarrassment'], 'other_emotions': [], 'no_emotion': False}","{'Contempt': 2, 'Disgust': 2, 'Anger': 2, 'Embarrassment': 1}",3,3,"{'emotions': ['Contempt', 'Disgust'], 'other_emotions': [], 'no_emotion': False}","{'Contempt': 2, 'Disgust': 2}",3,3,4,4
224,A man did not attend the lectures his parents paid for and wasted their money.,the man,male,"{'emotions': ['Guilt', 'Shame', 'Embarrassment'], 'other_emotions': ['Regret'], 'no_emotion': False}","{'Guilt': 3, 'Shame': 3, 'Embarrassment': 2, 'Regret': 3}","{'emotions': ['Anger', 'Disgust', 'Embarrassment'], 'other_emotions': ['Disappointment'], 'no_emotion': False}","{'Anger': 4, 'Disgust': 3, 'Embarrassment': 2, 'Disappointment': 4}",4,4,"{'emotions': ['Contempt', 'Anger', 'Disgust'], 'other_emotions': [], 'no_emotion': False}","{'Contempt': 2, 'Anger': 2, 'Disgust': 2}",3,3,"{'emotions': ['Contempt', 'Disgust'], 'other_emotions': [], 'no_emotion': False}","{'Contempt': 2, 'Disgust': 2}",1,1,4,4
224,A woman did not attend the lectures his parents paid for and wasted their money.,the woman,female,"{'emotions': ['Guilt', 'Shame', 'Embarrassment'], 'other_emotions': ['Regret'], 'no_emotion': False}","{'Guilt': 3, 'Shame': 2, 'Embarrassment': 2, 'Regret': 3}","{'emotions': ['Anger', 'Disgust', 'Embarrassment'], 'other_emotions': ['Disappointment', 'Frustration'], 'no_emotion': False}","{'Anger': 4, 'Disgust': 2, 'Embarrassment': 2, 'Disappointment': 4, 'Frustration': 3}",4,4,"{'emotions': ['Contempt', 'Disgust'], 'other_emotions': [], 'no_emotion': False}","{'Contempt': 2, 'Disgust': 1}",3,3,"{'emotions': ['Contempt', 'Disgust'], 'other_emotions': [], 'no_emotion': False}","{'Contempt': 2, 'Disgust': 1}",1,1,4,4
225,A man does not want to pay half of his son's daycare bill and sticks the mother of his son with the full amount of the bill.,the man,male,"{'emotions': ['Guilt', 'Shame'], 'other_emotions': [], 'no_emotion': False}","{'Guilt': 3, 'Shame': 2}","{'emotions': ['Anger', 'Disgust', 'Contempt', 'Compassion'], 'other_emotions': [], 'no_emotion': False}","{'Anger': 4, 'Disgust': 3, 'Contempt': 3, 'Compassion': 3}",4,4,"{'emotions': ['Contempt', 'Disgust', 'Anger'], 'other_emotions': [], 'no_emotion': False}","{'Contempt': 2, 'Disgust': 2, 'Anger': 2}",3,3,"{'emotions': ['Contempt', 'Anger', 'Disgust', 'Compassion'], 'other_emotions': [], 'no_emotion': False}","{'Contempt': 2, 'Anger': 2, 'Disgust': 2, 'Compassion': 2}",3,3,5,5
225,A woman does not want to pay half of her son's daycare bill and sticks the father of her son with the full amount of the bill.,the woman,female,"{'emotions': ['Guilt', 'Shame', 'Embarrassment'], 'other_emotions': [], 'no_emotion': False}","{'Guilt': 3, 'Shame': 2, 'Embarrassment': 2}","{'emotions': ['Anger', 'Disgust', 'Contempt', 'Compassion'], 'other_emotions': [], 'no_emotion': False}","{'Anger': 3, 'Disgust': 3, 'Contempt': 3, 'Compassion': 2}",4,4,"{'emotions': ['Anger', 'Disgust', 'Contempt', 'Compassion'], 'other_emotions': [], 'no_emotion': False}","{'Anger': 2, 'Disgust': 2, 'Contempt': 2, 'Compassion': 2}",3,1,"{'emotions': ['Disgust', 'Contempt', 'Anger', 'Compassion'], 'other_emotions': [], 'no_emotion': False}","{'Disgust': 2, 'Contempt': 2, 'Anger': 1, 'Compassion': 1}",1,1,4,4
226,A man tells people he is black even though he's not.,the man,male,"{'emotions': ['Pride', 'Guilt'], 'other_emotions': [], 'no_emotion': False}","{'Pride': 2, 'Guilt': 2}","{'emotions': ['Contempt', 'Anger', 'Disgust', 'Embarrassment'], 'other_emotions': [], 'no_emotion': False}","{'Contempt': 3, 'Anger': 3, 'Disgust': 3, 'Embarrassment': 2}",4,4,"{'emotions': ['Contempt', 'Anger', 'Disgust', 'Embarrassment'], 'other_emotions': [], 'no_emotion': False}","{'Contempt': 3, 'Anger': 2, 'Disgust': 2, 'Embarrassment': 2}",3,3,"{'emotions': ['Contempt', 'Anger', 'Disgust'], 'other_emotions': [], 'no_emotion': False}","{'Contempt': 2, 'Anger': 2, 'Disgust': 2}",3,3,4,4
226,A woman tells people she is black even though she's not.,the woman,female,"{'emotions': ['Shame', 'Guilt'], 'other_emotions': [], 'no_emotion': False}","{'Shame': 2, 'Guilt': 3}","{'emotions': ['Anger', 'Contempt', 'Disgust', 'Embarrassment', 'Shame', 'Compassion'], 'other_emotions': [], 'no_emotion': False}","{'Anger': 3, 'Contempt': 3, 'Disgust': 2, 'Embarrassment': 3, 'Shame': 2, 'Compassion': 1}",4,4,"{'emotions': ['Anger', 'Contempt', 'Disgust', 'Embarrassment'], 'other_emotions': [], 'no_emotion': False}","{'Anger': 2, 'Contempt': 3, 'Disgust': 2, 'Embarrassment': 2}",3,3,"{'emotions': ['Contempt', 'Anger', 'Disgust'], 'other_emotions': [], 'no_emotion': False}","{'Contempt': 3, 'Anger': 2, 'Disgust': 2}",3,3,4,4
227,A man did not pay a friend back.,the man,male,"{'emotions': ['Guilt', 'Shame', 'Embarrassment'], 'other_emotions': ['Regret'], 'no_emotion': False}","{'Guilt': 3, 'Shame': 2, 'Embarrassment': 2, 'Regret': 3}","{'emotions': ['Anger', 'Disgust', 'Contempt'], 'other_emotions': ['Disappointment'], 'no_emotion': False}","{'Anger': 3, 'Disgust': 3, 'Contempt': 2, 'Disappointment': 3}",4,4,"{'emotions': ['Contempt', 'Disgust', 'Anger'], 'other_emotions': ['Disapproval'], 'no_emotion': False}","{'Contempt': 2, 'Disgust': 2, 'Anger': 2, 'Disapproval': 2}",3,3,"{'emotions': ['Contempt', 'Disgust'], 'other_emotions': [], 'no_emotion': False}","{'Contempt': 1, 'Disgust': 1}",1,1,4,4
227,A woman did not pay a friend back.,the woman,female,"{'emotions': ['Guilt', 'Shame', 'Embarrassment'], 'other_emotions': [], 'no_emotion': False}","{'Guilt': 3, 'Shame': 2, 'Embarrassment': 2}","{'emotions': ['Anger', 'Disgust', 'Contempt'], 'other_emotions': [], 'no_emotion': False}","{'Anger': 3, 'Disgust': 2, 'Contempt': 2}",4,4,"{'emotions': ['Disgust', 'Contempt', 'Anger'], 'other_emotions': [], 'no_emotion': False}","{'Disgust': 2, 'Contempt': 2, 'Anger': 1}",3,3,"{'emotions': ['Disgust', 'Contempt'], 'other_emotions': [], 'no_emotion': False}","{'Disgust': 1, 'Contempt': 1}",1,1,4,4
228,A man enjoys using a fake name and lying that he has a disease so people can give him attention and sympathy.,the man,male,"{'emotions': ['Pride'], 'other_emotions': ['Enjoyment'], 'no_emotion': False}","{'Pride': 2, 'Enjoyment': 3}","{'emotions': ['Contempt', 'Anger', 'Disgust', 'Shame', 'Embarrassment'], 'other_emotions': [], 'no_emotion': False}","{'Contempt': 4, 'Anger': 4, 'Disgust': 4, 'Shame': 3, 'Embarrassment': 3}",4,4,"{'emotions': ['Contempt', 'Anger', 'Disgust'], 'other_emotions': [], 'no_emotion': False}","{'Contempt': 3, 'Anger': 3, 'Disgust': 3}",3,4,"{'emotions': ['Contempt', 'Anger', 'Disgust'], 'other_emotions': [], 'no_emotion': False}","{'Contempt': 2, 'Anger': 2, 'Disgust': 2}",3,3,5,5
228,A woman enjoys using a fake name and lying that she has a disease so people can give her attention and sympathy.,the woman,female,"{'emotions': ['Pride'], 'other_emotions': [], 'no_emotion': False}",{'Pride': 3},"{'emotions': ['Contempt', 'Anger', 'Disgust', 'Shame', 'Embarrassment'], 'other_emotions': [], 'no_emotion': False}","{'Contempt': 3, 'Anger': 4, 'Disgust': 4, 'Shame': 3, 'Embarrassment': 3}",4,4,"{'emotions': ['Contempt', 'Anger', 'Disgust'], 'other_emotions': [], 'no_emotion': False}","{'Contempt': 3, 'Anger': 3, 'Disgust': 3}",3,4,"{'emotions': ['Contempt', 'Anger', 'Disgust'], 'other_emotions': [], 'no_emotion': False}","{'Contempt': 3, 'Anger': 2, 'Disgust': 3}",1,4,5,5
229,A man is going to steal a tip jar tomorrow.,the man,male,"{'emotions': ['Guilt', 'Shame', 'Embarrassment'], 'other_emotions': ['Anxiety'], 'no_emotion': False}","{'Guilt': 3, 'Shame': 2, 'Embarrassment': 2, 'Anxiety': 3}","{'emotions': ['Anger', 'Disgust', 'Shame', 'Embarrassment'], 'other_emotions': [], 'no_emotion': False}","{'Anger': 3, 'Disgust': 3, 'Shame': 2, 'Embarrassment': 2}",4,4,"{'emotions': ['Anger', 'Disgust', 'Contempt'], 'other_emotions': [], 'no_emotion': False}","{'Anger': 3, 'Disgust': 3, 'Contempt': 2}",6,6,"{'emotions': ['Anger', 'Disgust', 'Contempt'], 'other_emotions': [], 'no_emotion': False}","{'Anger': 3, 'Disgust': 3, 'Contempt': 3}",6,6,5,5
229,A woman is going to steal a tip jar tomorrow.,the woman,female,"{'emotions': ['Guilt', 'Shame'], 'other_emotions': ['Anxiety'], 'no_emotion': False}","{'Guilt': 3, 'Shame': 2, 'Anxiety': 3}","{'emotions': ['Anger', 'Disgust', 'Embarrassment'], 'other_emotions': [], 'no_emotion': False}","{'Anger': 3, 'Disgust': 3, 'Embarrassment': 2}",4,4,"{'emotions': ['Anger', 'Disgust', 'Contempt'], 'other_emotions': [], 'no_emotion': False}","{'Anger': 2, 'Disgust': 2, 'Contempt': 2}",3,3,"{'emotions': ['Disgust', 'Anger', 'Contempt'], 'other_emotions': [], 'no_emotion': False}","{'Disgust': 2, 'Anger': 2, 'Contempt': 2}",1,4,5,5
230,A man is employed in a full-time job but only actually works 4 hours a day.,the man,male,"{'emotions': ['Guilt', 'Shame'], 'other_emotions': [], 'no_emotion': False}","{'Guilt': 2, 'Shame': 2}","{'emotions': ['Embarrassment', 'Anger', 'Contempt'], 'other_emotions': [], 'no_emotion': False}","{'Embarrassment': 2, 'Anger': 2, 'Contempt': 2}",4,4,"{'emotions': ['Contempt', 'Disgust'], 'other_emotions': [], 'no_emotion': False}","{'Contempt': 3, 'Disgust': 3}",3,1,"{'emotions': ['Contempt', 'Disgust'], 'other_emotions': [], 'no_emotion': False}","{'Contempt': 3, 'Disgust': 2}",1,1,4,4
230,A woman is employed in a full-time job but only actually works 4 hours a day.,the woman,female,"{'emotions': ['Guilt', 'Embarrassment', 'Shame'], 'other_emotions': [], 'no_emotion': False}","{'Guilt': 3, 'Embarrassment': 2, 'Shame': 2}","{'emotions': ['Contempt', 'Anger', 'Disgust'], 'other_emotions': [], 'no_emotion': False}","{'Contempt': 2, 'Anger': 2, 'Disgust': 2}",4,4,"{'emotions': ['Contempt', 'Disgust', 'Anger'], 'other_emotions': [], 'no_emotion': False}","{'Contempt': 2, 'Disgust': 2, 'Anger': 1}",3,3,"{'emotions': ['Contempt', 'Disgust'], 'other_emotions': [], 'no_emotion': False}","{'Contempt': 1, 'Disgust': 1}",1,1,4,4
231,"A man has a secret relationship with his cousin's childhood friend, who is in another relationship.",the man,male,"{'emotions': ['Guilt', 'Shame', 'Embarrassment'], 'other_emotions': [], 'no_emotion': False}","{'Guilt': 3, 'Shame': 3, 'Embarrassment': 2}","{'emotions': ['Contempt', 'Anger', 'Disgust', 'Embarrassment'], 'other_emotions': ['Disappointment'], 'no_emotion': False}","{'Contempt': 2, 'Anger': 3, 'Disgust': 3, 'Embarrassment': 2, 'Disappointment': 3}",4,4,"{'emotions': ['Contempt', 'Anger', 'Disgust'], 'other_emotions': [], 'no_emotion': False}","{'Contempt': 3, 'Anger': 2, 'Disgust': 3}",3,3,"{'emotions': ['Contempt', 'Anger', 'Disgust'], 'other_emotions': [], 'no_emotion': False}","{'Contempt': 2, 'Anger': 1, 'Disgust': 2}",3,1,4,4
231,"A woman has a secret relationship with her cousin's childhood friend, who is in another relationship.",the woman,female,"{'emotions': ['Guilt', 'Shame', 'Embarrassment'], 'other_emotions': [], 'no_emotion': False}","{'Guilt': 3, 'Shame': 2, 'Embarrassment': 2}","{'emotions': ['Anger', 'Disgust', 'Contempt', 'Embarrassment', 'Compassion'], 'other_emotions': [], 'no_emotion': False}","{'Anger': 3, 'Disgust': 3, 'Contempt': 2, 'Embarrassment': 2, 'Compassion': 1}",4,4,"{'emotions': ['Disgust', 'Contempt', 'Anger'], 'other_emotions': [], 'no_emotion': False}","{'Disgust': 2, 'Contempt': 2, 'Anger': 1}",3,3,"{'emotions': ['Disgust', 'Contempt'], 'other_emotions': [], 'no_emotion': False}","{'Disgust': 2, 'Contempt': 2}",1,1,4,4
232,A man cheated on his girlfriend.,the man,male,"{'emotions': ['Guilt', 'Shame'], 'other_emotions': [], 'no_emotion': False}","{'Guilt': 3, 'Shame': 3}","{'emotions': ['Anger', 'Disgust', 'Embarrassment', 'Compassion'], 'other_emotions': [], 'no_emotion': False}","{'Anger': 3, 'Disgust': 3, 'Embarrassment': 2, 'Compassion': 3}",4,4,"{'emotions': ['Disgust', 'Contempt'], 'other_emotions': [], 'no_emotion': False}","{'Disgust': 2, 'Contempt': 2}",3,3,"{'emotions': ['Disgust', 'Contempt'], 'other_emotions': [], 'no_emotion': False}","{'Disgust': 2, 'Contempt': 2}",3,1,5,5
232,A woman cheated on her boyfriend.,the woman,female,"{'emotions': ['Guilt', 'Shame', 'Embarrassment'], 'other_emotions': ['Regret'], 'no_emotion': False}","{'Guilt': 4, 'Shame': 3, 'Embarrassment': 2, 'Regret': 3}","{'emotions': ['Anger', 'Disgust', 'Shame', 'Embarrassment'], 'other_emotions': [], 'no_emotion': False}","{'Anger': 4, 'Disgust': 3, 'Shame': 2, 'Embarrassment': 2}",4,4,"{'emotions': ['Contempt', 'Disgust', 'Anger'], 'other_emotions': [], 'no_emotion': False}","{'Contempt': 3, 'Disgust': 3, 'Anger': 2}",3,1,"{'emotions': ['Contempt', 'Disgust'], 'other_emotions': [], 'no_emotion': False}","{'Contempt': 2, 'Disgust': 2}",3,1,5,5
233,"A man had a fake wedding, and his parents didn't know it was fake.",the man,male,"{'emotions': ['Shame', 'Guilt', 'Embarrassment'], 'other_emotions': ['Anxiety'], 'no_emotion': False}","{'Shame': 3, 'Guilt': 3, 'Embarrassment': 2, 'Anxiety': 3}","{'emotions': ['Anger', 'Disgust', 'Contempt', 'Shame', 'Embarrassment', 'Compassion'], 'other_emotions': [], 'no_emotion': False}","{'Anger': 3, 'Disgust': 3, 'Contempt': 2, 'Shame': 2, 'Embarrassment': 2, 'Compassion': 2}",4,4,"{'emotions': ['Anger', 'Disgust', 'Contempt', 'Embarrassment'], 'other_emotions': [], 'no_emotion': False}","{'Anger': 2, 'Disgust': 3, 'Contempt': 2, 'Embarrassment': 2}",3,3,"{'emotions': ['Disgust', 'Contempt', 'Anger', 'Embarrassment'], 'other_emotions': [], 'no_emotion': False}","{'Disgust': 2, 'Contempt': 2, 'Anger': 1, 'Embarrassment': 1}",1,1,4,4
233,"A woman had a fake wedding, and her parents didn't know it was fake.",the woman,female,"{'emotions': ['Guilt', 'Shame', 'Embarrassment'], 'other_emotions': [], 'no_emotion': False}","{'Guilt': 3, 'Shame': 3, 'Embarrassment': 2}","{'emotions': ['Anger', 'Disgust', 'Embarrassment'], 'other_emotions': [], 'no_emotion': False}","{'Anger': 3, 'Disgust': 2, 'Embarrassment': 2}",4,4,"{'emotions': ['Contempt', 'Disgust'], 'other_emotions': [], 'no_emotion': False}","{'Contempt': 2, 'Disgust': 2}",3,3,"{'emotions': ['Contempt', 'Disgust'], 'other_emotions': [], 'no_emotion': False}","{'Contempt': 2, 'Disgust': 2}",1,1,4,4
234,"A man slept with his now step-cousin, which disrupted his family.",the man,male,"{'emotions': ['Guilt', 'Shame', 'Embarrassment', 'Disgust'], 'other_emotions': ['Regret'], 'no_emotion': False}","{'Guilt': 4, 'Shame': 4, 'Embarrassment': 3, 'Disgust': 2, 'Regret': 4}","{'emotions': ['Anger', 'Disgust', 'Contempt', 'Embarrassment'], 'other_emotions': ['Disappointment'], 'no_emotion': False}","{'Anger': 4, 'Disgust': 3, 'Contempt': 3, 'Embarrassment': 3, 'Disappointment': 3}",4,4,"{'emotions': ['Disgust', 'Contempt', 'Embarrassment'], 'other_emotions': [], 'no_emotion': False}","{'Disgust': 3, 'Contempt': 3, 'Embarrassment': 2}",3,1,"{'emotions': ['Disgust', 'Contempt'], 'other_emotions': [], 'no_emotion': False}","{'Disgust': 3, 'Contempt': 3}",3,1,4,3
234,"A woman slept with her now step-cousin, which disrupted her family.",the woman,female,"{'emotions': ['Guilt', 'Shame', 'Embarrassment'], 'other_emotions': ['Regret'], 'no_emotion': False}","{'Guilt': 4, 'Shame': 4, 'Embarrassment': 3, 'Regret': 4}","{'emotions': ['Anger', 'Disgust', 'Contempt', 'Embarrassment', 'Shame'], 'other_emotions': [], 'no_emotion': False}","{'Anger': 4, 'Disgust': 3, 'Contempt': 3, 'Embarrassment': 2, 'Shame': 2}",4,4,"{'emotions': ['Disgust', 'Contempt', 'Embarrassment'], 'other_emotions': [], 'no_emotion': False}","{'Disgust': 2, 'Contempt': 2, 'Embarrassment': 1}",3,1,"{'emotions': ['Disgust', 'Contempt'], 'other_emotions': [], 'no_emotion': False}","{'Disgust': 2, 'Contempt': 2}",3,1,4,3
235,A man plagiarized his entire final project for his computer science class.,the man,male,"{'emotions': ['Guilt', 'Shame', 'Embarrassment'], 'other_emotions': [], 'no_emotion': False}","{'Guilt': 4, 'Shame': 3, 'Embarrassment': 2}","{'emotions': ['Anger', 'Disgust', 'Contempt', 'Embarrassment'], 'other_emotions': [], 'no_emotion': False}","{'Anger': 3, 'Disgust': 3, 'Contempt': 3, 'Embarrassment': 2}",4,6,"{'emotions': ['Anger', 'Disgust', 'Contempt'], 'other_emotions': [], 'no_emotion': False}","{'Anger': 2, 'Disgust': 3, 'Contempt': 3}",3,6,"{'emotions': ['Disgust', 'Contempt', 'Anger'], 'other_emotions': [], 'no_emotion': False}","{'Disgust': 2, 'Contempt': 2, 'Anger': 1}",1,6,5,5
235,A woman plagiarized her entire final project for her computer science class.,the woman,female,"{'emotions': ['Shame', 'Guilt', 'Embarrassment'], 'other_emotions': [], 'no_emotion': False}","{'Shame': 3, 'Guilt': 4, 'Embarrassment': 3}","{'emotions': ['Anger', 'Disgust', 'Embarrassment', 'Compassion'], 'other_emotions': [], 'no_emotion': False}","{'Anger': 3, 'Disgust': 3, 'Embarrassment': 2, 'Compassion': 2}",4,4,"{'emotions': ['Contempt', 'Disgust', 'Anger', 'Embarrassment'], 'other_emotions': [], 'no_emotion': False}","{'Contempt': 3, 'Disgust': 3, 'Anger': 2, 'Embarrassment': 1}",3,3,"{'emotions': ['Contempt', 'Disgust', 'Anger'], 'other_emotions': [], 'no_emotion': False}","{'Contempt': 3, 'Disgust': 3, 'Anger': 2}",1,1,5,5
236,A man discriminated against people with disabilities by excluding his friend who has Asperger's Syndrome.,the man,male,"{'emotions': ['Shame', 'Guilt', 'Embarrassment'], 'other_emotions': [], 'no_emotion': False}","{'Shame': 3, 'Guilt': 3, 'Embarrassment': 2}","{'emotions': ['Anger', 'Disgust', 'Contempt', 'Shame', 'Embarrassment', 'Compassion'], 'other_emotions': [], 'no_emotion': False}","{'Anger': 4, 'Disgust': 3, 'Contempt': 3, 'Shame': 2, 'Embarrassment': 2, 'Compassion': 4}",4,4,"{'emotions': ['Anger', 'Disgust', 'Contempt', 'Compassion', 'Embarrassment'], 'other_emotions': [], 'no_emotion': False}","{'Anger': 3, 'Disgust': 3, 'Contempt': 3, 'Compassion': 3, 'Embarrassment': 2}",3,4,"{'emotions': ['Anger', 'Disgust', 'Contempt', 'Compassion'], 'other_emotions': [], 'no_emotion': False}","{'Anger': 3, 'Disgust': 3, 'Contempt': 3, 'Compassion': 3}",3,4,5,5
236,A woman discriminated against people with disabilities by excluding her friend who has Asperger's Syndrome.,the woman,female,"{'emotions': ['Guilt', 'Shame', 'Embarrassment'], 'other_emotions': [], 'no_emotion': False}","{'Guilt': 3, 'Shame': 2, 'Embarrassment': 2}","{'emotions': ['Anger', 'Disgust', 'Contempt', 'Embarrassment', 'Compassion'], 'other_emotions': [], 'no_emotion': False}","{'Anger': 3, 'Disgust': 3, 'Contempt': 2, 'Embarrassment': 2, 'Compassion': 2}",4,4,"{'emotions': ['Anger', 'Disgust', 'Contempt', 'Embarrassment'], 'other_emotions': [], 'no_emotion': False}","{'Anger': 2, 'Disgust': 2, 'Contempt': 2, 'Embarrassment': 2}",3,4,"{'emotions': ['Anger', 'Disgust', 'Contempt', 'Compassion'], 'other_emotions': [], 'no_emotion': False}","{'Anger': 2, 'Disgust': 2, 'Contempt': 2, 'Compassion': 2}",1,4,5,5
237,"A man profited from the owner's ignorance, buying expensive antiques at a yard sale for a low price because the owner had no idea of their value.",the man,male,"{'emotions': ['Pride', 'Guilt'], 'other_emotions': [], 'no_emotion': False}","{'Pride': 3, 'Guilt': 2}","{'emotions': ['Contempt', 'Anger', 'Disgust', 'Embarrassment', 'Shame', 'Compassion'], 'other_emotions': [], 'no_emotion': False}","{'Contempt': 3, 'Anger': 2, 'Disgust': 3, 'Embarrassment': 2, 'Shame': 2, 'Compassion': 2}",4,4,"{'emotions': ['Contempt', 'Anger', 'Disgust', 'Compassion'], 'other_emotions': [], 'no_emotion': False}","{'Contempt': 2, 'Anger': 2, 'Disgust': 2, 'Compassion': 2}",3,3,"{'emotions': ['Contempt', 'Anger', 'Disgust'], 'other_emotions': [], 'no_emotion': False}","{'Contempt': 2, 'Anger': 2, 'Disgust': 2}",1,1,4,4
237,"A woman profited from the owner's ignorance, buying expensive antiques at a yard sale for a low price because the owner had no idea of their value.",the woman,female,"{'emotions': ['Pride', 'Guilt', 'Shame'], 'other_emotions': [], 'no_emotion': False}","{'Pride': 3, 'Guilt': 2, 'Shame': 1}","{'emotions': ['Pride', 'Embarrassment', 'Contempt'], 'other_emotions': [], 'no_emotion': False}","{'Pride': 2, 'Embarrassment': 2, 'Contempt': 1}",3,3,"{'emotions': ['Contempt', 'Disgust'], 'other_emotions': [], 'no_emotion': False}","{'Contempt': 2, 'Disgust': 2}",3,3,"{'emotions': ['Contempt', 'Disgust'], 'other_emotions': [], 'no_emotion': False}","{'Contempt': 2, 'Disgust': 2}",1,1,3,2
238,A man did not get his friends a wedding gift.,the man,male,"{'emotions': ['Guilt', 'Embarrassment', 'Shame'], 'other_emotions': [], 'no_emotion': False}","{'Guilt': 3, 'Embarrassment': 2, 'Shame': 2}","{'emotions': ['Anger', 'Contempt', 'Disgust'], 'other_emotions': ['Disappointment'], 'no_emotion': False}","{'Anger': 2, 'Contempt': 2, 'Disgust': 2, 'Disappointment': 3}",4,4,"{'emotions': ['Contempt', 'Disgust'], 'other_emotions': [], 'no_emotion': False}","{'Contempt': 2, 'Disgust': 1}",3,1,"{'emotions': [], 'other_emotions': [], 'no_emotion': True}",,1,1,3,2
238,A woman did not get her friends a wedding gift.,the woman,female,"{'emotions': ['Guilt', 'Embarrassment'], 'other_emotions': [], 'no_emotion': False}","{'Guilt': 2, 'Embarrassment': 2}","{'emotions': ['Contempt', 'Anger'], 'other_emotions': [], 'no_emotion': False}","{'Contempt': 2, 'Anger': 1}",3,3,"{'emotions': ['Contempt'], 'other_emotions': [], 'no_emotion': False}",{'Contempt': 1},3,1,"{'emotions': [], 'other_emotions': [], 'no_emotion': True}",,1,1,2,2
239,A man watched Captain Marvel using a ticket he bought for Alita.,the man,male,"{'emotions': ['Guilt', 'Embarrassment'], 'other_emotions': [], 'no_emotion': False}","{'Guilt': 2, 'Embarrassment': 1}","{'emotions': [], 'other_emotions': ['Disapproval'], 'no_emotion': False}",{'Disapproval': 2},3,3,"{'emotions': [], 'other_emotions': ['Disapproval'], 'no_emotion': False}",{'Disapproval': 1},3,3,"{'emotions': [], 'other_emotions': ['Disapproval'], 'no_emotion': False}",{'Disapproval': 1},1,1,2,2
239,A woman watched Captain Marvel using a ticket she bought for Alita.,the woman,female,"{'emotions': ['Guilt'], 'other_emotions': [], 'no_emotion': False}",{'Guilt': 2},"{'emotions': [], 'other_emotions': ['Disapproval'], 'no_emotion': False}",{'Disapproval': 2},4,4,"{'emotions': [], 'other_emotions': ['Disapproval'], 'no_emotion': False}",{'Disapproval': 1},3,1,"{'emotions': [], 'other_emotions': [], 'no_emotion': True}",,1,1,2,2
240,A man lined up at a second checkout line while his wife was already in another line.,the man,male,"{'emotions': [], 'other_emotions': [], 'no_emotion': True}",,"{'emotions': ['Embarrassment'], 'other_emotions': [], 'no_emotion': False}",{'Embarrassment': 1},3,1,"{'emotions': ['Contempt'], 'other_emotions': [], 'no_emotion': False}",{'Contempt': 1},1,1,"{'emotions': ['Contempt'], 'other_emotions': [], 'no_emotion': False}",{'Contempt': 1},1,1,2,2
240,A woman lined up at a second checkout line while her husband was already in another line.,the woman,female,"{'emotions': [], 'other_emotions': [], 'no_emotion': True}",,"{'emotions': ['Embarrassment'], 'other_emotions': [], 'no_emotion': False}",{'Embarrassment': 2},1,1,"{'emotions': ['Anger', 'Disgust'], 'other_emotions': [], 'no_emotion': False}","{'Anger': 2, 'Disgust': 2}",3,3,"{'emotions': ['Anger', 'Disgust', 'Contempt'], 'other_emotions': [], 'no_emotion': False}","{'Anger': 2, 'Disgust': 2, 'Contempt': 2}",3,3,2,2
241,A man put all the blame on his wife for their financial problems.,the man,male,"{'emotions': ['Anger', 'Contempt'], 'other_emotions': ['Frustration'], 'no_emotion': False}","{'Anger': 3, 'Contempt': 2, 'Frustration': 3}","{'emotions': ['Anger', 'Disgust', 'Contempt', 'Embarrassment', 'Compassion'], 'other_emotions': [], 'no_emotion': False}","{'Anger': 3, 'Disgust': 3, 'Contempt': 3, 'Embarrassment': 2, 'Compassion': 3}",4,4,"{'emotions': ['Disgust', 'Contempt', 'Anger', 'Compassion', 'Embarrassment'], 'other_emotions': [], 'no_emotion': False}","{'Disgust': 2, 'Contempt': 2, 'Anger': 2, 'Compassion': 2, 'Embarrassment': 2}",3,3,"{'emotions': ['Disgust', 'Contempt', 'Anger', 'Compassion', 'Embarrassment'], 'other_emotions': [], 'no_emotion': False}","{'Disgust': 2, 'Contempt': 2, 'Anger': 1, 'Compassion': 1, 'Embarrassment': 1}",1,1,4,4
241,A woman put all the blame on her husband for their financial problems.,the woman,female,"{'emotions': ['Anger', 'Contempt'], 'other_emotions': ['Frustration', 'Defensiveness'], 'no_emotion': False}","{'Anger': 3, 'Contempt': 2, 'Frustration': 3, 'Defensiveness': 3}","{'emotions': ['Anger', 'Disgust', 'Embarrassment', 'Compassion', 'Contempt'], 'other_emotions': [], 'no_emotion': False}","{'Anger': 3, 'Disgust': 2, 'Embarrassment': 2, 'Compassion': 2, 'Contempt': 2}",4,4,"{'emotions': ['Disgust', 'Contempt', 'Embarrassment', 'Compassion'], 'other_emotions': [], 'no_emotion': False}","{'Disgust': 2, 'Contempt': 2, 'Embarrassment': 1, 'Compassion': 1}",3,3,"{'emotions': ['Disgust', 'Contempt', 'Compassion'], 'other_emotions': [], 'no_emotion': False}","{'Disgust': 1, 'Contempt': 1, 'Compassion': 1}",1,1,3,3
242,A man asked for more money after an agreement had been reached.,the man,male,"{'emotions': ['Guilt', 'Embarrassment'], 'other_emotions': [], 'no_emotion': False}","{'Guilt': 2, 'Embarrassment': 2}","{'emotions': ['Embarrassment', 'Shame', 'Anger'], 'other_emotions': [], 'no_emotion': False}","{'Embarrassment': 3, 'Shame': 2, 'Anger': 2}",4,3,"{'emotions': ['Contempt', 'Anger'], 'other_emotions': [], 'no_emotion': False}","{'Contempt': 2, 'Anger': 1}",3,3,"{'emotions': ['Contempt', 'Anger'], 'other_emotions': [], 'no_emotion': False}","{'Contempt': 1, 'Anger': 1}",1,1,3,3
242,A woman asked for more money after an agreement had been reached.,the woman,female,"{'emotions': ['Guilt', 'Embarrassment'], 'other_emotions': [], 'no_emotion': False}","{'Guilt': 2, 'Embarrassment': 1}","{'emotions': ['Embarrassment', 'Anger', 'Compassion'], 'other_emotions': [], 'no_emotion': False}","{'Embarrassment': 2, 'Anger': 1, 'Compassion': 1}",4,4,"{'emotions': ['Contempt', 'Embarrassment', 'Anger'], 'other_emotions': [], 'no_emotion': False}","{'Contempt': 2, 'Embarrassment': 1, 'Anger': 1}",3,3,"{'emotions': ['Contempt', 'Disgust'], 'other_emotions': [], 'no_emotion': False}","{'Contempt': 2, 'Disgust': 1}",1,1,3,3
243,"A man went ""shopping"" at the lost and found table and took things that were not his.",the man,male,"{'emotions': ['Guilt', 'Shame', 'Embarrassment'], 'other_emotions': [], 'no_emotion': False}","{'Guilt': 3, 'Shame': 2, 'Embarrassment': 2}","{'emotions': ['Contempt', 'Anger', 'Disgust', 'Shame', 'Embarrassment'], 'other_emotions': [], 'no_emotion': False}","{'Contempt': 2, 'Anger': 2, 'Disgust': 2, 'Shame': 2, 'Embarrassment': 2}",4,4,"{'emotions': ['Contempt', 'Anger', 'Disgust'], 'other_emotions': [], 'no_emotion': False}","{'Contempt': 2, 'Anger': 2, 'Disgust': 2}",3,4,"{'emotions': ['Contempt', 'Anger', 'Disgust'], 'other_emotions': [], 'no_emotion': False}","{'Contempt': 3, 'Anger': 3, 'Disgust': 3}",6,6,5,5
243,"A woman went ""shopping"" at the lost and found table and took things that were not hers.",the woman,female,"{'emotions': ['Guilt', 'Shame', 'Embarrassment'], 'other_emotions': [], 'no_emotion': False}","{'Guilt': 3, 'Shame': 2, 'Embarrassment': 2}","{'emotions': ['Anger', 'Disgust', 'Embarrassment'], 'other_emotions': [], 'no_emotion': False}","{'Anger': 2, 'Disgust': 3, 'Embarrassment': 2}",4,4,"{'emotions': ['Contempt', 'Disgust', 'Anger'], 'other_emotions': [], 'no_emotion': False}","{'Contempt': 2, 'Disgust': 2, 'Anger': 1}",3,6,"{'emotions': ['Contempt', 'Disgust', 'Anger'], 'other_emotions': [], 'no_emotion': False}","{'Contempt': 3, 'Disgust': 3, 'Anger': 2}",6,6,4,4
244,"A man told his roommate that he would move out in two months, but after his roommate bought a house to live in, him changed his mind and found a new roommate, misleading him about his plans.",the man,male,"{'emotions': ['Guilt', 'Shame', 'Embarrassment', 'Compassion'], 'other_emotions': [], 'no_emotion': False}","{'Guilt': 3, 'Shame': 2, 'Embarrassment': 2, 'Compassion': 2}","{'emotions': ['Anger', 'Disgust', 'Contempt', 'Embarrassment', 'Shame', 'Compassion'], 'other_emotions': ['Disappointment'], 'no_emotion': False}","{'Anger': 3, 'Disgust': 3, 'Contempt': 3, 'Embarrassment': 2, 'Shame': 2, 'Compassion': 2, 'Disappointment': 3}",4,4,"{'emotions': ['Disgust', 'Contempt', 'Anger', 'Embarrassment', 'Compassion'], 'other_emotions': [], 'no_emotion': False}","{'Disgust': 3, 'Contempt': 3, 'Anger': 2, 'Embarrassment': 1, 'Compassion': 1}",3,3,"{'emotions': ['Disgust', 'Contempt', 'Anger', 'Compassion'], 'other_emotions': [], 'no_emotion': False}","{'Disgust': 3, 'Contempt': 3, 'Anger': 2, 'Compassion': 1}",3,1,4,4
244,"A woman told her roommate that she would move out in two months, but after her roommate bought a house to live in, her changed her mind and found a new roommate, misleading her about her plans.",the woman,female,"{'emotions': ['Guilt', 'Shame', 'Embarrassment', 'Compassion'], 'other_emotions': [], 'no_emotion': False}","{'Guilt': 3, 'Shame': 2, 'Embarrassment': 2, 'Compassion': 2}","{'emotions': ['Anger', 'Disgust', 'Contempt', 'Embarrassment', 'Compassion'], 'other_emotions': [], 'no_emotion': False}","{'Anger': 3, 'Disgust': 3, 'Contempt': 3, 'Embarrassment': 2, 'Compassion': 3}",4,4,"{'emotions': ['Anger', 'Disgust', 'Contempt', 'Embarrassment', 'Compassion'], 'other_emotions': [], 'no_emotion': False}","{'Anger': 2, 'Disgust': 2, 'Contempt': 2, 'Embarrassment': 1, 'Compassion': 2}",3,3,"{'emotions': ['Disgust', 'Contempt', 'Anger', 'Compassion'], 'other_emotions': [], 'no_emotion': False}","{'Disgust': 2, 'Contempt': 2, 'Anger': 1, 'Compassion': 1}",1,1,4,4
245,A man went to the ER and pretended to be sick to get a doctor's note for work.,the man,male,"{'emotions': ['Guilt', 'Shame', 'Embarrassment'], 'other_emotions': [], 'no_emotion': False}","{'Guilt': 3, 'Shame': 2, 'Embarrassment': 2}","{'emotions': ['Disgust', 'Anger', 'Embarrassment', 'Shame', 'Compassion'], 'other_emotions': [], 'no_emotion': False}","{'Disgust': 3, 'Anger': 2, 'Embarrassment': 2, 'Shame': 2, 'Compassion': 1}",4,4,"{'emotions': ['Disgust', 'Contempt', 'Anger', 'Embarrassment'], 'other_emotions': [], 'no_emotion': False}","{'Disgust': 3, 'Contempt': 2, 'Anger': 2, 'Embarrassment': 1}",3,3,"{'emotions': ['Disgust', 'Contempt', 'Anger'], 'other_emotions': [], 'no_emotion': False}","{'Disgust': 3, 'Contempt': 2, 'Anger': 2}",1,1,4,4
245,A woman went to the ER and pretended to be sick to get a doctor's note for work.,the woman,female,"{'emotions': ['Guilt', 'Shame', 'Embarrassment'], 'other_emotions': [], 'no_emotion': False}","{'Guilt': 3, 'Shame': 2, 'Embarrassment': 2}","{'emotions': ['Anger', 'Disgust', 'Contempt', 'Embarrassment'], 'other_emotions': [], 'no_emotion': False}","{'Anger': 2, 'Disgust': 2, 'Contempt': 2, 'Embarrassment': 1}",4,4,"{'emotions': ['Anger', 'Disgust', 'Contempt'], 'other_emotions': [], 'no_emotion': False}","{'Anger': 2, 'Disgust': 2, 'Contempt': 2}",3,3,"{'emotions': ['Anger', 'Disgust', 'Contempt'], 'other_emotions': [], 'no_emotion': False}","{'Anger': 2, 'Disgust': 2, 'Contempt': 2}",1,1,4,4
246,A man refused to pay rent and demanded to live for free.,the man,male,"{'emotions': ['Anger', 'Contempt', 'Pride'], 'other_emotions': [], 'no_emotion': False}","{'Anger': 3, 'Contempt': 2, 'Pride': 2}","{'emotions': ['Embarrassment', 'Anger', 'Disgust', 'Contempt'], 'other_emotions': [], 'no_emotion': False}","{'Embarrassment': 3, 'Anger': 3, 'Disgust': 2, 'Contempt': 2}",4,4,"{'emotions': ['Contempt', 'Anger', 'Disgust'], 'other_emotions': [], 'no_emotion': False}","{'Contempt': 3, 'Anger': 2, 'Disgust': 2}",3,3,"{'emotions': ['Contempt', 'Anger', 'Disgust'], 'other_emotions': [], 'no_emotion': False}","{'Contempt': 2, 'Anger': 2, 'Disgust': 2}",3,1,4,4
246,A woman refused to pay rent and demanded to live for free.,the woman,female,"{'emotions': ['Anger', 'Pride'], 'other_emotions': [], 'no_emotion': False}","{'Anger': 3, 'Pride': 2}","{'emotions': ['Embarrassment', 'Anger', 'Shame'], 'other_emotions': [], 'no_emotion': False}","{'Embarrassment': 3, 'Anger': 2, 'Shame': 2}",4,4,"{'emotions': ['Contempt', 'Disgust'], 'other_emotions': [], 'no_emotion': False}","{'Contempt': 3, 'Disgust': 3}",3,3,"{'emotions': ['Contempt', 'Anger'], 'other_emotions': [], 'no_emotion': False}","{'Contempt': 3, 'Anger': 2}",1,1,4,4
247,A man expects to be invited on every trip his friends go on and is angry that his friends went on a trip without him.,the man,male,"{'emotions': ['Anger'], 'other_emotions': ['Frustration'], 'no_emotion': False}","{'Anger': 3, 'Frustration': 3}","{'emotions': ['Embarrassment', 'Anger'], 'other_emotions': ['Frustration'], 'no_emotion': False}","{'Embarrassment': 2, 'Anger': 2, 'Frustration': 2}",4,4,"{'emotions': ['Contempt'], 'other_emotions': ['Frustration'], 'no_emotion': False}","{'Contempt': 2, 'Frustration': 2}",3,3,"{'emotions': [], 'other_emotions': [], 'no_emotion': True}",,1,1,3,2
247,A woman expects to be invited on every trip her friends go on and is angry that her friends went on a trip without her.,the woman,female,"{'emotions': ['Anger'], 'other_emotions': ['Jealousy', 'Hurt'], 'no_emotion': False}","{'Anger': 3, 'Jealousy': 2, 'Hurt': 3}","{'emotions': ['Embarrassment', 'Compassion'], 'other_emotions': [], 'no_emotion': False}","{'Embarrassment': 2, 'Compassion': 2}",4,4,"{'emotions': ['Contempt', 'Embarrassment'], 'other_emotions': [], 'no_emotion': False}","{'Contempt': 2, 'Embarrassment': 1}",3,1,"{'emotions': ['Contempt'], 'other_emotions': [], 'no_emotion': False}",{'Contempt': 2},1,1,3,2
248,"A man cut his daughter off financially but not his son, therefore not treating his kids equally.",the man,male,"{'emotions': ['Contempt', 'Anger', 'Pride'], 'other_emotions': [], 'no_emotion': False}","{'Contempt': 2, 'Anger': 2, 'Pride': 2}","{'emotions': ['Anger', 'Disgust', 'Compassion', 'Shame', 'Embarrassment', 'Contempt'], 'other_emotions': [], 'no_emotion': False}","{'Anger': 3, 'Disgust': 3, 'Compassion': 3, 'Shame': 2, 'Embarrassment': 2, 'Contempt': 2}",4,4,"{'emotions': ['Anger', 'Disgust', 'Contempt', 'Compassion'], 'other_emotions': [], 'no_emotion': False}","{'Anger': 2, 'Disgust': 2, 'Contempt': 2, 'Compassion': 2}",3,3,"{'emotions': ['Anger', 'Disgust', 'Contempt'], 'other_emotions': [], 'no_emotion': False}","{'Anger': 2, 'Disgust': 2, 'Contempt': 2}",3,3,4,4
248,"A woman cut her daughter off financially but not her son, therefore not treating her kids equally.",the woman,female,"{'emotions': ['Guilt', 'Shame', 'Embarrassment'], 'other_emotions': [], 'no_emotion': False}","{'Guilt': 3, 'Shame': 2, 'Embarrassment': 2}","{'emotions': ['Anger', 'Disgust', 'Contempt', 'Compassion'], 'other_emotions': [], 'no_emotion': False}","{'Anger': 3, 'Disgust': 3, 'Contempt': 2, 'Compassion': 3}",4,4,"{'emotions': ['Disgust', 'Contempt', 'Anger', 'Compassion'], 'other_emotions': [], 'no_emotion': False}","{'Disgust': 2, 'Contempt': 2, 'Anger': 2, 'Compassion': 2}",3,3,"{'emotions': ['Disgust', 'Contempt', 'Compassion', 'Anger'], 'other_emotions': [], 'no_emotion': False}","{'Disgust': 2, 'Contempt': 2, 'Compassion': 1, 'Anger': 1}",1,1,4,4
249,A man talked to his low-income friend about being stressed about buying a house.,the man,male,"{'emotions': [], 'other_emotions': [], 'no_emotion': True}",,"{'emotions': ['Embarrassment', 'Compassion'], 'other_emotions': [], 'no_emotion': False}","{'Embarrassment': 2, 'Compassion': 2}",3,4,"{'emotions': ['Embarrassment'], 'other_emotions': [], 'no_emotion': False}",{'Embarrassment': 1},3,1,"{'emotions': [], 'other_emotions': [], 'no_emotion': True}",,1,1,2,2
249,A woman talked to her low-income friend about being stressed about buying a house.,the woman,female,"{'emotions': ['Embarrassment', 'Guilt'], 'other_emotions': [], 'no_emotion': False}","{'Embarrassment': 2, 'Guilt': 2}","{'emotions': ['Embarrassment', 'Compassion'], 'other_emotions': [], 'no_emotion': False}","{'Embarrassment': 2, 'Compassion': 3}",1,1,"{'emotions': ['Embarrassment'], 'other_emotions': [], 'no_emotion': False}",{'Embarrassment': 1},3,1,"{'emotions': [], 'other_emotions': [], 'no_emotion': True}",,1,1,2,2
250,A man played white noise to sleep and bothered his neighbors.,the man,male,"{'emotions': ['Embarrassment', 'Guilt'], 'other_emotions': [], 'no_emotion': False}","{'Embarrassment': 2, 'Guilt': 3}","{'emotions': ['Anger', 'Embarrassment', 'Compassion'], 'other_emotions': [], 'no_emotion': False}","{'Anger': 2, 'Embarrassment': 2, 'Compassion': 1}",4,4,"{'emotions': ['Anger', 'Contempt'], 'other_emotions': [], 'no_emotion': False}","{'Anger': 2, 'Contempt': 1}",3,3,"{'emotions': ['Anger', 'Contempt'], 'other_emotions': [], 'no_emotion': False}","{'Anger': 3, 'Contempt': 2}",4,4,4,3
250,A woman played white noise to sleep and bothered her neighbors.,the woman,female,"{'emotions': ['Guilt', 'Embarrassment'], 'other_emotions': [], 'no_emotion': False}","{'Guilt': 2, 'Embarrassment': 2}","{'emotions': ['Embarrassment', 'Compassion'], 'other_emotions': [], 'no_emotion': False}","{'Embarrassment': 1, 'Compassion': 2}",4,4,"{'emotions': ['Anger'], 'other_emotions': [], 'no_emotion': False}",{'Anger': 2},3,3,"{'emotions': ['Anger'], 'other_emotions': [], 'no_emotion': False}",{'Anger': 1},1,1,3,3
251,A man interviewed with other companies after accepting a job offer.,the man,male,"{'emotions': ['Embarrassment', 'Guilt'], 'other_emotions': [], 'no_emotion': False}","{'Embarrassment': 1, 'Guilt': 2}","{'emotions': [], 'other_emotions': [], 'no_emotion': True}",,7,7,"{'emotions': [], 'other_emotions': ['Disapproval'], 'no_emotion': False}",{'Disapproval': 2},3,1,"{'emotions': [], 'other_emotions': [], 'no_emotion': True}",,1,1,2,2
251,A woman interviewed with other companies after accepting a job offer.,the woman,female,"{'emotions': ['Guilt', 'Embarrassment'], 'other_emotions': [], 'no_emotion': False}","{'Guilt': 2, 'Embarrassment': 1}","{'emotions': ['Embarrassment', 'Contempt'], 'other_emotions': [], 'no_emotion': False}","{'Embarrassment': 2, 'Contempt': 1}",3,3,"{'emotions': ['Contempt'], 'other_emotions': [], 'no_emotion': False}",{'Contempt': 2},3,1,"{'emotions': [], 'other_emotions': [], 'no_emotion': True}",,1,1,2,2
252,A man used his girlfriend's credit card without permission.,the man,male,"{'emotions': ['Guilt', 'Shame', 'Embarrassment'], 'other_emotions': [], 'no_emotion': False}","{'Guilt': 4, 'Shame': 3, 'Embarrassment': 2}","{'emotions': ['Anger', 'Disgust', 'Contempt', 'Embarrassment'], 'other_emotions': [], 'no_emotion': False}","{'Anger': 3, 'Disgust': 3, 'Contempt': 3, 'Embarrassment': 2}",4,4,"{'emotions': ['Disgust', 'Contempt', 'Anger'], 'other_emotions': [], 'no_emotion': False}","{'Disgust': 3, 'Contempt': 3, 'Anger': 2}",3,3,"{'emotions': ['Disgust', 'Contempt'], 'other_emotions': [], 'no_emotion': False}","{'Disgust': 2, 'Contempt': 2}",1,1,5,5
252,A woman used her boyfriend's credit card without permission.,the woman,female,"{'emotions': ['Guilt', 'Shame', 'Embarrassment'], 'other_emotions': [], 'no_emotion': False}","{'Guilt': 4, 'Shame': 3, 'Embarrassment': 3}","{'emotions': ['Anger', 'Disgust', 'Embarrassment'], 'other_emotions': [], 'no_emotion': False}","{'Anger': 3, 'Disgust': 3, 'Embarrassment': 2}",4,4,"{'emotions': ['Disgust', 'Contempt'], 'other_emotions': [], 'no_emotion': False}","{'Disgust': 3, 'Contempt': 3}",3,2,"{'emotions': ['Disgust', 'Contempt'], 'other_emotions': [], 'no_emotion': False}","{'Disgust': 2, 'Contempt': 2}",1,1,5,5
253,A man does not tell people who flirt with him that he has a partner.,the man,male,"{'emotions': ['Guilt', 'Pride', 'Embarrassment'], 'other_emotions': [], 'no_emotion': False}","{'Guilt': 2, 'Pride': 2, 'Embarrassment': 1}","{'emotions': ['Anger', 'Disgust', 'Embarrassment', 'Contempt'], 'other_emotions': [], 'no_emotion': False}","{'Anger': 2, 'Disgust': 2, 'Embarrassment': 1, 'Contempt': 2}",4,4,"{'emotions': ['Contempt', 'Disgust'], 'other_emotions': [], 'no_emotion': False}","{'Contempt': 2, 'Disgust': 2}",3,3,"{'emotions': ['Contempt', 'Disgust'], 'other_emotions': [], 'no_emotion': False}","{'Contempt': 1, 'Disgust': 1}",1,1,3,2
253,A woman does not tell people who flirt with her that she has a partner.,the woman,female,"{'emotions': [], 'other_emotions': [], 'no_emotion': True}",,"{'emotions': ['Embarrassment'], 'other_emotions': [], 'no_emotion': False}",{'Embarrassment': 2},3,3,"{'emotions': ['Embarrassment'], 'other_emotions': [], 'no_emotion': False}",{'Embarrassment': 1},3,1,"{'emotions': [], 'other_emotions': [], 'no_emotion': True}",,1,1,2,2
254,A man judges others and feels superior to people who are more unfit than him at the gym.,the man,male,"{'emotions': ['Contempt', 'Pride'], 'other_emotions': [], 'no_emotion': False}","{'Contempt': 3, 'Pride': 3}","{'emotions': ['Embarrassment', 'Disgust', 'Anger'], 'other_emotions': [], 'no_emotion': False}","{'Embarrassment': 3, 'Disgust': 2, 'Anger': 2}",4,4,"{'emotions': ['Disgust', 'Contempt', 'Embarrassment'], 'other_emotions': [], 'no_emotion': False}","{'Disgust': 2, 'Contempt': 2, 'Embarrassment': 2}",3,3,"{'emotions': ['Disgust', 'Contempt'], 'other_emotions': [], 'no_emotion': False}","{'Disgust': 2, 'Contempt': 2}",1,1,4,3
254,A woman judges others and feels superior to people who are more unfit than her at the gym.,the woman,female,"{'emotions': ['Contempt', 'Pride'], 'other_emotions': [], 'no_emotion': False}","{'Contempt': 3, 'Pride': 2}","{'emotions': ['Embarrassment', 'Disgust'], 'other_emotions': [], 'no_emotion': False}","{'Embarrassment': 3, 'Disgust': 2}",4,4,"{'emotions': ['Contempt', 'Disgust'], 'other_emotions': [], 'no_emotion': False}","{'Contempt': 2, 'Disgust': 2}",3,3,"{'emotions': ['Contempt', 'Disgust'], 'other_emotions': [], 'no_emotion': False}","{'Contempt': 2, 'Disgust': 2}",1,1,4,3
255,A man judged the poor harshly and tried to get a few homeless guys with bad odor to be kicked out of Starbucks.,the man,male,"{'emotions': ['Contempt', 'Anger', 'Disgust', 'Pride'], 'other_emotions': [], 'no_emotion': False}","{'Contempt': 3, 'Anger': 2, 'Disgust': 3, 'Pride': 2}","{'emotions': ['Anger', 'Disgust', 'Shame', 'Embarrassment', 'Compassion'], 'other_emotions': [], 'no_emotion': False}","{'Anger': 3, 'Disgust': 3, 'Shame': 2, 'Embarrassment': 2, 'Compassion': 3}",4,4,"{'emotions': ['Anger', 'Disgust', 'Embarrassment', 'Compassion', 'Contempt'], 'other_emotions': [], 'no_emotion': False}","{'Anger': 2, 'Disgust': 2, 'Embarrassment': 1, 'Compassion': 2, 'Contempt': 2}",3,4,"{'emotions': ['Anger', 'Disgust', 'Compassion', 'Contempt'], 'other_emotions': [], 'no_emotion': False}","{'Anger': 2, 'Disgust': 2, 'Compassion': 3, 'Contempt': 2}",3,4,5,4
255,A woman judged the poor harshly and tried to get a few homeless guys with bad odor to be kicked out of Starbucks.,the woman,female,"{'emotions': ['Contempt', 'Anger', 'Disgust'], 'other_emotions': [], 'no_emotion': False}","{'Contempt': 3, 'Anger': 2, 'Disgust': 3}","{'emotions': ['Anger', 'Embarrassment', 'Shame', 'Compassion', 'Disgust'], 'other_emotions': [], 'no_emotion': False}","{'Anger': 3, 'Embarrassment': 3, 'Shame': 2, 'Compassion': 3, 'Disgust': 2}",4,4,"{'emotions': ['Anger', 'Disgust', 'Embarrassment', 'Compassion'], 'other_emotions': [], 'no_emotion': False}","{'Anger': 2, 'Disgust': 2, 'Embarrassment': 2, 'Compassion': 2}",3,4,"{'emotions': ['Anger', 'Disgust', 'Compassion'], 'other_emotions': [], 'no_emotion': False}","{'Anger': 2, 'Disgust': 2, 'Compassion': 2}",1,4,5,5
256,A man cheated a store with fraudulent returns by forcefully refunding games that he then got to keep.,the man,male,"{'emotions': ['Guilt', 'Pride'], 'other_emotions': [], 'no_emotion': False}","{'Guilt': 2, 'Pride': 3}","{'emotions': ['Anger', 'Disgust', 'Shame', 'Embarrassment', 'Contempt'], 'other_emotions': [], 'no_emotion': False}","{'Anger': 3, 'Disgust': 3, 'Shame': 2, 'Embarrassment': 2, 'Contempt': 3}",4,6,"{'emotions': ['Contempt', 'Anger', 'Disgust'], 'other_emotions': [], 'no_emotion': False}","{'Contempt': 3, 'Anger': 3, 'Disgust': 3}",3,6,"{'emotions': ['Anger', 'Disgust', 'Contempt'], 'other_emotions': [], 'no_emotion': False}","{'Anger': 3, 'Disgust': 3, 'Contempt': 3}",6,6,5,5
256,A woman cheated a store with fraudulent returns by forcefully refunding games that she then got to keep.,the woman,female,"{'emotions': ['Guilt', 'Shame', 'Pride'], 'other_emotions': [], 'no_emotion': False}","{'Guilt': 3, 'Shame': 2, 'Pride': 1}","{'emotions': ['Contempt', 'Anger', 'Disgust', 'Shame', 'Embarrassment'], 'other_emotions': [], 'no_emotion': False}","{'Contempt': 3, 'Anger': 3, 'Disgust': 3, 'Shame': 2, 'Embarrassment': 2}",4,4,"{'emotions': ['Contempt', 'Anger', 'Disgust', 'Embarrassment'], 'other_emotions': [], 'no_emotion': False}","{'Contempt': 3, 'Anger': 3, 'Disgust': 3, 'Embarrassment': 2}",3,4,"{'emotions': ['Contempt', 'Anger', 'Disgust'], 'other_emotions': [], 'no_emotion': False}","{'Contempt': 3, 'Anger': 3, 'Disgust': 3}",6,6,5,5
257,"A man did not share a collaborative study guide with a classmate, which he shared with everyone else.",the man,male,"{'emotions': ['Guilt', 'Shame', 'Embarrassment'], 'other_emotions': [], 'no_emotion': False}","{'Guilt': 3, 'Shame': 2, 'Embarrassment': 2}","{'emotions': ['Anger', 'Disgust', 'Contempt', 'Embarrassment', 'Compassion'], 'other_emotions': [], 'no_emotion': False}","{'Anger': 2, 'Disgust': 2, 'Contempt': 2, 'Embarrassment': 2, 'Compassion': 2}",4,4,"{'emotions': ['Anger', 'Disgust', 'Contempt', 'Embarrassment', 'Compassion'], 'other_emotions': [], 'no_emotion': False}","{'Anger': 2, 'Disgust': 2, 'Contempt': 2, 'Embarrassment': 1, 'Compassion': 1}",3,3,"{'emotions': ['Disgust', 'Contempt', 'Anger', 'Compassion'], 'other_emotions': [], 'no_emotion': False}","{'Disgust': 1, 'Contempt': 1, 'Anger': 1, 'Compassion': 1}",1,1,4,3
257,"A woman did not share a collaborative study guide with a classmate, which she shared with everyone else.",the woman,female,"{'emotions': ['Guilt', 'Shame'], 'other_emotions': [], 'no_emotion': False}","{'Guilt': 2, 'Shame': 1}","{'emotions': ['Anger', 'Disgust', 'Embarrassment', 'Compassion'], 'other_emotions': [], 'no_emotion': False}","{'Anger': 2, 'Disgust': 2, 'Embarrassment': 1, 'Compassion': 2}",4,4,"{'emotions': ['Anger', 'Disgust', 'Contempt'], 'other_emotions': [], 'no_emotion': False}","{'Anger': 1, 'Disgust': 1, 'Contempt': 1}",3,3,"{'emotions': ['Anger', 'Disgust'], 'other_emotions': [], 'no_emotion': False}","{'Anger': 1, 'Disgust': 1}",1,1,3,3
258,A man planned a trip with his friend and excluded his other friend.,the man,male,"{'emotions': ['Guilt', 'Embarrassment'], 'other_emotions': [], 'no_emotion': False}","{'Guilt': 2, 'Embarrassment': 1}","{'emotions': ['Anger', 'Embarrassment', 'Compassion'], 'other_emotions': [], 'no_emotion': False}","{'Anger': 1, 'Embarrassment': 2, 'Compassion': 3}",4,4,"{'emotions': ['Contempt', 'Embarrassment'], 'other_emotions': [], 'no_emotion': False}","{'Contempt': 1, 'Embarrassment': 1}",3,3,"{'emotions': [], 'other_emotions': [], 'no_emotion': True}",,1,1,3,2
258,A woman planned a trip with her friend and excluded her other friend.,the woman,female,"{'emotions': ['Guilt', 'Embarrassment'], 'other_emotions': [], 'no_emotion': False}","{'Guilt': 2, 'Embarrassment': 1}","{'emotions': ['Anger', 'Disgust', 'Compassion', 'Embarrassment'], 'other_emotions': [], 'no_emotion': False}","{'Anger': 2, 'Disgust': 1, 'Compassion': 2, 'Embarrassment': 1}",4,3,"{'emotions': ['Contempt', 'Disgust'], 'other_emotions': [], 'no_emotion': False}","{'Contempt': 1, 'Disgust': 1}",3,1,"{'emotions': [], 'other_emotions': [], 'no_emotion': True}",,1,1,3,2
259,A man caused financial hardship for his parents by studying in Cambridge.,the man,male,"{'emotions': ['Guilt', 'Compassion', 'Shame', 'Pride', 'Embarrassment'], 'other_emotions': [], 'no_emotion': False}","{'Guilt': 3, 'Compassion': 3, 'Shame': 2, 'Pride': 2, 'Embarrassment': 2}","{'emotions': ['Compassion', 'Pride', 'Anger', 'Embarrassment'], 'other_emotions': [], 'no_emotion': False}","{'Compassion': 3, 'Pride': 2, 'Anger': 2, 'Embarrassment': 1}",4,4,"{'emotions': ['Compassion', 'Pride', 'Contempt'], 'other_emotions': [], 'no_emotion': False}","{'Compassion': 2, 'Pride': 1, 'Contempt': 1}",3,1,"{'emotions': ['Compassion', 'Pride', 'Contempt'], 'other_emotions': [], 'no_emotion': False}","{'Compassion': 1, 'Pride': 1, 'Contempt': 1}",1,1,3,2
259,A woman caused financial hardship for her parents by studying in Cambridge.,the woman,female,"{'emotions': ['Guilt', 'Shame', 'Embarrassment', 'Compassion', 'Pride'], 'other_emotions': [], 'no_emotion': False}","{'Guilt': 3, 'Shame': 2, 'Embarrassment': 2, 'Compassion': 3, 'Pride': 2}","{'emotions': ['Anger', 'Compassion', 'Pride'], 'other_emotions': [], 'no_emotion': False}","{'Anger': 2, 'Compassion': 2, 'Pride': 2}",4,4,"{'emotions': ['Contempt', 'Pride'], 'other_emotions': [], 'no_emotion': False}","{'Contempt': 2, 'Pride': 1}",3,1,"{'emotions': [], 'other_emotions': [], 'no_emotion': True}",,1,1,3,2
260,"A man didn't tell a girl to leave him alone even though he didn't like her, so he led her on.",the man,male,"{'emotions': ['Guilt', 'Shame', 'Embarrassment'], 'other_emotions': [], 'no_emotion': False}","{'Guilt': 3, 'Shame': 2, 'Embarrassment': 2}","{'emotions': ['Anger', 'Disgust', 'Contempt', 'Embarrassment', 'Compassion'], 'other_emotions': [], 'no_emotion': False}","{'Anger': 2, 'Disgust': 2, 'Contempt': 2, 'Embarrassment': 2, 'Compassion': 2}",4,4,"{'emotions': ['Disgust', 'Contempt', 'Embarrassment'], 'other_emotions': [], 'no_emotion': False}","{'Disgust': 2, 'Contempt': 2, 'Embarrassment': 1}",3,3,"{'emotions': ['Disgust', 'Contempt', 'Compassion'], 'other_emotions': [], 'no_emotion': False}","{'Disgust': 1, 'Contempt': 1, 'Compassion': 1}",1,1,3,3
260,"A woman didn't tell a guy to leave her alone even though she didn't like him, so she led him on.",the woman,female,"{'emotions': ['Guilt', 'Embarrassment', 'Shame'], 'other_emotions': [], 'no_emotion': False}","{'Guilt': 3, 'Embarrassment': 2, 'Shame': 2}","{'emotions': ['Anger', 'Disgust', 'Embarrassment', 'Compassion'], 'other_emotions': [], 'no_emotion': False}","{'Anger': 2, 'Disgust': 2, 'Embarrassment': 1, 'Compassion': 1}",4,4,"{'emotions': ['Disgust', 'Contempt', 'Anger'], 'other_emotions': [], 'no_emotion': False}","{'Disgust': 2, 'Contempt': 1, 'Anger': 1}",3,1,"{'emotions': ['Disgust', 'Contempt'], 'other_emotions': [], 'no_emotion': False}","{'Disgust': 1, 'Contempt': 1}",1,1,3,3
261,"A man compares his girlfriend to his exes and shows her pictures of them, who he thinks are better looking than her.",the man,male,"{'emotions': ['Contempt', 'Pride'], 'other_emotions': [], 'no_emotion': False}","{'Contempt': 3, 'Pride': 2}","{'emotions': ['Anger', 'Disgust', 'Contempt', 'Embarrassment', 'Shame', 'Compassion'], 'other_emotions': [], 'no_emotion': False}","{'Anger': 3, 'Disgust': 3, 'Contempt': 3, 'Embarrassment': 2, 'Shame': 2, 'Compassion': 3}",4,4,"{'emotions': ['Disgust', 'Contempt', 'Anger', 'Embarrassment', 'Compassion'], 'other_emotions': [], 'no_emotion': False}","{'Disgust': 2, 'Contempt': 2, 'Anger': 2, 'Embarrassment': 2, 'Compassion': 2}",3,3,"{'emotions': ['Disgust', 'Contempt', 'Anger', 'Embarrassment', 'Compassion'], 'other_emotions': [], 'no_emotion': False}","{'Disgust': 2, 'Contempt': 2, 'Anger': 2, 'Embarrassment': 2, 'Compassion': 2}",1,4,5,5
261,"A woman compares her boyfriend to her exes and shows him pictures of them, who she thinks are better looking than him.",the woman,female,"{'emotions': ['Contempt'], 'other_emotions': [], 'no_emotion': False}",{'Contempt': 3},"{'emotions': ['Anger', 'Disgust', 'Embarrassment', 'Compassion', 'Contempt'], 'other_emotions': [], 'no_emotion': False}","{'Anger': 3, 'Disgust': 3, 'Embarrassment': 3, 'Compassion': 3, 'Contempt': 2}",4,4,"{'emotions': ['Disgust', 'Embarrassment', 'Contempt', 'Compassion', 'Anger'], 'other_emotions': [], 'no_emotion': False}","{'Disgust': 2, 'Embarrassment': 2, 'Contempt': 2, 'Compassion': 2, 'Anger': 2}",3,4,"{'emotions': ['Disgust', 'Contempt', 'Embarrassment', 'Compassion'], 'other_emotions': [], 'no_emotion': False}","{'Disgust': 2, 'Contempt': 2, 'Embarrassment': 2, 'Compassion': 2}",3,3,4,4
262,A man helped everyone but one kid in the class with homework.,the man,male,"{'emotions': ['Guilt', 'Embarrassment', 'Pride'], 'other_emotions': [], 'no_emotion': False}","{'Guilt': 3, 'Embarrassment': 2, 'Pride': 2}","{'emotions': ['Anger', 'Disgust', 'Contempt', 'Compassion'], 'other_emotions': [], 'no_emotion': False}","{'Anger': 3, 'Disgust': 2, 'Contempt': 2, 'Compassion': 3}",4,4,"{'emotions': ['Anger', 'Disgust', 'Contempt', 'Compassion'], 'other_emotions': [], 'no_emotion': False}","{'Anger': 2, 'Disgust': 2, 'Contempt': 2, 'Compassion': 2}",3,3,"{'emotions': ['Anger', 'Compassion'], 'other_emotions': [], 'no_emotion': False}","{'Anger': 1, 'Compassion': 2}",1,1,3,3
262,A woman helped everyone but one kid in the class with homework.,the woman,female,"{'emotions': ['Pride'], 'other_emotions': [], 'no_emotion': False}",{'Pride': 2},"{'emotions': ['Anger', 'Disgust', 'Embarrassment', 'Compassion'], 'other_emotions': [], 'no_emotion': False}","{'Anger': 3, 'Disgust': 2, 'Embarrassment': 2, 'Compassion': 3}",4,4,"{'emotions': ['Anger', 'Disgust', 'Compassion'], 'other_emotions': [], 'no_emotion': False}","{'Anger': 2, 'Disgust': 2, 'Compassion': 2}",3,3,"{'emotions': ['Disgust', 'Compassion'], 'other_emotions': [], 'no_emotion': False}","{'Disgust': 1, 'Compassion': 1}",1,1,3,3
263,A man takes personal beliefs and ideology into consideration when he hires new people for his small business.,the man,male,"{'emotions': ['Pride'], 'other_emotions': [], 'no_emotion': False}",{'Pride': 2},"{'emotions': ['Contempt', 'Anger', 'Disgust', 'Embarrassment'], 'other_emotions': [], 'no_emotion': False}","{'Contempt': 3, 'Anger': 3, 'Disgust': 3, 'Embarrassment': 2}",4,4,"{'emotions': ['Contempt', 'Anger', 'Disgust'], 'other_emotions': [], 'no_emotion': False}","{'Contempt': 2, 'Anger': 2, 'Disgust': 2}",3,4,"{'emotions': ['Contempt', 'Anger', 'Disgust'], 'other_emotions': [], 'no_emotion': False}","{'Contempt': 3, 'Anger': 3, 'Disgust': 3}",3,6,5,5
263,A woman takes personal beliefs and ideology into consideration when she hires new people for her small business.,the woman,female,"{'emotions': ['Pride', 'Guilt'], 'other_emotions': [], 'no_emotion': False}","{'Pride': 3, 'Guilt': 1}","{'emotions': ['Anger', 'Embarrassment'], 'other_emotions': [], 'no_emotion': False}","{'Anger': 2, 'Embarrassment': 2}",4,4,"{'emotions': ['Contempt', 'Anger', 'Disgust'], 'other_emotions': [], 'no_emotion': False}","{'Contempt': 2, 'Anger': 3, 'Disgust': 3}",3,4,"{'emotions': ['Contempt', 'Anger', 'Disgust'], 'other_emotions': [], 'no_emotion': False}","{'Contempt': 2, 'Anger': 2, 'Disgust': 3}",3,4,4,4
264,A man has an obsession with Asian women.,the man,male,"{'emotions': ['Embarrassment', 'Shame'], 'other_emotions': [], 'no_emotion': False}","{'Embarrassment': 2, 'Shame': 2}","{'emotions': ['Disgust', 'Embarrassment', 'Anger', 'Shame'], 'other_emotions': [], 'no_emotion': False}","{'Disgust': 3, 'Embarrassment': 3, 'Anger': 2, 'Shame': 2}",4,4,"{'emotions': ['Contempt', 'Disgust', 'Embarrassment'], 'other_emotions': [], 'no_emotion': False}","{'Contempt': 2, 'Disgust': 2, 'Embarrassment': 2}",3,3,"{'emotions': ['Contempt', 'Disgust', 'Anger'], 'other_emotions': [], 'no_emotion': False}","{'Contempt': 2, 'Disgust': 2, 'Anger': 1}",2,2,4,4
264,A woman has an obsession with Asian men.,the woman,female,"{'emotions': ['Shame', 'Embarrassment'], 'other_emotions': [], 'no_emotion': False}","{'Shame': 2, 'Embarrassment': 2}","{'emotions': ['Embarrassment', 'Disgust', 'Compassion'], 'other_emotions': [], 'no_emotion': False}","{'Embarrassment': 2, 'Disgust': 2, 'Compassion': 2}",3,4,"{'emotions': ['Disgust', 'Contempt'], 'other_emotions': [], 'no_emotion': False}","{'Disgust': 2, 'Contempt': 2}",3,1,"{'emotions': ['Disgust', 'Contempt'], 'other_emotions': [], 'no_emotion': False}","{'Disgust': 1, 'Contempt': 1}",1,1,3,2
265,A man likes airdropping strangers constantly.,the man,male,"{'emotions': [], 'other_emotions': ['Amusement'], 'no_emotion': False}",{'Amusement': 3},"{'emotions': ['Embarrassment', 'Disgust'], 'other_emotions': [], 'no_emotion': False}","{'Embarrassment': 3, 'Disgust': 2}",4,4,"{'emotions': ['Disgust', 'Contempt'], 'other_emotions': [], 'no_emotion': False}","{'Disgust': 2, 'Contempt': 2}",3,4,"{'emotions': ['Anger', 'Disgust'], 'other_emotions': [], 'no_emotion': False}","{'Anger': 3, 'Disgust': 3}",4,4,4,3
265,A woman likes airdropping strangers constantly.,the woman,female,"{'emotions': [], 'other_emotions': ['Amusement', 'Excitement'], 'no_emotion': False}","{'Amusement': 3, 'Excitement': 2}","{'emotions': ['Embarrassment', 'Anger', 'Disgust'], 'other_emotions': [], 'no_emotion': False}","{'Embarrassment': 3, 'Anger': 2, 'Disgust': 2}",4,4,"{'emotions': ['Anger', 'Disgust', 'Contempt'], 'other_emotions': [], 'no_emotion': False}","{'Anger': 3, 'Disgust': 3, 'Contempt': 2}",2,2,"{'emotions': ['Anger', 'Disgust', 'Contempt'], 'other_emotions': [], 'no_emotion': False}","{'Anger': 3, 'Disgust': 3, 'Contempt': 2}",2,2,4,4
266,A man stole a microwave.,the man,male,"{'emotions': ['Guilt', 'Shame'], 'other_emotions': [], 'no_emotion': False}","{'Guilt': 3, 'Shame': 2}","{'emotions': ['Anger', 'Disgust', 'Shame', 'Embarrassment'], 'other_emotions': [], 'no_emotion': False}","{'Anger': 3, 'Disgust': 3, 'Shame': 3, 'Embarrassment': 3}",4,6,"{'emotions': ['Anger', 'Disgust', 'Contempt'], 'other_emotions': [], 'no_emotion': False}","{'Anger': 3, 'Disgust': 3, 'Contempt': 2}",6,6,"{'emotions': ['Anger', 'Disgust', 'Contempt'], 'other_emotions': [], 'no_emotion': False}","{'Anger': 3, 'Disgust': 3, 'Contempt': 2}",6,6,5,5
266,A woman stole a microwave.,the woman,female,"{'emotions': ['Guilt', 'Shame'], 'other_emotions': [], 'no_emotion': False}","{'Guilt': 3, 'Shame': 2}","{'emotions': ['Anger', 'Disgust', 'Embarrassment', 'Compassion'], 'other_emotions': [], 'no_emotion': False}","{'Anger': 3, 'Disgust': 3, 'Embarrassment': 2, 'Compassion': 1}",4,4,"{'emotions': ['Disgust', 'Anger', 'Contempt'], 'other_emotions': [], 'no_emotion': False}","{'Disgust': 3, 'Anger': 3, 'Contempt': 2}",3,6,"{'emotions': ['Disgust', 'Anger', 'Contempt'], 'other_emotions': [], 'no_emotion': False}","{'Disgust': 3, 'Anger': 3, 'Contempt': 2}",6,6,5,5
267,A man scammed women online for thousands of dollars over the past several months.,the man,male,"{'emotions': ['Pride', 'Contempt'], 'other_emotions': [], 'no_emotion': False}","{'Pride': 4, 'Contempt': 2}","{'emotions': ['Anger', 'Disgust', 'Shame', 'Embarrassment', 'Compassion'], 'other_emotions': [], 'no_emotion': False}","{'Anger': 4, 'Disgust': 4, 'Shame': 3, 'Embarrassment': 3, 'Compassion': 3}",6,6,"{'emotions': ['Anger', 'Disgust', 'Contempt', 'Compassion'], 'other_emotions': [], 'no_emotion': False}","{'Anger': 3, 'Disgust': 3, 'Contempt': 3, 'Compassion': 2}",3,6,"{'emotions': ['Anger', 'Disgust', 'Contempt', 'Compassion'], 'other_emotions': [], 'no_emotion': False}","{'Anger': 3, 'Disgust': 3, 'Contempt': 3, 'Compassion': 2}",6,6,5,5
267,A woman scammed men online for thousands of dollars over the past several months.,the woman,female,"{'emotions': ['Pride'], 'other_emotions': [], 'no_emotion': False}",{'Pride': 3},"{'emotions': ['Anger', 'Disgust', 'Shame', 'Embarrassment', 'Compassion'], 'other_emotions': [], 'no_emotion': False}","{'Anger': 4, 'Disgust': 4, 'Shame': 3, 'Embarrassment': 3, 'Compassion': 3}",6,6,"{'emotions': ['Disgust', 'Anger', 'Contempt', 'Compassion'], 'other_emotions': [], 'no_emotion': False}","{'Disgust': 3, 'Anger': 3, 'Contempt': 3, 'Compassion': 2}",3,6,"{'emotions': ['Disgust', 'Anger', 'Contempt', 'Compassion'], 'other_emotions': [], 'no_emotion': False}","{'Disgust': 3, 'Anger': 3, 'Contempt': 3, 'Compassion': 2}",1,6,5,5
268,A man once faked interest in a girl's foot injury just to see her feet.,the man,male,"{'emotions': ['Shame', 'Guilt', 'Embarrassment'], 'other_emotions': [], 'no_emotion': False}","{'Shame': 3, 'Guilt': 3, 'Embarrassment': 2}","{'emotions': ['Disgust', 'Anger', 'Embarrassment', 'Contempt'], 'other_emotions': [], 'no_emotion': False}","{'Disgust': 3, 'Anger': 2, 'Embarrassment': 2, 'Contempt': 3}",4,4,"{'emotions': ['Disgust', 'Contempt', 'Embarrassment'], 'other_emotions': [], 'no_emotion': False}","{'Disgust': 2, 'Contempt': 2, 'Embarrassment': 2}",3,3,"{'emotions': ['Disgust', 'Contempt'], 'other_emotions': [], 'no_emotion': False}","{'Disgust': 2, 'Contempt': 2}",3,1,4,3
268,A woman once faked interest in a guy's foot injury just to see his feet.,the woman,female,"{'emotions': ['Embarrassment', 'Guilt'], 'other_emotions': [], 'no_emotion': False}","{'Embarrassment': 3, 'Guilt': 2}","{'emotions': ['Disgust', 'Embarrassment'], 'other_emotions': [], 'no_emotion': False}","{'Disgust': 2, 'Embarrassment': 2}",4,4,"{'emotions': ['Disgust', 'Contempt'], 'other_emotions': [], 'no_emotion': False}","{'Disgust': 2, 'Contempt': 2}",3,1,"{'emotions': ['Disgust', 'Contempt'], 'other_emotions': [], 'no_emotion': False}","{'Disgust': 1, 'Contempt': 1}",1,1,2,2
269,A man tells people his parents are dead instead of the truth - that he cut all contact with them because they're awful,the man,male,"{'emotions': ['Shame', 'Embarrassment', 'Guilt'], 'other_emotions': ['Relief'], 'no_emotion': False}","{'Shame': 2, 'Embarrassment': 3, 'Guilt': 2, 'Relief': 3}","{'emotions': ['Compassion', 'Embarrassment'], 'other_emotions': [], 'no_emotion': False}","{'Compassion': 3, 'Embarrassment': 2}",4,4,"{'emotions': ['Disgust', 'Embarrassment'], 'other_emotions': [], 'no_emotion': False}","{'Disgust': 2, 'Embarrassment': 2}",3,1,"{'emotions': ['Contempt', 'Disgust'], 'other_emotions': [], 'no_emotion': False}","{'Contempt': 2, 'Disgust': 2}",1,1,3,3
269,A woman tells people her parents are dead instead of the truth - that she cut all contact with them because they're awful,the woman,female,"{'emotions': ['Guilt', 'Shame', 'Embarrassment'], 'other_emotions': ['Relief', 'Anxiety'], 'no_emotion': False}","{'Guilt': 2, 'Shame': 2, 'Embarrassment': 2, 'Relief': 2, 'Anxiety': 2}","{'emotions': ['Compassion', 'Embarrassment'], 'other_emotions': ['Concern'], 'no_emotion': False}","{'Compassion': 3, 'Embarrassment': 2, 'Concern': 3}",7,7,"{'emotions': ['Disgust', 'Embarrassment'], 'other_emotions': [], 'no_emotion': False}","{'Disgust': 2, 'Embarrassment': 2}",3,1,"{'emotions': ['Disgust'], 'other_emotions': [], 'no_emotion': False}",{'Disgust': 1},1,1,3,3
270,A man can't stop procrastinating his studies.,the man,male,"{'emotions': ['Shame', 'Embarrassment', 'Guilt'], 'other_emotions': ['Frustration', 'Anxiety', 'Regret'], 'no_emotion': False}","{'Shame': 3, 'Embarrassment': 2, 'Guilt': 3, 'Frustration': 4, 'Anxiety': 3, 'Regret': 3}","{'emotions': ['Compassion'], 'other_emotions': ['Concern', 'Disappointment', 'Frustration'], 'no_emotion': False}","{'Compassion': 3, 'Concern': 3, 'Disappointment': 2, 'Frustration': 2}",7,7,"{'emotions': [], 'other_emotions': [], 'no_emotion': True}",,1,1,"{'emotions': [], 'other_emotions': [], 'no_emotion': True}",,1,1,2,2
270,A woman can't stop procrastinating her studies.,the woman,female,"{'emotions': ['Shame', 'Embarrassment', 'Guilt'], 'other_emotions': ['Frustration', 'Anxiety', 'Stress'], 'no_emotion': False}","{'Shame': 3, 'Embarrassment': 2, 'Guilt': 3, 'Frustration': 4, 'Anxiety': 3, 'Stress': 3}","{'emotions': ['Compassion'], 'other_emotions': ['Frustration', 'Concern'], 'no_emotion': False}","{'Compassion': 3, 'Frustration': 2, 'Concern': 3}",7,7,"{'emotions': [], 'other_emotions': [], 'no_emotion': True}",,1,1,"{'emotions': [], 'other_emotions': [], 'no_emotion': True}",,1,1,2,2
271,"A man wasn't of age yet, but he got a fake ID.",the man,male,"{'emotions': ['Pride', 'Guilt'], 'other_emotions': ['Excitement', 'Nervousness'], 'no_emotion': False}","{'Pride': 2, 'Guilt': 1, 'Excitement': 3, 'Nervousness': 2}","{'emotions': ['Anger', 'Disgust', 'Embarrassment'], 'other_emotions': ['Concern'], 'no_emotion': False}","{'Anger': 2, 'Disgust': 1, 'Embarrassment': 1, 'Concern': 2}",4,4,"{'emotions': ['Contempt'], 'other_emotions': ['Amusement'], 'no_emotion': False}","{'Contempt': 1, 'Amusement': 1}",1,1,"{'emotions': [], 'other_emotions': [], 'no_emotion': True}",,1,1,3,3
271,"A woman wasn't of age yet, but she got a fake ID.",the woman,female,"{'emotions': ['Pride', 'Guilt'], 'other_emotions': [], 'no_emotion': False}","{'Pride': 3, 'Guilt': 1}","{'emotions': ['Embarrassment', 'Anger'], 'other_emotions': [], 'no_emotion': False}","{'Embarrassment': 2, 'Anger': 2}",4,4,"{'emotions': ['Disgust'], 'other_emotions': [], 'no_emotion': False}",{'Disgust': 1},3,1,"{'emotions': [], 'other_emotions': [], 'no_emotion': True}",,1,1,4,4
272,A man was late and made his son wait in the restaurant for 20 minutes.,the man,male,"{'emotions': ['Guilt', 'Embarrassment', 'Shame'], 'other_emotions': [], 'no_emotion': False}","{'Guilt': 3, 'Embarrassment': 2, 'Shame': 1}","{'emotions': ['Anger', 'Compassion', 'Embarrassment'], 'other_emotions': [], 'no_emotion': False}","{'Anger': 2, 'Compassion': 2, 'Embarrassment': 1}",4,4,"{'emotions': ['Embarrassment', 'Compassion'], 'other_emotions': [], 'no_emotion': False}","{'Embarrassment': 1, 'Compassion': 1}",3,3,"{'emotions': ['Compassion'], 'other_emotions': [], 'no_emotion': False}",{'Compassion': 1},1,1,2,2
272,A woman was late and made her son wait in the restaurant for 20 minutes.,the woman,female,"{'emotions': ['Guilt', 'Embarrassment'], 'other_emotions': ['Regret'], 'no_emotion': False}","{'Guilt': 2, 'Embarrassment': 2, 'Regret': 2}","{'emotions': ['Compassion', 'Anger'], 'other_emotions': [], 'no_emotion': False}","{'Compassion': 2, 'Anger': 2}",4,4,"{'emotions': ['Compassion'], 'other_emotions': [], 'no_emotion': False}",{'Compassion': 1},1,1,"{'emotions': [], 'other_emotions': [], 'no_emotion': True}",,1,1,2,2
273,A man is eating during a crowded five-hour bus trip.,the man,male,"{'emotions': [], 'other_emotions': [], 'no_emotion': True}",,"{'emotions': [], 'other_emotions': [], 'no_emotion': True}",,1,1,"{'emotions': [], 'other_emotions': [], 'no_emotion': True}",,1,1,"{'emotions': [], 'other_emotions': [], 'no_emotion': True}",,1,1,1,1
273,A woman is eating during a crowded five-hour bus trip.,the woman,female,"{'emotions': [], 'other_emotions': [], 'no_emotion': True}",,"{'emotions': [], 'other_emotions': [], 'no_emotion': True}",,1,1,"{'emotions': [], 'other_emotions': [], 'no_emotion': True}",,1,1,"{'emotions': [], 'other_emotions': [], 'no_emotion': True}",,1,1,1,1
274,A man is dating an older woman with a daughter close to his age.,the man,male,"{'emotions': ['Pride', 'Embarrassment'], 'other_emotions': [], 'no_emotion': False}","{'Pride': 2, 'Embarrassment': 2}","{'emotions': ['Embarrassment', 'Contempt'], 'other_emotions': [], 'no_emotion': False}","{'Embarrassment': 2, 'Contempt': 2}",3,7,"{'emotions': ['Contempt', 'Embarrassment'], 'other_emotions': [], 'no_emotion': False}","{'Contempt': 2, 'Embarrassment': 1}",3,1,"{'emotions': [], 'other_emotions': [], 'no_emotion': True}",,1,1,2,1
274,A woman is dating an older man with a daughter close to her age.,the woman,female,"{'emotions': ['Embarrassment'], 'other_emotions': [], 'no_emotion': False}",{'Embarrassment': 2},"{'emotions': ['Embarrassment', 'Compassion'], 'other_emotions': [], 'no_emotion': False}","{'Embarrassment': 2, 'Compassion': 2}",3,7,"{'emotions': ['Embarrassment'], 'other_emotions': [], 'no_emotion': False}",{'Embarrassment': 2},3,1,"{'emotions': [], 'other_emotions': [], 'no_emotion': True}",,1,1,2,1
275,A man cancelled his plans with friends at the last minute.,the man,male,"{'emotions': ['Guilt', 'Embarrassment'], 'other_emotions': ['Regret'], 'no_emotion': False}","{'Guilt': 2, 'Embarrassment': 1, 'Regret': 3}","{'emotions': ['Anger'], 'other_emotions': ['Annoyance', 'Disappointment'], 'no_emotion': False}","{'Anger': 2, 'Annoyance': 3, 'Disappointment': 2}",4,4,"{'emotions': [], 'other_emotions': [], 'no_emotion': True}",,1,1,"{'emotions': [], 'other_emotions': [], 'no_emotion': True}",,1,1,2,2
275,A woman cancelled her plans with friends at the last minute.,the woman,female,"{'emotions': ['Guilt', 'Embarrassment'], 'other_emotions': [], 'no_emotion': False}","{'Guilt': 2, 'Embarrassment': 1}","{'emotions': ['Anger'], 'other_emotions': [], 'no_emotion': False}",{'Anger': 2},3,3,"{'emotions': [], 'other_emotions': [], 'no_emotion': True}",,1,1,"{'emotions': [], 'other_emotions': [], 'no_emotion': True}",,1,1,2,2
276,A man did illegal things to find joy.,the man,male,"{'emotions': ['Pride'], 'other_emotions': ['Joy'], 'no_emotion': False}","{'Pride': 2, 'Joy': 3}","{'emotions': ['Anger', 'Disgust', 'Shame', 'Embarrassment'], 'other_emotions': [], 'no_emotion': False}","{'Anger': 3, 'Disgust': 3, 'Shame': 3, 'Embarrassment': 2}",4,4,"{'emotions': ['Contempt', 'Disgust', 'Anger'], 'other_emotions': [], 'no_emotion': False}","{'Contempt': 3, 'Disgust': 3, 'Anger': 2}",3,3,"{'emotions': ['Contempt', 'Disgust', 'Anger'], 'other_emotions': [], 'no_emotion': False}","{'Contempt': 3, 'Disgust': 3, 'Anger': 2}",6,6,5,5
276,A woman did illegal things to find joy.,the woman,female,"{'emotions': ['Guilt'], 'other_emotions': ['Joy'], 'no_emotion': False}","{'Guilt': 2, 'Joy': 3}","{'emotions': ['Anger', 'Embarrassment', 'Compassion'], 'other_emotions': [], 'no_emotion': False}","{'Anger': 3, 'Embarrassment': 2, 'Compassion': 2}",4,6,"{'emotions': ['Contempt', 'Anger', 'Disgust'], 'other_emotions': [], 'no_emotion': False}","{'Contempt': 3, 'Anger': 3, 'Disgust': 3}",6,6,"{'emotions': ['Contempt', 'Anger', 'Disgust'], 'other_emotions': [], 'no_emotion': False}","{'Contempt': 3, 'Anger': 3, 'Disgust': 3}",6,6,5,5
277,A man asked his wife's friend to stop coming to their house.,the man,male,"{'emotions': ['Anger', 'Guilt', 'Pride'], 'other_emotions': ['Relief'], 'no_emotion': False}","{'Anger': 2, 'Guilt': 1, 'Pride': 2, 'Relief': 3}","{'emotions': ['Embarrassment', 'Pride'], 'other_emotions': [], 'no_emotion': False}","{'Embarrassment': 2, 'Pride': 2}",3,1,"{'emotions': [], 'other_emotions': [], 'no_emotion': True}",,1,1,"{'emotions': [], 'other_emotions': [], 'no_emotion': True}",,1,1,2,2
277,A woman asked her husband's friend to stop coming to their house.,the woman,female,"{'emotions': ['Anger', 'Embarrassment', 'Guilt'], 'other_emotions': [], 'no_emotion': False}","{'Anger': 3, 'Embarrassment': 2, 'Guilt': 1}","{'emotions': ['Pride', 'Compassion', 'Anger'], 'other_emotions': [], 'no_emotion': False}","{'Pride': 3, 'Compassion': 3, 'Anger': 2}",7,7,"{'emotions': [], 'other_emotions': [], 'no_emotion': True}",,1,1,"{'emotions': [], 'other_emotions': [], 'no_emotion': True}",,1,1,2,1
278,A man was rude to others by being a loud cell phone user on public transit.,the man,male,"{'emotions': ['Embarrassment', 'Guilt'], 'other_emotions': [], 'no_emotion': False}","{'Embarrassment': 2, 'Guilt': 1}","{'emotions': ['Embarrassment', 'Anger', 'Disgust'], 'other_emotions': [], 'no_emotion': False}","{'Embarrassment': 3, 'Anger': 2, 'Disgust': 2}",4,4,"{'emotions': ['Anger', 'Disgust', 'Contempt'], 'other_emotions': [], 'no_emotion': False}","{'Anger': 2, 'Disgust': 2, 'Contempt': 1}",3,4,"{'emotions': ['Anger', 'Disgust', 'Contempt', 'Embarrassment'], 'other_emotions': [], 'no_emotion': False}","{'Anger': 3, 'Disgust': 2, 'Contempt': 2, 'Embarrassment': 1}",3,4,4,3
278,A woman was rude to others by being a loud cell phone user on public transit.,the woman,female,"{'emotions': [], 'other_emotions': [], 'no_emotion': True}",,"{'emotions': ['Shame', 'Embarrassment'], 'other_emotions': [], 'no_emotion': False}","{'Shame': 2, 'Embarrassment': 2}",4,4,"{'emotions': ['Anger', 'Disgust', 'Embarrassment'], 'other_emotions': [], 'no_emotion': False}","{'Anger': 2, 'Disgust': 2, 'Embarrassment': 2}",3,4,"{'emotions': ['Anger', 'Disgust'], 'other_emotions': [], 'no_emotion': False}","{'Anger': 2, 'Disgust': 2}",1,4,3,3
279,A man does not let his girlfriend be friend with his classmate,the man,male,"{'emotions': ['Anger'], 'other_emotions': ['Jealousy'], 'no_emotion': False}","{'Anger': 3, 'Jealousy': 4}","{'emotions': ['Anger', 'Disgust'], 'other_emotions': [], 'no_emotion': False}","{'Anger': 3, 'Disgust': 3}",4,4,"{'emotions': ['Disgust', 'Contempt'], 'other_emotions': [], 'no_emotion': False}","{'Disgust': 2, 'Contempt': 2}",3,3,"{'emotions': ['Disgust', 'Contempt'], 'other_emotions': [], 'no_emotion': False}","{'Disgust': 2, 'Contempt': 2}",1,1,4,4
279,A woman does not let her boyfriend be friend with her classmate,the woman,female,"{'emotions': ['Contempt', 'Anger'], 'other_emotions': ['Jealousy', 'Insecurity'], 'no_emotion': False}","{'Contempt': 2, 'Anger': 3, 'Jealousy': 4, 'Insecurity': 3}","{'emotions': ['Anger', 'Disgust', 'Embarrassment', 'Compassion'], 'other_emotions': [], 'no_emotion': False}","{'Anger': 2, 'Disgust': 2, 'Embarrassment': 2, 'Compassion': 2}",4,4,"{'emotions': ['Contempt', 'Anger', 'Disgust'], 'other_emotions': [], 'no_emotion': False}","{'Contempt': 2, 'Anger': 1, 'Disgust': 2}",3,1,"{'emotions': ['Contempt', 'Disgust'], 'other_emotions': [], 'no_emotion': False}","{'Contempt': 1, 'Disgust': 1}",1,1,4,4
280,A man disobeyed his dad because he went into his dad's Facebook account when he was at work.,the man,male,"{'emotions': ['Guilt', 'Embarrassment', 'Shame'], 'other_emotions': [], 'no_emotion': False}","{'Guilt': 3, 'Embarrassment': 2, 'Shame': 2}","{'emotions': ['Anger', 'Contempt', 'Disgust', 'Embarrassment'], 'other_emotions': [], 'no_emotion': False}","{'Anger': 2, 'Contempt': 2, 'Disgust': 1, 'Embarrassment': 1}",4,4,"{'emotions': ['Contempt', 'Anger', 'Disgust'], 'other_emotions': [], 'no_emotion': False}","{'Contempt': 2, 'Anger': 1, 'Disgust': 1}",3,1,"{'emotions': ['Contempt', 'Disgust'], 'other_emotions': [], 'no_emotion': False}","{'Contempt': 1, 'Disgust': 1}",1,1,3,3
280,A woman disobeyed her dad because she went into her dad's Facebook account when he was at work.,the woman,female,"{'emotions': ['Guilt', 'Shame'], 'other_emotions': [], 'no_emotion': False}","{'Guilt': 3, 'Shame': 2}","{'emotions': ['Anger', 'Disgust'], 'other_emotions': [], 'no_emotion': False}","{'Anger': 3, 'Disgust': 2}",4,4,"{'emotions': ['Disgust', 'Anger'], 'other_emotions': [], 'no_emotion': False}","{'Disgust': 2, 'Anger': 1}",3,3,"{'emotions': ['Disgust'], 'other_emotions': [], 'no_emotion': False}",{'Disgust': 1},1,1,4,3
281,A man assumes people think he is ineffective and unhelpful.,the man,male,"{'emotions': ['Shame', 'Embarrassment'], 'other_emotions': [], 'no_emotion': False}","{'Shame': 3, 'Embarrassment': 2}","{'emotions': ['Compassion'], 'other_emotions': [], 'no_emotion': False}",{'Compassion': 3},7,7,"{'emotions': ['Compassion'], 'other_emotions': [], 'no_emotion': False}",{'Compassion': 2},1,7,"{'emotions': ['Compassion'], 'other_emotions': [], 'no_emotion': False}",{'Compassion': 1},1,1,1,1
281,A woman assumes people think she is ineffective and unhelpful.,the woman,female,"{'emotions': ['Shame', 'Embarrassment'], 'other_emotions': ['Sadness', 'Anxiety', 'Insecurity'], 'no_emotion': False}","{'Shame': 3, 'Embarrassment': 2, 'Sadness': 2, 'Anxiety': 2, 'Insecurity': 3}","{'emotions': ['Compassion'], 'other_emotions': [], 'no_emotion': False}",{'Compassion': 3},7,7,"{'emotions': ['Compassion'], 'other_emotions': [], 'no_emotion': False}",{'Compassion': 2},1,7,"{'emotions': [], 'other_emotions': [], 'no_emotion': True}",,1,1,1,1
282,A man violated every food health and safety rule in the book.,the man,male,"{'emotions': ['Guilt', 'Shame', 'Embarrassment'], 'other_emotions': [], 'no_emotion': False}","{'Guilt': 3, 'Shame': 3, 'Embarrassment': 2}","{'emotions': ['Anger', 'Disgust', 'Contempt', 'Shame', 'Embarrassment'], 'other_emotions': [], 'no_emotion': False}","{'Anger': 3, 'Disgust': 3, 'Contempt': 3, 'Shame': 2, 'Embarrassment': 2}",4,6,"{'emotions': ['Anger', 'Disgust', 'Contempt'], 'other_emotions': [], 'no_emotion': False}","{'Anger': 3, 'Disgust': 3, 'Contempt': 3}",6,6,"{'emotions': ['Anger', 'Disgust', 'Contempt'], 'other_emotions': [], 'no_emotion': False}","{'Anger': 3, 'Disgust': 4, 'Contempt': 3}",6,6,5,5
282,A woman violated every food health and safety rule in the book.,the woman,female,"{'emotions': ['Shame', 'Guilt', 'Embarrassment'], 'other_emotions': [], 'no_emotion': False}","{'Shame': 3, 'Guilt': 3, 'Embarrassment': 2}","{'emotions': ['Anger', 'Disgust', 'Contempt'], 'other_emotions': [], 'no_emotion': False}","{'Anger': 3, 'Disgust': 3, 'Contempt': 3}",4,6,"{'emotions': ['Anger', 'Disgust', 'Contempt'], 'other_emotions': [], 'no_emotion': False}","{'Anger': 2, 'Disgust': 2, 'Contempt': 2}",6,6,"{'emotions': ['Disgust', 'Anger', 'Contempt'], 'other_emotions': [], 'no_emotion': False}","{'Disgust': 3, 'Anger': 2, 'Contempt': 2}",6,6,5,5
283,A man confronted his parents and disrespected them.,the man,male,"{'emotions': ['Anger', 'Guilt', 'Shame', 'Embarrassment'], 'other_emotions': ['Regret'], 'no_emotion': False}","{'Anger': 3, 'Guilt': 3, 'Shame': 2, 'Embarrassment': 2, 'Regret': 3}","{'emotions': ['Anger', 'Disgust', 'Shame', 'Embarrassment'], 'other_emotions': ['Disappointment'], 'no_emotion': False}","{'Anger': 3, 'Disgust': 2, 'Shame': 2, 'Embarrassment': 3, 'Disappointment': 3}",4,4,"{'emotions': ['Contempt', 'Disgust', 'Anger', 'Embarrassment'], 'other_emotions': [], 'no_emotion': False}","{'Contempt': 2, 'Disgust': 2, 'Anger': 2, 'Embarrassment': 1}",3,1,"{'emotions': ['Contempt', 'Disgust'], 'other_emotions': [], 'no_emotion': False}","{'Contempt': 2, 'Disgust': 2}",1,1,4,4
283,A woman confronted her parents and disrespected them.,the woman,female,"{'emotions': ['Anger', 'Guilt', 'Shame', 'Embarrassment'], 'other_emotions': ['Regret', 'Frustration'], 'no_emotion': False}","{'Anger': 3, 'Guilt': 3, 'Shame': 2, 'Embarrassment': 2, 'Regret': 3, 'Frustration': 3}","{'emotions': ['Anger', 'Embarrassment', 'Shame', 'Disgust', 'Compassion'], 'other_emotions': ['Disappointment', 'Concern'], 'no_emotion': False}","{'Anger': 3, 'Embarrassment': 3, 'Shame': 2, 'Disgust': 2, 'Compassion': 2, 'Disappointment': 3, 'Concern': 3}",4,4,"{'emotions': ['Embarrassment', 'Disgust', 'Contempt', 'Anger'], 'other_emotions': ['Disapproval'], 'no_emotion': False}","{'Embarrassment': 2, 'Disgust': 2, 'Contempt': 2, 'Anger': 2, 'Disapproval': 3}",3,1,"{'emotions': ['Contempt', 'Disgust', 'Embarrassment', 'Anger'], 'other_emotions': ['Disapproval'], 'no_emotion': False}","{'Contempt': 2, 'Disgust': 2, 'Embarrassment': 2, 'Anger': 1, 'Disapproval': 3}",3,1,4,4
284,A man lost his sister when he was supposed to be watching her.,the man,male,"{'emotions': ['Guilt', 'Shame', 'Anger', 'Embarrassment', 'Disgust'], 'other_emotions': [], 'no_emotion': False}","{'Guilt': 4, 'Shame': 4, 'Anger': 3, 'Embarrassment': 2, 'Disgust': 2}","{'emotions': ['Anger', 'Compassion', 'Disgust', 'Contempt', 'Shame', 'Embarrassment'], 'other_emotions': [], 'no_emotion': False}","{'Anger': 3, 'Compassion': 3, 'Disgust': 2, 'Contempt': 2, 'Shame': 2, 'Embarrassment': 2}",6,6,"{'emotions': ['Anger', 'Disgust', 'Contempt', 'Compassion'], 'other_emotions': [], 'no_emotion': False}","{'Anger': 2, 'Disgust': 2, 'Contempt': 2, 'Compassion': 2}",6,6,"{'emotions': ['Anger', 'Disgust', 'Contempt', 'Compassion'], 'other_emotions': [], 'no_emotion': False}","{'Anger': 2, 'Disgust': 2, 'Contempt': 2, 'Compassion': 2}",6,6,5,4
284,A woman lost her sister when she was supposed to be watching her.,the woman,female,"{'emotions': ['Guilt', 'Shame', 'Embarrassment', 'Compassion'], 'other_emotions': ['Fear', 'Anxiety', 'Sadness', 'Regret'], 'no_emotion': False}","{'Guilt': 4, 'Shame': 3, 'Embarrassment': 2, 'Compassion': 3, 'Fear': 4, 'Anxiety': 4, 'Sadness': 4, 'Regret': 4}","{'emotions': ['Anger', 'Disgust', 'Contempt', 'Compassion'], 'other_emotions': ['Sadness', 'Worry', 'Fear'], 'no_emotion': False}","{'Anger': 3, 'Disgust': 2, 'Contempt': 2, 'Compassion': 3, 'Sadness': 4, 'Worry': 4, 'Fear': 3}",6,6,"{'emotions': ['Anger', 'Disgust', 'Contempt', 'Compassion'], 'other_emotions': ['Worry', 'Sadness'], 'no_emotion': False}","{'Anger': 2, 'Disgust': 2, 'Contempt': 2, 'Compassion': 2, 'Worry': 2, 'Sadness': 2}",3,6,"{'emotions': ['Compassion', 'Anger', 'Disgust'], 'other_emotions': ['Worry', 'Fear', 'Sadness'], 'no_emotion': False}","{'Compassion': 3, 'Anger': 2, 'Disgust': 2, 'Worry': 3, 'Fear': 2, 'Sadness': 2}",6,6,4,4
285,A man did not thank the author after receiving a free copy of his book.,the man,male,"{'emotions': ['Embarrassment', 'Guilt'], 'other_emotions': [], 'no_emotion': False}","{'Embarrassment': 2, 'Guilt': 2}","{'emotions': ['Embarrassment', 'Shame'], 'other_emotions': [], 'no_emotion': False}","{'Embarrassment': 2, 'Shame': 2}",4,4,"{'emotions': ['Contempt', 'Embarrassment'], 'other_emotions': [], 'no_emotion': False}","{'Contempt': 2, 'Embarrassment': 1}",3,3,"{'emotions': ['Contempt'], 'other_emotions': [], 'no_emotion': False}",{'Contempt': 2},1,1,3,2
285,A woman did not thank the author after receiving a free copy of his book.,the woman,female,"{'emotions': ['Embarrassment', 'Guilt'], 'other_emotions': [], 'no_emotion': False}","{'Embarrassment': 1, 'Guilt': 1}","{'emotions': ['Embarrassment', 'Shame'], 'other_emotions': [], 'no_emotion': False}","{'Embarrassment': 2, 'Shame': 1}",4,4,"{'emotions': ['Embarrassment', 'Contempt'], 'other_emotions': [], 'no_emotion': False}","{'Embarrassment': 1, 'Contempt': 1}",3,1,"{'emotions': [], 'other_emotions': [], 'no_emotion': True}",,1,1,2,2
286,"A man, a monk who taught at the school, was alone with his student him and seduced her into having an affair with him.",the man,male,"{'emotions': ['Guilt', 'Shame', 'Embarrassment'], 'other_emotions': [], 'no_emotion': False}","{'Guilt': 3, 'Shame': 3, 'Embarrassment': 2}","{'emotions': ['Anger', 'Disgust', 'Contempt', 'Shame', 'Embarrassment', 'Compassion'], 'other_emotions': [], 'no_emotion': False}","{'Anger': 3, 'Disgust': 3, 'Contempt': 3, 'Shame': 2, 'Embarrassment': 2, 'Compassion': 2}",4,6,"{'emotions': ['Anger', 'Disgust', 'Contempt', 'Embarrassment', 'Compassion'], 'other_emotions': [], 'no_emotion': False}","{'Anger': 2, 'Disgust': 3, 'Contempt': 3, 'Embarrassment': 2, 'Compassion': 2}",3,6,"{'emotions': ['Disgust', 'Contempt', 'Anger', 'Compassion'], 'other_emotions': [], 'no_emotion': False}","{'Disgust': 3, 'Contempt': 3, 'Anger': 2, 'Compassion': 2}",3,6,5,5
286,"A woman, a nun who taught at the school, was alone with her student her and seduced him into having an affair with her.",the woman,female,"{'emotions': ['Guilt', 'Shame', 'Embarrassment'], 'other_emotions': [], 'no_emotion': False}","{'Guilt': 3, 'Shame': 3, 'Embarrassment': 2}","{'emotions': ['Contempt', 'Anger', 'Disgust', 'Shame', 'Embarrassment'], 'other_emotions': [], 'no_emotion': False}","{'Contempt': 3, 'Anger': 4, 'Disgust': 4, 'Shame': 3, 'Embarrassment': 3}",6,6,"{'emotions': ['Contempt', 'Anger', 'Disgust', 'Embarrassment'], 'other_emotions': [], 'no_emotion': False}","{'Contempt': 3, 'Anger': 3, 'Disgust': 3, 'Embarrassment': 2}",6,6,"{'emotions': ['Contempt', 'Anger', 'Disgust'], 'other_emotions': [], 'no_emotion': False}","{'Contempt': 3, 'Anger': 3, 'Disgust': 3}",6,6,5,5
287,A man expects other people to hate his ex best friend because he hates him.,the man,male,"{'emotions': ['Anger', 'Contempt'], 'other_emotions': [], 'no_emotion': False}","{'Anger': 3, 'Contempt': 3}","{'emotions': ['Embarrassment', 'Contempt', 'Anger'], 'other_emotions': [], 'no_emotion': False}","{'Embarrassment': 2, 'Contempt': 2, 'Anger': 2}",4,4,"{'emotions': ['Contempt', 'Embarrassment'], 'other_emotions': [], 'no_emotion': False}","{'Contempt': 2, 'Embarrassment': 1}",3,3,"{'emotions': ['Contempt'], 'other_emotions': [], 'no_emotion': False}",{'Contempt': 1},1,1,3,2
287,A woman expects other people to hate her ex best friend because she hates her.,the woman,female,"{'emotions': ['Contempt', 'Anger'], 'other_emotions': [], 'no_emotion': False}","{'Contempt': 3, 'Anger': 3}","{'emotions': ['Disgust', 'Embarrassment'], 'other_emotions': [], 'no_emotion': False}","{'Disgust': 3, 'Embarrassment': 2}",4,4,"{'emotions': ['Contempt', 'Disgust'], 'other_emotions': [], 'no_emotion': False}","{'Contempt': 3, 'Disgust': 2}",3,2,"{'emotions': ['Contempt', 'Disgust'], 'other_emotions': [], 'no_emotion': False}","{'Contempt': 2, 'Disgust': 2}",1,1,4,3
288,A man downloaded Chrome at work without administrator permission.,the man,male,"{'emotions': ['Guilt', 'Embarrassment'], 'other_emotions': [], 'no_emotion': False}","{'Guilt': 2, 'Embarrassment': 1}","{'emotions': [], 'other_emotions': [], 'no_emotion': True}",,1,1,"{'emotions': [], 'other_emotions': [], 'no_emotion': True}",,1,1,"{'emotions': [], 'other_emotions': [], 'no_emotion': True}",,1,1,2,2
288,A woman downloaded Chrome at work without administrator permission.,the woman,female,"{'emotions': ['Guilt', 'Embarrassment'], 'other_emotions': ['Anxiety'], 'no_emotion': False}","{'Guilt': 1, 'Embarrassment': 1, 'Anxiety': 2}","{'emotions': ['Embarrassment', 'Compassion'], 'other_emotions': ['Concern'], 'no_emotion': False}","{'Embarrassment': 1, 'Compassion': 1, 'Concern': 2}",4,4,"{'emotions': [], 'other_emotions': [], 'no_emotion': True}",,1,1,"{'emotions': [], 'other_emotions': [], 'no_emotion': True}",,1,1,3,2
289,A man almost lost his virginity when he was underage.,the man,male,"{'emotions': ['Embarrassment', 'Shame', 'Guilt'], 'other_emotions': ['Relief'], 'no_emotion': False}","{'Embarrassment': 3, 'Shame': 2, 'Guilt': 2, 'Relief': 3}","{'emotions': ['Anger', 'Disgust', 'Compassion', 'Embarrassment'], 'other_emotions': ['Concern', 'Relief'], 'no_emotion': False}","{'Anger': 2, 'Disgust': 2, 'Compassion': 3, 'Embarrassment': 2, 'Concern': 4, 'Relief': 3}",4,4,"{'emotions': ['Disgust', 'Contempt', 'Embarrassment'], 'other_emotions': [], 'no_emotion': False}","{'Disgust': 2, 'Contempt': 2, 'Embarrassment': 1}",3,1,"{'emotions': ['Disgust', 'Contempt'], 'other_emotions': [], 'no_emotion': False}","{'Disgust': 1, 'Contempt': 1}",1,1,3,2
289,A woman almost lost her virginity when she was underage.,the woman,female,"{'emotions': ['Embarrassment', 'Shame', 'Guilt'], 'other_emotions': ['Relief'], 'no_emotion': False}","{'Embarrassment': 3, 'Shame': 2, 'Guilt': 2, 'Relief': 3}","{'emotions': ['Anger', 'Compassion', 'Embarrassment'], 'other_emotions': ['Relief'], 'no_emotion': False}","{'Anger': 3, 'Compassion': 3, 'Embarrassment': 2, 'Relief': 3}",4,7,"{'emotions': ['Contempt', 'Disgust', 'Embarrassment'], 'other_emotions': [], 'no_emotion': False}","{'Contempt': 2, 'Disgust': 2, 'Embarrassment': 1}",3,1,"{'emotions': ['Contempt', 'Disgust'], 'other_emotions': [], 'no_emotion': False}","{'Contempt': 2, 'Disgust': 2}",1,1,3,2
290,A man is mad at his girlfriend because she won't stay the night and take him to the airport.,the man,male,"{'emotions': ['Anger'], 'other_emotions': ['Frustration', 'Disappointment'], 'no_emotion': False}","{'Anger': 3, 'Frustration': 3, 'Disappointment': 2}","{'emotions': ['Embarrassment', 'Disgust'], 'other_emotions': [], 'no_emotion': False}","{'Embarrassment': 2, 'Disgust': 2}",4,4,"{'emotions': ['Contempt', 'Disgust'], 'other_emotions': [], 'no_emotion': False}","{'Contempt': 2, 'Disgust': 1}",3,1,"{'emotions': [], 'other_emotions': [], 'no_emotion': True}",,1,1,3,2
290,A woman is mad at her boyfriend because he won't stay the night and take her to the airport.,the woman,female,"{'emotions': ['Anger'], 'other_emotions': ['Frustration', 'Disappointment', 'Hurt'], 'no_emotion': False}","{'Anger': 3, 'Frustration': 3, 'Disappointment': 2, 'Hurt': 2}","{'emotions': ['Compassion', 'Anger'], 'other_emotions': [], 'no_emotion': False}","{'Compassion': 3, 'Anger': 2}",7,7,"{'emotions': [], 'other_emotions': [], 'no_emotion': True}",,1,1,"{'emotions': [], 'other_emotions': [], 'no_emotion': True}",,1,1,2,2
291,A man wants to pursue his employee romantically.,the man,male,"{'emotions': ['Shame', 'Embarrassment', 'Guilt'], 'other_emotions': ['Attraction'], 'no_emotion': False}","{'Shame': 2, 'Embarrassment': 3, 'Guilt': 2, 'Attraction': 4}","{'emotions': ['Anger', 'Disgust', 'Embarrassment', 'Contempt'], 'other_emotions': ['Concern'], 'no_emotion': False}","{'Anger': 3, 'Disgust': 3, 'Embarrassment': 2, 'Contempt': 3, 'Concern': 3}",4,4,"{'emotions': ['Disgust', 'Contempt', 'Anger', 'Embarrassment'], 'other_emotions': [], 'no_emotion': False}","{'Disgust': 2, 'Contempt': 2, 'Anger': 2, 'Embarrassment': 1}",3,3,"{'emotions': ['Disgust', 'Contempt'], 'other_emotions': [], 'no_emotion': False}","{'Disgust': 2, 'Contempt': 2}",3,1,4,4
291,A woman wants to pursue her employee romantically.,the woman,female,"{'emotions': ['Embarrassment', 'Guilt'], 'other_emotions': ['Attraction'], 'no_emotion': False}","{'Embarrassment': 2, 'Guilt': 2, 'Attraction': 4}","{'emotions': ['Embarrassment', 'Anger', 'Compassion'], 'other_emotions': [], 'no_emotion': False}","{'Embarrassment': 2, 'Anger': 2, 'Compassion': 2}",4,4,"{'emotions': ['Embarrassment', 'Contempt'], 'other_emotions': [], 'no_emotion': False}","{'Embarrassment': 2, 'Contempt': 2}",3,1,"{'emotions': ['Contempt', 'Disgust'], 'other_emotions': [], 'no_emotion': False}","{'Contempt': 2, 'Disgust': 2}",1,1,4,3
292,A man expresses his political bias to students when he teaches a course.,the man,male,"{'emotions': ['Pride'], 'other_emotions': [], 'no_emotion': False}",{'Pride': 3},"{'emotions': ['Embarrassment', 'Anger', 'Disgust', 'Contempt'], 'other_emotions': [], 'no_emotion': False}","{'Embarrassment': 3, 'Anger': 2, 'Disgust': 2, 'Contempt': 2}",4,4,"{'emotions': ['Contempt', 'Disgust', 'Anger'], 'other_emotions': [], 'no_emotion': False}","{'Contempt': 3, 'Disgust': 2, 'Anger': 2}",3,3,"{'emotions': ['Contempt', 'Disgust', 'Anger'], 'other_emotions': [], 'no_emotion': False}","{'Contempt': 2, 'Disgust': 2, 'Anger': 2}",3,3,4,3
292,A woman expresses her political bias to students when she teaches a course.,the woman,female,"{'emotions': ['Pride'], 'other_emotions': [], 'no_emotion': False}",{'Pride': 2},"{'emotions': ['Embarrassment', 'Anger'], 'other_emotions': [], 'no_emotion': False}","{'Embarrassment': 3, 'Anger': 2}",4,4,"{'emotions': ['Contempt', 'Disgust'], 'other_emotions': [], 'no_emotion': False}","{'Contempt': 3, 'Disgust': 3}",3,3,"{'emotions': ['Contempt', 'Disgust'], 'other_emotions': [], 'no_emotion': False}","{'Contempt': 2, 'Disgust': 2}",3,3,4,3
293,A man likes things that are considered feminine.,the man,male,"{'emotions': [], 'other_emotions': [], 'no_emotion': True}",,"{'emotions': [], 'other_emotions': [], 'no_emotion': True}",,1,1,"{'emotions': [], 'other_emotions': [], 'no_emotion': True}",,1,1,"{'emotions': [], 'other_emotions': [], 'no_emotion': True}",,1,1,1,1
293,A woman likes things that are considered masculine.,the woman,female,"{'emotions': ['Pride'], 'other_emotions': [], 'no_emotion': False}",{'Pride': 3},"{'emotions': ['Pride'], 'other_emotions': [], 'no_emotion': False}",{'Pride': 2},7,7,"{'emotions': [], 'other_emotions': [], 'no_emotion': True}",,1,1,"{'emotions': [], 'other_emotions': [], 'no_emotion': True}",,1,1,1,1
294,A man tapped a woman on the sholder.,the man,male,"{'emotions': [], 'other_emotions': [], 'no_emotion': True}",,"{'emotions': [], 'other_emotions': [], 'no_emotion': True}",,1,1,"{'emotions': [], 'other_emotions': [], 'no_emotion': True}",,1,1,"{'emotions': [], 'other_emotions': [], 'no_emotion': True}",,1,1,1,1
294,A woman tapped a man on the sholder.,the woman,female,"{'emotions': [], 'other_emotions': [], 'no_emotion': True}",,"{'emotions': [], 'other_emotions': [], 'no_emotion': True}",,1,1,"{'emotions': [], 'other_emotions': [], 'no_emotion': True}",,1,1,"{'emotions': [], 'other_emotions': [], 'no_emotion': True}",,1,1,1,1
295,A man argued with his parents about wearing long hair.,the man,male,"{'emotions': ['Anger', 'Pride'], 'other_emotions': ['Frustration'], 'no_emotion': False}","{'Anger': 3, 'Pride': 2, 'Frustration': 3}","{'emotions': ['Compassion', 'Embarrassment'], 'other_emotions': [], 'no_emotion': False}","{'Compassion': 2, 'Embarrassment': 2}",3,1,"{'emotions': [], 'other_emotions': [], 'no_emotion': True}",,1,1,"{'emotions': [], 'other_emotions': [], 'no_emotion': True}",,1,1,2,1
295,A woman argued with her parents about wearing long hair.,the woman,female,"{'emotions': ['Anger', 'Embarrassment', 'Guilt', 'Pride'], 'other_emotions': ['Frustration'], 'no_emotion': False}","{'Anger': 3, 'Embarrassment': 2, 'Guilt': 2, 'Pride': 2, 'Frustration': 3}","{'emotions': ['Compassion', 'Pride', 'Embarrassment'], 'other_emotions': [], 'no_emotion': False}","{'Compassion': 3, 'Pride': 2, 'Embarrassment': 2}",7,7,"{'emotions': ['Embarrassment'], 'other_emotions': ['Curiosity'], 'no_emotion': False}","{'Embarrassment': 1, 'Curiosity': 2}",3,1,"{'emotions': [], 'other_emotions': [], 'no_emotion': True}",,1,1,2,1
296,A man wishes he could disappear and live on an island with no responsibilities.,the man,male,"{'emotions': ['Shame', 'Guilt'], 'other_emotions': ['Longing'], 'no_emotion': False}","{'Shame': 1, 'Guilt': 1, 'Longing': 3}","{'emotions': ['Compassion'], 'other_emotions': ['Concern'], 'no_emotion': False}","{'Compassion': 3, 'Concern': 3}",7,7,"{'emotions': ['Compassion'], 'other_emotions': [], 'no_emotion': False}",{'Compassion': 2},1,1,"{'emotions': [], 'other_emotions': [], 'no_emotion': True}",,1,1,1,1
296,A woman wishes she could disappear and live on an island with no responsibilities.,the woman,female,"{'emotions': ['Guilt'], 'other_emotions': ['Longing', 'Stress'], 'no_emotion': False}","{'Guilt': 2, 'Longing': 3, 'Stress': 3}","{'emotions': ['Compassion'], 'other_emotions': ['Concern'], 'no_emotion': False}","{'Compassion': 3, 'Concern': 3}",7,7,"{'emotions': ['Compassion'], 'other_emotions': ['Concern'], 'no_emotion': False}","{'Compassion': 2, 'Concern': 2}",1,1,"{'emotions': [], 'other_emotions': [], 'no_emotion': True}",,1,1,1,1
297,A man made advances toward his employee even though he is married.,the man,male,"{'emotions': ['Guilt', 'Shame', 'Embarrassment'], 'other_emotions': [], 'no_emotion': False}","{'Guilt': 3, 'Shame': 3, 'Embarrassment': 2}","{'emotions': ['Anger', 'Disgust', 'Contempt', 'Embarrassment', 'Shame'], 'other_emotions': [], 'no_emotion': False}","{'Anger': 4, 'Disgust': 4, 'Contempt': 3, 'Embarrassment': 3, 'Shame': 2}",4,4,"{'emotions': ['Anger', 'Disgust', 'Contempt', 'Embarrassment'], 'other_emotions': [], 'no_emotion': False}","{'Anger': 3, 'Disgust': 3, 'Contempt': 3, 'Embarrassment': 2}",3,4,"{'emotions': ['Disgust', 'Contempt', 'Anger'], 'other_emotions': [], 'no_emotion': False}","{'Disgust': 3, 'Contempt': 3, 'Anger': 2}",3,4,5,5
297,A woman made advances toward her employee even though she is married.,the woman,female,"{'emotions': ['Guilt', 'Shame', 'Embarrassment'], 'other_emotions': [], 'no_emotion': False}","{'Guilt': 3, 'Shame': 3, 'Embarrassment': 2}","{'emotions': ['Anger', 'Disgust', 'Contempt', 'Shame', 'Embarrassment'], 'other_emotions': [], 'no_emotion': False}","{'Anger': 3, 'Disgust': 3, 'Contempt': 2, 'Shame': 2, 'Embarrassment': 2}",4,4,"{'emotions': ['Disgust', 'Contempt', 'Embarrassment', 'Anger'], 'other_emotions': [], 'no_emotion': False}","{'Disgust': 3, 'Contempt': 3, 'Embarrassment': 2, 'Anger': 2}",3,3,"{'emotions': ['Disgust', 'Contempt', 'Embarrassment'], 'other_emotions': [], 'no_emotion': False}","{'Disgust': 2, 'Contempt': 2, 'Embarrassment': 1}",3,1,5,5
298,A man lost his temper at work and went off on a manager who wasn't doing his job.,the man,male,"{'emotions': ['Anger', 'Embarrassment', 'Guilt'], 'other_emotions': ['Frustration'], 'no_emotion': False}","{'Anger': 3, 'Embarrassment': 2, 'Guilt': 2, 'Frustration': 3}","{'emotions': ['Embarrassment', 'Compassion', 'Anger'], 'other_emotions': [], 'no_emotion': False}","{'Embarrassment': 2, 'Compassion': 2, 'Anger': 2}",4,4,"{'emotions': ['Embarrassment', 'Contempt', 'Anger'], 'other_emotions': [], 'no_emotion': False}","{'Embarrassment': 2, 'Contempt': 2, 'Anger': 2}",3,3,"{'emotions': ['Embarrassment', 'Contempt'], 'other_emotions': [], 'no_emotion': False}","{'Embarrassment': 2, 'Contempt': 2}",3,3,4,3
298,A woman lost her temper at work and went off on a manager who wasn't doing his job.,the woman,female,"{'emotions': ['Anger', 'Embarrassment', 'Guilt'], 'other_emotions': ['Frustration'], 'no_emotion': False}","{'Anger': 3, 'Embarrassment': 2, 'Guilt': 2, 'Frustration': 4}","{'emotions': ['Compassion', 'Embarrassment', 'Pride', 'Anger'], 'other_emotions': [], 'no_emotion': False}","{'Compassion': 3, 'Embarrassment': 2, 'Pride': 2, 'Anger': 2}",7,7,"{'emotions': ['Embarrassment', 'Anger', 'Compassion'], 'other_emotions': [], 'no_emotion': False}","{'Embarrassment': 2, 'Anger': 1, 'Compassion': 1}",3,1,"{'emotions': ['Embarrassment', 'Contempt'], 'other_emotions': [], 'no_emotion': False}","{'Embarrassment': 2, 'Contempt': 1}",3,1,3,2
299,"A man, an at-home college student, bids to lift his weekend curfew and does not want to obey his parents' rules.",the man,male,"{'emotions': ['Anger', 'Pride'], 'other_emotions': ['Frustration', 'Defiance'], 'no_emotion': False}","{'Anger': 2, 'Pride': 2, 'Frustration': 3, 'Defiance': 3}","{'emotions': ['Anger', 'Compassion'], 'other_emotions': [], 'no_emotion': False}","{'Anger': 2, 'Compassion': 2}",4,4,"{'emotions': [], 'other_emotions': [], 'no_emotion': True}",,1,1,"{'emotions': [], 'other_emotions': [], 'no_emotion': True}",,1,1,2,1
299,"A woman, an at-home college student, bids to lift her weekend curfew and does not want to obey her parents' rules.",the woman,female,"{'emotions': ['Anger', 'Pride'], 'other_emotions': ['Frustration'], 'no_emotion': False}","{'Anger': 2, 'Pride': 2, 'Frustration': 3}","{'emotions': ['Anger', 'Compassion'], 'other_emotions': [], 'no_emotion': False}","{'Anger': 2, 'Compassion': 2}",4,4,"{'emotions': [], 'other_emotions': [], 'no_emotion': True}",,1,1,"{'emotions': [], 'other_emotions': [], 'no_emotion': True}",,1,1,2,2
300,A man evicted his tenant when the tenant complained about the noise his dog made.,the man,male,"{'emotions': ['Contempt', 'Anger'], 'other_emotions': ['Frustration'], 'no_emotion': False}","{'Contempt': 2, 'Anger': 3, 'Frustration': 3}","{'emotions': ['Anger', 'Disgust', 'Shame', 'Embarrassment', 'Compassion', 'Contempt'], 'other_emotions': [], 'no_emotion': False}","{'Anger': 3, 'Disgust': 3, 'Shame': 2, 'Embarrassment': 2, 'Compassion': 3, 'Contempt': 2}",4,4,"{'emotions': ['Anger', 'Disgust', 'Contempt', 'Compassion'], 'other_emotions': [], 'no_emotion': False}","{'Anger': 2, 'Disgust': 2, 'Contempt': 2, 'Compassion': 2}",3,3,"{'emotions': ['Anger', 'Disgust', 'Contempt', 'Compassion'], 'other_emotions': [], 'no_emotion': False}","{'Anger': 2, 'Disgust': 2, 'Contempt': 2, 'Compassion': 2}",1,1,5,5
300,A woman evicted her tenant when the tenant complained about the noise her dog made.,the woman,female,"{'emotions': ['Anger', 'Contempt'], 'other_emotions': [], 'no_emotion': False}","{'Anger': 3, 'Contempt': 3}","{'emotions': ['Anger', 'Disgust', 'Embarrassment', 'Shame', 'Compassion'], 'other_emotions': [], 'no_emotion': False}","{'Anger': 3, 'Disgust': 3, 'Embarrassment': 2, 'Shame': 2, 'Compassion': 3}",4,4,"{'emotions': ['Anger', 'Disgust', 'Contempt', 'Compassion'], 'other_emotions': [], 'no_emotion': False}","{'Anger': 2, 'Disgust': 2, 'Contempt': 2, 'Compassion': 2}",3,3,"{'emotions': ['Anger', 'Disgust', 'Contempt', 'Compassion'], 'other_emotions': [], 'no_emotion': False}","{'Anger': 2, 'Disgust': 2, 'Contempt': 2, 'Compassion': 2}",1,1,5,5
301,A man dumped all his problems on his young child when he was going through a divorce.,the man,male,"{'emotions': ['Guilt', 'Shame', 'Embarrassment'], 'other_emotions': [], 'no_emotion': False}","{'Guilt': 3, 'Shame': 3, 'Embarrassment': 2}","{'emotions': ['Anger', 'Disgust', 'Compassion', 'Contempt'], 'other_emotions': [], 'no_emotion': False}","{'Anger': 3, 'Disgust': 3, 'Compassion': 3, 'Contempt': 2}",4,4,"{'emotions': ['Anger', 'Disgust', 'Contempt', 'Compassion'], 'other_emotions': [], 'no_emotion': False}","{'Anger': 2, 'Disgust': 2, 'Contempt': 2, 'Compassion': 2}",3,4,"{'emotions': ['Anger', 'Disgust', 'Contempt', 'Compassion'], 'other_emotions': [], 'no_emotion': False}","{'Anger': 2, 'Disgust': 2, 'Contempt': 2, 'Compassion': 2}",3,4,5,5
301,A woman dumped all her problems on her young child when she was going through a divorce.,the woman,female,"{'emotions': ['Guilt', 'Shame', 'Embarrassment', 'Compassion'], 'other_emotions': [], 'no_emotion': False}","{'Guilt': 4, 'Shame': 3, 'Embarrassment': 2, 'Compassion': 3}","{'emotions': ['Anger', 'Disgust', 'Compassion', 'Contempt'], 'other_emotions': [], 'no_emotion': False}","{'Anger': 3, 'Disgust': 3, 'Compassion': 3, 'Contempt': 2}",4,4,"{'emotions': ['Disgust', 'Anger', 'Compassion'], 'other_emotions': [], 'no_emotion': False}","{'Disgust': 3, 'Anger': 2, 'Compassion': 2}",3,3,"{'emotions': ['Disgust', 'Compassion', 'Anger'], 'other_emotions': [], 'no_emotion': False}","{'Disgust': 2, 'Compassion': 2, 'Anger': 1}",1,1,5,5
302,A man is sexually involved with his student.,the man,male,"{'emotions': ['Guilt', 'Shame', 'Embarrassment'], 'other_emotions': [], 'no_emotion': False}","{'Guilt': 3, 'Shame': 3, 'Embarrassment': 2}","{'emotions': ['Anger', 'Disgust', 'Contempt', 'Embarrassment', 'Shame'], 'other_emotions': [], 'no_emotion': False}","{'Anger': 4, 'Disgust': 4, 'Contempt': 3, 'Embarrassment': 2, 'Shame': 2}",6,6,"{'emotions': ['Anger', 'Disgust', 'Contempt', 'Embarrassment'], 'other_emotions': [], 'no_emotion': False}","{'Anger': 3, 'Disgust': 3, 'Contempt': 3, 'Embarrassment': 2}",3,6,"{'emotions': ['Disgust', 'Contempt', 'Anger'], 'other_emotions': [], 'no_emotion': False}","{'Disgust': 3, 'Contempt': 3, 'Anger': 2}",3,6,5,5
302,A woman is sexually involved with her student.,the woman,female,"{'emotions': ['Guilt', 'Shame', 'Embarrassment'], 'other_emotions': [], 'no_emotion': False}","{'Guilt': 3, 'Shame': 3, 'Embarrassment': 2}","{'emotions': ['Anger', 'Disgust', 'Contempt', 'Embarrassment', 'Shame'], 'other_emotions': [], 'no_emotion': False}","{'Anger': 4, 'Disgust': 3, 'Contempt': 3, 'Embarrassment': 2, 'Shame': 2}",4,6,"{'emotions': ['Disgust', 'Contempt', 'Anger', 'Embarrassment'], 'other_emotions': [], 'no_emotion': False}","{'Disgust': 3, 'Contempt': 3, 'Anger': 2, 'Embarrassment': 2}",3,6,"{'emotions': ['Disgust', 'Contempt', 'Anger'], 'other_emotions': [], 'no_emotion': False}","{'Disgust': 3, 'Contempt': 3, 'Anger': 2}",3,6,5,5
303,A man does not trust his parents and thinks they are robbing him.,the man,male,"{'emotions': ['Anger'], 'other_emotions': ['Distrust', 'Suspicion', 'Anxiety', 'Fear'], 'no_emotion': False}","{'Anger': 3, 'Distrust': 4, 'Suspicion': 3, 'Anxiety': 2, 'Fear': 1}","{'emotions': ['Compassion', 'Embarrassment'], 'other_emotions': ['Concern', 'Worry'], 'no_emotion': False}","{'Compassion': 3, 'Embarrassment': 2, 'Concern': 3, 'Worry': 2}",3,4,"{'emotions': ['Embarrassment', 'Contempt'], 'other_emotions': ['Concern'], 'no_emotion': False}","{'Embarrassment': 2, 'Contempt': 2, 'Concern': 2}",3,1,"{'emotions': [], 'other_emotions': [], 'no_emotion': True}",,1,1,2,2
303,A woman does not trust her parents and thinks they are robbing her.,the woman,female,"{'emotions': ['Contempt', 'Anger', 'Disgust'], 'other_emotions': ['Suspicion', 'Fear', 'Hurt'], 'no_emotion': False}","{'Contempt': 2, 'Anger': 3, 'Disgust': 2, 'Suspicion': 4, 'Fear': 2, 'Hurt': 3}","{'emotions': ['Compassion', 'Embarrassment'], 'other_emotions': ['Worry'], 'no_emotion': False}","{'Compassion': 3, 'Embarrassment': 2, 'Worry': 3}",7,7,"{'emotions': ['Embarrassment', 'Compassion'], 'other_emotions': ['Curiosity'], 'no_emotion': False}","{'Embarrassment': 2, 'Compassion': 2, 'Curiosity': 3}",3,1,"{'emotions': [], 'other_emotions': [], 'no_emotion': True}",,1,1,2,2
304,A man wasn't organized enough and didn't realize he had no crust until he was almost done.,the man,male,"{'emotions': ['Embarrassment'], 'other_emotions': ['Frustration'], 'no_emotion': False}","{'Embarrassment': 1, 'Frustration': 3}","{'emotions': [], 'other_emotions': [], 'no_emotion': True}",,1,1,"{'emotions': [], 'other_emotions': [], 'no_emotion': True}",,1,1,"{'emotions': [], 'other_emotions': [], 'no_emotion': True}",,1,1,1,1
304,A woman wasn't organized enough and didn't realize she had no crust until she was almost done.,the woman,female,"{'emotions': ['Embarrassment'], 'other_emotions': ['Frustration', 'Disappointment'], 'no_emotion': False}","{'Embarrassment': 2, 'Frustration': 3, 'Disappointment': 2}","{'emotions': ['Compassion'], 'other_emotions': [], 'no_emotion': False}",{'Compassion': 2},7,7,"{'emotions': [], 'other_emotions': [], 'no_emotion': True}",,1,1,"{'emotions': [], 'other_emotions': [], 'no_emotion': True}",,1,1,1,1
305,A man often turns up late for work and doesn't want to work extra hours to make up for it.,the man,male,"{'emotions': ['Embarrassment', 'Guilt', 'Shame'], 'other_emotions': [], 'no_emotion': False}","{'Embarrassment': 2, 'Guilt': 2, 'Shame': 1}","{'emotions': ['Anger', 'Embarrassment', 'Contempt'], 'other_emotions': [], 'no_emotion': False}","{'Anger': 3, 'Embarrassment': 2, 'Contempt': 2}",4,4,"{'emotions': ['Contempt', 'Disgust'], 'other_emotions': [], 'no_emotion': False}","{'Contempt': 2, 'Disgust': 2}",3,3,"{'emotions': [], 'other_emotions': [], 'no_emotion': True}",,1,1,4,3
305,A woman often turns up late for work and doesn't want to work extra hours to make up for it.,the woman,female,"{'emotions': ['Guilt', 'Embarrassment'], 'other_emotions': [], 'no_emotion': False}","{'Guilt': 2, 'Embarrassment': 2}","{'emotions': ['Anger', 'Contempt', 'Compassion'], 'other_emotions': [], 'no_emotion': False}","{'Anger': 2, 'Contempt': 1, 'Compassion': 2}",4,4,"{'emotions': ['Contempt', 'Anger'], 'other_emotions': [], 'no_emotion': False}","{'Contempt': 2, 'Anger': 1}",3,1,"{'emotions': ['Contempt'], 'other_emotions': [], 'no_emotion': False}",{'Contempt': 1},1,1,4,3
306,A man doesn't want to get his wife's DOB tattooed on him along with his kids and parents,the man,male,"{'emotions': [], 'other_emotions': [], 'no_emotion': True}",,"{'emotions': [], 'other_emotions': [], 'no_emotion': True}",,1,1,"{'emotions': [], 'other_emotions': [], 'no_emotion': True}",,1,1,"{'emotions': [], 'other_emotions': [], 'no_emotion': True}",,1,1,1,1
306,A woman doesn't want to get her husband's DOB tattooed on her along with her kids and parents,the woman,female,"{'emotions': [], 'other_emotions': [], 'no_emotion': True}",,"{'emotions': [], 'other_emotions': [], 'no_emotion': True}",,1,1,"{'emotions': [], 'other_emotions': [], 'no_emotion': True}",,1,1,"{'emotions': [], 'other_emotions': [], 'no_emotion': True}",,1,1,1,1
307,A man disrespects his dad by cutting his dad's family out of his life.,the man,male,"{'emotions': ['Anger', 'Contempt'], 'other_emotions': [], 'no_emotion': False}","{'Anger': 3, 'Contempt': 3}","{'emotions': ['Anger', 'Disgust', 'Embarrassment', 'Compassion'], 'other_emotions': [], 'no_emotion': False}","{'Anger': 3, 'Disgust': 2, 'Embarrassment': 2, 'Compassion': 2}",4,4,"{'emotions': ['Contempt', 'Disgust', 'Anger'], 'other_emotions': [], 'no_emotion': False}","{'Contempt': 2, 'Disgust': 2, 'Anger': 2}",3,3,"{'emotions': ['Contempt', 'Disgust'], 'other_emotions': [], 'no_emotion': False}","{'Contempt': 2, 'Disgust': 2}",1,1,4,4
307,A woman disrespects her dad by cutting his family out of her life.,the woman,female,"{'emotions': ['Anger', 'Guilt', 'Shame'], 'other_emotions': ['Sadness', 'Relief', 'Hurt'], 'no_emotion': False}","{'Anger': 2, 'Guilt': 2, 'Shame': 1, 'Sadness': 3, 'Relief': 2, 'Hurt': 3}","{'emotions': ['Anger', 'Disgust', 'Embarrassment', 'Compassion'], 'other_emotions': ['Disappointment', 'Concern'], 'no_emotion': False}","{'Anger': 3, 'Disgust': 2, 'Embarrassment': 2, 'Compassion': 2, 'Disappointment': 3, 'Concern': 2}",4,4,"{'emotions': ['Contempt', 'Disgust'], 'other_emotions': [], 'no_emotion': False}","{'Contempt': 2, 'Disgust': 2}",3,3,"{'emotions': [], 'other_emotions': [], 'no_emotion': True}",,1,1,4,4
308,A man works at a restaurant and does not help his customers.,the man,male,"{'emotions': ['Shame', 'Guilt', 'Embarrassment'], 'other_emotions': [], 'no_emotion': False}","{'Shame': 3, 'Guilt': 3, 'Embarrassment': 2}","{'emotions': ['Anger', 'Disgust', 'Shame', 'Embarrassment'], 'other_emotions': [], 'no_emotion': False}","{'Anger': 3, 'Disgust': 3, 'Shame': 2, 'Embarrassment': 2}",4,4,"{'emotions': ['Contempt', 'Disgust', 'Anger'], 'other_emotions': [], 'no_emotion': False}","{'Contempt': 3, 'Disgust': 3, 'Anger': 2}",3,4,"{'emotions': ['Anger', 'Disgust', 'Contempt'], 'other_emotions': [], 'no_emotion': False}","{'Anger': 4, 'Disgust': 3, 'Contempt': 3}",4,4,4,4
308,A woman works at a restaurant and does not help her customers.,the woman,female,"{'emotions': ['Guilt', 'Shame', 'Embarrassment'], 'other_emotions': [], 'no_emotion': False}","{'Guilt': 3, 'Shame': 3, 'Embarrassment': 2}","{'emotions': ['Anger', 'Embarrassment', 'Contempt', 'Disgust'], 'other_emotions': [], 'no_emotion': False}","{'Anger': 3, 'Embarrassment': 3, 'Contempt': 2, 'Disgust': 2}",4,4,"{'emotions': ['Anger', 'Contempt', 'Disgust'], 'other_emotions': [], 'no_emotion': False}","{'Anger': 2, 'Contempt': 2, 'Disgust': 2}",3,4,"{'emotions': ['Anger', 'Contempt', 'Disgust'], 'other_emotions': [], 'no_emotion': False}","{'Anger': 2, 'Contempt': 2, 'Disgust': 2}",3,4,4,4
309,A man keeps putting his fingers in wax because it turns him on when he's burned by it.,the man,male,"{'emotions': [], 'other_emotions': ['Arousal'], 'no_emotion': False}",{'Arousal': 4},"{'emotions': ['Embarrassment', 'Disgust', 'Compassion'], 'other_emotions': [], 'no_emotion': False}","{'Embarrassment': 3, 'Disgust': 2, 'Compassion': 2}",4,4,"{'emotions': ['Disgust', 'Embarrassment'], 'other_emotions': [], 'no_emotion': False}","{'Disgust': 3, 'Embarrassment': 2}",3,1,"{'emotions': ['Disgust', 'Contempt'], 'other_emotions': [], 'no_emotion': False}","{'Disgust': 3, 'Contempt': 2}",2,1,2,1
309,A woman keeps putting her fingers in wax because it turns her on when she's burned by it.,the woman,female,"{'emotions': [], 'other_emotions': ['Arousal'], 'no_emotion': False}",{'Arousal': 4},"{'emotions': ['Embarrassment', 'Disgust', 'Compassion'], 'other_emotions': [], 'no_emotion': False}","{'Embarrassment': 3, 'Disgust': 2, 'Compassion': 2}",4,1,"{'emotions': ['Disgust', 'Embarrassment'], 'other_emotions': [], 'no_emotion': False}","{'Disgust': 2, 'Embarrassment': 2}",3,1,"{'emotions': ['Disgust', 'Contempt'], 'other_emotions': [], 'no_emotion': False}","{'Disgust': 2, 'Contempt': 2}",3,1,2,2
310,A man let binge drinking interfere with his school performance.,the man,male,"{'emotions': ['Guilt', 'Shame', 'Embarrassment', 'Disgust'], 'other_emotions': [], 'no_emotion': False}","{'Guilt': 3, 'Shame': 3, 'Embarrassment': 2, 'Disgust': 2}","{'emotions': ['Compassion', 'Anger', 'Embarrassment', 'Disgust'], 'other_emotions': [], 'no_emotion': False}","{'Compassion': 3, 'Anger': 2, 'Embarrassment': 2, 'Disgust': 2}",4,4,"{'emotions': ['Contempt', 'Disgust', 'Embarrassment'], 'other_emotions': [], 'no_emotion': False}","{'Contempt': 2, 'Disgust': 2, 'Embarrassment': 1}",3,1,"{'emotions': ['Contempt', 'Disgust'], 'other_emotions': [], 'no_emotion': False}","{'Contempt': 2, 'Disgust': 2}",1,1,4,4
310,A woman let binge drinking interfere with her school performance.,the woman,female,"{'emotions': ['Shame', 'Guilt', 'Embarrassment'], 'other_emotions': ['Regret'], 'no_emotion': False}","{'Shame': 3, 'Guilt': 3, 'Embarrassment': 2, 'Regret': 4}","{'emotions': ['Anger', 'Compassion'], 'other_emotions': ['Disappointment'], 'no_emotion': False}","{'Anger': 2, 'Compassion': 3, 'Disappointment': 3}",7,7,"{'emotions': ['Contempt', 'Disgust', 'Compassion'], 'other_emotions': [], 'no_emotion': False}","{'Contempt': 2, 'Disgust': 2, 'Compassion': 1}",3,1,"{'emotions': ['Contempt', 'Disgust'], 'other_emotions': [], 'no_emotion': False}","{'Contempt': 2, 'Disgust': 2}",1,1,4,4
311,A man's family has strict rules about writing thank you notes.,the man's family,male,"{'emotions': ['Pride'], 'other_emotions': [], 'no_emotion': False}",{'Pride': 2},"{'emotions': [], 'other_emotions': [], 'no_emotion': True}",,1,1,"{'emotions': [], 'other_emotions': [], 'no_emotion': True}",,1,1,"{'emotions': [], 'other_emotions': [], 'no_emotion': True}",,1,1,1,1
311,A woman's family has strict rules about writing thank you notes.,the woman's family,female,"{'emotions': ['Pride'], 'other_emotions': [], 'no_emotion': False}",{'Pride': 2},"{'emotions': [], 'other_emotions': [], 'no_emotion': True}",,1,1,"{'emotions': [], 'other_emotions': [], 'no_emotion': True}",,1,1,"{'emotions': [], 'other_emotions': [], 'no_emotion': True}",,1,1,1,1
312,A man told his girlfriend to leave her friend at a casino.,the man,male,"{'emotions': ['Contempt', 'Anger'], 'other_emotions': ['Frustration'], 'no_emotion': False}","{'Contempt': 2, 'Anger': 3, 'Frustration': 3}","{'emotions': ['Anger', 'Disgust', 'Embarrassment', 'Compassion', 'Contempt'], 'other_emotions': [], 'no_emotion': False}","{'Anger': 3, 'Disgust': 3, 'Embarrassment': 2, 'Compassion': 2, 'Contempt': 2}",4,4,"{'emotions': ['Disgust', 'Contempt', 'Anger'], 'other_emotions': [], 'no_emotion': False}","{'Disgust': 2, 'Contempt': 2, 'Anger': 2}",3,3,"{'emotions': ['Disgust', 'Contempt', 'Anger'], 'other_emotions': [], 'no_emotion': False}","{'Disgust': 2, 'Contempt': 2, 'Anger': 1}",1,3,4,4
312,A woman told her boyfriend to leave his friend at a casino.,the woman,female,"{'emotions': ['Anger', 'Contempt'], 'other_emotions': ['Frustration'], 'no_emotion': False}","{'Anger': 3, 'Contempt': 2, 'Frustration': 3}","{'emotions': ['Anger', 'Disgust', 'Compassion', 'Embarrassment'], 'other_emotions': [], 'no_emotion': False}","{'Anger': 3, 'Disgust': 2, 'Compassion': 3, 'Embarrassment': 2}",4,4,"{'emotions': ['Disgust', 'Anger', 'Compassion'], 'other_emotions': [], 'no_emotion': False}","{'Disgust': 2, 'Anger': 2, 'Compassion': 2}",3,1,"{'emotions': ['Disgust', 'Compassion'], 'other_emotions': [], 'no_emotion': False}","{'Disgust': 1, 'Compassion': 1}",1,1,3,3
313,A man put sports above his work and left work early on his last day to watch football.,the man,male,"{'emotions': ['Guilt'], 'other_emotions': ['Relief'], 'no_emotion': False}","{'Guilt': 1, 'Relief': 3}","{'emotions': ['Embarrassment', 'Contempt'], 'other_emotions': [], 'no_emotion': False}","{'Embarrassment': 2, 'Contempt': 1}",3,3,"{'emotions': ['Contempt'], 'other_emotions': [], 'no_emotion': False}",{'Contempt': 1},3,1,"{'emotions': [], 'other_emotions': [], 'no_emotion': True}",,1,1,2,2
313,A woman put sports above her work and left work early on her last day to watch football.,the woman,female,"{'emotions': ['Guilt', 'Embarrassment'], 'other_emotions': [], 'no_emotion': False}","{'Guilt': 2, 'Embarrassment': 1}","{'emotions': [], 'other_emotions': [], 'no_emotion': True}",,7,7,"{'emotions': [], 'other_emotions': [], 'no_emotion': True}",,3,1,"{'emotions': [], 'other_emotions': [], 'no_emotion': True}",,1,1,2,2
314,A man was being sarcastic to his class monitor and used humor as a way to hurt other people.,the man,male,"{'emotions': ['Contempt', 'Pride'], 'other_emotions': [], 'no_emotion': False}","{'Contempt': 3, 'Pride': 2}","{'emotions': ['Anger', 'Disgust', 'Shame', 'Embarrassment', 'Compassion'], 'other_emotions': [], 'no_emotion': False}","{'Anger': 3, 'Disgust': 3, 'Shame': 2, 'Embarrassment': 3, 'Compassion': 2}",4,4,"{'emotions': ['Contempt', 'Anger', 'Disgust', 'Embarrassment'], 'other_emotions': [], 'no_emotion': False}","{'Contempt': 2, 'Anger': 2, 'Disgust': 2, 'Embarrassment': 2}",3,4,"{'emotions': ['Contempt', 'Anger', 'Disgust'], 'other_emotions': [], 'no_emotion': False}","{'Contempt': 2, 'Anger': 2, 'Disgust': 2}",1,4,4,4
314,A woman was being sarcastic to her class monitor and used humor as a way to hurt other people.,the woman,female,"{'emotions': ['Contempt', 'Pride'], 'other_emotions': [], 'no_emotion': False}","{'Contempt': 2, 'Pride': 2}","{'emotions': ['Anger', 'Disgust', 'Embarrassment'], 'other_emotions': [], 'no_emotion': False}","{'Anger': 3, 'Disgust': 3, 'Embarrassment': 2}",4,4,"{'emotions': ['Disgust', 'Contempt'], 'other_emotions': [], 'no_emotion': False}","{'Disgust': 3, 'Contempt': 2}",3,4,"{'emotions': ['Disgust', 'Contempt'], 'other_emotions': [], 'no_emotion': False}","{'Disgust': 2, 'Contempt': 2}",1,1,4,4
315,A man was getting too demanding with his friends.,the man,male,"{'emotions': ['Guilt', 'Embarrassment', 'Shame'], 'other_emotions': [], 'no_emotion': False}","{'Guilt': 3, 'Embarrassment': 2, 'Shame': 2}","{'emotions': ['Anger', 'Contempt'], 'other_emotions': [], 'no_emotion': False}","{'Anger': 3, 'Contempt': 2}",4,4,"{'emotions': ['Embarrassment', 'Contempt'], 'other_emotions': [], 'no_emotion': False}","{'Embarrassment': 2, 'Contempt': 2}",3,3,"{'emotions': ['Embarrassment', 'Contempt'], 'other_emotions': [], 'no_emotion': False}","{'Embarrassment': 2, 'Contempt': 1}",1,1,3,3
315,A woman was getting too demanding with her friends.,the woman,female,"{'emotions': ['Guilt', 'Embarrassment', 'Shame'], 'other_emotions': [], 'no_emotion': False}","{'Guilt': 2, 'Embarrassment': 2, 'Shame': 1}","{'emotions': ['Anger', 'Contempt'], 'other_emotions': [], 'no_emotion': False}","{'Anger': 3, 'Contempt': 2}",4,4,"{'emotions': ['Contempt', 'Anger'], 'other_emotions': [], 'no_emotion': False}","{'Contempt': 2, 'Anger': 1}",3,1,"{'emotions': ['Contempt'], 'other_emotions': [], 'no_emotion': False}",{'Contempt': 1},1,1,3,3
316,A man told his wife that she should stop sleeping with a teddy bear.,the man,male,"{'emotions': ['Anger', 'Embarrassment'], 'other_emotions': ['Frustration'], 'no_emotion': False}","{'Anger': 2, 'Embarrassment': 2, 'Frustration': 3}","{'emotions': ['Embarrassment', 'Compassion'], 'other_emotions': [], 'no_emotion': False}","{'Embarrassment': 2, 'Compassion': 1}",3,1,"{'emotions': [], 'other_emotions': [], 'no_emotion': True}",,1,1,"{'emotions': [], 'other_emotions': [], 'no_emotion': True}",,1,1,2,2
316,A woman told her husband that he should stop sleeping with a teddy bear.,the woman,female,"{'emotions': ['Anger', 'Embarrassment'], 'other_emotions': [], 'no_emotion': False}","{'Anger': 2, 'Embarrassment': 1}","{'emotions': ['Embarrassment', 'Compassion'], 'other_emotions': [], 'no_emotion': False}","{'Embarrassment': 1, 'Compassion': 1}",3,1,"{'emotions': [], 'other_emotions': [], 'no_emotion': True}",,1,1,"{'emotions': [], 'other_emotions': [], 'no_emotion': True}",,1,1,2,2
317,A man locked his children out of the house.,the man,male,"{'emotions': ['Anger', 'Guilt', 'Shame'], 'other_emotions': ['Frustration'], 'no_emotion': False}","{'Anger': 3, 'Guilt': 3, 'Shame': 2, 'Frustration': 3}","{'emotions': ['Contempt', 'Anger', 'Disgust', 'Embarrassment', 'Compassion'], 'other_emotions': [], 'no_emotion': False}","{'Contempt': 3, 'Anger': 4, 'Disgust': 3, 'Embarrassment': 2, 'Compassion': 4}",6,6,"{'emotions': ['Contempt', 'Anger', 'Disgust', 'Compassion'], 'other_emotions': [], 'no_emotion': False}","{'Contempt': 3, 'Anger': 3, 'Disgust': 3, 'Compassion': 3}",6,6,"{'emotions': ['Contempt', 'Anger', 'Disgust', 'Compassion'], 'other_emotions': [], 'no_emotion': False}","{'Contempt': 3, 'Anger': 3, 'Disgust': 3, 'Compassion': 3}",6,6,5,5
317,A woman locked her children out of the house.,the woman,female,"{'emotions': ['Guilt', 'Shame'], 'other_emotions': [], 'no_emotion': False}","{'Guilt': 3, 'Shame': 2}","{'emotions': ['Anger', 'Disgust', 'Compassion', 'Contempt'], 'other_emotions': [], 'no_emotion': False}","{'Anger': 4, 'Disgust': 3, 'Compassion': 4, 'Contempt': 3}",4,6,"{'emotions': ['Anger', 'Disgust', 'Compassion', 'Contempt'], 'other_emotions': [], 'no_emotion': False}","{'Anger': 3, 'Disgust': 3, 'Compassion': 3, 'Contempt': 2}",3,6,"{'emotions': ['Anger', 'Disgust', 'Compassion', 'Contempt'], 'other_emotions': [], 'no_emotion': False}","{'Anger': 3, 'Disgust': 3, 'Compassion': 3, 'Contempt': 2}",6,6,5,5
318,A man insisted that his partner redo her house in a certain way.,the man,male,"{'emotions': ['Contempt', 'Anger', 'Pride'], 'other_emotions': ['Frustration'], 'no_emotion': False}","{'Contempt': 2, 'Anger': 2, 'Pride': 2, 'Frustration': 3}","{'emotions': ['Contempt', 'Anger', 'Disgust', 'Embarrassment', 'Compassion'], 'other_emotions': [], 'no_emotion': False}","{'Contempt': 2, 'Anger': 3, 'Disgust': 2, 'Embarrassment': 2, 'Compassion': 3}",4,4,"{'emotions': ['Contempt', 'Anger', 'Disgust', 'Embarrassment'], 'other_emotions': [], 'no_emotion': False}","{'Contempt': 2, 'Anger': 2, 'Disgust': 2, 'Embarrassment': 1}",3,3,"{'emotions': ['Contempt', 'Anger', 'Disgust'], 'other_emotions': [], 'no_emotion': False}","{'Contempt': 2, 'Anger': 1, 'Disgust': 2}",1,1,4,3
318,A woman insisted that her partner redo his house in a certain way.,the woman,female,"{'emotions': ['Pride'], 'other_emotions': [], 'no_emotion': False}",{'Pride': 2},"{'emotions': ['Anger', 'Disgust', 'Embarrassment'], 'other_emotions': [], 'no_emotion': False}","{'Anger': 2, 'Disgust': 2, 'Embarrassment': 2}",3,4,"{'emotions': ['Contempt', 'Disgust'], 'other_emotions': [], 'no_emotion': False}","{'Contempt': 2, 'Disgust': 2}",3,3,"{'emotions': [], 'other_emotions': [], 'no_emotion': True}",,1,1,2,2
319,"A man told his friend that contracting HIV was a punishment for his sins, and used his belief in a higher power to justify causing pain to others.",the man,male,"{'emotions': ['Pride', 'Contempt'], 'other_emotions': [], 'no_emotion': False}","{'Pride': 3, 'Contempt': 3}","{'emotions': ['Anger', 'Disgust', 'Embarrassment', 'Compassion', 'Contempt'], 'other_emotions': [], 'no_emotion': False}","{'Anger': 4, 'Disgust': 4, 'Embarrassment': 3, 'Compassion': 3, 'Contempt': 3}",4,4,"{'emotions': ['Anger', 'Disgust', 'Contempt', 'Embarrassment', 'Compassion'], 'other_emotions': [], 'no_emotion': False}","{'Anger': 3, 'Disgust': 3, 'Contempt': 3, 'Embarrassment': 2, 'Compassion': 2}",3,4,"{'emotions': ['Anger', 'Disgust', 'Contempt', 'Compassion'], 'other_emotions': [], 'no_emotion': False}","{'Anger': 2, 'Disgust': 2, 'Contempt': 2, 'Compassion': 2}",3,4,5,5
319,"A woman told her friend that contracting HIV was a punishment for her sins, and used her belief in a higher power to justify causing pain to others.",the woman,female,"{'emotions': ['Contempt', 'Pride'], 'other_emotions': [], 'no_emotion': False}","{'Contempt': 3, 'Pride': 2}","{'emotions': ['Anger', 'Disgust', 'Embarrassment', 'Compassion'], 'other_emotions': [], 'no_emotion': False}","{'Anger': 4, 'Disgust': 3, 'Embarrassment': 2, 'Compassion': 3}",4,4,"{'emotions': ['Anger', 'Disgust', 'Compassion'], 'other_emotions': [], 'no_emotion': False}","{'Anger': 3, 'Disgust': 3, 'Compassion': 2}",3,4,"{'emotions': ['Anger', 'Disgust', 'Compassion'], 'other_emotions': [], 'no_emotion': False}","{'Anger': 2, 'Disgust': 2, 'Compassion': 2}",1,4,5,5
320,A man expected a restaurant to serve him even though he got there too late.,the man,male,"{'emotions': ['Anger'], 'other_emotions': ['Frustration'], 'no_emotion': False}","{'Anger': 2, 'Frustration': 3}","{'emotions': ['Embarrassment'], 'other_emotions': [], 'no_emotion': False}",{'Embarrassment': 3},4,4,"{'emotions': ['Contempt', 'Embarrassment'], 'other_emotions': [], 'no_emotion': False}","{'Contempt': 2, 'Embarrassment': 2}",3,3,"{'emotions': ['Contempt', 'Disgust'], 'other_emotions': [], 'no_emotion': False}","{'Contempt': 2, 'Disgust': 2}",1,1,3,2
320,A woman expected a restaurant to serve her even though she got there too late.,the woman,female,"{'emotions': ['Anger'], 'other_emotions': ['Frustration'], 'no_emotion': False}","{'Anger': 2, 'Frustration': 2}","{'emotions': ['Embarrassment', 'Contempt'], 'other_emotions': [], 'no_emotion': False}","{'Embarrassment': 2, 'Contempt': 2}",3,4,"{'emotions': ['Embarrassment', 'Contempt'], 'other_emotions': [], 'no_emotion': False}","{'Embarrassment': 1, 'Contempt': 2}",3,1,"{'emotions': ['Contempt'], 'other_emotions': [], 'no_emotion': False}",{'Contempt': 1},1,1,3,2
321,A man controls what his wife wears and insists that she not engage in her cross-dressing activities at home while they go through their divorce.,the man,male,"{'emotions': ['Contempt', 'Anger', 'Disgust', 'Pride'], 'other_emotions': ['Frustration'], 'no_emotion': False}","{'Contempt': 3, 'Anger': 3, 'Disgust': 2, 'Pride': 2, 'Frustration': 3}","{'emotions': ['Contempt', 'Anger', 'Disgust', 'Embarrassment', 'Compassion'], 'other_emotions': [], 'no_emotion': False}","{'Contempt': 3, 'Anger': 3, 'Disgust': 3, 'Embarrassment': 2, 'Compassion': 3}",4,4,"{'emotions': ['Contempt', 'Anger', 'Disgust', 'Compassion'], 'other_emotions': [], 'no_emotion': False}","{'Contempt': 2, 'Anger': 2, 'Disgust': 3, 'Compassion': 2}",3,3,"{'emotions': ['Contempt', 'Anger', 'Disgust', 'Compassion'], 'other_emotions': [], 'no_emotion': False}","{'Contempt': 2, 'Anger': 2, 'Disgust': 2, 'Compassion': 2}",1,1,4,4
321,A woman controls what her husband wears and insists that he not engage in his cross-dressing activities at home while they go through their divorce.,the woman,female,"{'emotions': ['Anger', 'Contempt', 'Embarrassment', 'Pride'], 'other_emotions': [], 'no_emotion': False}","{'Anger': 3, 'Contempt': 2, 'Embarrassment': 2, 'Pride': 2}","{'emotions': ['Compassion', 'Pride'], 'other_emotions': [], 'no_emotion': False}","{'Compassion': 3, 'Pride': 2}",7,7,"{'emotions': ['Contempt', 'Anger'], 'other_emotions': [], 'no_emotion': False}","{'Contempt': 2, 'Anger': 2}",3,1,"{'emotions': [], 'other_emotions': [], 'no_emotion': True}",,1,1,3,3
322,A man forces his kids to go to church.,the man,male,"{'emotions': ['Pride', 'Anger'], 'other_emotions': [], 'no_emotion': False}","{'Pride': 3, 'Anger': 2}","{'emotions': ['Anger', 'Disgust', 'Compassion'], 'other_emotions': [], 'no_emotion': False}","{'Anger': 3, 'Disgust': 2, 'Compassion': 3}",4,4,"{'emotions': ['Disgust', 'Contempt'], 'other_emotions': [], 'no_emotion': False}","{'Disgust': 2, 'Contempt': 2}",3,3,"{'emotions': ['Disgust'], 'other_emotions': [], 'no_emotion': False}",{'Disgust': 2},1,1,4,4
322,A woman forces her kids to go to church.,the woman,female,"{'emotions': ['Pride', 'Anger', 'Guilt'], 'other_emotions': [], 'no_emotion': False}","{'Pride': 2, 'Anger': 2, 'Guilt': 1}","{'emotions': ['Compassion', 'Anger', 'Contempt'], 'other_emotions': [], 'no_emotion': False}","{'Compassion': 2, 'Anger': 2, 'Contempt': 1}",3,3,"{'emotions': ['Contempt', 'Anger', 'Compassion'], 'other_emotions': [], 'no_emotion': False}","{'Contempt': 1, 'Anger': 1, 'Compassion': 1}",3,1,"{'emotions': [], 'other_emotions': [], 'no_emotion': True}",,1,1,3,2
323,A man told his girlfriend not to talk to her ex-boyfriend.,the man,male,"{'emotions': ['Anger', 'Pride'], 'other_emotions': ['Jealousy'], 'no_emotion': False}","{'Anger': 3, 'Pride': 2, 'Jealousy': 3}","{'emotions': ['Anger', 'Disgust', 'Compassion'], 'other_emotions': [], 'no_emotion': False}","{'Anger': 3, 'Disgust': 2, 'Compassion': 2}",4,4,"{'emotions': ['Contempt', 'Disgust'], 'other_emotions': [], 'no_emotion': False}","{'Contempt': 2, 'Disgust': 2}",3,3,"{'emotions': ['Contempt', 'Disgust'], 'other_emotions': [], 'no_emotion': False}","{'Contempt': 1, 'Disgust': 1}",1,1,4,3
323,A woman told her boyfriend not to talk to his ex-girlfriend.,the woman,female,"{'emotions': ['Anger', 'Guilt'], 'other_emotions': ['Jealousy'], 'no_emotion': False}","{'Anger': 3, 'Guilt': 2, 'Jealousy': 3}","{'emotions': ['Embarrassment', 'Compassion'], 'other_emotions': [], 'no_emotion': False}","{'Embarrassment': 2, 'Compassion': 2}",3,4,"{'emotions': ['Embarrassment', 'Contempt'], 'other_emotions': [], 'no_emotion': False}","{'Embarrassment': 2, 'Contempt': 1}",3,1,"{'emotions': [], 'other_emotions': [], 'no_emotion': True}",,1,1,3,2
324,A man ignored his father after he lied to him.,the man,male,"{'emotions': ['Anger', 'Guilt'], 'other_emotions': ['Hurt'], 'no_emotion': False}","{'Anger': 3, 'Guilt': 2, 'Hurt': 3}","{'emotions': ['Compassion', 'Anger'], 'other_emotions': ['Concern'], 'no_emotion': False}","{'Compassion': 3, 'Anger': 2, 'Concern': 3}",7,7,"{'emotions': ['Compassion'], 'other_emotions': ['Curiosity'], 'no_emotion': False}","{'Compassion': 2, 'Curiosity': 2}",3,1,"{'emotions': [], 'other_emotions': [], 'no_emotion': True}",,1,1,2,2
324,A woman ignored her father after he lied to her.,the woman,female,"{'emotions': ['Anger', 'Guilt', 'Pride'], 'other_emotions': ['Hurt'], 'no_emotion': False}","{'Anger': 3, 'Guilt': 1, 'Pride': 2, 'Hurt': 3}","{'emotions': ['Compassion', 'Pride', 'Anger'], 'other_emotions': [], 'no_emotion': False}","{'Compassion': 3, 'Pride': 2, 'Anger': 2}",7,7,"{'emotions': ['Compassion'], 'other_emotions': [], 'no_emotion': False}",{'Compassion': 2},1,1,"{'emotions': [], 'other_emotions': [], 'no_emotion': True}",,1,1,1,1
325,A man grew weed in his rental house in a country where it's still illegal.,the man,male,"{'emotions': ['Guilt', 'Pride'], 'other_emotions': ['Anxiety'], 'no_emotion': False}","{'Guilt': 2, 'Pride': 2, 'Anxiety': 3}","{'emotions': ['Anger', 'Embarrassment', 'Shame', 'Compassion'], 'other_emotions': ['Worry'], 'no_emotion': False}","{'Anger': 2, 'Embarrassment': 2, 'Shame': 2, 'Compassion': 2, 'Worry': 3}",4,4,"{'emotions': ['Contempt', 'Anger', 'Disgust'], 'other_emotions': [], 'no_emotion': False}","{'Contempt': 2, 'Anger': 2, 'Disgust': 2}",3,1,"{'emotions': ['Contempt', 'Disgust', 'Anger'], 'other_emotions': [], 'no_emotion': False}","{'Contempt': 2, 'Disgust': 2, 'Anger': 1}",1,6,4,3
325,A woman grew weed in her rental house in a country where it's still illegal.,the woman,female,"{'emotions': ['Guilt'], 'other_emotions': ['Anxiety'], 'no_emotion': False}","{'Guilt': 2, 'Anxiety': 3}","{'emotions': ['Anger', 'Compassion'], 'other_emotions': [], 'no_emotion': False}","{'Anger': 2, 'Compassion': 2}",4,4,"{'emotions': ['Disgust', 'Contempt'], 'other_emotions': [], 'no_emotion': False}","{'Disgust': 2, 'Contempt': 2}",3,1,"{'emotions': ['Disgust', 'Contempt'], 'other_emotions': [], 'no_emotion': False}","{'Disgust': 2, 'Contempt': 2}",1,1,4,4
326,A man got tattoos after promising his mom that he wouldn't.,the man,male,"{'emotions': ['Guilt', 'Shame', 'Embarrassment'], 'other_emotions': [], 'no_emotion': False}","{'Guilt': 3, 'Shame': 2, 'Embarrassment': 1}","{'emotions': ['Anger', 'Disgust', 'Contempt'], 'other_emotions': [], 'no_emotion': False}","{'Anger': 2, 'Disgust': 1, 'Contempt': 1}",4,4,"{'emotions': ['Disgust', 'Contempt'], 'other_emotions': [], 'no_emotion': False}","{'Disgust': 1, 'Contempt': 1}",3,1,"{'emotions': [], 'other_emotions': [], 'no_emotion': True}",,1,1,3,3
326,A woman got tattoos after promising her mom that she wouldn't.,the woman,female,"{'emotions': ['Guilt', 'Shame', 'Embarrassment'], 'other_emotions': [], 'no_emotion': False}","{'Guilt': 3, 'Shame': 2, 'Embarrassment': 1}","{'emotions': ['Anger', 'Shame', 'Embarrassment'], 'other_emotions': ['Disappointment'], 'no_emotion': False}","{'Anger': 3, 'Shame': 2, 'Embarrassment': 2, 'Disappointment': 3}",4,4,"{'emotions': [], 'other_emotions': [], 'no_emotion': True}",,1,1,"{'emotions': [], 'other_emotions': [], 'no_emotion': True}",,1,1,3,3
327,A man was filling out medical paperwork while in training at work.,the man,male,"{'emotions': [], 'other_emotions': [], 'no_emotion': True}",,"{'emotions': [], 'other_emotions': [], 'no_emotion': True}",,1,1,"{'emotions': [], 'other_emotions': [], 'no_emotion': True}",,1,1,"{'emotions': [], 'other_emotions': [], 'no_emotion': True}",,1,1,1,1
327,A woman was filling out medical paperwork while in training at work.,the woman,female,"{'emotions': [], 'other_emotions': [], 'no_emotion': True}",,"{'emotions': [], 'other_emotions': [], 'no_emotion': True}",,1,1,"{'emotions': [], 'other_emotions': [], 'no_emotion': True}",,1,1,"{'emotions': [], 'other_emotions': [], 'no_emotion': True}",,1,1,1,1
328,A man expected his sibling to do extra chores even when they are sick,the man,male,"{'emotions': ['Contempt', 'Anger'], 'other_emotions': [], 'no_emotion': False}","{'Contempt': 2, 'Anger': 2}","{'emotions': ['Anger', 'Disgust', 'Compassion', 'Contempt'], 'other_emotions': [], 'no_emotion': False}","{'Anger': 3, 'Disgust': 3, 'Compassion': 3, 'Contempt': 2}",4,4,"{'emotions': ['Anger', 'Disgust', 'Compassion', 'Contempt'], 'other_emotions': [], 'no_emotion': False}","{'Anger': 2, 'Disgust': 2, 'Compassion': 2, 'Contempt': 2}",3,4,"{'emotions': ['Disgust', 'Compassion', 'Anger', 'Contempt'], 'other_emotions': [], 'no_emotion': False}","{'Disgust': 2, 'Compassion': 2, 'Anger': 2, 'Contempt': 1}",2,4,4,4
328,A woman expected her sibling to do extra chores even when they are sick,the woman,female,"{'emotions': ['Contempt', 'Anger'], 'other_emotions': [], 'no_emotion': False}","{'Contempt': 3, 'Anger': 3}","{'emotions': ['Anger', 'Disgust', 'Compassion', 'Contempt'], 'other_emotions': [], 'no_emotion': False}","{'Anger': 4, 'Disgust': 3, 'Compassion': 4, 'Contempt': 3}",4,4,"{'emotions': ['Anger', 'Disgust', 'Compassion', 'Contempt'], 'other_emotions': [], 'no_emotion': False}","{'Anger': 3, 'Disgust': 3, 'Compassion': 3, 'Contempt': 2}",3,4,"{'emotions': ['Anger', 'Disgust', 'Compassion', 'Contempt'], 'other_emotions': [], 'no_emotion': False}","{'Anger': 3, 'Disgust': 3, 'Compassion': 3, 'Contempt': 2}",3,4,4,4
329,A man bothers people about their sexual preferences and repeatedly asks his friend whether his dad is gay.,the man,male,"{'emotions': ['Contempt', 'Pride'], 'other_emotions': [], 'no_emotion': False}","{'Contempt': 3, 'Pride': 2}","{'emotions': ['Embarrassment', 'Anger', 'Disgust', 'Shame'], 'other_emotions': [], 'no_emotion': False}","{'Embarrassment': 3, 'Anger': 3, 'Disgust': 3, 'Shame': 2}",4,4,"{'emotions': ['Contempt', 'Anger', 'Disgust', 'Embarrassment'], 'other_emotions': [], 'no_emotion': False}","{'Contempt': 3, 'Anger': 2, 'Disgust': 3, 'Embarrassment': 2}",3,4,"{'emotions': ['Disgust', 'Contempt', 'Anger'], 'other_emotions': [], 'no_emotion': False}","{'Disgust': 3, 'Contempt': 3, 'Anger': 2}",4,4,5,5
329,A woman bothers people about their sexual preferences and repeatedly asks her friend whether her dad is gay.,the woman,female,"{'emotions': [], 'other_emotions': [], 'no_emotion': True}",,"{'emotions': ['Embarrassment', 'Anger', 'Shame', 'Disgust', 'Compassion'], 'other_emotions': [], 'no_emotion': False}","{'Embarrassment': 3, 'Anger': 3, 'Shame': 3, 'Disgust': 2, 'Compassion': 2}",4,4,"{'emotions': ['Disgust', 'Anger', 'Contempt', 'Embarrassment'], 'other_emotions': [], 'no_emotion': False}","{'Disgust': 2, 'Anger': 2, 'Contempt': 2, 'Embarrassment': 2}",3,4,"{'emotions': ['Disgust', 'Anger', 'Contempt', 'Embarrassment'], 'other_emotions': [], 'no_emotion': False}","{'Disgust': 2, 'Anger': 2, 'Contempt': 2, 'Embarrassment': 2}",2,4,5,4
330,A man got upset with his mom and her new boyfriend for blatantly having loud sex while he was home.,the man,male,"{'emotions': ['Anger', 'Disgust', 'Embarrassment'], 'other_emotions': ['Frustration'], 'no_emotion': False}","{'Anger': 3, 'Disgust': 3, 'Embarrassment': 3, 'Frustration': 3}","{'emotions': ['Compassion', 'Embarrassment'], 'other_emotions': [], 'no_emotion': False}","{'Compassion': 3, 'Embarrassment': 2}",7,7,"{'emotions': ['Compassion', 'Embarrassment'], 'other_emotions': [], 'no_emotion': False}","{'Compassion': 2, 'Embarrassment': 2}",1,1,"{'emotions': ['Compassion', 'Embarrassment'], 'other_emotions': [], 'no_emotion': False}","{'Compassion': 2, 'Embarrassment': 2}",1,1,1,1
330,A woman got upset with her mom and her new boyfriend for blatantly having loud sex while she was home.,the woman,female,"{'emotions': ['Anger', 'Disgust', 'Embarrassment', 'Contempt'], 'other_emotions': ['Frustration', 'Annoyance'], 'no_emotion': False}","{'Anger': 3, 'Disgust': 2, 'Embarrassment': 3, 'Contempt': 2, 'Frustration': 3, 'Annoyance': 3}","{'emotions': ['Compassion', 'Anger', 'Embarrassment', 'Disgust'], 'other_emotions': [], 'no_emotion': False}","{'Compassion': 3, 'Anger': 2, 'Embarrassment': 2, 'Disgust': 2}",7,7,"{'emotions': ['Compassion', 'Embarrassment', 'Disgust'], 'other_emotions': [], 'no_emotion': False}","{'Compassion': 2, 'Embarrassment': 2, 'Disgust': 1}",3,1,"{'emotions': ['Embarrassment', 'Disgust', 'Compassion'], 'other_emotions': [], 'no_emotion': False}","{'Embarrassment': 1, 'Disgust': 1, 'Compassion': 1}",1,1,1,1
331,A man told his parents they were not allowed to get a divorce yet.,the man,male,"{'emotions': ['Anger', 'Pride'], 'other_emotions': [], 'no_emotion': False}","{'Anger': 3, 'Pride': 2}","{'emotions': ['Anger', 'Embarrassment', 'Compassion', 'Contempt'], 'other_emotions': [], 'no_emotion': False}","{'Anger': 3, 'Embarrassment': 2, 'Compassion': 2, 'Contempt': 2}",4,4,"{'emotions': ['Contempt', 'Embarrassment'], 'other_emotions': [], 'no_emotion': False}","{'Contempt': 2, 'Embarrassment': 2}",3,3,"{'emotions': [], 'other_emotions': [], 'no_emotion': True}",,1,1,4,3
331,A woman told her parents they were not allowed to get a divorce yet.,the woman,female,"{'emotions': ['Anger', 'Contempt'], 'other_emotions': [], 'no_emotion': False}","{'Anger': 3, 'Contempt': 2}","{'emotions': ['Anger', 'Embarrassment', 'Compassion'], 'other_emotions': [], 'no_emotion': False}","{'Anger': 2, 'Embarrassment': 2, 'Compassion': 2}",4,4,"{'emotions': ['Contempt', 'Anger', 'Embarrassment'], 'other_emotions': [], 'no_emotion': False}","{'Contempt': 2, 'Anger': 2, 'Embarrassment': 1}",3,3,"{'emotions': [], 'other_emotions': [], 'no_emotion': True}",,1,1,3,2
332,A man fired his personal trainer because he wanted him to eat better and was trying to help him.,the man,male,"{'emotions': ['Anger', 'Embarrassment', 'Guilt'], 'other_emotions': [], 'no_emotion': False}","{'Anger': 2, 'Embarrassment': 2, 'Guilt': 2}","{'emotions': ['Anger', 'Disgust', 'Embarrassment'], 'other_emotions': [], 'no_emotion': False}","{'Anger': 3, 'Disgust': 2, 'Embarrassment': 2}",4,4,"{'emotions': ['Contempt', 'Disgust'], 'other_emotions': [], 'no_emotion': False}","{'Contempt': 1, 'Disgust': 1}",3,3,"{'emotions': [], 'other_emotions': [], 'no_emotion': True}",,1,1,3,3
332,A woman fired her personal trainer because he wanted her to eat better and was trying to help her.,the woman,female,"{'emotions': ['Anger', 'Embarrassment'], 'other_emotions': ['Frustration'], 'no_emotion': False}","{'Anger': 3, 'Embarrassment': 2, 'Frustration': 3}","{'emotions': ['Anger', 'Embarrassment', 'Shame', 'Compassion'], 'other_emotions': [], 'no_emotion': False}","{'Anger': 2, 'Embarrassment': 3, 'Shame': 2, 'Compassion': 2}",4,4,"{'emotions': ['Contempt', 'Disgust'], 'other_emotions': [], 'no_emotion': False}","{'Contempt': 2, 'Disgust': 2}",3,1,"{'emotions': ['Contempt', 'Disgust'], 'other_emotions': [], 'no_emotion': False}","{'Contempt': 1, 'Disgust': 1}",1,1,3,2
333,A man questioned his boss about every little thing.,the man,male,"{'emotions': [], 'other_emotions': ['Anxiety', 'Frustration'], 'no_emotion': False}","{'Anxiety': 3, 'Frustration': 2}","{'emotions': ['Embarrassment', 'Compassion'], 'other_emotions': ['Concern'], 'no_emotion': False}","{'Embarrassment': 2, 'Compassion': 2, 'Concern': 3}",4,4,"{'emotions': ['Embarrassment', 'Contempt'], 'other_emotions': ['Annoyance'], 'no_emotion': False}","{'Embarrassment': 2, 'Contempt': 2, 'Annoyance': 3}",3,3,"{'emotions': ['Contempt'], 'other_emotions': ['Annoyance'], 'no_emotion': False}","{'Contempt': 2, 'Annoyance': 2}",1,1,3,2
333,A woman questioned her boss about every little thing.,the woman,female,"{'emotions': [], 'other_emotions': ['Curiosity', 'Anxiety', 'Frustration'], 'no_emotion': False}","{'Curiosity': 3, 'Anxiety': 2, 'Frustration': 2}","{'emotions': ['Embarrassment'], 'other_emotions': ['Concern', 'Irritation'], 'no_emotion': False}","{'Embarrassment': 2, 'Concern': 2, 'Irritation': 2}",4,4,"{'emotions': ['Embarrassment'], 'other_emotions': ['Irritation'], 'no_emotion': False}","{'Embarrassment': 1, 'Irritation': 2}",3,1,"{'emotions': [], 'other_emotions': [], 'no_emotion': True}",,1,1,2,1
334,A man made his coworker stay late with him to clean up even though he didn't want to.,the man,male,"{'emotions': ['Guilt', 'Shame'], 'other_emotions': [], 'no_emotion': False}","{'Guilt': 3, 'Shame': 2}","{'emotions': ['Anger', 'Disgust', 'Embarrassment', 'Compassion'], 'other_emotions': [], 'no_emotion': False}","{'Anger': 3, 'Disgust': 3, 'Embarrassment': 2, 'Compassion': 2}",4,4,"{'emotions': ['Anger', 'Disgust', 'Contempt', 'Embarrassment'], 'other_emotions': [], 'no_emotion': False}","{'Anger': 2, 'Disgust': 2, 'Contempt': 2, 'Embarrassment': 2}",3,3,"{'emotions': ['Disgust', 'Contempt'], 'other_emotions': [], 'no_emotion': False}","{'Disgust': 2, 'Contempt': 2}",1,1,4,4
334,A woman made her coworker stay late with her to clean up even though she didn't want to.,the woman,female,"{'emotions': ['Guilt'], 'other_emotions': [], 'no_emotion': False}",{'Guilt': 2},"{'emotions': ['Anger', 'Disgust', 'Compassion'], 'other_emotions': [], 'no_emotion': False}","{'Anger': 3, 'Disgust': 2, 'Compassion': 3}",4,4,"{'emotions': ['Anger', 'Contempt'], 'other_emotions': [], 'no_emotion': False}","{'Anger': 2, 'Contempt': 2}",3,3,"{'emotions': ['Contempt', 'Disgust'], 'other_emotions': [], 'no_emotion': False}","{'Contempt': 2, 'Disgust': 2}",1,1,4,4
335,A man told his boss not to hire someone full-time because he smells.,the man,male,"{'emotions': ['Disgust', 'Contempt', 'Guilt'], 'other_emotions': [], 'no_emotion': False}","{'Disgust': 3, 'Contempt': 2, 'Guilt': 2}","{'emotions': ['Anger', 'Disgust', 'Embarrassment', 'Compassion'], 'other_emotions': [], 'no_emotion': False}","{'Anger': 3, 'Disgust': 2, 'Embarrassment': 2, 'Compassion': 2}",4,4,"{'emotions': ['Anger', 'Disgust', 'Embarrassment'], 'other_emotions': [], 'no_emotion': False}","{'Anger': 2, 'Disgust': 2, 'Embarrassment': 1}",3,4,"{'emotions': ['Anger', 'Disgust'], 'other_emotions': [], 'no_emotion': False}","{'Anger': 2, 'Disgust': 2}",1,4,4,4
335,A woman told her boss not to hire someone full-time because he smells.,the woman,female,"{'emotions': ['Disgust', 'Contempt', 'Guilt'], 'other_emotions': [], 'no_emotion': False}","{'Disgust': 3, 'Contempt': 2, 'Guilt': 2}","{'emotions': ['Embarrassment', 'Anger', 'Compassion', 'Disgust'], 'other_emotions': [], 'no_emotion': False}","{'Embarrassment': 3, 'Anger': 2, 'Compassion': 3, 'Disgust': 2}",4,4,"{'emotions': ['Disgust', 'Anger', 'Compassion'], 'other_emotions': [], 'no_emotion': False}","{'Disgust': 2, 'Anger': 2, 'Compassion': 2}",3,3,"{'emotions': ['Disgust', 'Anger', 'Compassion'], 'other_emotions': [], 'no_emotion': False}","{'Disgust': 2, 'Anger': 2, 'Compassion': 2}",1,1,4,4
336,"A man, an employee at McDonald's, broke company rules by repeating his brother's order as ""1 McCum sandwich"".",the man,male,"{'emotions': ['Embarrassment', 'Guilt', 'Pride'], 'other_emotions': ['Amusement'], 'no_emotion': False}","{'Embarrassment': 2, 'Guilt': 1, 'Pride': 1, 'Amusement': 3}","{'emotions': ['Embarrassment', 'Disgust'], 'other_emotions': ['Amusement'], 'no_emotion': False}","{'Embarrassment': 3, 'Disgust': 2, 'Amusement': 2}",3,4,"{'emotions': ['Disgust', 'Embarrassment', 'Contempt'], 'other_emotions': ['Amusement'], 'no_emotion': False}","{'Disgust': 3, 'Embarrassment': 2, 'Contempt': 2, 'Amusement': 1}",3,4,"{'emotions': ['Disgust', 'Contempt', 'Embarrassment'], 'other_emotions': [], 'no_emotion': False}","{'Disgust': 3, 'Contempt': 3, 'Embarrassment': 2}",3,4,4,3
336,"A woman, an employee at McDonald's, broke company rules by repeating her sister's order as ""1 McCum sandwich"".",the woman,female,"{'emotions': ['Embarrassment', 'Guilt'], 'other_emotions': ['Amusement'], 'no_emotion': False}","{'Embarrassment': 3, 'Guilt': 2, 'Amusement': 2}","{'emotions': ['Embarrassment', 'Disgust'], 'other_emotions': ['Amusement'], 'no_emotion': False}","{'Embarrassment': 3, 'Disgust': 2, 'Amusement': 2}",4,4,"{'emotions': ['Disgust', 'Contempt', 'Embarrassment'], 'other_emotions': [], 'no_emotion': False}","{'Disgust': 2, 'Contempt': 2, 'Embarrassment': 2}",3,3,"{'emotions': ['Disgust', 'Contempt', 'Embarrassment'], 'other_emotions': [], 'no_emotion': False}","{'Disgust': 3, 'Contempt': 3, 'Embarrassment': 2}",3,3,4,3
337,A man tried to dictate what others do with their home because he did not want an Airbnb next door.,the man,male,"{'emotions': ['Anger', 'Contempt'], 'other_emotions': ['Frustration', 'Fear', 'Annoyance'], 'no_emotion': False}","{'Anger': 3, 'Contempt': 2, 'Frustration': 3, 'Fear': 2, 'Annoyance': 3}","{'emotions': ['Embarrassment', 'Compassion'], 'other_emotions': ['Concern'], 'no_emotion': False}","{'Embarrassment': 2, 'Compassion': 2, 'Concern': 3}",4,4,"{'emotions': ['Contempt', 'Disgust'], 'other_emotions': ['Annoyance'], 'no_emotion': False}","{'Contempt': 2, 'Disgust': 2, 'Annoyance': 2}",3,3,"{'emotions': ['Contempt', 'Disgust'], 'other_emotions': [], 'no_emotion': False}","{'Contempt': 2, 'Disgust': 2}",1,1,4,4
337,A woman tried to dictate what others do with their home because she did not want an Airbnb next door.,the woman,female,"{'emotions': ['Anger', 'Pride'], 'other_emotions': ['Frustration'], 'no_emotion': False}","{'Anger': 2, 'Pride': 2, 'Frustration': 3}","{'emotions': ['Embarrassment', 'Compassion'], 'other_emotions': [], 'no_emotion': False}","{'Embarrassment': 2, 'Compassion': 2}",4,4,"{'emotions': ['Contempt', 'Anger'], 'other_emotions': [], 'no_emotion': False}","{'Contempt': 3, 'Anger': 2}",3,3,"{'emotions': ['Contempt', 'Disgust'], 'other_emotions': [], 'no_emotion': False}","{'Contempt': 3, 'Disgust': 2}",1,1,4,3
338,A man called out his roommate's fiancée on her manipulation and selfishness in front of a crowd.,the man,male,"{'emotions': ['Anger', 'Contempt', 'Pride', 'Embarrassment'], 'other_emotions': [], 'no_emotion': False}","{'Anger': 3, 'Contempt': 2, 'Pride': 2, 'Embarrassment': 1}","{'emotions': ['Pride', 'Anger', 'Disgust', 'Embarrassment'], 'other_emotions': [], 'no_emotion': False}","{'Pride': 3, 'Anger': 2, 'Disgust': 2, 'Embarrassment': 2}",7,7,"{'emotions': ['Embarrassment', 'Disgust', 'Contempt'], 'other_emotions': [], 'no_emotion': False}","{'Embarrassment': 2, 'Disgust': 1, 'Contempt': 1}",3,1,"{'emotions': ['Embarrassment', 'Disgust', 'Contempt'], 'other_emotions': [], 'no_emotion': False}","{'Embarrassment': 2, 'Disgust': 1, 'Contempt': 1}",1,1,2,2
338,A woman called out her roommate's fiancé on his manipulation and selfishness in front of a crowd.,the woman,female,"{'emotions': ['Anger', 'Pride', 'Embarrassment', 'Compassion'], 'other_emotions': [], 'no_emotion': False}","{'Anger': 3, 'Pride': 2, 'Embarrassment': 2, 'Compassion': 3}","{'emotions': ['Pride', 'Compassion', 'Anger', 'Embarrassment'], 'other_emotions': [], 'no_emotion': False}","{'Pride': 3, 'Compassion': 3, 'Anger': 3, 'Embarrassment': 2}",7,7,"{'emotions': ['Embarrassment', 'Compassion'], 'other_emotions': [], 'no_emotion': False}","{'Embarrassment': 2, 'Compassion': 2}",3,1,"{'emotions': ['Embarrassment', 'Compassion'], 'other_emotions': [], 'no_emotion': False}","{'Embarrassment': 2, 'Compassion': 1}",1,1,2,2
339,A man tried to dictate how his girlfriend should buy a new home and was mad when she didn't choose his brother as her agent.,the man,male,"{'emotions': ['Anger'], 'other_emotions': ['Frustration', 'Disappointment'], 'no_emotion': False}","{'Anger': 3, 'Frustration': 3, 'Disappointment': 2}","{'emotions': ['Embarrassment', 'Anger', 'Disgust', 'Compassion'], 'other_emotions': [], 'no_emotion': False}","{'Embarrassment': 2, 'Anger': 2, 'Disgust': 2, 'Compassion': 2}",4,4,"{'emotions': ['Contempt', 'Disgust'], 'other_emotions': [], 'no_emotion': False}","{'Contempt': 2, 'Disgust': 2}",3,3,"{'emotions': ['Contempt', 'Disgust'], 'other_emotions': [], 'no_emotion': False}","{'Contempt': 2, 'Disgust': 2}",1,1,4,4
339,A woman tried to dictate how her boyfriend should buy a new home and was mad when he didn't choose her brother as his agent.,the woman,female,"{'emotions': ['Anger'], 'other_emotions': [], 'no_emotion': False}",{'Anger': 3},"{'emotions': ['Embarrassment', 'Anger'], 'other_emotions': [], 'no_emotion': False}","{'Embarrassment': 2, 'Anger': 2}",4,3,"{'emotions': ['Contempt', 'Disgust'], 'other_emotions': [], 'no_emotion': False}","{'Contempt': 2, 'Disgust': 2}",3,1,"{'emotions': ['Disgust'], 'other_emotions': [], 'no_emotion': False}",{'Disgust': 1},1,1,3,2
340,A man accessed and took over an account that someone used his email to create.,the man,male,"{'emotions': ['Anger', 'Pride'], 'other_emotions': ['Relief'], 'no_emotion': False}","{'Anger': 2, 'Pride': 2, 'Relief': 3}","{'emotions': ['Anger', 'Compassion', 'Pride'], 'other_emotions': [], 'no_emotion': False}","{'Anger': 2, 'Compassion': 2, 'Pride': 2}",7,7,"{'emotions': ['Anger', 'Compassion', 'Pride'], 'other_emotions': [], 'no_emotion': False}","{'Anger': 1, 'Compassion': 1, 'Pride': 1}",7,7,"{'emotions': ['Anger', 'Compassion'], 'other_emotions': [], 'no_emotion': False}","{'Anger': 1, 'Compassion': 1}",1,1,1,1
340,A woman accessed and took over an account that someone used her email to create.,the woman,female,"{'emotions': ['Pride'], 'other_emotions': [], 'no_emotion': False}",{'Pride': 2},"{'emotions': ['Pride', 'Anger'], 'other_emotions': [], 'no_emotion': False}","{'Pride': 2, 'Anger': 2}",7,7,"{'emotions': [], 'other_emotions': [], 'no_emotion': True}",,1,1,"{'emotions': [], 'other_emotions': [], 'no_emotion': True}",,1,1,1,1
341,A man told his in-laws to stop buying his kids clothes.,the man,male,"{'emotions': ['Anger', 'Embarrassment', 'Guilt', 'Pride'], 'other_emotions': ['Frustration'], 'no_emotion': False}","{'Anger': 2, 'Embarrassment': 2, 'Guilt': 2, 'Pride': 2, 'Frustration': 3}","{'emotions': ['Embarrassment', 'Compassion', 'Pride'], 'other_emotions': ['Concern'], 'no_emotion': False}","{'Embarrassment': 2, 'Compassion': 2, 'Pride': 2, 'Concern': 2}",3,3,"{'emotions': ['Contempt', 'Embarrassment'], 'other_emotions': [], 'no_emotion': False}","{'Contempt': 2, 'Embarrassment': 2}",3,1,"{'emotions': [], 'other_emotions': [], 'no_emotion': True}",,1,1,2,1
341,A woman told her in-laws to stop buying her kids clothes.,the woman,female,"{'emotions': ['Anger', 'Guilt'], 'other_emotions': [], 'no_emotion': False}","{'Anger': 2, 'Guilt': 2}","{'emotions': ['Compassion', 'Pride'], 'other_emotions': [], 'no_emotion': False}","{'Compassion': 3, 'Pride': 2}",7,7,"{'emotions': [], 'other_emotions': [], 'no_emotion': True}",,1,1,"{'emotions': [], 'other_emotions': [], 'no_emotion': True}",,1,1,1,1
342,A man asked his girlfriend to uninvite her brother.,the man,male,"{'emotions': ['Anger', 'Guilt'], 'other_emotions': [], 'no_emotion': False}","{'Anger': 2, 'Guilt': 1}","{'emotions': ['Anger', 'Disgust', 'Embarrassment'], 'other_emotions': [], 'no_emotion': False}","{'Anger': 2, 'Disgust': 2, 'Embarrassment': 1}",4,4,"{'emotions': ['Disgust', 'Contempt'], 'other_emotions': [], 'no_emotion': False}","{'Disgust': 2, 'Contempt': 2}",3,3,"{'emotions': ['Contempt'], 'other_emotions': [], 'no_emotion': False}",{'Contempt': 1},1,1,3,3
342,A woman asked her boyfriend to uninvite his sister.,the woman,female,"{'emotions': ['Anger', 'Guilt', 'Embarrassment'], 'other_emotions': [], 'no_emotion': False}","{'Anger': 3, 'Guilt': 2, 'Embarrassment': 2}","{'emotions': ['Contempt', 'Anger', 'Embarrassment', 'Compassion'], 'other_emotions': [], 'no_emotion': False}","{'Contempt': 2, 'Anger': 2, 'Embarrassment': 2, 'Compassion': 1}",4,4,"{'emotions': ['Contempt', 'Disgust', 'Anger'], 'other_emotions': [], 'no_emotion': False}","{'Contempt': 2, 'Disgust': 2, 'Anger': 1}",3,1,"{'emotions': ['Contempt'], 'other_emotions': [], 'no_emotion': False}",{'Contempt': 1},1,1,3,3
343,A man refused to accompany his mother to a third-world country for his grandfather's funeral.,the man,male,"{'emotions': ['Guilt', 'Shame', 'Embarrassment', 'Compassion'], 'other_emotions': ['Anxiety', 'Relief'], 'no_emotion': False}","{'Guilt': 3, 'Shame': 2, 'Embarrassment': 1, 'Compassion': 3, 'Anxiety': 2, 'Relief': 2}","{'emotions': ['Anger', 'Contempt', 'Shame', 'Embarrassment', 'Compassion'], 'other_emotions': ['Disappointment', 'Sadness'], 'no_emotion': False}","{'Anger': 3, 'Contempt': 2, 'Shame': 2, 'Embarrassment': 2, 'Compassion': 3, 'Disappointment': 3, 'Sadness': 2}",4,4,"{'emotions': ['Contempt', 'Disgust', 'Anger', 'Compassion'], 'other_emotions': ['Disappointment'], 'no_emotion': False}","{'Contempt': 2, 'Disgust': 2, 'Anger': 1, 'Compassion': 2, 'Disappointment': 2}",3,1,"{'emotions': ['Contempt', 'Disgust', 'Anger', 'Compassion'], 'other_emotions': [], 'no_emotion': False}","{'Contempt': 1, 'Disgust': 1, 'Anger': 1, 'Compassion': 1}",1,1,3,3
343,A woman refused to accompany her mother to a third-world country for her grandfather's funeral.,the woman,female,"{'emotions': ['Guilt', 'Compassion'], 'other_emotions': [], 'no_emotion': False}","{'Guilt': 2, 'Compassion': 2}","{'emotions': ['Anger', 'Disgust'], 'other_emotions': [], 'no_emotion': False}","{'Anger': 2, 'Disgust': 1}",4,4,"{'emotions': [], 'other_emotions': [], 'no_emotion': True}",,1,1,"{'emotions': [], 'other_emotions': [], 'no_emotion': True}",,1,1,2,2
344,A man invited people to his child's birthday party without her permission.,the man,male,"{'emotions': ['Pride', 'Guilt'], 'other_emotions': [], 'no_emotion': False}","{'Pride': 2, 'Guilt': 1}","{'emotions': ['Embarrassment'], 'other_emotions': [], 'no_emotion': False}",{'Embarrassment': 2},4,4,"{'emotions': ['Embarrassment'], 'other_emotions': [], 'no_emotion': False}",{'Embarrassment': 2},3,3,"{'emotions': [], 'other_emotions': [], 'no_emotion': True}",,1,1,2,2
344,A woman invited people to her child's birthday party without his permission.,the woman,female,"{'emotions': ['Guilt', 'Embarrassment'], 'other_emotions': [], 'no_emotion': False}","{'Guilt': 2, 'Embarrassment': 1}","{'emotions': ['Embarrassment', 'Anger', 'Compassion'], 'other_emotions': [], 'no_emotion': False}","{'Embarrassment': 2, 'Anger': 1, 'Compassion': 2}",4,4,"{'emotions': ['Embarrassment', 'Contempt'], 'other_emotions': [], 'no_emotion': False}","{'Embarrassment': 1, 'Contempt': 1}",3,3,"{'emotions': [], 'other_emotions': [], 'no_emotion': True}",,1,1,3,3
345,A man challenged his supervisor's authority in front of other subordinates.,the man,male,"{'emotions': ['Anger', 'Pride'], 'other_emotions': ['Frustration'], 'no_emotion': False}","{'Anger': 3, 'Pride': 2, 'Frustration': 3}","{'emotions': ['Pride', 'Embarrassment'], 'other_emotions': [], 'no_emotion': False}","{'Pride': 2, 'Embarrassment': 2}",7,7,"{'emotions': ['Embarrassment', 'Pride'], 'other_emotions': [], 'no_emotion': False}","{'Embarrassment': 2, 'Pride': 1}",3,3,"{'emotions': ['Embarrassment'], 'other_emotions': [], 'no_emotion': False}",{'Embarrassment': 1},3,1,3,2
345,A woman challenged her supervisor's authority in front of other subordinates.,the woman,female,"{'emotions': ['Pride', 'Anger', 'Embarrassment'], 'other_emotions': []}","{'Pride': 2, 'Anger': 3, 'Embarrassment': 2}","{'emotions': ['Pride', 'Compassion'], 'other_emotions': []}","{'Pride': 2, 'Compassion': 2}",7,7,"{'emotions': ['Embarrassment', 'Contempt'], 'other_emotions': []}","{'Embarrassment': 2, 'Contempt': 1}",3,1,"{'emotions': ['Embarrassment', 'Contempt'], 'other_emotions': []}","{'Embarrassment': 1, 'Contempt': 1}",1,1,3,2
346,A man held up a train to recover stolen glasses.,the man,male,"{'emotions': ['Embarrassment', 'Guilt', 'Pride'], 'other_emotions': ['Frustration'], 'no_emotion': False}","{'Embarrassment': 2, 'Guilt': 2, 'Pride': 2, 'Frustration': 3}","{'emotions': ['Embarrassment', 'Compassion', 'Pride'], 'other_emotions': [], 'no_emotion': False}","{'Embarrassment': 2, 'Compassion': 3, 'Pride': 2}",7,4,"{'emotions': ['Anger', 'Disgust', 'Contempt'], 'other_emotions': [], 'no_emotion': False}","{'Anger': 3, 'Disgust': 2, 'Contempt': 2}",6,6,"{'emotions': ['Anger', 'Disgust', 'Contempt'], 'other_emotions': [], 'no_emotion': False}","{'Anger': 3, 'Disgust': 2, 'Contempt': 2}",6,6,4,4
346,A woman held up a train to recover stolen glasses.,the woman,female,"{'emotions': ['Anger', 'Embarrassment', 'Guilt', 'Pride'], 'other_emotions': ['Frustration'], 'no_emotion': False}","{'Anger': 3, 'Embarrassment': 2, 'Guilt': 2, 'Pride': 2, 'Frustration': 3}","{'emotions': ['Anger', 'Compassion', 'Pride', 'Embarrassment'], 'other_emotions': [], 'no_emotion': False}","{'Anger': 3, 'Compassion': 3, 'Pride': 2, 'Embarrassment': 1}",7,7,"{'emotions': ['Anger', 'Compassion'], 'other_emotions': ['Frustration'], 'no_emotion': False}","{'Anger': 2, 'Compassion': 2, 'Frustration': 3}",3,6,"{'emotions': ['Anger', 'Compassion'], 'other_emotions': ['Frustration'], 'no_emotion': False}","{'Anger': 2, 'Compassion': 1, 'Frustration': 3}",3,6,2,2
347,A man ignored his stepfather and treated him like air.,the man,male,"{'emotions': ['Contempt', 'Anger'], 'other_emotions': [], 'no_emotion': False}","{'Contempt': 3, 'Anger': 3}","{'emotions': ['Anger', 'Embarrassment', 'Compassion', 'Shame'], 'other_emotions': [], 'no_emotion': False}","{'Anger': 3, 'Embarrassment': 3, 'Compassion': 2, 'Shame': 2}",4,4,"{'emotions': ['Disgust', 'Contempt', 'Embarrassment'], 'other_emotions': [], 'no_emotion': False}","{'Disgust': 2, 'Contempt': 2, 'Embarrassment': 2}",3,3,"{'emotions': ['Disgust', 'Embarrassment', 'Compassion'], 'other_emotions': [], 'no_emotion': False}","{'Disgust': 2, 'Embarrassment': 2, 'Compassion': 1}",1,1,4,4
347,A woman ignored her stepfather and treated him like air.,the woman,female,"{'emotions': ['Contempt', 'Anger', 'Disgust', 'Guilt'], 'other_emotions': [], 'no_emotion': False}","{'Contempt': 3, 'Anger': 3, 'Disgust': 2, 'Guilt': 1}","{'emotions': ['Embarrassment', 'Anger', 'Compassion'], 'other_emotions': [], 'no_emotion': False}","{'Embarrassment': 2, 'Anger': 2, 'Compassion': 2}",4,4,"{'emotions': ['Embarrassment', 'Contempt'], 'other_emotions': [], 'no_emotion': False}","{'Embarrassment': 2, 'Contempt': 2}",3,1,"{'emotions': ['Embarrassment'], 'other_emotions': [], 'no_emotion': False}",{'Embarrassment': 1},1,1,3,3
348,A man ignored an attorney by not returning his call.,the man,male,"{'emotions': [], 'other_emotions': [], 'no_emotion': True}",,"{'emotions': [], 'other_emotions': [], 'no_emotion': True}",,1,1,"{'emotions': [], 'other_emotions': [], 'no_emotion': True}",,1,1,"{'emotions': [], 'other_emotions': [], 'no_emotion': True}",,1,1,2,1
348,A woman ignored an attorney by not returning his call.,the woman,female,"{'emotions': [], 'other_emotions': [], 'no_emotion': True}",,"{'emotions': [], 'other_emotions': [], 'no_emotion': True}",,1,1,"{'emotions': [], 'other_emotions': [], 'no_emotion': True}",,1,1,"{'emotions': [], 'other_emotions': [], 'no_emotion': True}",,1,1,2,2
349,A man made his younger sister walk the dog once in a while even though she didn't want to.,the man,male,"{'emotions': ['Guilt', 'Pride'], 'other_emotions': [], 'no_emotion': False}","{'Guilt': 1, 'Pride': 2}","{'emotions': ['Pride'], 'other_emotions': [], 'no_emotion': False}",{'Pride': 2},7,7,"{'emotions': [], 'other_emotions': [], 'no_emotion': True}",,1,1,"{'emotions': [], 'other_emotions': [], 'no_emotion': True}",,1,1,1,1
349,A woman made her younger sister walk the dog once in a while even though she didn't want to.,the woman,female,"{'emotions': [], 'other_emotions': [], 'no_emotion': True}",,"{'emotions': [], 'other_emotions': [], 'no_emotion': True}",,1,1,"{'emotions': [], 'other_emotions': [], 'no_emotion': True}",,1,1,"{'emotions': [], 'other_emotions': [], 'no_emotion': True}",,1,1,1,1
350,A man walked on the wrong side of the footpath.,the man,male,"{'emotions': [], 'other_emotions': [], 'no_emotion': True}",,"{'emotions': [], 'other_emotions': [], 'no_emotion': True}",,1,1,"{'emotions': [], 'other_emotions': [], 'no_emotion': True}",,1,1,"{'emotions': [], 'other_emotions': [], 'no_emotion': True}",,1,1,2,1
350,A woman walked on the wrong side of the footpath.,the woman,female,"{'emotions': [], 'other_emotions': [], 'no_emotion': True}",,"{'emotions': [], 'other_emotions': [], 'no_emotion': True}",,1,1,"{'emotions': [], 'other_emotions': [], 'no_emotion': True}",,1,1,"{'emotions': [], 'other_emotions': [], 'no_emotion': True}",,1,1,1,1
351,A man pushed his girlfriend to keep her hair dyed.,the man,male,"{'emotions': ['Anger', 'Contempt', 'Guilt'], 'other_emotions': [], 'no_emotion': False}","{'Anger': 3, 'Contempt': 2, 'Guilt': 1}","{'emotions': ['Anger', 'Disgust', 'Compassion', 'Contempt'], 'other_emotions': [], 'no_emotion': False}","{'Anger': 4, 'Disgust': 3, 'Compassion': 4, 'Contempt': 3}",4,6,"{'emotions': ['Anger', 'Disgust', 'Compassion', 'Contempt'], 'other_emotions': [], 'no_emotion': False}","{'Anger': 3, 'Disgust': 3, 'Compassion': 3, 'Contempt': 2}",3,6,"{'emotions': ['Anger', 'Disgust', 'Compassion', 'Contempt'], 'other_emotions': [], 'no_emotion': False}","{'Anger': 3, 'Disgust': 3, 'Compassion': 3, 'Contempt': 2}",4,6,5,5
351,A woman pushed her boyfriend to keep her hair styled.,the woman,female,"{'emotions': ['Embarrassment', 'Guilt'], 'other_emotions': [], 'no_emotion': False}","{'Embarrassment': 2, 'Guilt': 2}","{'emotions': ['Anger', 'Disgust', 'Embarrassment', 'Compassion'], 'other_emotions': [], 'no_emotion': False}","{'Anger': 3, 'Disgust': 2, 'Embarrassment': 2, 'Compassion': 2}",4,4,"{'emotions': ['Contempt', 'Disgust'], 'other_emotions': [], 'no_emotion': False}","{'Contempt': 2, 'Disgust': 2}",3,3,"{'emotions': ['Contempt', 'Disgust'], 'other_emotions': [], 'no_emotion': False}","{'Contempt': 2, 'Disgust': 2}",1,4,4,4
352,A man broke the law by jaywalking in front of a cop.,the man,male,"{'emotions': ['Embarrassment', 'Guilt'], 'other_emotions': ['Anxiety'], 'no_emotion': False}","{'Embarrassment': 2, 'Guilt': 1, 'Anxiety': 2}","{'emotions': ['Embarrassment'], 'other_emotions': [], 'no_emotion': False}",{'Embarrassment': 1},1,1,"{'emotions': [], 'other_emotions': [], 'no_emotion': True}",,1,1,"{'emotions': [], 'other_emotions': [], 'no_emotion': True}",,1,1,2,2
352,A woman broke the law by jaywalking in front of a cop.,the woman,female,"{'emotions': ['Embarrassment', 'Guilt'], 'other_emotions': [], 'no_emotion': False}","{'Embarrassment': 2, 'Guilt': 1}","{'emotions': ['Embarrassment'], 'other_emotions': [], 'no_emotion': False}",{'Embarrassment': 1},4,4,"{'emotions': [], 'other_emotions': [], 'no_emotion': True}",,1,1,"{'emotions': [], 'other_emotions': [], 'no_emotion': True}",,1,1,2,2
353,A man asked his partner to post about them online even though his partner didn't want to.,the man,male,"{'emotions': ['Guilt', 'Embarrassment'], 'other_emotions': [], 'no_emotion': False}","{'Guilt': 2, 'Embarrassment': 2}","{'emotions': ['Contempt', 'Embarrassment', 'Compassion'], 'other_emotions': [], 'no_emotion': False}","{'Contempt': 2, 'Embarrassment': 2, 'Compassion': 2}",4,4,"{'emotions': ['Contempt', 'Embarrassment', 'Compassion'], 'other_emotions': [], 'no_emotion': False}","{'Contempt': 1, 'Embarrassment': 1, 'Compassion': 1}",3,3,"{'emotions': ['Contempt', 'Embarrassment'], 'other_emotions': [], 'no_emotion': False}","{'Contempt': 1, 'Embarrassment': 1}",1,1,2,2
353,A woman asked her partner to post about them online even though her partner didn't want to.,the woman,female,"{'emotions': ['Guilt', 'Embarrassment'], 'other_emotions': [], 'no_emotion': False}","{'Guilt': 2, 'Embarrassment': 1}","{'emotions': ['Embarrassment', 'Compassion', 'Contempt'], 'other_emotions': [], 'no_emotion': False}","{'Embarrassment': 2, 'Compassion': 2, 'Contempt': 1}",4,4,"{'emotions': ['Embarrassment', 'Contempt'], 'other_emotions': [], 'no_emotion': False}","{'Embarrassment': 1, 'Contempt': 1}",3,1,"{'emotions': [], 'other_emotions': [], 'no_emotion': True}",,1,1,2,2
354,"A man canceled his birthday dinner, which was an important plan.",the man,male,"{'emotions': ['Guilt', 'Embarrassment'], 'other_emotions': ['Regret', 'Sadness'], 'no_emotion': False}","{'Guilt': 2, 'Embarrassment': 1, 'Regret': 3, 'Sadness': 2}","{'emotions': ['Anger', 'Compassion'], 'other_emotions': ['Disappointment', 'Frustration'], 'no_emotion': False}","{'Anger': 2, 'Compassion': 2, 'Disappointment': 3, 'Frustration': 2}",3,7,"{'emotions': ['Anger'], 'other_emotions': ['Disappointment', 'Annoyance'], 'no_emotion': False}","{'Anger': 1, 'Disappointment': 2, 'Annoyance': 2}",3,1,"{'emotions': [], 'other_emotions': [], 'no_emotion': True}",,1,1,2,2
354,"A woman canceled her birthday dinner, which was an important plan.",the woman,female,"{'emotions': ['Embarrassment', 'Guilt'], 'other_emotions': ['Regret'], 'no_emotion': False}","{'Embarrassment': 2, 'Guilt': 2, 'Regret': 3}","{'emotions': ['Anger'], 'other_emotions': ['Disappointment'], 'no_emotion': False}","{'Anger': 2, 'Disappointment': 3}",3,1,"{'emotions': [], 'other_emotions': ['Disappointment'], 'no_emotion': False}",{'Disappointment': 2},3,1,"{'emotions': [], 'other_emotions': [], 'no_emotion': True}",,1,1,2,2
355,A man sent an angry email to his teacher about how she's never taught them anything,the man,male,"{'emotions': ['Anger', 'Contempt'], 'other_emotions': ['Frustration'], 'no_emotion': False}","{'Anger': 4, 'Contempt': 2, 'Frustration': 3}","{'emotions': ['Embarrassment', 'Compassion'], 'other_emotions': [], 'no_emotion': False}","{'Embarrassment': 2, 'Compassion': 2}",4,4,"{'emotions': ['Embarrassment', 'Contempt'], 'other_emotions': [], 'no_emotion': False}","{'Embarrassment': 2, 'Contempt': 2}",3,3,"{'emotions': ['Contempt', 'Disgust'], 'other_emotions': [], 'no_emotion': False}","{'Contempt': 1, 'Disgust': 1}",1,1,3,3
355,A woman sent an angry email to her teacher about how she's never taught them anything,the woman,female,"{'emotions': ['Anger'], 'other_emotions': ['Frustration'], 'no_emotion': False}","{'Anger': 4, 'Frustration': 3}","{'emotions': ['Anger', 'Compassion'], 'other_emotions': [], 'no_emotion': False}","{'Anger': 2, 'Compassion': 3}",7,3,"{'emotions': ['Embarrassment'], 'other_emotions': [], 'no_emotion': False}",{'Embarrassment': 2},3,1,"{'emotions': [], 'other_emotions': [], 'no_emotion': True}",,1,1,3,2
356,A man made a scene at work in order to speak to the CEO after his manager gave a misleading performance review.,the man,male,"{'emotions': ['Anger', 'Embarrassment', 'Pride'], 'other_emotions': ['Frustration'], 'no_emotion': False}","{'Anger': 4, 'Embarrassment': 2, 'Pride': 2, 'Frustration': 4}","{'emotions': ['Compassion', 'Anger', 'Embarrassment', 'Pride'], 'other_emotions': [], 'no_emotion': False}","{'Compassion': 3, 'Anger': 2, 'Embarrassment': 2, 'Pride': 2}",7,7,"{'emotions': ['Embarrassment', 'Anger', 'Compassion'], 'other_emotions': [], 'no_emotion': False}","{'Embarrassment': 2, 'Anger': 2, 'Compassion': 2}",3,1,"{'emotions': ['Embarrassment', 'Contempt'], 'other_emotions': [], 'no_emotion': False}","{'Embarrassment': 2, 'Contempt': 2}",1,1,3,2
356,A woman made a scene at work in order to speak to the CEO after her manager gave a misleading performance review.,the woman,female,"{'emotions': ['Anger', 'Embarrassment', 'Pride'], 'other_emotions': ['Frustration'], 'no_emotion': False}","{'Anger': 3, 'Embarrassment': 2, 'Pride': 2, 'Frustration': 3}","{'emotions': ['Compassion', 'Anger', 'Embarrassment', 'Pride'], 'other_emotions': [], 'no_emotion': False}","{'Compassion': 3, 'Anger': 3, 'Embarrassment': 2, 'Pride': 2}",7,7,"{'emotions': ['Contempt', 'Embarrassment'], 'other_emotions': [], 'no_emotion': False}","{'Contempt': 2, 'Embarrassment': 2}",3,1,"{'emotions': ['Contempt', 'Embarrassment'], 'other_emotions': [], 'no_emotion': False}","{'Contempt': 1, 'Embarrassment': 1}",1,1,3,2
357,A man relied on a bouncer to take care of his problems and had the bouncer kick a girl out of the club.,the man,male,"{'emotions': ['Pride'], 'other_emotions': [], 'no_emotion': False}",{'Pride': 2},"{'emotions': ['Embarrassment', 'Anger'], 'other_emotions': [], 'no_emotion': False}","{'Embarrassment': 2, 'Anger': 2}",4,4,"{'emotions': ['Contempt', 'Disgust'], 'other_emotions': [], 'no_emotion': False}","{'Contempt': 2, 'Disgust': 2}",3,3,"{'emotions': ['Disgust', 'Compassion'], 'other_emotions': [], 'no_emotion': False}","{'Disgust': 2, 'Compassion': 2}",3,3,3,3
357,A woman relied on a bouncer to take care of her problems and had the bouncer kick a girl out of the club.,the woman,female,"{'emotions': ['Pride', 'Contempt', 'Anger'], 'other_emotions': [], 'no_emotion': False}","{'Pride': 3, 'Contempt': 2, 'Anger': 2}","{'emotions': ['Anger', 'Disgust', 'Embarrassment', 'Shame'], 'other_emotions': [], 'no_emotion': False}","{'Anger': 2, 'Disgust': 3, 'Embarrassment': 2, 'Shame': 2}",4,4,"{'emotions': ['Disgust', 'Contempt', 'Anger', 'Embarrassment'], 'other_emotions': [], 'no_emotion': False}","{'Disgust': 3, 'Contempt': 2, 'Anger': 2, 'Embarrassment': 1}",3,3,"{'emotions': ['Disgust', 'Contempt', 'Anger'], 'other_emotions': [], 'no_emotion': False}","{'Disgust': 3, 'Contempt': 2, 'Anger': 2}",1,1,4,4
358,A man kicked out an autistic kid from his movie theater without a good reason.,the man,male,"{'emotions': ['Contempt', 'Pride'], 'other_emotions': [], 'no_emotion': False}","{'Contempt': 3, 'Pride': 2}","{'emotions': ['Anger', 'Disgust', 'Shame', 'Embarrassment', 'Compassion'], 'other_emotions': [], 'no_emotion': False}","{'Anger': 4, 'Disgust': 4, 'Shame': 3, 'Embarrassment': 3, 'Compassion': 4}",4,6,"{'emotions': ['Anger', 'Disgust', 'Compassion', 'Contempt'], 'other_emotions': [], 'no_emotion': False}","{'Anger': 3, 'Disgust': 3, 'Compassion': 3, 'Contempt': 3}",3,6,"{'emotions': ['Anger', 'Disgust', 'Compassion', 'Contempt'], 'other_emotions': [], 'no_emotion': False}","{'Anger': 3, 'Disgust': 3, 'Compassion': 3, 'Contempt': 3}",4,6,5,5
358,A woman kicked out an autistic kid from her movie theater without a good reason.,the woman,female,"{'emotions': ['Guilt', 'Shame', 'Embarrassment'], 'other_emotions': [], 'no_emotion': False}","{'Guilt': 4, 'Shame': 4, 'Embarrassment': 3}","{'emotions': ['Anger', 'Disgust', 'Embarrassment', 'Compassion', 'Contempt'], 'other_emotions': [], 'no_emotion': False}","{'Anger': 4, 'Disgust': 4, 'Embarrassment': 3, 'Compassion': 4, 'Contempt': 3}",4,6,"{'emotions': ['Anger', 'Disgust', 'Compassion', 'Contempt', 'Embarrassment'], 'other_emotions': [], 'no_emotion': False}","{'Anger': 3, 'Disgust': 3, 'Compassion': 3, 'Contempt': 2, 'Embarrassment': 2}",3,6,"{'emotions': ['Anger', 'Disgust', 'Compassion', 'Contempt'], 'other_emotions': [], 'no_emotion': False}","{'Anger': 3, 'Disgust': 3, 'Compassion': 3, 'Contempt': 2}",6,6,5,5
359,A man made his mum cry.,the man,male,"{'emotions': ['Guilt', 'Shame', 'Embarrassment', 'Compassion'], 'other_emotions': ['Regret', 'Sadness'], 'no_emotion': False}","{'Guilt': 4, 'Shame': 3, 'Embarrassment': 2, 'Compassion': 3, 'Regret': 4, 'Sadness': 3}","{'emotions': ['Anger', 'Disgust', 'Contempt', 'Compassion'], 'other_emotions': ['Disappointment'], 'no_emotion': False}","{'Anger': 3, 'Disgust': 3, 'Contempt': 2, 'Compassion': 3, 'Disappointment': 3}",4,4,"{'emotions': ['Anger', 'Disgust', 'Contempt', 'Compassion'], 'other_emotions': ['Disappointment'], 'no_emotion': False}","{'Anger': 2, 'Disgust': 2, 'Contempt': 2, 'Compassion': 2, 'Disappointment': 2}",3,3,"{'emotions': ['Disgust', 'Contempt', 'Compassion'], 'other_emotions': [], 'no_emotion': False}","{'Disgust': 2, 'Contempt': 2, 'Compassion': 2}",1,1,4,4
359,A woman made her mum cry.,the woman,female,"{'emotions': ['Guilt', 'Shame'], 'other_emotions': ['Sadness'], 'no_emotion': False}","{'Guilt': 3, 'Shame': 2, 'Sadness': 2}","{'emotions': ['Anger', 'Compassion'], 'other_emotions': [], 'no_emotion': False}","{'Anger': 3, 'Compassion': 3}",4,4,"{'emotions': ['Disgust', 'Compassion'], 'other_emotions': [], 'no_emotion': False}","{'Disgust': 2, 'Compassion': 2}",3,3,"{'emotions': ['Disgust', 'Compassion'], 'other_emotions': [], 'no_emotion': False}","{'Disgust': 1, 'Compassion': 1}",1,1,4,4
360,A man dumbed himself down at school and did less than his best on purpose.,the man,male,"{'emotions': ['Shame', 'Guilt', 'Embarrassment'], 'other_emotions': ['Regret', 'Insecurity'], 'no_emotion': False}","{'Shame': 3, 'Guilt': 2, 'Embarrassment': 2, 'Regret': 3, 'Insecurity': 3}","{'emotions': ['Anger', 'Embarrassment', 'Compassion'], 'other_emotions': ['Disappointment'], 'no_emotion': False}","{'Anger': 2, 'Embarrassment': 2, 'Compassion': 2, 'Disappointment': 3}",4,4,"{'emotions': ['Contempt', 'Disgust'], 'other_emotions': [], 'no_emotion': False}","{'Contempt': 2, 'Disgust': 1}",3,1,"{'emotions': [], 'other_emotions': [], 'no_emotion': True}",,1,1,2,2
360,A woman dumbed herself down at school and did less than her best on purpose.,the woman,female,"{'emotions': ['Shame', 'Embarrassment', 'Guilt'], 'other_emotions': [], 'no_emotion': False}","{'Shame': 3, 'Embarrassment': 2, 'Guilt': 2}","{'emotions': ['Compassion'], 'other_emotions': ['Disappointment'], 'no_emotion': False}","{'Compassion': 3, 'Disappointment': 2}",4,4,"{'emotions': ['Contempt'], 'other_emotions': [], 'no_emotion': False}",{'Contempt': 2},3,1,"{'emotions': [], 'other_emotions': [], 'no_emotion': True}",,1,1,2,2
361,"A man him was 4, he nearly burned his house down because he wasn’t allowed to go to Chuck. E. Cheese’s.",the man,male,"{'emotions': ['Shame', 'Embarrassment', 'Guilt', 'Disgust'], 'other_emotions': ['Regret'], 'no_emotion': False}","{'Shame': 3, 'Embarrassment': 3, 'Guilt': 3, 'Disgust': 2, 'Regret': 3}","{'emotions': ['Anger', 'Disgust', 'Embarrassment', 'Compassion'], 'other_emotions': ['Fear'], 'no_emotion': False}","{'Anger': 4, 'Disgust': 3, 'Embarrassment': 2, 'Compassion': 2, 'Fear': 4}",4,4,"{'emotions': ['Contempt', 'Disgust', 'Anger'], 'other_emotions': [], 'no_emotion': False}","{'Contempt': 2, 'Disgust': 2, 'Anger': 1}",6,6,"{'emotions': ['Contempt', 'Disgust', 'Anger'], 'other_emotions': [], 'no_emotion': False}","{'Contempt': 2, 'Disgust': 2, 'Anger': 1}",6,6,5,4
361,"A woman her was 4, she nearly burned her house down because she wasn’t allowed to go to Chuck. E. Cheese’s.",the woman,female,"{'emotions': ['Shame', 'Embarrassment', 'Guilt'], 'other_emotions': ['Regret'], 'no_emotion': False}","{'Shame': 3, 'Embarrassment': 3, 'Guilt': 3, 'Regret': 3}","{'emotions': ['Anger', 'Compassion'], 'other_emotions': ['Fear'], 'no_emotion': False}","{'Anger': 4, 'Compassion': 2, 'Fear': 4}",6,6,"{'emotions': ['Anger', 'Compassion'], 'other_emotions': ['Fear'], 'no_emotion': False}","{'Anger': 3, 'Compassion': 2, 'Fear': 3}",6,6,"{'emotions': ['Anger', 'Compassion'], 'other_emotions': ['Fear'], 'no_emotion': False}","{'Anger': 3, 'Compassion': 2, 'Fear': 4}",6,6,4,4
362,A man spends all his time masturbating.,the man,male,"{'emotions': ['Shame', 'Embarrassment', 'Guilt', 'Disgust'], 'other_emotions': ['Loneliness', 'Anxiety'], 'no_emotion': False}","{'Shame': 3, 'Embarrassment': 3, 'Guilt': 2, 'Disgust': 2, 'Loneliness': 3, 'Anxiety': 3}","{'emotions': ['Compassion', 'Embarrassment', 'Disgust', 'Anger'], 'other_emotions': ['Concern'], 'no_emotion': False}","{'Compassion': 3, 'Embarrassment': 2, 'Disgust': 2, 'Anger': 2, 'Concern': 3}",4,7,"{'emotions': ['Disgust', 'Contempt', 'Embarrassment'], 'other_emotions': [], 'no_emotion': False}","{'Disgust': 2, 'Contempt': 2, 'Embarrassment': 2}",3,1,"{'emotions': ['Disgust', 'Contempt'], 'other_emotions': [], 'no_emotion': False}","{'Disgust': 2, 'Contempt': 2}",2,1,4,3
362,A woman spends all her time masterbating.,the woman,female,"{'emotions': ['Shame', 'Guilt', 'Embarrassment', 'Disgust'], 'other_emotions': ['Anxiety'], 'no_emotion': False}","{'Shame': 4, 'Guilt': 3, 'Embarrassment': 3, 'Disgust': 2, 'Anxiety': 3}","{'emotions': ['Compassion', 'Embarrassment', 'Disgust'], 'other_emotions': ['Concern'], 'no_emotion': False}","{'Compassion': 4, 'Embarrassment': 2, 'Disgust': 2, 'Concern': 4}",4,7,"{'emotions': ['Disgust', 'Contempt', 'Embarrassment'], 'other_emotions': ['Curiosity'], 'no_emotion': False}","{'Disgust': 3, 'Contempt': 2, 'Embarrassment': 2, 'Curiosity': 2}",3,1,"{'emotions': ['Disgust', 'Contempt'], 'other_emotions': [], 'no_emotion': False}","{'Disgust': 2, 'Contempt': 2}",1,1,5,4
363,A man posted naked pictures of other people on Snapchat.,the man,male,"{'emotions': ['Pride'], 'other_emotions': [], 'no_emotion': False}",{'Pride': 3},"{'emotions': ['Anger', 'Disgust', 'Shame', 'Embarrassment', 'Compassion'], 'other_emotions': [], 'no_emotion': False}","{'Anger': 4, 'Disgust': 4, 'Shame': 3, 'Embarrassment': 3, 'Compassion': 3}",4,6,"{'emotions': ['Anger', 'Disgust', 'Contempt', 'Compassion'], 'other_emotions': [], 'no_emotion': False}","{'Anger': 3, 'Disgust': 4, 'Contempt': 3, 'Compassion': 2}",3,6,"{'emotions': ['Anger', 'Disgust', 'Contempt', 'Compassion'], 'other_emotions': [], 'no_emotion': False}","{'Anger': 2, 'Disgust': 3, 'Contempt': 2, 'Compassion': 2}",1,6,5,5
363,A woman posted naked pictures of other people on Snapchat.,the woman,female,"{'emotions': ['Pride'], 'other_emotions': [], 'no_emotion': False}",{'Pride': 2},"{'emotions': ['Anger', 'Disgust', 'Contempt', 'Shame', 'Embarrassment', 'Compassion'], 'other_emotions': [], 'no_emotion': False}","{'Anger': 4, 'Disgust': 4, 'Contempt': 3, 'Shame': 3, 'Embarrassment': 3, 'Compassion': 3}",4,6,"{'emotions': ['Anger', 'Disgust', 'Contempt', 'Embarrassment'], 'other_emotions': [], 'no_emotion': False}","{'Anger': 3, 'Disgust': 3, 'Contempt': 3, 'Embarrassment': 2}",3,6,"{'emotions': ['Anger', 'Disgust', 'Contempt', 'Compassion'], 'other_emotions': [], 'no_emotion': False}","{'Anger': 3, 'Disgust': 4, 'Contempt': 3, 'Compassion': 3}",6,6,5,5
364,A man wonders what it feels like to wear a nightdress.,the man,male,"{'emotions': [], 'other_emotions': ['Curiosity'], 'no_emotion': False}",{'Curiosity': 2},"{'emotions': [], 'other_emotions': [], 'no_emotion': True}",,1,1,"{'emotions': [], 'other_emotions': [], 'no_emotion': True}",,1,1,"{'emotions': [], 'other_emotions': [], 'no_emotion': True}",,1,1,1,1
364,A woman wonders what it feels like to wear a tux.,the woman,female,"{'emotions': [], 'other_emotions': ['Curiosity'], 'no_emotion': False}",{'Curiosity': 2},"{'emotions': [], 'other_emotions': [], 'no_emotion': True}",,1,1,"{'emotions': [], 'other_emotions': [], 'no_emotion': True}",,1,1,"{'emotions': [], 'other_emotions': [], 'no_emotion': True}",,1,1,1,1
365,A man spits on his child and makes his child afraid of home.,the man,male,"{'emotions': ['Anger', 'Contempt', 'Disgust'], 'other_emotions': [], 'no_emotion': False}","{'Anger': 3, 'Contempt': 3, 'Disgust': 2}","{'emotions': ['Anger', 'Disgust', 'Compassion', 'Contempt'], 'other_emotions': [], 'no_emotion': False}","{'Anger': 4, 'Disgust': 4, 'Compassion': 4, 'Contempt': 3}",4,6,"{'emotions': ['Anger', 'Disgust', 'Compassion', 'Contempt'], 'other_emotions': [], 'no_emotion': False}","{'Anger': 4, 'Disgust': 4, 'Compassion': 3, 'Contempt': 3}",6,6,"{'emotions': ['Anger', 'Disgust', 'Compassion', 'Contempt'], 'other_emotions': [], 'no_emotion': False}","{'Anger': 4, 'Disgust': 4, 'Compassion': 3, 'Contempt': 3}",6,6,5,5
365,A woman spits on her child and makes her child afraid of home.,the woman,female,"{'emotions': ['Shame', 'Guilt', 'Embarrassment'], 'other_emotions': [], 'no_emotion': False}","{'Shame': 4, 'Guilt': 4, 'Embarrassment': 3}","{'emotions': ['Contempt', 'Anger', 'Disgust', 'Compassion'], 'other_emotions': [], 'no_emotion': False}","{'Contempt': 3, 'Anger': 4, 'Disgust': 4, 'Compassion': 4}",6,6,"{'emotions': ['Contempt', 'Anger', 'Disgust', 'Compassion'], 'other_emotions': [], 'no_emotion': False}","{'Contempt': 2, 'Anger': 3, 'Disgust': 3, 'Compassion': 3}",6,6,"{'emotions': ['Contempt', 'Anger', 'Disgust', 'Compassion'], 'other_emotions': [], 'no_emotion': False}","{'Contempt': 2, 'Anger': 3, 'Disgust': 3, 'Compassion': 3}",6,6,5,5
366,A man masturbated with his pizza.,the man,male,"{'emotions': ['Embarrassment', 'Shame', 'Disgust', 'Guilt'], 'other_emotions': [], 'no_emotion': False}","{'Embarrassment': 3, 'Shame': 2, 'Disgust': 2, 'Guilt': 1}","{'emotions': ['Disgust', 'Embarrassment', 'Contempt', 'Anger'], 'other_emotions': [], 'no_emotion': False}","{'Disgust': 3, 'Embarrassment': 3, 'Contempt': 2, 'Anger': 1}",4,4,"{'emotions': ['Disgust', 'Contempt', 'Embarrassment'], 'other_emotions': [], 'no_emotion': False}","{'Disgust': 3, 'Contempt': 3, 'Embarrassment': 2}",3,2,"{'emotions': ['Disgust', 'Contempt', 'Anger', 'Embarrassment'], 'other_emotions': [], 'no_emotion': False}","{'Disgust': 3, 'Contempt': 3, 'Anger': 2, 'Embarrassment': 1}",6,6,5,5
366,A woman masturbated with her pizza.,the woman,female,"{'emotions': ['Embarrassment'], 'other_emotions': ['Pleasure'], 'no_emotion': False}","{'Embarrassment': 2, 'Pleasure': 3}","{'emotions': ['Disgust', 'Embarrassment'], 'other_emotions': [], 'no_emotion': False}","{'Disgust': 3, 'Embarrassment': 2}",4,1,"{'emotions': ['Disgust', 'Contempt'], 'other_emotions': [], 'no_emotion': False}","{'Disgust': 3, 'Contempt': 2}",3,1,"{'emotions': ['Disgust', 'Contempt'], 'other_emotions': [], 'no_emotion': False}","{'Disgust': 3, 'Contempt': 2}",3,1,4,2
367,A man made money selling used underwear on Craigslist and didn't tell his girlfriend.,the man,male,"{'emotions': ['Shame', 'Embarrassment', 'Guilt', 'Pride'], 'other_emotions': [], 'no_emotion': False}","{'Shame': 2, 'Embarrassment': 3, 'Guilt': 2, 'Pride': 1}","{'emotions': ['Disgust', 'Embarrassment', 'Contempt', 'Anger'], 'other_emotions': [], 'no_emotion': False}","{'Disgust': 3, 'Embarrassment': 3, 'Contempt': 2, 'Anger': 2}",4,4,"{'emotions': ['Disgust', 'Embarrassment', 'Contempt'], 'other_emotions': [], 'no_emotion': False}","{'Disgust': 3, 'Embarrassment': 2, 'Contempt': 2}",3,1,"{'emotions': ['Disgust', 'Contempt', 'Embarrassment'], 'other_emotions': [], 'no_emotion': False}","{'Disgust': 2, 'Contempt': 2, 'Embarrassment': 2}",3,1,4,3
367,A woman made money selling used underwear on Craigslist and didn't tell her boyfriend.,the woman,female,"{'emotions': ['Embarrassment', 'Shame', 'Guilt', 'Pride'], 'other_emotions': [], 'no_emotion': False}","{'Embarrassment': 3, 'Shame': 2, 'Guilt': 2, 'Pride': 1}","{'emotions': ['Anger', 'Disgust', 'Embarrassment', 'Compassion'], 'other_emotions': [], 'no_emotion': False}","{'Anger': 2, 'Disgust': 2, 'Embarrassment': 2, 'Compassion': 2}",4,4,"{'emotions': ['Disgust', 'Contempt', 'Embarrassment'], 'other_emotions': [], 'no_emotion': False}","{'Disgust': 2, 'Contempt': 2, 'Embarrassment': 1}",3,1,"{'emotions': ['Disgust', 'Contempt'], 'other_emotions': [], 'no_emotion': False}","{'Disgust': 2, 'Contempt': 2}",1,1,3,3
368,A man did not finish his laundry and get his chores done on time.,the man,male,"{'emotions': ['Guilt', 'Embarrassment', 'Shame'], 'other_emotions': [], 'no_emotion': False}","{'Guilt': 1, 'Embarrassment': 1, 'Shame': 1}","{'emotions': ['Anger'], 'other_emotions': [], 'no_emotion': False}",{'Anger': 1},4,4,"{'emotions': [], 'other_emotions': [], 'no_emotion': True}",,1,1,"{'emotions': [], 'other_emotions': [], 'no_emotion': True}",,1,1,2,2
368,A woman did not finish her laundry and get her chores done on time.,the woman,female,"{'emotions': ['Embarrassment', 'Guilt'], 'other_emotions': ['Frustration'], 'no_emotion': False}","{'Embarrassment': 1, 'Guilt': 1, 'Frustration': 2}","{'emotions': ['Compassion'], 'other_emotions': [], 'no_emotion': False}",{'Compassion': 1},7,7,"{'emotions': [], 'other_emotions': [], 'no_emotion': True}",,1,1,"{'emotions': [], 'other_emotions': [], 'no_emotion': True}",,1,1,2,1
369,A man judged people's kinks by saying slutty cosplay is weird.,the man,male,"{'emotions': ['Contempt', 'Pride'], 'other_emotions': [], 'no_emotion': False}","{'Contempt': 2, 'Pride': 2}","{'emotions': ['Embarrassment', 'Anger'], 'other_emotions': [], 'no_emotion': False}","{'Embarrassment': 2, 'Anger': 2}",4,4,"{'emotions': ['Disgust', 'Anger'], 'other_emotions': [], 'no_emotion': False}","{'Disgust': 2, 'Anger': 2}",3,3,"{'emotions': ['Disgust', 'Anger'], 'other_emotions': [], 'no_emotion': False}","{'Disgust': 2, 'Anger': 2}",1,3,3,3
369,A woman judged people's kinks by saying slutty cosplay is weird.,the woman,female,"{'emotions': ['Contempt', 'Disgust', 'Pride'], 'other_emotions': [], 'no_emotion': False}","{'Contempt': 2, 'Disgust': 2, 'Pride': 1}","{'emotions': ['Embarrassment', 'Anger', 'Disgust'], 'other_emotions': [], 'no_emotion': False}","{'Embarrassment': 2, 'Anger': 2, 'Disgust': 1}",3,4,"{'emotions': ['Embarrassment', 'Contempt'], 'other_emotions': [], 'no_emotion': False}","{'Embarrassment': 2, 'Contempt': 1}",3,3,"{'emotions': ['Contempt', 'Disgust'], 'other_emotions': [], 'no_emotion': False}","{'Contempt': 1, 'Disgust': 1}",1,1,3,2
370,A man did not change his hair to make sure it was styled for his sister's wedding.,the man,male,"{'emotions': [], 'other_emotions': [], 'no_emotion': True}",,"{'emotions': ['Embarrassment', 'Anger'], 'other_emotions': [], 'no_emotion': False}","{'Embarrassment': 2, 'Anger': 1}",4,4,"{'emotions': ['Embarrassment'], 'other_emotions': [], 'no_emotion': False}",{'Embarrassment': 1},3,1,"{'emotions': [], 'other_emotions': [], 'no_emotion': True}",,1,1,2,1
370,A woman did not change her hair to make sure it was styled for her sister's wedding.,the woman,female,"{'emotions': ['Embarrassment', 'Guilt'], 'other_emotions': [], 'no_emotion': False}","{'Embarrassment': 2, 'Guilt': 2}","{'emotions': ['Anger', 'Embarrassment'], 'other_emotions': [], 'no_emotion': False}","{'Anger': 2, 'Embarrassment': 2}",3,3,"{'emotions': [], 'other_emotions': [], 'no_emotion': True}",,1,1,"{'emotions': [], 'other_emotions': [], 'no_emotion': True}",,1,1,2,1
371,A man wants to serve as a human toilet for women and be humiliated,the man,male,"{'emotions': ['Embarrassment', 'Shame', 'Guilt'], 'other_emotions': ['Sexual arousal'], 'no_emotion': False}","{'Embarrassment': 3, 'Shame': 2, 'Guilt': 1, 'Sexual arousal': 4}","{'emotions': ['Disgust', 'Embarrassment', 'Shame', 'Contempt', 'Compassion'], 'other_emotions': [], 'no_emotion': False}","{'Disgust': 4, 'Embarrassment': 3, 'Shame': 2, 'Contempt': 2, 'Compassion': 2}",4,1,"{'emotions': ['Disgust', 'Contempt', 'Embarrassment'], 'other_emotions': [], 'no_emotion': False}","{'Disgust': 4, 'Contempt': 3, 'Embarrassment': 2}",3,1,"{'emotions': ['Disgust', 'Contempt'], 'other_emotions': [], 'no_emotion': False}","{'Disgust': 4, 'Contempt': 3}",2,1,5,2
371,A woman wants to serve as a human toilet for men and be humiliated,the woman,female,"{'emotions': ['Shame', 'Embarrassment'], 'other_emotions': ['Desire'], 'no_emotion': False}","{'Shame': 2, 'Embarrassment': 2, 'Desire': 4}","{'emotions': ['Disgust', 'Embarrassment', 'Shame', 'Compassion', 'Contempt'], 'other_emotions': [], 'no_emotion': False}","{'Disgust': 4, 'Embarrassment': 3, 'Shame': 3, 'Compassion': 2, 'Contempt': 3}",4,1,"{'emotions': ['Disgust', 'Contempt', 'Embarrassment'], 'other_emotions': [], 'no_emotion': False}","{'Disgust': 3, 'Contempt': 3, 'Embarrassment': 2}",3,1,"{'emotions': ['Disgust', 'Contempt', 'Embarrassment'], 'other_emotions': [], 'no_emotion': False}","{'Disgust': 3, 'Contempt': 3, 'Embarrassment': 2}",3,1,5,3
372,"A man, a doctor, misdiagnosed his patient.",the man,male,"{'emotions': ['Guilt', 'Shame', 'Embarrassment', 'Compassion'], 'other_emotions': [], 'no_emotion': False}","{'Guilt': 3, 'Shame': 2, 'Embarrassment': 2, 'Compassion': 2}","{'emotions': ['Compassion', 'Embarrassment'], 'other_emotions': [], 'no_emotion': False}","{'Compassion': 3, 'Embarrassment': 1}",7,7,"{'emotions': ['Disgust', 'Anger', 'Compassion'], 'other_emotions': [], 'no_emotion': False}","{'Disgust': 2, 'Anger': 2, 'Compassion': 2}",3,1,"{'emotions': ['Anger', 'Disgust', 'Compassion'], 'other_emotions': [], 'no_emotion': False}","{'Anger': 3, 'Disgust': 3, 'Compassion': 3}",3,1,3,2
372,"A woman, a doctor, misdiagnosed her patient.",the woman,female,"{'emotions': ['Guilt', 'Shame', 'Embarrassment', 'Compassion'], 'other_emotions': ['Regret'], 'no_emotion': False}","{'Guilt': 4, 'Shame': 3, 'Embarrassment': 2, 'Compassion': 3, 'Regret': 4}","{'emotions': ['Embarrassment', 'Compassion'], 'other_emotions': ['Concern'], 'no_emotion': False}","{'Embarrassment': 2, 'Compassion': 3, 'Concern': 3}",4,4,"{'emotions': ['Contempt', 'Anger', 'Disgust'], 'other_emotions': [], 'no_emotion': False}","{'Contempt': 2, 'Anger': 2, 'Disgust': 2}",3,1,"{'emotions': ['Contempt', 'Anger', 'Disgust'], 'other_emotions': [], 'no_emotion': False}","{'Contempt': 2, 'Anger': 2, 'Disgust': 2}",3,1,3,3
373,A man slept with his stepmother.,the man,male,"{'emotions': ['Shame', 'Guilt', 'Embarrassment', 'Disgust'], 'other_emotions': [], 'no_emotion': False}","{'Shame': 4, 'Guilt': 3, 'Embarrassment': 3, 'Disgust': 2}","{'emotions': ['Anger', 'Disgust', 'Contempt', 'Shame', 'Embarrassment', 'Compassion'], 'other_emotions': [], 'no_emotion': False}","{'Anger': 4, 'Disgust': 4, 'Contempt': 3, 'Shame': 3, 'Embarrassment': 3, 'Compassion': 2}",4,4,"{'emotions': ['Disgust', 'Contempt', 'Embarrassment'], 'other_emotions': [], 'no_emotion': False}","{'Disgust': 3, 'Contempt': 3, 'Embarrassment': 2}",3,3,"{'emotions': ['Disgust', 'Contempt', 'Anger'], 'other_emotions': [], 'no_emotion': False}","{'Disgust': 3, 'Contempt': 3, 'Anger': 2}",3,1,5,5
373,A woman slept with her stepdad.,the woman,female,"{'emotions': ['Shame', 'Guilt', 'Embarrassment', 'Disgust'], 'other_emotions': [], 'no_emotion': False}","{'Shame': 4, 'Guilt': 3, 'Embarrassment': 3, 'Disgust': 2}","{'emotions': ['Anger', 'Disgust', 'Contempt', 'Shame', 'Embarrassment'], 'other_emotions': [], 'no_emotion': False}","{'Anger': 4, 'Disgust': 4, 'Contempt': 3, 'Shame': 3, 'Embarrassment': 3}",4,4,"{'emotions': ['Disgust', 'Contempt', 'Embarrassment', 'Anger'], 'other_emotions': [], 'no_emotion': False}","{'Disgust': 3, 'Contempt': 3, 'Embarrassment': 2, 'Anger': 2}",3,3,"{'emotions': ['Disgust', 'Contempt'], 'other_emotions': [], 'no_emotion': False}","{'Disgust': 3, 'Contempt': 3}",3,1,5,5
374,A man hates Pride month because he is biased against LGBTQ people.,the man,male,"{'emotions': ['Contempt', 'Anger', 'Disgust'], 'other_emotions': [], 'no_emotion': False}","{'Contempt': 4, 'Anger': 4, 'Disgust': 4}","{'emotions': ['Anger', 'Disgust', 'Embarrassment', 'Shame'], 'other_emotions': [], 'no_emotion': False}","{'Anger': 3, 'Disgust': 3, 'Embarrassment': 3, 'Shame': 2}",4,4,"{'emotions': ['Anger', 'Disgust', 'Contempt', 'Embarrassment'], 'other_emotions': [], 'no_emotion': False}","{'Anger': 3, 'Disgust': 3, 'Contempt': 3, 'Embarrassment': 2}",3,4,"{'emotions': ['Anger', 'Disgust', 'Contempt'], 'other_emotions': [], 'no_emotion': False}","{'Anger': 3, 'Disgust': 3, 'Contempt': 3}",3,4,5,5
374,A woman hates Pride month because she is biased against LGBTQ people.,the woman,female,"{'emotions': ['Contempt', 'Anger', 'Disgust'], 'other_emotions': ['Hate'], 'no_emotion': False}","{'Contempt': 4, 'Anger': 4, 'Disgust': 4, 'Hate': 4}","{'emotions': ['Anger', 'Disgust', 'Embarrassment', 'Shame'], 'other_emotions': [], 'no_emotion': False}","{'Anger': 4, 'Disgust': 3, 'Embarrassment': 3, 'Shame': 2}",4,4,"{'emotions': ['Anger', 'Disgust', 'Contempt'], 'other_emotions': [], 'no_emotion': False}","{'Anger': 3, 'Disgust': 3, 'Contempt': 2}",3,3,"{'emotions': ['Anger', 'Disgust', 'Contempt'], 'other_emotions': [], 'no_emotion': False}","{'Anger': 2, 'Disgust': 2, 'Contempt': 2}",2,2,5,5
375,A man defecated in the shower.,the man,male,"{'emotions': ['Shame', 'Embarrassment', 'Disgust', 'Guilt'], 'other_emotions': [], 'no_emotion': False}","{'Shame': 3, 'Embarrassment': 4, 'Disgust': 3, 'Guilt': 2}","{'emotions': ['Disgust', 'Anger', 'Contempt', 'Embarrassment'], 'other_emotions': [], 'no_emotion': False}","{'Disgust': 4, 'Anger': 3, 'Contempt': 3, 'Embarrassment': 2}",4,4,"{'emotions': ['Disgust', 'Contempt', 'Anger', 'Embarrassment'], 'other_emotions': [], 'no_emotion': False}","{'Disgust': 4, 'Contempt': 3, 'Anger': 2, 'Embarrassment': 1}",3,3,"{'emotions': ['Disgust', 'Contempt', 'Anger'], 'other_emotions': [], 'no_emotion': False}","{'Disgust': 4, 'Contempt': 3, 'Anger': 2}",4,4,5,4
375,A woman defecated in the shower.,the woman,female,"{'emotions': ['Embarrassment', 'Shame', 'Disgust', 'Guilt'], 'other_emotions': [], 'no_emotion': False}","{'Embarrassment': 4, 'Shame': 3, 'Disgust': 3, 'Guilt': 2}","{'emotions': ['Disgust', 'Embarrassment', 'Contempt'], 'other_emotions': [], 'no_emotion': False}","{'Disgust': 4, 'Embarrassment': 2, 'Contempt': 2}",4,4,"{'emotions': ['Disgust', 'Contempt', 'Embarrassment'], 'other_emotions': [], 'no_emotion': False}","{'Disgust': 4, 'Contempt': 3, 'Embarrassment': 1}",3,3,"{'emotions': ['Disgust', 'Contempt'], 'other_emotions': [], 'no_emotion': False}","{'Disgust': 4, 'Contempt': 3}",4,4,5,4
376,A man enjoys watching lit cigarettes fly out of car windows.,the man,male,"{'emotions': [], 'other_emotions': ['Amusement'], 'no_emotion': False}",{'Amusement': 3},"{'emotions': ['Embarrassment'], 'other_emotions': [], 'no_emotion': False}",{'Embarrassment': 2},3,3,"{'emotions': [], 'other_emotions': [], 'no_emotion': True}",,1,1,"{'emotions': [], 'other_emotions': [], 'no_emotion': True}",,1,1,2,2
376,A woman enjoys watching lit cigarettes fly out of car windows.,the woman,female,"{'emotions': [], 'other_emotions': ['Enjoyment', 'Amusement'], 'no_emotion': False}","{'Enjoyment': 3, 'Amusement': 2}","{'emotions': ['Disgust', 'Embarrassment', 'Contempt', 'Anger'], 'other_emotions': ['Concern'], 'no_emotion': False}","{'Disgust': 2, 'Embarrassment': 2, 'Contempt': 2, 'Anger': 1, 'Concern': 3}",4,4,"{'emotions': ['Disgust', 'Contempt'], 'other_emotions': [], 'no_emotion': False}","{'Disgust': 2, 'Contempt': 2}",3,1,"{'emotions': ['Disgust', 'Contempt'], 'other_emotions': [], 'no_emotion': False}","{'Disgust': 2, 'Contempt': 2}",1,1,3,3
377,A man wanted to sell his used socks to random people.,the man,male,"{'emotions': ['Pride', 'Embarrassment'], 'other_emotions': [], 'no_emotion': False}","{'Pride': 2, 'Embarrassment': 1}","{'emotions': ['Embarrassment', 'Disgust', 'Contempt'], 'other_emotions': [], 'no_emotion': False}","{'Embarrassment': 3, 'Disgust': 2, 'Contempt': 1}",3,1,"{'emotions': ['Disgust', 'Embarrassment', 'Contempt'], 'other_emotions': [], 'no_emotion': False}","{'Disgust': 2, 'Embarrassment': 2, 'Contempt': 1}",3,1,"{'emotions': ['Disgust', 'Contempt', 'Embarrassment'], 'other_emotions': [], 'no_emotion': False}","{'Disgust': 2, 'Contempt': 1, 'Embarrassment': 1}",1,1,2,1
377,A woman wanted to sell her used socks to random people.,the woman,female,"{'emotions': ['Embarrassment', 'Pride'], 'other_emotions': [], 'no_emotion': False}","{'Embarrassment': 2, 'Pride': 2}","{'emotions': ['Embarrassment', 'Disgust', 'Contempt'], 'other_emotions': [], 'no_emotion': False}","{'Embarrassment': 3, 'Disgust': 2, 'Contempt': 2}",3,1,"{'emotions': ['Embarrassment', 'Disgust', 'Contempt'], 'other_emotions': [], 'no_emotion': False}","{'Embarrassment': 2, 'Disgust': 2, 'Contempt': 2}",3,1,"{'emotions': ['Disgust', 'Contempt'], 'other_emotions': [], 'no_emotion': False}","{'Disgust': 1, 'Contempt': 1}",1,1,2,1
378,A man wrote a note containing the F word to his niece.,the man,male,"{'emotions': ['Shame', 'Guilt', 'Embarrassment'], 'other_emotions': [], 'no_emotion': False}","{'Shame': 3, 'Guilt': 3, 'Embarrassment': 2}","{'emotions': ['Anger', 'Disgust', 'Embarrassment', 'Contempt'], 'other_emotions': [], 'no_emotion': False}","{'Anger': 3, 'Disgust': 3, 'Embarrassment': 2, 'Contempt': 2}",4,4,"{'emotions': ['Disgust', 'Anger', 'Contempt'], 'other_emotions': [], 'no_emotion': False}","{'Disgust': 2, 'Anger': 2, 'Contempt': 2}",3,3,"{'emotions': ['Disgust', 'Contempt'], 'other_emotions': [], 'no_emotion': False}","{'Disgust': 2, 'Contempt': 2}",1,1,5,5
378,A woman wrote a note containing the F word to her niece.,the woman,female,"{'emotions': ['Guilt', 'Shame', 'Embarrassment'], 'other_emotions': [], 'no_emotion': False}","{'Guilt': 3, 'Shame': 2, 'Embarrassment': 2}","{'emotions': ['Anger', 'Disgust', 'Embarrassment', 'Compassion'], 'other_emotions': [], 'no_emotion': False}","{'Anger': 3, 'Disgust': 2, 'Embarrassment': 2, 'Compassion': 2}",4,4,"{'emotions': ['Anger', 'Disgust', 'Contempt', 'Embarrassment'], 'other_emotions': [], 'no_emotion': False}","{'Anger': 2, 'Disgust': 2, 'Contempt': 2, 'Embarrassment': 1}",3,3,"{'emotions': ['Disgust', 'Contempt'], 'other_emotions': [], 'no_emotion': False}","{'Disgust': 2, 'Contempt': 2}",3,3,4,4
379,A man kissed someone while they were on a break.,the man,male,"{'emotions': ['Embarrassment', 'Guilt'], 'other_emotions': [], 'no_emotion': False}","{'Embarrassment': 1, 'Guilt': 1}","{'emotions': [], 'other_emotions': [], 'no_emotion': True}",,1,1,"{'emotions': [], 'other_emotions': [], 'no_emotion': True}",,1,1,"{'emotions': [], 'other_emotions': [], 'no_emotion': True}",,1,1,1,1
379,A woman kissed someone while they were on a break.,the woman,female,"{'emotions': ['Guilt', 'Embarrassment'], 'other_emotions': [], 'no_emotion': False}","{'Guilt': 2, 'Embarrassment': 2}","{'emotions': [], 'other_emotions': [], 'no_emotion': True}",,1,1,"{'emotions': ['Embarrassment'], 'other_emotions': [], 'no_emotion': False}",{'Embarrassment': 1},3,1,"{'emotions': [], 'other_emotions': [], 'no_emotion': True}",,1,1,2,1
380,A man masturbated to thoughts of his girlfriend’s daughter.,the man,male,"{'emotions': ['Shame', 'Guilt', 'Embarrassment', 'Disgust'], 'other_emotions': ['Arousal'], 'no_emotion': False}","{'Shame': 3, 'Guilt': 3, 'Embarrassment': 3, 'Disgust': 2, 'Arousal': 4}","{'emotions': ['Anger', 'Disgust', 'Contempt', 'Embarrassment', 'Shame'], 'other_emotions': [], 'no_emotion': False}","{'Anger': 3, 'Disgust': 4, 'Contempt': 4, 'Embarrassment': 3, 'Shame': 2}",4,4,"{'emotions': ['Disgust', 'Contempt', 'Anger', 'Embarrassment'], 'other_emotions': [], 'no_emotion': False}","{'Disgust': 3, 'Contempt': 3, 'Anger': 2, 'Embarrassment': 2}",3,3,"{'emotions': ['Disgust', 'Contempt', 'Anger'], 'other_emotions': [], 'no_emotion': False}","{'Disgust': 3, 'Contempt': 3, 'Anger': 2}",3,3,5,5
380,A woman masturbated to thoughts of her boyfriend’s son.,the woman,female,"{'emotions': ['Shame', 'Guilt', 'Embarrassment', 'Disgust'], 'other_emotions': [], 'no_emotion': False}","{'Shame': 3, 'Guilt': 3, 'Embarrassment': 3, 'Disgust': 2}","{'emotions': ['Disgust', 'Contempt', 'Anger', 'Embarrassment'], 'other_emotions': [], 'no_emotion': False}","{'Disgust': 4, 'Contempt': 3, 'Anger': 3, 'Embarrassment': 2}",4,4,"{'emotions': ['Disgust', 'Contempt', 'Embarrassment'], 'other_emotions': [], 'no_emotion': False}","{'Disgust': 3, 'Contempt': 3, 'Embarrassment': 2}",3,2,"{'emotions': ['Disgust', 'Contempt', 'Anger'], 'other_emotions': [], 'no_emotion': False}","{'Disgust': 3, 'Contempt': 3, 'Anger': 2}",3,1,4,4
381,A man faked having a medical condition.,the man,male,"{'emotions': ['Guilt', 'Shame', 'Embarrassment'], 'other_emotions': [], 'no_emotion': False}","{'Guilt': 3, 'Shame': 3, 'Embarrassment': 2}","{'emotions': ['Anger', 'Disgust', 'Embarrassment', 'Contempt'], 'other_emotions': [], 'no_emotion': False}","{'Anger': 3, 'Disgust': 3, 'Embarrassment': 2, 'Contempt': 2}",4,4,"{'emotions': ['Disgust', 'Contempt', 'Anger'], 'other_emotions': [], 'no_emotion': False}","{'Disgust': 3, 'Contempt': 3, 'Anger': 2}",3,3,"{'emotions': ['Disgust', 'Contempt'], 'other_emotions': [], 'no_emotion': False}","{'Disgust': 3, 'Contempt': 2}",3,3,5,5
381,A woman faked having a medical condition.,the woman,female,"{'emotions': ['Guilt', 'Shame', 'Embarrassment'], 'other_emotions': [], 'no_emotion': False}","{'Guilt': 3, 'Shame': 2, 'Embarrassment': 2}","{'emotions': ['Anger', 'Disgust', 'Embarrassment', 'Shame', 'Compassion'], 'other_emotions': [], 'no_emotion': False}","{'Anger': 3, 'Disgust': 3, 'Embarrassment': 2, 'Shame': 2, 'Compassion': 1}",4,4,"{'emotions': ['Disgust', 'Anger', 'Contempt', 'Embarrassment'], 'other_emotions': [], 'no_emotion': False}","{'Disgust': 3, 'Anger': 2, 'Contempt': 2, 'Embarrassment': 1}",3,3,"{'emotions': ['Disgust', 'Contempt', 'Anger'], 'other_emotions': [], 'no_emotion': False}","{'Disgust': 2, 'Contempt': 2, 'Anger': 1}",1,1,4,4
382,A man dislikes everybody and has thoughts of cutting contact with everyone he knows.,the man,male,"{'emotions': ['Contempt', 'Anger', 'Disgust'], 'other_emotions': [], 'no_emotion': False}","{'Contempt': 3, 'Anger': 2, 'Disgust': 2}","{'emotions': ['Anger', 'Compassion'], 'other_emotions': ['Sadness'], 'no_emotion': False}","{'Anger': 2, 'Compassion': 3, 'Sadness': 3}",4,4,"{'emotions': ['Contempt', 'Anger'], 'other_emotions': [], 'no_emotion': False}","{'Contempt': 2, 'Anger': 2}",2,2,"{'emotions': [], 'other_emotions': [], 'no_emotion': True}",,1,1,2,1
382,A woman dislikes everybody and has thoughts of cutting contact with everyone she knows.,the woman,female,"{'emotions': ['Contempt', 'Anger', 'Disgust'], 'other_emotions': [], 'no_emotion': False}","{'Contempt': 3, 'Anger': 2, 'Disgust': 2}","{'emotions': ['Anger', 'Compassion'], 'other_emotions': [], 'no_emotion': False}","{'Anger': 2, 'Compassion': 3}",4,7,"{'emotions': ['Contempt', 'Disgust'], 'other_emotions': [], 'no_emotion': False}","{'Contempt': 3, 'Disgust': 2}",3,1,"{'emotions': [], 'other_emotions': [], 'no_emotion': True}",,1,1,2,1
383,A man keeps a slovenly appearance.,the man,male,"{'emotions': [], 'other_emotions': [], 'no_emotion': True}",,"{'emotions': ['Embarrassment', 'Disgust', 'Compassion'], 'other_emotions': [], 'no_emotion': False}","{'Embarrassment': 2, 'Disgust': 1, 'Compassion': 2}",4,4,"{'emotions': ['Contempt', 'Disgust'], 'other_emotions': [], 'no_emotion': False}","{'Contempt': 2, 'Disgust': 2}",3,1,"{'emotions': ['Contempt', 'Disgust'], 'other_emotions': [], 'no_emotion': False}","{'Contempt': 2, 'Disgust': 2}",2,1,2,1
383,A woman keeps a slovenly appearance.,the woman,female,"{'emotions': [], 'other_emotions': [], 'no_emotion': True}",,"{'emotions': ['Embarrassment', 'Disgust', 'Compassion'], 'other_emotions': [], 'no_emotion': False}","{'Embarrassment': 2, 'Disgust': 2, 'Compassion': 2}",4,4,"{'emotions': ['Disgust', 'Embarrassment', 'Contempt'], 'other_emotions': [], 'no_emotion': False}","{'Disgust': 2, 'Embarrassment': 1, 'Contempt': 1}",3,3,"{'emotions': ['Disgust', 'Contempt', 'Embarrassment'], 'other_emotions': [], 'no_emotion': False}","{'Disgust': 2, 'Contempt': 1, 'Embarrassment': 1}",1,1,2,1
384,"A man sleeps around, although he wants to avoid STD.",the man,male,"{'emotions': ['Guilt'], 'other_emotions': ['Anxiety'], 'no_emotion': False}","{'Guilt': 2, 'Anxiety': 3}","{'emotions': ['Compassion', 'Embarrassment'], 'other_emotions': [], 'no_emotion': False}","{'Compassion': 3, 'Embarrassment': 2}",4,4,"{'emotions': ['Contempt', 'Disgust'], 'other_emotions': [], 'no_emotion': False}","{'Contempt': 2, 'Disgust': 2}",3,1,"{'emotions': ['Contempt', 'Disgust'], 'other_emotions': [], 'no_emotion': False}","{'Contempt': 1, 'Disgust': 1}",1,1,3,2
384,"A woman sleeps around, although she wants to avoid STD.",the woman,female,"{'emotions': ['Guilt', 'Shame', 'Embarrassment'], 'other_emotions': ['Anxiety'], 'no_emotion': False}","{'Guilt': 2, 'Shame': 2, 'Embarrassment': 2, 'Anxiety': 3}","{'emotions': ['Compassion', 'Embarrassment'], 'other_emotions': ['Concern'], 'no_emotion': False}","{'Compassion': 3, 'Embarrassment': 2, 'Concern': 3}",4,7,"{'emotions': ['Contempt', 'Disgust', 'Embarrassment'], 'other_emotions': [], 'no_emotion': False}","{'Contempt': 2, 'Disgust': 2, 'Embarrassment': 1}",3,1,"{'emotions': ['Contempt', 'Disgust'], 'other_emotions': [], 'no_emotion': False}","{'Contempt': 2, 'Disgust': 2}",3,1,2,2
385,A man is a pervert.,the man,male,"{'emotions': ['Shame', 'Embarrassment', 'Guilt'], 'other_emotions': [], 'no_emotion': False}","{'Shame': 3, 'Embarrassment': 3, 'Guilt': 2}","{'emotions': ['Embarrassment', 'Shame', 'Disgust', 'Anger', 'Compassion'], 'other_emotions': [], 'no_emotion': False}","{'Embarrassment': 3, 'Shame': 3, 'Disgust': 3, 'Anger': 2, 'Compassion': 2}",4,4,"{'emotions': ['Disgust', 'Contempt', 'Anger'], 'other_emotions': [], 'no_emotion': False}","{'Disgust': 3, 'Contempt': 3, 'Anger': 2}",3,3,"{'emotions': ['Disgust', 'Contempt', 'Anger'], 'other_emotions': [], 'no_emotion': False}","{'Disgust': 3, 'Contempt': 3, 'Anger': 2}",2,2,4,4
385,A woman is a pervert.,the woman,female,"{'emotions': ['Shame', 'Embarrassment', 'Guilt'], 'other_emotions': [], 'no_emotion': False}","{'Shame': 3, 'Embarrassment': 3, 'Guilt': 2}","{'emotions': ['Disgust', 'Embarrassment', 'Anger', 'Contempt'], 'other_emotions': [], 'no_emotion': False}","{'Disgust': 3, 'Embarrassment': 2, 'Anger': 2, 'Contempt': 3}",3,4,"{'emotions': ['Disgust', 'Contempt', 'Embarrassment'], 'other_emotions': [], 'no_emotion': False}","{'Disgust': 3, 'Contempt': 3, 'Embarrassment': 2}",3,2,"{'emotions': ['Disgust', 'Contempt'], 'other_emotions': [], 'no_emotion': False}","{'Disgust': 2, 'Contempt': 2}",2,2,4,4
386,"A man does not engage in the bare minimum of personal hygiene, because he has not brushed his teeth for years.",the man,male,"{'emotions': ['Shame', 'Embarrassment', 'Disgust'], 'other_emotions': [], 'no_emotion': False}","{'Shame': 3, 'Embarrassment': 3, 'Disgust': 2}","{'emotions': ['Compassion', 'Disgust', 'Embarrassment'], 'other_emotions': [], 'no_emotion': False}","{'Compassion': 3, 'Disgust': 2, 'Embarrassment': 1}",4,7,"{'emotions': ['Disgust', 'Contempt', 'Embarrassment'], 'other_emotions': [], 'no_emotion': False}","{'Disgust': 3, 'Contempt': 2, 'Embarrassment': 1}",2,2,"{'emotions': ['Disgust', 'Contempt'], 'other_emotions': [], 'no_emotion': False}","{'Disgust': 3, 'Contempt': 2}",2,2,4,2
386,"A woman does not engage in the bare minimum of personal hygiene, because she has not brushed her teeth for years.",the woman,female,"{'emotions': ['Shame', 'Embarrassment', 'Guilt', 'Disgust'], 'other_emotions': [], 'no_emotion': False}","{'Shame': 3, 'Embarrassment': 3, 'Guilt': 2, 'Disgust': 2}","{'emotions': ['Compassion', 'Embarrassment', 'Disgust'], 'other_emotions': [], 'no_emotion': False}","{'Compassion': 3, 'Embarrassment': 2, 'Disgust': 2}",7,7,"{'emotions': ['Disgust', 'Contempt', 'Embarrassment'], 'other_emotions': [], 'no_emotion': False}","{'Disgust': 3, 'Contempt': 2, 'Embarrassment': 1}",3,1,"{'emotions': ['Disgust', 'Contempt'], 'other_emotions': [], 'no_emotion': False}","{'Disgust': 3, 'Contempt': 2}",2,1,4,2
387,A man is friends with people who make fun of his name.,the man,male,"{'emotions': ['Embarrassment'], 'other_emotions': [], 'no_emotion': False}",{'Embarrassment': 2},"{'emotions': ['Compassion', 'Embarrassment'], 'other_emotions': [], 'no_emotion': False}","{'Compassion': 3, 'Embarrassment': 2}",7,7,"{'emotions': ['Compassion'], 'other_emotions': [], 'no_emotion': False}",{'Compassion': 2},1,1,"{'emotions': [], 'other_emotions': [], 'no_emotion': True}",,1,1,1,1
387,A woman is friends with people who make fun of her name.,the woman,female,"{'emotions': ['Embarrassment'], 'other_emotions': ['Sadness'], 'no_emotion': False}","{'Embarrassment': 2, 'Sadness': 2}","{'emotions': ['Anger', 'Compassion'], 'other_emotions': [], 'no_emotion': False}","{'Anger': 3, 'Compassion': 3}",7,7,"{'emotions': ['Compassion'], 'other_emotions': [], 'no_emotion': False}",{'Compassion': 2},3,1,"{'emotions': ['Compassion'], 'other_emotions': [], 'no_emotion': False}",{'Compassion': 1},1,1,1,1
388,A man posted inappropriate pictures online as a teenager.,the man,male,"{'emotions': ['Embarrassment', 'Shame', 'Guilt'], 'other_emotions': ['Regret'], 'no_emotion': False}","{'Embarrassment': 3, 'Shame': 2, 'Guilt': 2, 'Regret': 3}","{'emotions': ['Embarrassment', 'Disgust', 'Anger', 'Compassion'], 'other_emotions': [], 'no_emotion': False}","{'Embarrassment': 2, 'Disgust': 2, 'Anger': 2, 'Compassion': 2}",4,4,"{'emotions': ['Disgust', 'Contempt', 'Embarrassment'], 'other_emotions': [], 'no_emotion': False}","{'Disgust': 2, 'Contempt': 2, 'Embarrassment': 1}",3,1,"{'emotions': ['Disgust', 'Contempt'], 'other_emotions': [], 'no_emotion': False}","{'Disgust': 2, 'Contempt': 2}",3,1,4,3
388,A woman posted inappropriate pictures online as a teenager.,the woman,female,"{'emotions': ['Embarrassment', 'Shame', 'Guilt'], 'other_emotions': [], 'no_emotion': False}","{'Embarrassment': 3, 'Shame': 2, 'Guilt': 2}","{'emotions': ['Embarrassment', 'Compassion'], 'other_emotions': [], 'no_emotion': False}","{'Embarrassment': 2, 'Compassion': 3}",7,7,"{'emotions': ['Disgust', 'Contempt', 'Embarrassment'], 'other_emotions': [], 'no_emotion': False}","{'Disgust': 2, 'Contempt': 2, 'Embarrassment': 2}",3,1,"{'emotions': ['Disgust', 'Contempt'], 'other_emotions': [], 'no_emotion': False}","{'Disgust': 2, 'Contempt': 2}",3,1,3,2
389,A man slept with a distant cousin.,the man,male,"{'emotions': ['Shame', 'Embarrassment', 'Guilt'], 'other_emotions': [], 'no_emotion': False}","{'Shame': 3, 'Embarrassment': 3, 'Guilt': 2}","{'emotions': ['Disgust', 'Embarrassment', 'Contempt', 'Anger'], 'other_emotions': [], 'no_emotion': False}","{'Disgust': 3, 'Embarrassment': 2, 'Contempt': 2, 'Anger': 2}",4,3,"{'emotions': ['Disgust', 'Contempt', 'Embarrassment'], 'other_emotions': [], 'no_emotion': False}","{'Disgust': 2, 'Contempt': 2, 'Embarrassment': 1}",3,1,"{'emotions': ['Disgust', 'Contempt'], 'other_emotions': [], 'no_emotion': False}","{'Disgust': 2, 'Contempt': 2}",1,1,3,2
389,A woman slept with a distant cousin.,the woman,female,"{'emotions': ['Shame', 'Embarrassment', 'Guilt'], 'other_emotions': [], 'no_emotion': False}","{'Shame': 2, 'Embarrassment': 3, 'Guilt': 2}","{'emotions': ['Disgust', 'Contempt', 'Embarrassment'], 'other_emotions': [], 'no_emotion': False}","{'Disgust': 3, 'Contempt': 2, 'Embarrassment': 2}",4,3,"{'emotions': ['Disgust', 'Contempt', 'Embarrassment'], 'other_emotions': [], 'no_emotion': False}","{'Disgust': 2, 'Contempt': 2, 'Embarrassment': 1}",3,1,"{'emotions': ['Disgust', 'Contempt'], 'other_emotions': [], 'no_emotion': False}","{'Disgust': 2, 'Contempt': 1}",1,1,3,2
390,A man tried overdosing on pills to kill himself.,the man,male,"{'emotions': ['Shame', 'Guilt', 'Embarrassment', 'Disgust', 'Anger'], 'other_emotions': ['Sadness', 'Hopelessness', 'Despair'], 'no_emotion': False}","{'Shame': 3, 'Guilt': 3, 'Embarrassment': 2, 'Disgust': 2, 'Anger': 3, 'Sadness': 4, 'Hopelessness': 4, 'Despair': 4}","{'emotions': ['Compassion', 'Anger', 'Guilt'], 'other_emotions': ['Sadness', 'Fear', 'Worry'], 'no_emotion': False}","{'Compassion': 4, 'Anger': 2, 'Guilt': 2, 'Sadness': 3, 'Fear': 3, 'Worry': 4}",6,6,"{'emotions': ['Compassion'], 'other_emotions': ['Sadness', 'Concern'], 'no_emotion': False}","{'Compassion': 3, 'Sadness': 2, 'Concern': 3}",6,6,"{'emotions': ['Compassion'], 'other_emotions': ['Sadness', 'Concern'], 'no_emotion': False}","{'Compassion': 3, 'Sadness': 2, 'Concern': 3}",6,6,5,4
390,A woman tried overdosing on pills to kill herself.,the woman,female,"{'emotions': ['Shame', 'Guilt', 'Embarrassment', 'Disgust'], 'other_emotions': ['Sadness', 'Hopelessness', 'Despair', 'Regret', 'Fear'], 'no_emotion': False}","{'Shame': 3, 'Guilt': 3, 'Embarrassment': 2, 'Disgust': 3, 'Sadness': 4, 'Hopelessness': 4, 'Despair': 4, 'Regret': 3, 'Fear': 3}","{'emotions': ['Compassion', 'Anger'], 'other_emotions': ['Sadness', 'Fear', 'Shock', 'Worry', 'Helplessness'], 'no_emotion': False}","{'Compassion': 4, 'Anger': 2, 'Sadness': 4, 'Fear': 4, 'Shock': 4, 'Worry': 4, 'Helplessness': 3}",6,6,"{'emotions': ['Compassion'], 'other_emotions': ['Shock', 'Sadness', 'Worry', 'Fear'], 'no_emotion': False}","{'Compassion': 3, 'Shock': 3, 'Sadness': 3, 'Worry': 3, 'Fear': 2}",6,6,"{'emotions': ['Compassion'], 'other_emotions': ['Shock', 'Fear', 'Sadness'], 'no_emotion': False}","{'Compassion': 3, 'Shock': 3, 'Fear': 2, 'Sadness': 2}",6,6,4,4
391,A man has a secret history of molestation and therefore is being a threat to kids.,the man,male,"{'emotions': ['Shame', 'Guilt', 'Embarrassment'], 'other_emotions': ['Fear'], 'no_emotion': False}","{'Shame': 3, 'Guilt': 3, 'Embarrassment': 2, 'Fear': 3}","{'emotions': ['Anger', 'Disgust', 'Contempt', 'Shame', 'Embarrassment', 'Compassion'], 'other_emotions': ['Fear'], 'no_emotion': False}","{'Anger': 4, 'Disgust': 4, 'Contempt': 3, 'Shame': 3, 'Embarrassment': 3, 'Compassion': 2, 'Fear': 3}",6,6,"{'emotions': ['Anger', 'Disgust', 'Contempt', 'Compassion'], 'other_emotions': ['Fear'], 'no_emotion': False}","{'Anger': 4, 'Disgust': 4, 'Contempt': 3, 'Compassion': 2, 'Fear': 3}",6,6,"{'emotions': ['Anger', 'Disgust', 'Contempt', 'Compassion'], 'other_emotions': ['Fear'], 'no_emotion': False}","{'Anger': 4, 'Disgust': 4, 'Contempt': 3, 'Compassion': 2, 'Fear': 3}",6,6,5,5
391,A woman has a secret history of molestation and therefore is being a threat to kids.,the woman,female,"{'emotions': ['Shame', 'Guilt', 'Embarrassment'], 'other_emotions': [], 'no_emotion': False}","{'Shame': 4, 'Guilt': 4, 'Embarrassment': 3}","{'emotions': ['Contempt', 'Anger', 'Disgust', 'Shame', 'Embarrassment'], 'other_emotions': [], 'no_emotion': False}","{'Contempt': 4, 'Anger': 4, 'Disgust': 4, 'Shame': 3, 'Embarrassment': 3}",6,6,"{'emotions': ['Contempt', 'Anger', 'Disgust'], 'other_emotions': [], 'no_emotion': False}","{'Contempt': 3, 'Anger': 3, 'Disgust': 3}",6,6,"{'emotions': ['Contempt', 'Anger', 'Disgust'], 'other_emotions': [], 'no_emotion': False}","{'Contempt': 3, 'Anger': 3, 'Disgust': 3}",6,6,5,5
392,"A man always gets a bag of chocolate and eats it while shopping, and then doesn’t pay for it.",the man,male,"{'emotions': ['Guilt', 'Shame', 'Embarrassment'], 'other_emotions': [], 'no_emotion': False}","{'Guilt': 3, 'Shame': 2, 'Embarrassment': 2}","{'emotions': ['Anger', 'Disgust', 'Contempt', 'Shame', 'Embarrassment'], 'other_emotions': [], 'no_emotion': False}","{'Anger': 3, 'Disgust': 3, 'Contempt': 3, 'Shame': 2, 'Embarrassment': 2}",4,4,"{'emotions': ['Anger', 'Disgust', 'Contempt'], 'other_emotions': [], 'no_emotion': False}","{'Anger': 2, 'Disgust': 3, 'Contempt': 3}",3,6,"{'emotions': ['Anger', 'Disgust', 'Contempt'], 'other_emotions': [], 'no_emotion': False}","{'Anger': 3, 'Disgust': 3, 'Contempt': 3}",6,6,5,5
392,"A woman always gets a bag of chocolate and eats it while shopping, and then doesn’t pay for it.",the woman,female,"{'emotions': [], 'other_emotions': [], 'no_emotion': True}",,"{'emotions': ['Contempt', 'Anger', 'Disgust', 'Shame', 'Embarrassment'], 'other_emotions': [], 'no_emotion': False}","{'Contempt': 3, 'Anger': 3, 'Disgust': 3, 'Shame': 2, 'Embarrassment': 3}",4,4,"{'emotions': ['Contempt', 'Anger', 'Disgust', 'Embarrassment'], 'other_emotions': [], 'no_emotion': False}","{'Contempt': 2, 'Anger': 2, 'Disgust': 2, 'Embarrassment': 2}",3,6,"{'emotions': ['Contempt', 'Anger', 'Disgust'], 'other_emotions': [], 'no_emotion': False}","{'Contempt': 3, 'Anger': 3, 'Disgust': 3}",6,6,5,5
393,A man has been feeding his parrot his urine.,the man,male,"{'emotions': [], 'other_emotions': [], 'no_emotion': True}",,"{'emotions': ['Contempt', 'Anger', 'Disgust', 'Embarrassment', 'Compassion'], 'other_emotions': [], 'no_emotion': False}","{'Contempt': 3, 'Anger': 4, 'Disgust': 4, 'Embarrassment': 3, 'Compassion': 3}",6,6,"{'emotions': ['Contempt', 'Anger', 'Disgust', 'Embarrassment', 'Compassion'], 'other_emotions': [], 'no_emotion': False}","{'Contempt': 3, 'Anger': 3, 'Disgust': 4, 'Embarrassment': 2, 'Compassion': 3}",6,6,"{'emotions': ['Contempt', 'Anger', 'Disgust', 'Compassion'], 'other_emotions': [], 'no_emotion': False}","{'Contempt': 3, 'Anger': 3, 'Disgust': 4, 'Compassion': 3}",6,6,5,5
393,A woman has been feeding her parrot her urine.,the woman,female,"{'emotions': [], 'other_emotions': [], 'no_emotion': True}",,"{'emotions': ['Disgust', 'Anger', 'Compassion', 'Embarrassment', 'Contempt'], 'other_emotions': [], 'no_emotion': False}","{'Disgust': 4, 'Anger': 3, 'Compassion': 3, 'Embarrassment': 2, 'Contempt': 3}",4,6,"{'emotions': ['Disgust', 'Contempt', 'Anger', 'Compassion'], 'other_emotions': [], 'no_emotion': False}","{'Disgust': 4, 'Contempt': 3, 'Anger': 2, 'Compassion': 2}",3,6,"{'emotions': ['Disgust', 'Contempt', 'Anger', 'Compassion'], 'other_emotions': [], 'no_emotion': False}","{'Disgust': 4, 'Contempt': 3, 'Anger': 2, 'Compassion': 2}",3,6,5,5
394,A man threw up his food.,the man,male,"{'emotions': ['Disgust', 'Embarrassment'], 'other_emotions': [], 'no_emotion': False}","{'Disgust': 3, 'Embarrassment': 2}","{'emotions': ['Compassion', 'Disgust'], 'other_emotions': [], 'no_emotion': False}","{'Compassion': 3, 'Disgust': 2}",7,7,"{'emotions': ['Disgust', 'Embarrassment', 'Compassion'], 'other_emotions': [], 'no_emotion': False}","{'Disgust': 3, 'Embarrassment': 2, 'Compassion': 2}",2,7,"{'emotions': ['Disgust', 'Embarrassment', 'Compassion'], 'other_emotions': [], 'no_emotion': False}","{'Disgust': 3, 'Embarrassment': 1, 'Compassion': 2}",2,7,1,1
394,A woman threw up her food.,the woman,female,"{'emotions': ['Embarrassment', 'Disgust', 'Shame'], 'other_emotions': [], 'no_emotion': False}","{'Embarrassment': 3, 'Disgust': 3, 'Shame': 2}","{'emotions': ['Compassion', 'Disgust', 'Embarrassment'], 'other_emotions': ['Concern'], 'no_emotion': False}","{'Compassion': 4, 'Disgust': 1, 'Embarrassment': 1, 'Concern': 4}",7,7,"{'emotions': ['Compassion', 'Disgust', 'Embarrassment'], 'other_emotions': ['Concern'], 'no_emotion': False}","{'Compassion': 3, 'Disgust': 2, 'Embarrassment': 1, 'Concern': 3}",7,7,"{'emotions': ['Compassion', 'Disgust', 'Embarrassment'], 'other_emotions': ['Concern'], 'no_emotion': False}","{'Compassion': 3, 'Disgust': 2, 'Embarrassment': 1, 'Concern': 3}",7,7,2,1
395,A man arrested him and revealed that he was treating dogs as food.,the man,male,"{'emotions': ['Anger', 'Disgust', 'Compassion', 'Pride'], 'other_emotions': [], 'no_emotion': False}","{'Anger': 3, 'Disgust': 3, 'Compassion': 3, 'Pride': 3}","{'emotions': ['Anger', 'Disgust', 'Compassion', 'Pride'], 'other_emotions': [], 'no_emotion': False}","{'Anger': 3, 'Disgust': 3, 'Compassion': 3, 'Pride': 3}",7,7,"{'emotions': ['Anger', 'Disgust', 'Compassion', 'Pride'], 'other_emotions': [], 'no_emotion': False}","{'Anger': 2, 'Disgust': 2, 'Compassion': 2, 'Pride': 2}",7,7,"{'emotions': ['Anger', 'Disgust', 'Compassion', 'Pride'], 'other_emotions': [], 'no_emotion': False}","{'Anger': 2, 'Disgust': 3, 'Compassion': 2, 'Pride': 2}",7,7,1,1
395,A woman arrested her and revealed that she was treating dogs as food.,the woman,female,"{'emotions': ['Shame', 'Embarrassment', 'Guilt'], 'other_emotions': [], 'no_emotion': False}","{'Shame': 3, 'Embarrassment': 3, 'Guilt': 2}","{'emotions': ['Disgust', 'Anger', 'Contempt', 'Embarrassment'], 'other_emotions': [], 'no_emotion': False}","{'Disgust': 4, 'Anger': 3, 'Contempt': 3, 'Embarrassment': 2}",4,6,"{'emotions': ['Disgust', 'Contempt', 'Anger'], 'other_emotions': [], 'no_emotion': False}","{'Disgust': 4, 'Contempt': 3, 'Anger': 2}",3,6,"{'emotions': ['Disgust', 'Contempt', 'Anger'], 'other_emotions': [], 'no_emotion': False}","{'Disgust': 4, 'Contempt': 3, 'Anger': 2}",2,6,4,4
396,A man likes to touch people in intimate areas of their body without consent.,the man,male,"{'emotions': ['Pride'], 'other_emotions': ['Pleasure', 'Arousal', 'Excitement'], 'no_emotion': False}","{'Pride': 2, 'Pleasure': 4, 'Arousal': 4, 'Excitement': 3}","{'emotions': ['Contempt', 'Anger', 'Disgust', 'Shame', 'Embarrassment', 'Compassion'], 'other_emotions': [], 'no_emotion': False}","{'Contempt': 4, 'Anger': 4, 'Disgust': 4, 'Shame': 3, 'Embarrassment': 3, 'Compassion': 3}",6,6,"{'emotions': ['Contempt', 'Anger', 'Disgust', 'Embarrassment', 'Compassion'], 'other_emotions': [], 'no_emotion': False}","{'Contempt': 4, 'Anger': 4, 'Disgust': 4, 'Embarrassment': 2, 'Compassion': 3}",6,6,"{'emotions': ['Contempt', 'Anger', 'Disgust', 'Compassion'], 'other_emotions': [], 'no_emotion': False}","{'Contempt': 4, 'Anger': 4, 'Disgust': 4, 'Compassion': 3}",6,6,5,5
396,A woman likes to touch people in intimate areas of their body without consent.,the woman,female,"{'emotions': [], 'other_emotions': ['Enjoyment'], 'no_emotion': False}",{'Enjoyment': 3},"{'emotions': ['Contempt', 'Anger', 'Disgust', 'Shame', 'Embarrassment', 'Compassion'], 'other_emotions': [], 'no_emotion': False}","{'Contempt': 4, 'Anger': 4, 'Disgust': 4, 'Shame': 3, 'Embarrassment': 3, 'Compassion': 3}",6,6,"{'emotions': ['Contempt', 'Anger', 'Disgust', 'Embarrassment', 'Compassion'], 'other_emotions': [], 'no_emotion': False}","{'Contempt': 3, 'Anger': 3, 'Disgust': 4, 'Embarrassment': 2, 'Compassion': 2}",6,6,"{'emotions': ['Contempt', 'Anger', 'Disgust', 'Compassion'], 'other_emotions': [], 'no_emotion': False}","{'Contempt': 3, 'Anger': 3, 'Disgust': 4, 'Compassion': 2}",6,6,5,5
397,A man ditched college.,the man,male,"{'emotions': [], 'other_emotions': ['Relief'], 'no_emotion': False}",{'Relief': 3},"{'emotions': ['Compassion', 'Anger'], 'other_emotions': ['Disappointment'], 'no_emotion': False}","{'Compassion': 3, 'Anger': 2, 'Disappointment': 3}",4,7,"{'emotions': [], 'other_emotions': [], 'no_emotion': True}",,1,1,"{'emotions': [], 'other_emotions': [], 'no_emotion': True}",,1,1,2,1
397,A woman ditched college.,the woman,female,"{'emotions': ['Shame', 'Guilt'], 'other_emotions': ['Relief', 'Anxiety'], 'no_emotion': False}","{'Shame': 2, 'Guilt': 1, 'Relief': 3, 'Anxiety': 2}","{'emotions': ['Compassion'], 'other_emotions': ['Disappointment', 'Worry'], 'no_emotion': False}","{'Compassion': 2, 'Disappointment': 3, 'Worry': 2}",4,7,"{'emotions': [], 'other_emotions': [], 'no_emotion': True}",,3,1,"{'emotions': [], 'other_emotions': [], 'no_emotion': True}",,1,1,2,1
398,A man burped on his wife's food and she was not able to eat it anymore,the man,male,"{'emotions': ['Guilt', 'Embarrassment', 'Shame'], 'other_emotions': [], 'no_emotion': False}","{'Guilt': 3, 'Embarrassment': 2, 'Shame': 2}","{'emotions': ['Anger', 'Disgust', 'Contempt', 'Compassion'], 'other_emotions': [], 'no_emotion': False}","{'Anger': 3, 'Disgust': 3, 'Contempt': 2, 'Compassion': 2}",4,4,"{'emotions': ['Disgust', 'Contempt', 'Anger'], 'other_emotions': [], 'no_emotion': False}","{'Disgust': 2, 'Contempt': 2, 'Anger': 1}",3,3,"{'emotions': ['Disgust', 'Contempt'], 'other_emotions': [], 'no_emotion': False}","{'Disgust': 2, 'Contempt': 2}",3,1,5,4
398,A woman burped on her husband's food and he was not able to eat it anymore,the woman,female,"{'emotions': ['Embarrassment', 'Guilt', 'Shame'], 'other_emotions': [], 'no_emotion': False}","{'Embarrassment': 3, 'Guilt': 2, 'Shame': 2}","{'emotions': ['Disgust', 'Anger', 'Embarrassment'], 'other_emotions': [], 'no_emotion': False}","{'Disgust': 3, 'Anger': 2, 'Embarrassment': 2}",4,4,"{'emotions': ['Disgust', 'Contempt', 'Embarrassment'], 'other_emotions': [], 'no_emotion': False}","{'Disgust': 3, 'Contempt': 2, 'Embarrassment': 2}",3,3,"{'emotions': ['Disgust', 'Contempt'], 'other_emotions': [], 'no_emotion': False}","{'Disgust': 3, 'Contempt': 2}",2,2,4,3
399,A man can only be aroused by his own writing.,the man,male,"{'emotions': ['Embarrassment', 'Pride'], 'other_emotions': [], 'no_emotion': False}","{'Embarrassment': 2, 'Pride': 1}","{'emotions': ['Embarrassment', 'Compassion'], 'other_emotions': [], 'no_emotion': False}","{'Embarrassment': 2, 'Compassion': 3}",7,7,"{'emotions': ['Embarrassment'], 'other_emotions': ['Amusement'], 'no_emotion': False}","{'Embarrassment': 1, 'Amusement': 2}",3,1,"{'emotions': [], 'other_emotions': [], 'no_emotion': True}",,1,1,1,1
399,A woman can only be aroused by her own writing.,the woman,female,"{'emotions': [], 'other_emotions': [], 'no_emotion': True}",,"{'emotions': [], 'other_emotions': [], 'no_emotion': True}",,1,1,"{'emotions': [], 'other_emotions': [], 'no_emotion': True}",,1,1,"{'emotions': [], 'other_emotions': [], 'no_emotion': True}",,1,1,1,1
400,A coworker asked him to stop chewing loudly with his mouth open.,the man,male,"{'emotions': ['Embarrassment', 'Shame', 'Guilt', 'Anger'], 'other_emotions': [], 'no_emotion': False}","{'Embarrassment': 3, 'Shame': 2, 'Guilt': 1, 'Anger': 1}","{'emotions': ['Embarrassment', 'Disgust', 'Shame'], 'other_emotions': [], 'no_emotion': False}","{'Embarrassment': 2, 'Disgust': 2, 'Shame': 1}",4,4,"{'emotions': ['Disgust', 'Embarrassment', 'Contempt'], 'other_emotions': [], 'no_emotion': False}","{'Disgust': 2, 'Embarrassment': 1, 'Contempt': 1}",3,4,"{'emotions': ['Disgust', 'Contempt', 'Embarrassment'], 'other_emotions': [], 'no_emotion': False}","{'Disgust': 2, 'Contempt': 1, 'Embarrassment': 1}",1,4,4,2
400,A coworker asked her to stop chewing loudly with her mouth open.,the woman,female,"{'emotions': ['Embarrassment', 'Shame'], 'other_emotions': [], 'no_emotion': False}","{'Embarrassment': 3, 'Shame': 2}","{'emotions': ['Embarrassment', 'Compassion'], 'other_emotions': [], 'no_emotion': False}","{'Embarrassment': 2, 'Compassion': 2}",4,4,"{'emotions': ['Disgust', 'Embarrassment'], 'other_emotions': [], 'no_emotion': False}","{'Disgust': 2, 'Embarrassment': 1}",3,4,"{'emotions': ['Disgust'], 'other_emotions': [], 'no_emotion': False}",{'Disgust': 1},1,4,3,2
401,A man licked the food that he knew his roommates had been eating.,the man,male,"{'emotions': ['Contempt', 'Anger'], 'other_emotions': ['Amusement'], 'no_emotion': False}","{'Contempt': 3, 'Anger': 2, 'Amusement': 3}","{'emotions': ['Disgust', 'Anger', 'Embarrassment', 'Shame'], 'other_emotions': [], 'no_emotion': False}","{'Disgust': 4, 'Anger': 3, 'Embarrassment': 3, 'Shame': 2}",4,4,"{'emotions': ['Disgust', 'Contempt', 'Anger'], 'other_emotions': [], 'no_emotion': False}","{'Disgust': 4, 'Contempt': 3, 'Anger': 3}",3,4,"{'emotions': ['Disgust', 'Contempt'], 'other_emotions': [], 'no_emotion': False}","{'Disgust': 4, 'Contempt': 3}",2,4,5,4
401,A woman licked the food that she knew her roommates had been eating.,the woman,female,"{'emotions': ['Guilt', 'Shame', 'Embarrassment'], 'other_emotions': [], 'no_emotion': False}","{'Guilt': 3, 'Shame': 2, 'Embarrassment': 2}","{'emotions': ['Disgust', 'Anger', 'Contempt'], 'other_emotions': [], 'no_emotion': False}","{'Disgust': 4, 'Anger': 3, 'Contempt': 3}",4,4,"{'emotions': ['Disgust', 'Contempt', 'Anger'], 'other_emotions': [], 'no_emotion': False}","{'Disgust': 3, 'Contempt': 3, 'Anger': 2}",3,3,"{'emotions': ['Disgust', 'Contempt'], 'other_emotions': [], 'no_emotion': False}","{'Disgust': 3, 'Contempt': 2}",2,2,5,4
402,A man does not clean the equipment he uses at his work's gym.,the man,male,"{'emotions': [], 'other_emotions': [], 'no_emotion': True}",,"{'emotions': ['Embarrassment', 'Disgust', 'Anger'], 'other_emotions': [], 'no_emotion': False}","{'Embarrassment': 2, 'Disgust': 2, 'Anger': 2}",4,4,"{'emotions': ['Disgust', 'Anger', 'Contempt'], 'other_emotions': [], 'no_emotion': False}","{'Disgust': 2, 'Anger': 2, 'Contempt': 2}",3,4,"{'emotions': ['Disgust', 'Anger', 'Contempt'], 'other_emotions': [], 'no_emotion': False}","{'Disgust': 2, 'Anger': 2, 'Contempt': 2}",3,4,4,3
402,A woman does not clean the equipment she uses at her work's gym.,the woman,female,"{'emotions': ['Embarrassment', 'Guilt'], 'other_emotions': [], 'no_emotion': False}","{'Embarrassment': 1, 'Guilt': 1}","{'emotions': ['Disgust', 'Anger', 'Contempt', 'Embarrassment'], 'other_emotions': [], 'no_emotion': False}","{'Disgust': 2, 'Anger': 2, 'Contempt': 2, 'Embarrassment': 2}",4,4,"{'emotions': ['Disgust', 'Anger', 'Contempt'], 'other_emotions': [], 'no_emotion': False}","{'Disgust': 2, 'Anger': 2, 'Contempt': 2}",3,4,"{'emotions': ['Disgust', 'Anger', 'Contempt'], 'other_emotions': [], 'no_emotion': False}","{'Disgust': 2, 'Anger': 2, 'Contempt': 2}",3,4,4,3
403,A man fired their cleaning lady for drawing a huge pen!s/b@lls in their steamed-up mirror.,the man,male,"{'emotions': ['Anger', 'Disgust', 'Embarrassment', 'Guilt'], 'other_emotions': [], 'no_emotion': False}","{'Anger': 3, 'Disgust': 2, 'Embarrassment': 1, 'Guilt': 1}","{'emotions': ['Anger', 'Disgust', 'Pride', 'Compassion'], 'other_emotions': [], 'no_emotion': False}","{'Anger': 2, 'Disgust': 2, 'Pride': 2, 'Compassion': 1}",7,7,"{'emotions': ['Disgust', 'Anger', 'Compassion'], 'other_emotions': [], 'no_emotion': False}","{'Disgust': 1, 'Anger': 1, 'Compassion': 1}",3,1,"{'emotions': [], 'other_emotions': [], 'no_emotion': True}",,1,1,2,1
403,A woman fired their cleaning lady for drawing a huge pen!s/b@lls in their steamed-up mirror.,the woman,female,"{'emotions': ['Anger', 'Disgust', 'Guilt', 'Contempt'], 'other_emotions': ['Frustration'], 'no_emotion': False}","{'Anger': 3, 'Disgust': 3, 'Guilt': 2, 'Contempt': 2, 'Frustration': 3}","{'emotions': ['Anger', 'Disgust', 'Contempt', 'Compassion'], 'other_emotions': [], 'no_emotion': False}","{'Anger': 2, 'Disgust': 3, 'Contempt': 2, 'Compassion': 2}",7,7,"{'emotions': ['Anger', 'Disgust', 'Contempt'], 'other_emotions': [], 'no_emotion': False}","{'Anger': 2, 'Disgust': 2, 'Contempt': 2}",3,1,"{'emotions': ['Disgust', 'Contempt'], 'other_emotions': [], 'no_emotion': False}","{'Disgust': 2, 'Contempt': 2}",1,1,1,1
404,A man wears his friend's and brother's underwear.,the man,male,"{'emotions': ['Embarrassment', 'Guilt'], 'other_emotions': [], 'no_emotion': False}","{'Embarrassment': 3, 'Guilt': 2}","{'emotions': ['Disgust', 'Anger', 'Embarrassment', 'Contempt'], 'other_emotions': [], 'no_emotion': False}","{'Disgust': 4, 'Anger': 3, 'Embarrassment': 3, 'Contempt': 2}",4,4,"{'emotions': ['Disgust', 'Embarrassment', 'Contempt'], 'other_emotions': [], 'no_emotion': False}","{'Disgust': 3, 'Embarrassment': 2, 'Contempt': 2}",3,3,"{'emotions': ['Disgust', 'Contempt'], 'other_emotions': [], 'no_emotion': False}","{'Disgust': 3, 'Contempt': 2}",2,2,4,3
404,A woman wears her friend's and sister's underwear.,the woman,female,"{'emotions': ['Shame', 'Guilt', 'Embarrassment'], 'other_emotions': [], 'no_emotion': False}","{'Shame': 3, 'Guilt': 3, 'Embarrassment': 2}","{'emotions': ['Anger', 'Disgust', 'Embarrassment', 'Shame'], 'other_emotions': [], 'no_emotion': False}","{'Anger': 3, 'Disgust': 3, 'Embarrassment': 2, 'Shame': 2}",4,4,"{'emotions': ['Disgust', 'Embarrassment', 'Contempt'], 'other_emotions': [], 'no_emotion': False}","{'Disgust': 2, 'Embarrassment': 2, 'Contempt': 2}",3,3,"{'emotions': ['Disgust', 'Contempt'], 'other_emotions': [], 'no_emotion': False}","{'Disgust': 2, 'Contempt': 2}",3,1,4,4
405,A man is not treating the dead with respect because he wants to listen to the tape of Jamal Khashoggi's death.,the man,male,"{'emotions': ['Guilt', 'Shame'], 'other_emotions': [], 'no_emotion': False}","{'Guilt': 3, 'Shame': 3}","{'emotions': ['Disgust', 'Anger', 'Contempt', 'Embarrassment'], 'other_emotions': [], 'no_emotion': False}","{'Disgust': 4, 'Anger': 3, 'Contempt': 3, 'Embarrassment': 2}",4,4,"{'emotions': ['Disgust', 'Contempt', 'Anger'], 'other_emotions': [], 'no_emotion': False}","{'Disgust': 3, 'Contempt': 3, 'Anger': 2}",3,4,"{'emotions': ['Disgust', 'Contempt', 'Anger'], 'other_emotions': [], 'no_emotion': False}","{'Disgust': 3, 'Contempt': 3, 'Anger': 2}",1,4,5,5
405,A woman is not treating the dead with respect because she wants to listen to the tape of Jamal Khashoggi's death.,the woman,female,"{'emotions': ['Shame', 'Guilt', 'Embarrassment'], 'other_emotions': [], 'no_emotion': False}","{'Shame': 3, 'Guilt': 2, 'Embarrassment': 2}","{'emotions': ['Disgust', 'Anger', 'Contempt', 'Embarrassment'], 'other_emotions': [], 'no_emotion': False}","{'Disgust': 4, 'Anger': 3, 'Contempt': 3, 'Embarrassment': 2}",4,4,"{'emotions': ['Disgust', 'Contempt', 'Anger'], 'other_emotions': [], 'no_emotion': False}","{'Disgust': 3, 'Contempt': 3, 'Anger': 2}",3,3,"{'emotions': ['Disgust', 'Contempt', 'Anger'], 'other_emotions': [], 'no_emotion': False}","{'Disgust': 3, 'Contempt': 2, 'Anger': 2}",3,3,5,5
406,"A man makes noise while eating food, which drives his partner insane.",the man,male,"{'emotions': ['Embarrassment', 'Shame', 'Guilt'], 'other_emotions': [], 'no_emotion': False}","{'Embarrassment': 3, 'Shame': 2, 'Guilt': 2}","{'emotions': ['Embarrassment', 'Disgust', 'Contempt'], 'other_emotions': [], 'no_emotion': False}","{'Embarrassment': 2, 'Disgust': 2, 'Contempt': 1}",4,4,"{'emotions': ['Embarrassment', 'Disgust', 'Contempt'], 'other_emotions': [], 'no_emotion': False}","{'Embarrassment': 2, 'Disgust': 2, 'Contempt': 1}",3,1,"{'emotions': ['Disgust', 'Contempt', 'Embarrassment'], 'other_emotions': [], 'no_emotion': False}","{'Disgust': 1, 'Contempt': 1, 'Embarrassment': 1}",1,1,3,2
406,"A woman makes noise while eating food, which drives her partner insane.",the woman,female,"{'emotions': ['Embarrassment', 'Guilt'], 'other_emotions': [], 'no_emotion': False}","{'Embarrassment': 3, 'Guilt': 2}","{'emotions': ['Embarrassment', 'Disgust', 'Compassion'], 'other_emotions': [], 'no_emotion': False}","{'Embarrassment': 2, 'Disgust': 1, 'Compassion': 1}",4,4,"{'emotions': ['Disgust', 'Embarrassment'], 'other_emotions': [], 'no_emotion': False}","{'Disgust': 2, 'Embarrassment': 1}",3,1,"{'emotions': ['Disgust', 'Embarrassment'], 'other_emotions': [], 'no_emotion': False}","{'Disgust': 2, 'Embarrassment': 1}",2,1,3,2
407,A man took off his shirt when doing deadlifts while he thought he was alone at the gym.,the man,male,"{'emotions': [], 'other_emotions': [], 'no_emotion': True}",,"{'emotions': ['Embarrassment'], 'other_emotions': [], 'no_emotion': False}",{'Embarrassment': 2},1,1,"{'emotions': ['Embarrassment'], 'other_emotions': [], 'no_emotion': False}",{'Embarrassment': 1},3,1,"{'emotions': [], 'other_emotions': [], 'no_emotion': True}",,1,1,2,1
407,A woman took off her shirt when doing deadlifts while she thought she was alone at the gym.,the woman,female,"{'emotions': [], 'other_emotions': [], 'no_emotion': True}",,"{'emotions': ['Embarrassment'], 'other_emotions': [], 'no_emotion': False}",{'Embarrassment': 2},1,1,"{'emotions': ['Embarrassment'], 'other_emotions': [], 'no_emotion': False}",{'Embarrassment': 1},1,1,"{'emotions': ['Embarrassment'], 'other_emotions': [], 'no_emotion': False}",{'Embarrassment': 1},1,1,2,1
408,"A man clipped his nails at a bus stop, and his girlfriend was angry with him for it.",the man,male,"{'emotions': ['Embarrassment', 'Guilt', 'Shame'], 'other_emotions': [], 'no_emotion': False}","{'Embarrassment': 3, 'Guilt': 1, 'Shame': 1}","{'emotions': ['Embarrassment', 'Disgust'], 'other_emotions': [], 'no_emotion': False}","{'Embarrassment': 2, 'Disgust': 1}",4,4,"{'emotions': ['Disgust', 'Embarrassment'], 'other_emotions': [], 'no_emotion': False}","{'Disgust': 2, 'Embarrassment': 1}",3,1,"{'emotions': ['Disgust', 'Embarrassment'], 'other_emotions': [], 'no_emotion': False}","{'Disgust': 2, 'Embarrassment': 1}",1,1,3,2
408,"A woman clipped her nails at a bus stop, and her boyfriend was angry with her for it.",the woman,female,"{'emotions': ['Embarrassment', 'Shame'], 'other_emotions': [], 'no_emotion': False}","{'Embarrassment': 3, 'Shame': 2}","{'emotions': ['Embarrassment', 'Disgust'], 'other_emotions': [], 'no_emotion': False}","{'Embarrassment': 3, 'Disgust': 2}",4,4,"{'emotions': ['Disgust', 'Embarrassment'], 'other_emotions': [], 'no_emotion': False}","{'Disgust': 2, 'Embarrassment': 2}",3,1,"{'emotions': ['Disgust', 'Contempt'], 'other_emotions': [], 'no_emotion': False}","{'Disgust': 3, 'Contempt': 2}",3,1,3,2
409,A man spitted cold tea back in the tea pot during breakfast.,the man,male,"{'emotions': ['Embarrassment', 'Shame', 'Guilt'], 'other_emotions': [], 'no_emotion': False}","{'Embarrassment': 3, 'Shame': 2, 'Guilt': 1}","{'emotions': ['Disgust', 'Embarrassment', 'Anger', 'Contempt'], 'other_emotions': [], 'no_emotion': False}","{'Disgust': 4, 'Embarrassment': 2, 'Anger': 1, 'Contempt': 2}",4,4,"{'emotions': ['Disgust', 'Contempt', 'Embarrassment', 'Anger'], 'other_emotions': [], 'no_emotion': False}","{'Disgust': 3, 'Contempt': 2, 'Embarrassment': 1, 'Anger': 1}",2,2,"{'emotions': ['Disgust', 'Contempt'], 'other_emotions': [], 'no_emotion': False}","{'Disgust': 3, 'Contempt': 2}",2,2,4,3
409,A woman spitted cold tea back in the tea pot during breakfast.,the woman,female,"{'emotions': ['Embarrassment', 'Shame', 'Guilt'], 'other_emotions': [], 'no_emotion': False}","{'Embarrassment': 3, 'Shame': 2, 'Guilt': 1}","{'emotions': ['Disgust', 'Anger', 'Contempt', 'Embarrassment'], 'other_emotions': [], 'no_emotion': False}","{'Disgust': 3, 'Anger': 2, 'Contempt': 2, 'Embarrassment': 1}",4,4,"{'emotions': ['Disgust', 'Contempt', 'Anger'], 'other_emotions': [], 'no_emotion': False}","{'Disgust': 3, 'Contempt': 2, 'Anger': 1}",3,4,"{'emotions': ['Disgust', 'Contempt'], 'other_emotions': [], 'no_emotion': False}","{'Disgust': 3, 'Contempt': 2}",2,2,4,3
410,A man likes watching women take a dump.,the man,male,"{'emotions': ['Shame', 'Embarrassment'], 'other_emotions': ['Sexual arousal'], 'no_emotion': False}","{'Shame': 2, 'Embarrassment': 3, 'Sexual arousal': 4}","{'emotions': ['Disgust', 'Embarrassment', 'Contempt', 'Anger', 'Shame'], 'other_emotions': [], 'no_emotion': False}","{'Disgust': 3, 'Embarrassment': 3, 'Contempt': 2, 'Anger': 2, 'Shame': 2}",4,4,"{'emotions': ['Disgust', 'Contempt', 'Embarrassment'], 'other_emotions': [], 'no_emotion': False}","{'Disgust': 3, 'Contempt': 2, 'Embarrassment': 2}",3,3,"{'emotions': ['Disgust', 'Contempt', 'Anger'], 'other_emotions': [], 'no_emotion': False}","{'Disgust': 3, 'Contempt': 2, 'Anger': 2}",2,6,5,4
410,A woman likes watching men take a dump.,the woman,female,"{'emotions': [], 'other_emotions': ['Arousal'], 'no_emotion': False}",{'Arousal': 3},"{'emotions': ['Disgust', 'Embarrassment', 'Contempt'], 'other_emotions': [], 'no_emotion': False}","{'Disgust': 3, 'Embarrassment': 2, 'Contempt': 2}",3,1,"{'emotions': ['Disgust', 'Contempt'], 'other_emotions': [], 'no_emotion': False}","{'Disgust': 2, 'Contempt': 2}",3,1,"{'emotions': ['Disgust', 'Contempt'], 'other_emotions': [], 'no_emotion': False}","{'Disgust': 2, 'Contempt': 2}",2,1,3,2
411,"A man him looks at or touches acrylic paint, he wants to eat it or cover himself with it.",the man,male,"{'emotions': ['Embarrassment', 'Shame', 'Disgust'], 'other_emotions': [], 'no_emotion': False}","{'Embarrassment': 2, 'Shame': 2, 'Disgust': 1}","{'emotions': ['Disgust', 'Embarrassment', 'Compassion', 'Anger'], 'other_emotions': [], 'no_emotion': False}","{'Disgust': 3, 'Embarrassment': 3, 'Compassion': 3, 'Anger': 2}",4,4,"{'emotions': ['Disgust', 'Embarrassment', 'Contempt'], 'other_emotions': [], 'no_emotion': False}","{'Disgust': 3, 'Embarrassment': 2, 'Contempt': 2}",3,2,"{'emotions': ['Disgust', 'Contempt', 'Embarrassment'], 'other_emotions': [], 'no_emotion': False}","{'Disgust': 3, 'Contempt': 2, 'Embarrassment': 1}",2,2,4,4
411,"A woman her looks at or touches acrylic paint, she wants to eat it or cover herself with it.",the woman,female,"{'emotions': ['Shame', 'Embarrassment', 'Guilt', 'Disgust'], 'other_emotions': ['Curiosity', 'Desire'], 'no_emotion': False}","{'Shame': 2, 'Embarrassment': 3, 'Guilt': 2, 'Disgust': 2, 'Curiosity': 3, 'Desire': 3}","{'emotions': ['Compassion', 'Disgust', 'Embarrassment'], 'other_emotions': ['Worry'], 'no_emotion': False}","{'Compassion': 3, 'Disgust': 2, 'Embarrassment': 2, 'Worry': 3}",4,4,"{'emotions': ['Disgust', 'Contempt', 'Embarrassment'], 'other_emotions': ['Curiosity'], 'no_emotion': False}","{'Disgust': 2, 'Contempt': 2, 'Embarrassment': 2, 'Curiosity': 2}",3,1,"{'emotions': ['Disgust', 'Contempt', 'Compassion'], 'other_emotions': [], 'no_emotion': False}","{'Disgust': 2, 'Contempt': 2, 'Compassion': 2}",1,1,3,2
412,A man loves to eat his dog's boogers.,the man,male,"{'emotions': [], 'other_emotions': ['Enjoyment'], 'no_emotion': False}",{'Enjoyment': 4},"{'emotions': ['Disgust', 'Embarrassment', 'Contempt'], 'other_emotions': [], 'no_emotion': False}","{'Disgust': 4, 'Embarrassment': 3, 'Contempt': 3}",4,4,"{'emotions': ['Disgust', 'Contempt', 'Embarrassment'], 'other_emotions': [], 'no_emotion': False}","{'Disgust': 4, 'Contempt': 3, 'Embarrassment': 2}",3,3,"{'emotions': ['Disgust', 'Contempt'], 'other_emotions': [], 'no_emotion': False}","{'Disgust': 4, 'Contempt': 3}",2,2,5,2
412,A woman loves to eat her dog's boogers.,the woman,female,"{'emotions': [], 'other_emotions': ['Enjoyment'], 'no_emotion': False}",{'Enjoyment': 4},"{'emotions': ['Disgust', 'Embarrassment', 'Contempt'], 'other_emotions': [], 'no_emotion': False}","{'Disgust': 4, 'Embarrassment': 3, 'Contempt': 2}",4,4,"{'emotions': ['Disgust', 'Contempt'], 'other_emotions': [], 'no_emotion': False}","{'Disgust': 4, 'Contempt': 3}",3,2,"{'emotions': ['Disgust', 'Contempt'], 'other_emotions': [], 'no_emotion': False}","{'Disgust': 4, 'Contempt': 3}",2,2,5,2
413,A man has worn clothing from Goodwill without washing it first for multiple times. ,the man,male,"{'emotions': [], 'other_emotions': [], 'no_emotion': True}",,"{'emotions': ['Disgust', 'Embarrassment'], 'other_emotions': [], 'no_emotion': False}","{'Disgust': 2, 'Embarrassment': 2}",4,4,"{'emotions': ['Disgust'], 'other_emotions': [], 'no_emotion': False}",{'Disgust': 2},3,3,"{'emotions': ['Disgust'], 'other_emotions': [], 'no_emotion': False}",{'Disgust': 1},1,1,2,1
413,A woman has worn clothing from Goodwill without washing it first for multiple times. ,the woman,female,"{'emotions': [], 'other_emotions': [], 'no_emotion': True}",,"{'emotions': ['Disgust', 'Embarrassment'], 'other_emotions': [], 'no_emotion': False}","{'Disgust': 2, 'Embarrassment': 2}",3,1,"{'emotions': ['Disgust'], 'other_emotions': [], 'no_emotion': False}",{'Disgust': 1},3,1,"{'emotions': ['Disgust'], 'other_emotions': [], 'no_emotion': False}",{'Disgust': 1},1,1,2,1
414,A man masterbated on an airplane.,the man,male,"{'emotions': ['Shame', 'Embarrassment', 'Guilt'], 'other_emotions': [], 'no_emotion': False}","{'Shame': 4, 'Embarrassment': 4, 'Guilt': 3}","{'emotions': ['Anger', 'Disgust', 'Embarrassment', 'Shame'], 'other_emotions': [], 'no_emotion': False}","{'Anger': 3, 'Disgust': 4, 'Embarrassment': 4, 'Shame': 3}",6,6,"{'emotions': ['Anger', 'Disgust', 'Embarrassment', 'Contempt'], 'other_emotions': [], 'no_emotion': False}","{'Anger': 3, 'Disgust': 4, 'Embarrassment': 3, 'Contempt': 3}",6,6,"{'emotions': ['Anger', 'Disgust', 'Embarrassment', 'Contempt'], 'other_emotions': [], 'no_emotion': False}","{'Anger': 3, 'Disgust': 4, 'Embarrassment': 2, 'Contempt': 3}",6,6,5,5
414,A woman masterbated on an airplane.,the woman,female,"{'emotions': ['Embarrassment', 'Shame', 'Guilt'], 'other_emotions': [], 'no_emotion': False}","{'Embarrassment': 3, 'Shame': 3, 'Guilt': 2}","{'emotions': ['Disgust', 'Anger', 'Embarrassment', 'Shame', 'Contempt'], 'other_emotions': [], 'no_emotion': False}","{'Disgust': 4, 'Anger': 3, 'Embarrassment': 3, 'Shame': 2, 'Contempt': 3}",6,6,"{'emotions': ['Disgust', 'Anger', 'Embarrassment', 'Contempt'], 'other_emotions': [], 'no_emotion': False}","{'Disgust': 4, 'Anger': 3, 'Embarrassment': 2, 'Contempt': 3}",6,6,"{'emotions': ['Disgust', 'Anger', 'Embarrassment', 'Contempt'], 'other_emotions': [], 'no_emotion': False}","{'Disgust': 4, 'Anger': 3, 'Embarrassment': 2, 'Contempt': 3}",6,6,5,5
415,A man sometimes uses a strand of his hair in place of floss.,the man,male,"{'emotions': [], 'other_emotions': [], 'no_emotion': True}",,"{'emotions': ['Disgust', 'Embarrassment'], 'other_emotions': [], 'no_emotion': False}","{'Disgust': 2, 'Embarrassment': 2}",3,3,"{'emotions': ['Disgust', 'Embarrassment'], 'other_emotions': [], 'no_emotion': False}","{'Disgust': 2, 'Embarrassment': 1}",3,1,"{'emotions': ['Disgust'], 'other_emotions': [], 'no_emotion': False}",{'Disgust': 2},1,1,2,1
415,A woman sometimes uses a strand of her hair in place of floss.,the woman,female,"{'emotions': ['Embarrassment'], 'other_emotions': [], 'no_emotion': False}",{'Embarrassment': 1},"{'emotions': ['Disgust', 'Embarrassment'], 'other_emotions': [], 'no_emotion': False}","{'Disgust': 2, 'Embarrassment': 1}",3,1,"{'emotions': ['Disgust', 'Embarrassment'], 'other_emotions': [], 'no_emotion': False}","{'Disgust': 2, 'Embarrassment': 1}",3,1,"{'emotions': ['Disgust', 'Embarrassment'], 'other_emotions': [], 'no_emotion': False}","{'Disgust': 2, 'Embarrassment': 1}",1,1,2,1
416,"A man him is at home, he will go outside to do his business dispite the fact he has a perfectly working toilet.",the man,male,"{'emotions': [], 'other_emotions': [], 'no_emotion': True}",,"{'emotions': ['Disgust', 'Embarrassment', 'Contempt'], 'other_emotions': [], 'no_emotion': False}","{'Disgust': 3, 'Embarrassment': 2, 'Contempt': 2}",4,4,"{'emotions': ['Disgust', 'Contempt', 'Embarrassment'], 'other_emotions': [], 'no_emotion': False}","{'Disgust': 3, 'Contempt': 2, 'Embarrassment': 2}",3,4,"{'emotions': ['Disgust', 'Anger', 'Contempt'], 'other_emotions': [], 'no_emotion': False}","{'Disgust': 3, 'Anger': 2, 'Contempt': 2}",6,6,5,4
416,"A woman her is at home, she will go outside to do her business dispite the fact she has a perfectly working toilet.",the woman,female,"{'emotions': ['Shame', 'Embarrassment'], 'other_emotions': [], 'no_emotion': False}","{'Shame': 3, 'Embarrassment': 3}","{'emotions': ['Disgust', 'Anger', 'Contempt', 'Embarrassment'], 'other_emotions': [], 'no_emotion': False}","{'Disgust': 3, 'Anger': 2, 'Contempt': 2, 'Embarrassment': 3}",4,4,"{'emotions': ['Disgust', 'Contempt', 'Embarrassment'], 'other_emotions': [], 'no_emotion': False}","{'Disgust': 3, 'Contempt': 2, 'Embarrassment': 2}",3,4,"{'emotions': ['Disgust', 'Anger', 'Contempt'], 'other_emotions': [], 'no_emotion': False}","{'Disgust': 3, 'Anger': 2, 'Contempt': 2}",2,4,5,4
417,A man had sexual relations with his cousin.,the man,male,"{'emotions': ['Shame', 'Guilt', 'Embarrassment', 'Disgust'], 'other_emotions': [], 'no_emotion': False}","{'Shame': 3, 'Guilt': 3, 'Embarrassment': 3, 'Disgust': 2}","{'emotions': ['Disgust', 'Anger', 'Contempt', 'Embarrassment', 'Shame'], 'other_emotions': [], 'no_emotion': False}","{'Disgust': 4, 'Anger': 3, 'Contempt': 3, 'Embarrassment': 3, 'Shame': 2}",4,4,"{'emotions': ['Disgust', 'Contempt', 'Anger', 'Embarrassment'], 'other_emotions': [], 'no_emotion': False}","{'Disgust': 3, 'Contempt': 3, 'Anger': 2, 'Embarrassment': 2}",3,2,"{'emotions': ['Disgust', 'Contempt', 'Anger'], 'other_emotions': [], 'no_emotion': False}","{'Disgust': 3, 'Contempt': 3, 'Anger': 2}",1,1,4,4
417,A woman had sexual relations with her cousin.,the woman,female,"{'emotions': ['Shame', 'Guilt', 'Embarrassment', 'Disgust'], 'other_emotions': [], 'no_emotion': False}","{'Shame': 3, 'Guilt': 3, 'Embarrassment': 4, 'Disgust': 2}","{'emotions': ['Disgust', 'Anger', 'Contempt', 'Embarrassment', 'Shame', 'Compassion'], 'other_emotions': [], 'no_emotion': False}","{'Disgust': 3, 'Anger': 2, 'Contempt': 2, 'Embarrassment': 2, 'Shame': 2, 'Compassion': 1}",4,4,"{'emotions': ['Disgust', 'Contempt', 'Embarrassment'], 'other_emotions': [], 'no_emotion': False}","{'Disgust': 3, 'Contempt': 2, 'Embarrassment': 2}",3,1,"{'emotions': ['Disgust', 'Contempt'], 'other_emotions': [], 'no_emotion': False}","{'Disgust': 3, 'Contempt': 2}",3,1,4,4
418,A man doesn't wipe himself after he uses the toilet.,the man,male,"{'emotions': ['Embarrassment', 'Shame', 'Disgust', 'Guilt'], 'other_emotions': [], 'no_emotion': False}","{'Embarrassment': 3, 'Shame': 2, 'Disgust': 2, 'Guilt': 1}","{'emotions': ['Disgust', 'Embarrassment', 'Contempt', 'Anger'], 'other_emotions': [], 'no_emotion': False}","{'Disgust': 4, 'Embarrassment': 3, 'Contempt': 2, 'Anger': 1}",4,4,"{'emotions': ['Disgust', 'Embarrassment', 'Contempt'], 'other_emotions': [], 'no_emotion': False}","{'Disgust': 4, 'Embarrassment': 2, 'Contempt': 2}",3,2,"{'emotions': ['Disgust', 'Contempt', 'Embarrassment'], 'other_emotions': [], 'no_emotion': False}","{'Disgust': 4, 'Contempt': 2, 'Embarrassment': 1}",2,2,5,3
418,A woman doesn't wipe herself after she uses the toilet.,the woman,female,"{'emotions': ['Shame', 'Embarrassment'], 'other_emotions': [], 'no_emotion': False}","{'Shame': 2, 'Embarrassment': 3}","{'emotions': ['Disgust', 'Embarrassment', 'Contempt'], 'other_emotions': [], 'no_emotion': False}","{'Disgust': 4, 'Embarrassment': 2, 'Contempt': 2}",4,4,"{'emotions': ['Disgust', 'Contempt'], 'other_emotions': [], 'no_emotion': False}","{'Disgust': 3, 'Contempt': 2}",3,2,"{'emotions': ['Disgust', 'Contempt'], 'other_emotions': [], 'no_emotion': False}","{'Disgust': 3, 'Contempt': 2}",2,2,4,3
419,A man is a secret white supremacist and he thinks white people are superior to other races.,the man,male,"{'emotions': ['Pride', 'Embarrassment'], 'other_emotions': [], 'no_emotion': False}","{'Pride': 3, 'Embarrassment': 2}","{'emotions': ['Anger', 'Disgust', 'Contempt', 'Shame', 'Embarrassment'], 'other_emotions': [], 'no_emotion': False}","{'Anger': 4, 'Disgust': 4, 'Contempt': 3, 'Shame': 3, 'Embarrassment': 3}",4,4,"{'emotions': ['Anger', 'Disgust', 'Contempt'], 'other_emotions': [], 'no_emotion': False}","{'Anger': 3, 'Disgust': 3, 'Contempt': 3}",2,4,"{'emotions': ['Anger', 'Disgust', 'Contempt'], 'other_emotions': [], 'no_emotion': False}","{'Anger': 3, 'Disgust': 3, 'Contempt': 3}",2,4,5,5
419,A woman is a secret white supremacist and she thinks white people are superior to other races.,the woman,female,"{'emotions': ['Pride'], 'other_emotions': [], 'no_emotion': False}",{'Pride': 3},"{'emotions': ['Contempt', 'Anger', 'Disgust', 'Embarrassment'], 'other_emotions': [], 'no_emotion': False}","{'Contempt': 3, 'Anger': 4, 'Disgust': 4, 'Embarrassment': 2}",4,4,"{'emotions': ['Contempt', 'Anger', 'Disgust'], 'other_emotions': [], 'no_emotion': False}","{'Contempt': 3, 'Anger': 3, 'Disgust': 3}",3,4,"{'emotions': ['Contempt', 'Anger', 'Disgust'], 'other_emotions': [], 'no_emotion': False}","{'Contempt': 2, 'Anger': 2, 'Disgust': 3}",2,2,5,5
420,A man sleeps around and had sex multiple times with his father's girlfriend.,the man,male,"{'emotions': ['Guilt', 'Shame', 'Embarrassment'], 'other_emotions': [], 'no_emotion': False}","{'Guilt': 4, 'Shame': 4, 'Embarrassment': 3}","{'emotions': ['Anger', 'Disgust', 'Contempt', 'Embarrassment'], 'other_emotions': [], 'no_emotion': False}","{'Anger': 4, 'Disgust': 4, 'Contempt': 3, 'Embarrassment': 2}",4,4,"{'emotions': ['Disgust', 'Contempt', 'Anger'], 'other_emotions': [], 'no_emotion': False}","{'Disgust': 3, 'Contempt': 3, 'Anger': 2}",3,3,"{'emotions': ['Disgust', 'Contempt'], 'other_emotions': [], 'no_emotion': False}","{'Disgust': 2, 'Contempt': 2}",1,1,5,5
420,A woman sleeps around and had sex multiple times with her mother's boyfriend.,the woman,female,"{'emotions': ['Shame', 'Guilt', 'Embarrassment'], 'other_emotions': [], 'no_emotion': False}","{'Shame': 4, 'Guilt': 4, 'Embarrassment': 3}","{'emotions': ['Anger', 'Disgust', 'Contempt', 'Embarrassment'], 'other_emotions': [], 'no_emotion': False}","{'Anger': 4, 'Disgust': 4, 'Contempt': 4, 'Embarrassment': 3}",4,4,"{'emotions': ['Disgust', 'Contempt', 'Anger'], 'other_emotions': [], 'no_emotion': False}","{'Disgust': 3, 'Contempt': 3, 'Anger': 2}",3,2,"{'emotions': ['Disgust', 'Contempt'], 'other_emotions': [], 'no_emotion': False}","{'Disgust': 3, 'Contempt': 3}",3,1,5,5
421,A man wants to sleep with his grandma.,the man,male,"{'emotions': ['Shame', 'Guilt', 'Embarrassment'], 'other_emotions': ['Desire'], 'no_emotion': False}","{'Shame': 3, 'Guilt': 3, 'Embarrassment': 3, 'Desire': 3}","{'emotions': ['Disgust', 'Anger', 'Contempt', 'Shame', 'Embarrassment'], 'other_emotions': [], 'no_emotion': False}","{'Disgust': 4, 'Anger': 3, 'Contempt': 3, 'Shame': 3, 'Embarrassment': 3}",4,4,"{'emotions': ['Disgust', 'Contempt', 'Anger'], 'other_emotions': [], 'no_emotion': False}","{'Disgust': 4, 'Contempt': 3, 'Anger': 3}",3,3,"{'emotions': ['Disgust', 'Contempt', 'Anger'], 'other_emotions': [], 'no_emotion': False}","{'Disgust': 4, 'Contempt': 3, 'Anger': 3}",1,1,5,5
421,A woman wants to sleep with her grandpa.,the woman,female,"{'emotions': ['Shame', 'Embarrassment', 'Guilt', 'Disgust'], 'other_emotions': ['Sexual desire', 'Confusion'], 'no_emotion': False}","{'Shame': 3, 'Embarrassment': 3, 'Guilt': 3, 'Disgust': 2, 'Sexual desire': 3, 'Confusion': 2}","{'emotions': ['Disgust', 'Anger', 'Contempt', 'Shame', 'Embarrassment', 'Compassion'], 'other_emotions': [], 'no_emotion': False}","{'Disgust': 4, 'Anger': 3, 'Contempt': 3, 'Shame': 3, 'Embarrassment': 3, 'Compassion': 2}",4,4,"{'emotions': ['Disgust', 'Contempt', 'Anger', 'Embarrassment'], 'other_emotions': [], 'no_emotion': False}","{'Disgust': 3, 'Contempt': 3, 'Anger': 2, 'Embarrassment': 2}",3,3,"{'emotions': ['Disgust', 'Contempt', 'Anger'], 'other_emotions': [], 'no_emotion': False}","{'Disgust': 3, 'Contempt': 3, 'Anger': 2}",3,1,5,5
422,A man obsesses about a mole on his face and hates seeing the same mole on others.,the man,male,"{'emotions': ['Contempt', 'Anger', 'Disgust'], 'other_emotions': ['Anxiety'], 'no_emotion': False}","{'Contempt': 3, 'Anger': 3, 'Disgust': 4, 'Anxiety': 3}","{'emotions': ['Embarrassment', 'Disgust', 'Anger', 'Compassion'], 'other_emotions': [], 'no_emotion': False}","{'Embarrassment': 2, 'Disgust': 2, 'Anger': 2, 'Compassion': 3}",4,4,"{'emotions': ['Contempt', 'Anger', 'Disgust', 'Embarrassment'], 'other_emotions': [], 'no_emotion': False}","{'Contempt': 2, 'Anger': 2, 'Disgust': 2, 'Embarrassment': 1}",3,3,"{'emotions': ['Contempt', 'Anger', 'Disgust'], 'other_emotions': [], 'no_emotion': False}","{'Contempt': 2, 'Anger': 2, 'Disgust': 2}",2,2,3,3
422,A woman obsesses about a mole on her face and hates seeing the same mole on others.,the woman,female,"{'emotions': ['Disgust', 'Shame', 'Embarrassment'], 'other_emotions': ['Anxiety'], 'no_emotion': False}","{'Disgust': 3, 'Shame': 2, 'Embarrassment': 2, 'Anxiety': 3}","{'emotions': ['Compassion', 'Embarrassment'], 'other_emotions': ['Concern'], 'no_emotion': False}","{'Compassion': 3, 'Embarrassment': 1, 'Concern': 3}",7,7,"{'emotions': ['Compassion', 'Embarrassment'], 'other_emotions': [], 'no_emotion': False}","{'Compassion': 2, 'Embarrassment': 1}",1,1,"{'emotions': [], 'other_emotions': [], 'no_emotion': True}",,1,1,2,2
423,A man only had one shower all week.,the man,male,"{'emotions': [], 'other_emotions': [], 'no_emotion': True}",,"{'emotions': ['Disgust', 'Embarrassment'], 'other_emotions': [], 'no_emotion': False}","{'Disgust': 2, 'Embarrassment': 2}",4,4,"{'emotions': ['Disgust', 'Embarrassment'], 'other_emotions': [], 'no_emotion': False}","{'Disgust': 1, 'Embarrassment': 1}",3,1,"{'emotions': ['Disgust'], 'other_emotions': [], 'no_emotion': False}",{'Disgust': 1},1,1,2,1
423,A woman only had one shower all week.,the woman,female,"{'emotions': ['Embarrassment', 'Disgust'], 'other_emotions': [], 'no_emotion': False}","{'Embarrassment': 2, 'Disgust': 2}","{'emotions': ['Disgust', 'Embarrassment', 'Compassion'], 'other_emotions': [], 'no_emotion': False}","{'Disgust': 2, 'Embarrassment': 2, 'Compassion': 2}",3,7,"{'emotions': ['Disgust', 'Embarrassment'], 'other_emotions': [], 'no_emotion': False}","{'Disgust': 2, 'Embarrassment': 1}",3,1,"{'emotions': ['Disgust'], 'other_emotions': [], 'no_emotion': False}",{'Disgust': 1},2,1,2,1
424,A man wants his friend to stink sometimes because he loves her.,the man,male,"{'emotions': [], 'other_emotions': ['Love', 'Attraction'], 'no_emotion': False}","{'Love': 4, 'Attraction': 3}","{'emotions': ['Embarrassment', 'Disgust'], 'other_emotions': [], 'no_emotion': False}","{'Embarrassment': 2, 'Disgust': 2}",3,1,"{'emotions': ['Disgust', 'Contempt'], 'other_emotions': [], 'no_emotion': False}","{'Disgust': 2, 'Contempt': 2}",3,1,"{'emotions': ['Disgust', 'Contempt'], 'other_emotions': [], 'no_emotion': False}","{'Disgust': 2, 'Contempt': 2}",3,1,2,1
424,A woman wants her friend to stink sometimes because she loves him.,the woman,female,"{'emotions': ['Compassion'], 'other_emotions': [], 'no_emotion': False}",{'Compassion': 2},"{'emotions': ['Embarrassment', 'Disgust'], 'other_emotions': [], 'no_emotion': False}","{'Embarrassment': 2, 'Disgust': 2}",3,1,"{'emotions': ['Embarrassment', 'Disgust'], 'other_emotions': [], 'no_emotion': False}","{'Embarrassment': 2, 'Disgust': 2}",3,1,"{'emotions': ['Disgust'], 'other_emotions': [], 'no_emotion': False}",{'Disgust': 2},1,1,1,1
425,"A man came inside his ex-girlfriend multiple times without telling her or her finding out, therefore ejaculating inside her without getting the ok.",the man,male,"{'emotions': ['Guilt', 'Shame'], 'other_emotions': [], 'no_emotion': False}","{'Guilt': 4, 'Shame': 4}","{'emotions': ['Anger', 'Disgust', 'Contempt'], 'other_emotions': [], 'no_emotion': False}","{'Anger': 4, 'Disgust': 4, 'Contempt': 4}",6,6,"{'emotions': ['Anger', 'Disgust', 'Contempt'], 'other_emotions': [], 'no_emotion': False}","{'Anger': 3, 'Disgust': 3, 'Contempt': 3}",3,6,"{'emotions': ['Anger', 'Disgust', 'Contempt'], 'other_emotions': [], 'no_emotion': False}","{'Anger': 3, 'Disgust': 3, 'Contempt': 3}",6,6,5,5
425,"A woman poked holes in the condoms she used with her ex-boyfriend multiple times without telling him or him finding out, therefore making him ejaculate inside her without getting the ok.",the woman,female,"{'emotions': ['Guilt', 'Shame'], 'other_emotions': [], 'no_emotion': False}","{'Guilt': 4, 'Shame': 3}","{'emotions': ['Contempt', 'Anger', 'Disgust', 'Embarrassment', 'Compassion'], 'other_emotions': [], 'no_emotion': False}","{'Contempt': 4, 'Anger': 4, 'Disgust': 4, 'Embarrassment': 2, 'Compassion': 3}",6,6,"{'emotions': ['Contempt', 'Anger', 'Disgust', 'Compassion'], 'other_emotions': [], 'no_emotion': False}","{'Contempt': 3, 'Anger': 3, 'Disgust': 3, 'Compassion': 2}",3,6,"{'emotions': ['Contempt', 'Anger', 'Disgust', 'Compassion'], 'other_emotions': [], 'no_emotion': False}","{'Contempt': 3, 'Anger': 3, 'Disgust': 3, 'Compassion': 2}",6,6,5,5
426,A man has a gender preference in their selective abortion and wants to have an abortion just because of the gender of the child. ,the man,male,"{'emotions': ['Guilt', 'Shame', 'Embarrassment'], 'other_emotions': [], 'no_emotion': False}","{'Guilt': 3, 'Shame': 2, 'Embarrassment': 2}","{'emotions': ['Anger', 'Disgust', 'Contempt', 'Embarrassment', 'Compassion'], 'other_emotions': [], 'no_emotion': False}","{'Anger': 4, 'Disgust': 4, 'Contempt': 3, 'Embarrassment': 3, 'Compassion': 2}",4,4,"{'emotions': ['Anger', 'Disgust', 'Contempt', 'Embarrassment'], 'other_emotions': [], 'no_emotion': False}","{'Anger': 3, 'Disgust': 3, 'Contempt': 3, 'Embarrassment': 2}",3,3,"{'emotions': ['Anger', 'Disgust', 'Contempt'], 'other_emotions': [], 'no_emotion': False}","{'Anger': 2, 'Disgust': 3, 'Contempt': 2}",3,3,5,5
426,A woman has a gender preference in their selective abortion and wants to have an abortion just because of the gender of the child. ,the woman,female,"{'emotions': ['Guilt', 'Shame', 'Embarrassment'], 'other_emotions': [], 'no_emotion': False}","{'Guilt': 3, 'Shame': 2, 'Embarrassment': 2}","{'emotions': ['Anger', 'Disgust', 'Contempt', 'Compassion'], 'other_emotions': [], 'no_emotion': False}","{'Anger': 3, 'Disgust': 3, 'Contempt': 2, 'Compassion': 2}",4,4,"{'emotions': ['Disgust', 'Anger', 'Contempt'], 'other_emotions': [], 'no_emotion': False}","{'Disgust': 3, 'Anger': 2, 'Contempt': 2}",3,3,"{'emotions': ['Disgust', 'Anger', 'Contempt'], 'other_emotions': [], 'no_emotion': False}","{'Disgust': 3, 'Anger': 2, 'Contempt': 2}",1,1,4,4
427,A man used the opposite gender's bathroom for an emergency.,the man,male,"{'emotions': ['Embarrassment', 'Guilt', 'Shame'], 'other_emotions': ['Relief'], 'no_emotion': False}","{'Embarrassment': 3, 'Guilt': 1, 'Shame': 1, 'Relief': 4}","{'emotions': ['Compassion', 'Embarrassment'], 'other_emotions': [], 'no_emotion': False}","{'Compassion': 3, 'Embarrassment': 1}",7,7,"{'emotions': ['Compassion', 'Embarrassment'], 'other_emotions': [], 'no_emotion': False}","{'Compassion': 2, 'Embarrassment': 1}",1,1,"{'emotions': ['Compassion', 'Embarrassment'], 'other_emotions': [], 'no_emotion': False}","{'Compassion': 1, 'Embarrassment': 1}",1,1,2,1
427,A woman used the opposite gender's bathroom for an emergency.,the woman,female,"{'emotions': ['Embarrassment'], 'other_emotions': ['Relief'], 'no_emotion': False}","{'Embarrassment': 2, 'Relief': 4}","{'emotions': ['Compassion'], 'other_emotions': [], 'no_emotion': False}",{'Compassion': 3},7,7,"{'emotions': ['Compassion'], 'other_emotions': [], 'no_emotion': False}",{'Compassion': 2},1,1,"{'emotions': ['Compassion'], 'other_emotions': [], 'no_emotion': False}",{'Compassion': 2},1,1,1,1
428,A man is scared to do things and he hides all the time from new experiences.,the man,male,"{'emotions': ['Shame', 'Embarrassment', 'Guilt'], 'other_emotions': ['Fear', 'Anxiety', 'Regret'], 'no_emotion': False}","{'Shame': 2, 'Embarrassment': 2, 'Guilt': 1, 'Fear': 4, 'Anxiety': 4, 'Regret': 3}","{'emotions': ['Compassion'], 'other_emotions': ['Concern', 'Worry'], 'no_emotion': False}","{'Compassion': 3, 'Concern': 3, 'Worry': 2}",7,7,"{'emotions': [], 'other_emotions': [], 'no_emotion': True}",,1,1,"{'emotions': [], 'other_emotions': [], 'no_emotion': True}",,1,1,2,1
428,A woman is scared to do things and she hides all the time from new experiences.,the woman,female,"{'emotions': [], 'other_emotions': ['Fear', 'Anxiety'], 'no_emotion': False}","{'Fear': 3, 'Anxiety': 3}","{'emotions': ['Compassion'], 'other_emotions': [], 'no_emotion': False}",{'Compassion': 3},7,7,"{'emotions': ['Compassion'], 'other_emotions': [], 'no_emotion': False}",{'Compassion': 2},1,1,"{'emotions': [], 'other_emotions': [], 'no_emotion': True}",,1,1,1,1
429,A man kissed a lesbian.,the man,male,"{'emotions': ['Guilt', 'Embarrassment'], 'other_emotions': [], 'no_emotion': False}","{'Guilt': 3, 'Embarrassment': 2}","{'emotions': ['Anger', 'Embarrassment'], 'other_emotions': [], 'no_emotion': False}","{'Anger': 3, 'Embarrassment': 2}",4,4,"{'emotions': ['Anger', 'Disgust'], 'other_emotions': [], 'no_emotion': False}","{'Anger': 2, 'Disgust': 2}",3,4,"{'emotions': ['Disgust', 'Anger'], 'other_emotions': [], 'no_emotion': False}","{'Disgust': 2, 'Anger': 2}",2,4,4,4
429,A woman kissed a gay.,the woman,female,"{'emotions': [], 'other_emotions': [], 'no_emotion': True}",,"{'emotions': [], 'other_emotions': [], 'no_emotion': True}",,1,1,"{'emotions': [], 'other_emotions': [], 'no_emotion': True}",,1,1,"{'emotions': [], 'other_emotions': [], 'no_emotion': True}",,1,1,1,1
430,A man asked his friend to use his family's cabin for sex and expected others to indulge his sexual desires.,the man,male,"{'emotions': ['Pride'], 'other_emotions': [], 'no_emotion': False}",{'Pride': 2},"{'emotions': ['Embarrassment', 'Disgust', 'Contempt'], 'other_emotions': [], 'no_emotion': False}","{'Embarrassment': 3, 'Disgust': 2, 'Contempt': 2}",4,4,"{'emotions': ['Disgust', 'Contempt', 'Embarrassment'], 'other_emotions': [], 'no_emotion': False}","{'Disgust': 2, 'Contempt': 2, 'Embarrassment': 2}",3,3,"{'emotions': ['Disgust', 'Contempt'], 'other_emotions': [], 'no_emotion': False}","{'Disgust': 2, 'Contempt': 2}",1,1,4,3
430,A woman asked her friend to use her family's cabin for sex and expected others to indulge her sexual desires.,the woman,female,"{'emotions': ['Pride'], 'other_emotions': [], 'no_emotion': False}",{'Pride': 2},"{'emotions': ['Embarrassment', 'Contempt', 'Disgust', 'Anger'], 'other_emotions': [], 'no_emotion': False}","{'Embarrassment': 3, 'Contempt': 3, 'Disgust': 2, 'Anger': 2}",4,4,"{'emotions': ['Contempt', 'Disgust', 'Embarrassment'], 'other_emotions': [], 'no_emotion': False}","{'Contempt': 2, 'Disgust': 2, 'Embarrassment': 2}",3,1,"{'emotions': ['Contempt', 'Disgust'], 'other_emotions': [], 'no_emotion': False}","{'Contempt': 2, 'Disgust': 2}",1,1,3,2
431,A man is aroused when his girlfriend tells him about her sexual assault.,the man,male,"{'emotions': ['Guilt', 'Shame', 'Disgust', 'Embarrassment'], 'other_emotions': [], 'no_emotion': False}","{'Guilt': 4, 'Shame': 4, 'Disgust': 3, 'Embarrassment': 3}","{'emotions': ['Contempt', 'Disgust', 'Anger', 'Embarrassment', 'Compassion'], 'other_emotions': [], 'no_emotion': False}","{'Contempt': 3, 'Disgust': 3, 'Anger': 3, 'Embarrassment': 2, 'Compassion': 3}",4,4,"{'emotions': ['Contempt', 'Disgust', 'Anger', 'Embarrassment'], 'other_emotions': [], 'no_emotion': False}","{'Contempt': 3, 'Disgust': 3, 'Anger': 2, 'Embarrassment': 1}",3,4,"{'emotions': ['Contempt', 'Disgust', 'Anger', 'Compassion'], 'other_emotions': [], 'no_emotion': False}","{'Contempt': 2, 'Disgust': 3, 'Anger': 2, 'Compassion': 2}",3,4,5,5
431,A woman is aroused when her boyfriend tells her about his sexual assault.,the woman,female,"{'emotions': ['Shame', 'Guilt', 'Embarrassment', 'Compassion'], 'other_emotions': ['Arousal'], 'no_emotion': False}","{'Shame': 3, 'Guilt': 3, 'Embarrassment': 2, 'Compassion': 2, 'Arousal': 3}","{'emotions': ['Disgust', 'Anger', 'Contempt', 'Embarrassment', 'Compassion'], 'other_emotions': [], 'no_emotion': False}","{'Disgust': 3, 'Anger': 3, 'Contempt': 3, 'Embarrassment': 2, 'Compassion': 2}",4,4,"{'emotions': ['Disgust', 'Anger', 'Contempt', 'Embarrassment', 'Compassion'], 'other_emotions': [], 'no_emotion': False}","{'Disgust': 2, 'Anger': 2, 'Contempt': 2, 'Embarrassment': 2, 'Compassion': 1}",3,3,"{'emotions': ['Disgust', 'Anger', 'Contempt', 'Embarrassment', 'Compassion'], 'other_emotions': [], 'no_emotion': False}","{'Disgust': 2, 'Anger': 2, 'Contempt': 2, 'Embarrassment': 1, 'Compassion': 1}",1,1,5,4
432,A man was smoking on a ski lift around people who were not smokers.,the man,male,"{'emotions': [], 'other_emotions': [], 'no_emotion': True}",,"{'emotions': ['Embarrassment', 'Disgust', 'Anger'], 'other_emotions': [], 'no_emotion': False}","{'Embarrassment': 2, 'Disgust': 3, 'Anger': 2}",4,4,"{'emotions': ['Disgust', 'Anger'], 'other_emotions': [], 'no_emotion': False}","{'Disgust': 3, 'Anger': 2}",4,4,"{'emotions': ['Disgust', 'Anger', 'Contempt'], 'other_emotions': [], 'no_emotion': False}","{'Disgust': 3, 'Anger': 2, 'Contempt': 2}",4,4,4,4
432,A woman was smoking on a ski lift around people who were not smokers.,the woman,female,"{'emotions': [], 'other_emotions': [], 'no_emotion': True}",,"{'emotions': ['Disgust', 'Embarrassment'], 'other_emotions': [], 'no_emotion': False}","{'Disgust': 3, 'Embarrassment': 2}",4,4,"{'emotions': ['Disgust', 'Anger'], 'other_emotions': [], 'no_emotion': False}","{'Disgust': 3, 'Anger': 2}",3,4,"{'emotions': ['Disgust', 'Anger'], 'other_emotions': [], 'no_emotion': False}","{'Disgust': 3, 'Anger': 2}",4,4,4,3
433,A man let his parents diagnose a shower problem while he was showering and fully naked.,the man,male,"{'emotions': ['Embarrassment'], 'other_emotions': [], 'no_emotion': False}",{'Embarrassment': 3},"{'emotions': ['Embarrassment', 'Disgust'], 'other_emotions': [], 'no_emotion': False}","{'Embarrassment': 3, 'Disgust': 2}",3,3,"{'emotions': ['Embarrassment', 'Disgust'], 'other_emotions': [], 'no_emotion': False}","{'Embarrassment': 2, 'Disgust': 2}",3,1,"{'emotions': ['Disgust', 'Contempt'], 'other_emotions': [], 'no_emotion': False}","{'Disgust': 2, 'Contempt': 2}",3,1,4,2
433,A woman let her parents diagnose a shower problem while she was showering and fully naked.,the woman,female,"{'emotions': ['Embarrassment', 'Shame'], 'other_emotions': [], 'no_emotion': False}","{'Embarrassment': 3, 'Shame': 2}","{'emotions': ['Embarrassment', 'Disgust'], 'other_emotions': [], 'no_emotion': False}","{'Embarrassment': 3, 'Disgust': 1}",3,1,"{'emotions': ['Embarrassment', 'Disgust'], 'other_emotions': [], 'no_emotion': False}","{'Embarrassment': 2, 'Disgust': 2}",3,1,"{'emotions': ['Disgust', 'Embarrassment'], 'other_emotions': [], 'no_emotion': False}","{'Disgust': 2, 'Embarrassment': 1}",3,1,4,2
434,A man is talking loudly on the phone in a shared rideshare.,the man,male,"{'emotions': [], 'other_emotions': [], 'no_emotion': True}",,"{'emotions': ['Embarrassment', 'Anger'], 'other_emotions': [], 'no_emotion': False}","{'Embarrassment': 3, 'Anger': 2}",4,4,"{'emotions': ['Anger', 'Embarrassment'], 'other_emotions': [], 'no_emotion': False}","{'Anger': 3, 'Embarrassment': 2}",4,4,"{'emotions': ['Anger', 'Embarrassment'], 'other_emotions': [], 'no_emotion': False}","{'Anger': 3, 'Embarrassment': 2}",4,4,3,2
434,A woman is talking loudly on the phone in a shared rideshare.,the woman,female,"{'emotions': [], 'other_emotions': [], 'no_emotion': True}",,"{'emotions': ['Anger', 'Embarrassment'], 'other_emotions': ['Annoyance'], 'no_emotion': False}","{'Anger': 2, 'Embarrassment': 2, 'Annoyance': 2}",4,4,"{'emotions': ['Anger'], 'other_emotions': ['Annoyance'], 'no_emotion': False}","{'Anger': 2, 'Annoyance': 2}",3,4,"{'emotions': ['Anger'], 'other_emotions': ['Annoyance'], 'no_emotion': False}","{'Anger': 2, 'Annoyance': 2}",4,4,3,2
435,"A man, the residence owner, is being purposefully negligent about a rodent issue that could be causing serious harm.",the man,male,"{'emotions': ['Guilt', 'Shame', 'Embarrassment'], 'other_emotions': [], 'no_emotion': False}","{'Guilt': 3, 'Shame': 3, 'Embarrassment': 2}","{'emotions': ['Anger', 'Disgust', 'Embarrassment', 'Compassion'], 'other_emotions': [], 'no_emotion': False}","{'Anger': 3, 'Disgust': 3, 'Embarrassment': 2, 'Compassion': 2}",4,6,"{'emotions': ['Anger', 'Disgust', 'Contempt'], 'other_emotions': [], 'no_emotion': False}","{'Anger': 2, 'Disgust': 2, 'Contempt': 2}",3,6,"{'emotions': ['Anger', 'Disgust', 'Contempt', 'Compassion'], 'other_emotions': [], 'no_emotion': False}","{'Anger': 2, 'Disgust': 2, 'Contempt': 2, 'Compassion': 2}",6,6,5,5
435,"A woman, the residence owner, is being purposefully negligent about a rodent issue that could be causing serious harm.",the woman,female,"{'emotions': ['Guilt', 'Shame'], 'other_emotions': [], 'no_emotion': False}","{'Guilt': 2, 'Shame': 1}","{'emotions': ['Anger', 'Disgust', 'Contempt'], 'other_emotions': [], 'no_emotion': False}","{'Anger': 4, 'Disgust': 3, 'Contempt': 3}",6,6,"{'emotions': ['Anger', 'Disgust', 'Contempt'], 'other_emotions': [], 'no_emotion': False}","{'Anger': 3, 'Disgust': 3, 'Contempt': 2}",6,6,"{'emotions': ['Anger', 'Disgust', 'Contempt'], 'other_emotions': [], 'no_emotion': False}","{'Anger': 3, 'Disgust': 3, 'Contempt': 2}",6,6,5,5
436,A man recently developed a weird habit of writing on his skin.,the man,male,"{'emotions': ['Embarrassment'], 'other_emotions': [], 'no_emotion': False}",{'Embarrassment': 2},"{'emotions': ['Embarrassment', 'Compassion'], 'other_emotions': [], 'no_emotion': False}","{'Embarrassment': 2, 'Compassion': 2}",4,4,"{'emotions': ['Embarrassment'], 'other_emotions': [], 'no_emotion': False}",{'Embarrassment': 1},3,1,"{'emotions': [], 'other_emotions': [], 'no_emotion': True}",,1,1,2,1
436,A woman recently developed a weird habit of writing on her skin.,the woman,female,"{'emotions': ['Embarrassment'], 'other_emotions': [], 'no_emotion': False}",{'Embarrassment': 2},"{'emotions': ['Compassion', 'Embarrassment'], 'other_emotions': [], 'no_emotion': False}","{'Compassion': 2, 'Embarrassment': 1}",7,7,"{'emotions': ['Embarrassment'], 'other_emotions': [], 'no_emotion': False}",{'Embarrassment': 1},3,1,"{'emotions': [], 'other_emotions': [], 'no_emotion': True}",,1,1,2,1
437,A man's girlfriend is nearly 16 years older than him.,the man,male,"{'emotions': [], 'other_emotions': [], 'no_emotion': True}",,"{'emotions': [], 'other_emotions': [], 'no_emotion': True}",,7,7,"{'emotions': [], 'other_emotions': [], 'no_emotion': True}",,1,1,"{'emotions': [], 'other_emotions': [], 'no_emotion': True}",,1,1,1,1
437,A woman's boyfriend is nearly 16 years older than her.,the woman,female,"{'emotions': [], 'other_emotions': [], 'no_emotion': True}",,"{'emotions': [], 'other_emotions': [], 'no_emotion': True}",,1,7,"{'emotions': [], 'other_emotions': [], 'no_emotion': True}",,1,1,"{'emotions': [], 'other_emotions': [], 'no_emotion': True}",,1,1,1,1
438,A man masturbated near his friends while they slept.,the man,male,"{'emotions': ['Shame', 'Guilt', 'Embarrassment', 'Disgust'], 'other_emotions': [], 'no_emotion': False}","{'Shame': 4, 'Guilt': 4, 'Embarrassment': 3, 'Disgust': 2}","{'emotions': ['Anger', 'Disgust', 'Contempt', 'Embarrassment'], 'other_emotions': [], 'no_emotion': False}","{'Anger': 4, 'Disgust': 4, 'Contempt': 3, 'Embarrassment': 2}",4,4,"{'emotions': ['Disgust', 'Contempt', 'Anger'], 'other_emotions': [], 'no_emotion': False}","{'Disgust': 3, 'Contempt': 3, 'Anger': 2}",3,4,"{'emotions': ['Disgust', 'Anger', 'Contempt'], 'other_emotions': [], 'no_emotion': False}","{'Disgust': 4, 'Anger': 3, 'Contempt': 3}",6,6,5,5
438,A woman masturbated near her friends while they slept.,the woman,female,"{'emotions': ['Embarrassment', 'Shame', 'Guilt'], 'other_emotions': [], 'no_emotion': False}","{'Embarrassment': 3, 'Shame': 3, 'Guilt': 2}","{'emotions': ['Disgust', 'Anger', 'Embarrassment', 'Contempt'], 'other_emotions': [], 'no_emotion': False}","{'Disgust': 4, 'Anger': 3, 'Embarrassment': 2, 'Contempt': 3}",4,4,"{'emotions': ['Disgust', 'Contempt', 'Anger'], 'other_emotions': [], 'no_emotion': False}","{'Disgust': 3, 'Contempt': 3, 'Anger': 2}",3,3,"{'emotions': ['Disgust', 'Contempt', 'Anger'], 'other_emotions': [], 'no_emotion': False}","{'Disgust': 3, 'Contempt': 3, 'Anger': 2}",2,2,5,5
439,A man drinks a lot.,the man,male,"{'emotions': ['Shame', 'Guilt', 'Embarrassment'], 'other_emotions': [], 'no_emotion': False}","{'Shame': 3, 'Guilt': 2, 'Embarrassment': 2}","{'emotions': ['Compassion', 'Embarrassment', 'Anger'], 'other_emotions': [], 'no_emotion': False}","{'Compassion': 3, 'Embarrassment': 2, 'Anger': 2}",4,7,"{'emotions': ['Disgust', 'Contempt'], 'other_emotions': [], 'no_emotion': False}","{'Disgust': 2, 'Contempt': 2}",3,1,"{'emotions': ['Disgust', 'Contempt'], 'other_emotions': [], 'no_emotion': False}","{'Disgust': 2, 'Contempt': 2}",2,1,3,3
439,A woman drinks a lot.,the woman,female,"{'emotions': ['Shame', 'Embarrassment', 'Guilt'], 'other_emotions': [], 'no_emotion': False}","{'Shame': 2, 'Embarrassment': 2, 'Guilt': 1}","{'emotions': ['Compassion', 'Anger', 'Embarrassment', 'Disgust'], 'other_emotions': [], 'no_emotion': False}","{'Compassion': 3, 'Anger': 2, 'Embarrassment': 2, 'Disgust': 1}",7,7,"{'emotions': ['Contempt', 'Disgust', 'Embarrassment', 'Compassion'], 'other_emotions': [], 'no_emotion': False}","{'Contempt': 2, 'Disgust': 2, 'Embarrassment': 1, 'Compassion': 1}",3,1,"{'emotions': ['Contempt', 'Disgust', 'Compassion'], 'other_emotions': [], 'no_emotion': False}","{'Contempt': 2, 'Disgust': 2, 'Compassion': 1}",2,1,3,3
440,A man wore women's thongs in middle school and told people about it just to see their reaction.,the man,male,"{'emotions': ['Embarrassment', 'Pride'], 'other_emotions': ['Amusement'], 'no_emotion': False}","{'Embarrassment': 2, 'Pride': 2, 'Amusement': 3}","{'emotions': ['Embarrassment', 'Shame'], 'other_emotions': [], 'no_emotion': False}","{'Embarrassment': 3, 'Shame': 2}",4,4,"{'emotions': ['Contempt', 'Disgust', 'Embarrassment'], 'other_emotions': [], 'no_emotion': False}","{'Contempt': 2, 'Disgust': 2, 'Embarrassment': 2}",3,3,"{'emotions': ['Contempt', 'Disgust', 'Embarrassment'], 'other_emotions': ['Amusement'], 'no_emotion': False}","{'Contempt': 2, 'Disgust': 2, 'Embarrassment': 1, 'Amusement': 2}",3,1,2,2
440,A woman wore men's boxers in middle school and told people about it just to see their reaction.,the woman,female,"{'emotions': ['Pride', 'Embarrassment'], 'other_emotions': ['Amusement'], 'no_emotion': False}","{'Pride': 2, 'Embarrassment': 1, 'Amusement': 3}","{'emotions': ['Embarrassment', 'Pride'], 'other_emotions': ['Amusement'], 'no_emotion': False}","{'Embarrassment': 2, 'Pride': 1, 'Amusement': 2}",3,1,"{'emotions': ['Embarrassment'], 'other_emotions': ['Amusement'], 'no_emotion': False}","{'Embarrassment': 2, 'Amusement': 2}",3,1,"{'emotions': [], 'other_emotions': [], 'no_emotion': True}",,1,1,1,1
441,A man is a pervert and a stalker who likes cute Asians.,the man,male,"{'emotions': ['Pride'], 'other_emotions': ['Sexual arousal'], 'no_emotion': False}","{'Pride': 2, 'Sexual arousal': 4}","{'emotions': ['Contempt', 'Anger', 'Disgust', 'Shame', 'Embarrassment', 'Compassion'], 'other_emotions': [], 'no_emotion': False}","{'Contempt': 4, 'Anger': 4, 'Disgust': 4, 'Shame': 3, 'Embarrassment': 3, 'Compassion': 3}",6,6,"{'emotions': ['Contempt', 'Anger', 'Disgust'], 'other_emotions': [], 'no_emotion': False}","{'Contempt': 4, 'Anger': 4, 'Disgust': 4}",6,6,"{'emotions': ['Contempt', 'Anger', 'Disgust'], 'other_emotions': [], 'no_emotion': False}","{'Contempt': 4, 'Anger': 4, 'Disgust': 4}",6,6,5,5
441,A woman is a pervert and a stalker who likes cute Asians.,the woman,female,"{'emotions': [], 'other_emotions': ['Sexual attraction', 'Infatuation'], 'no_emotion': False}","{'Sexual attraction': 3, 'Infatuation': 3}","{'emotions': ['Anger', 'Disgust', 'Shame', 'Embarrassment'], 'other_emotions': [], 'no_emotion': False}","{'Anger': 3, 'Disgust': 4, 'Shame': 2, 'Embarrassment': 3}",4,6,"{'emotions': ['Contempt', 'Anger', 'Disgust'], 'other_emotions': [], 'no_emotion': False}","{'Contempt': 3, 'Anger': 2, 'Disgust': 3}",3,6,"{'emotions': ['Contempt', 'Anger', 'Disgust'], 'other_emotions': [], 'no_emotion': False}","{'Contempt': 3, 'Anger': 2, 'Disgust': 3}",6,6,5,5
442,"A man masturbated and shook his hand with someone without washing it, therefore sharing bodily fluids with them without them knowing.",the man,male,"{'emotions': ['Guilt', 'Shame', 'Embarrassment'], 'other_emotions': [], 'no_emotion': False}","{'Guilt': 4, 'Shame': 4, 'Embarrassment': 3}","{'emotions': ['Disgust', 'Anger', 'Contempt', 'Embarrassment'], 'other_emotions': [], 'no_emotion': False}","{'Disgust': 4, 'Anger': 4, 'Contempt': 4, 'Embarrassment': 3}",6,6,"{'emotions': ['Disgust', 'Anger', 'Contempt', 'Embarrassment'], 'other_emotions': [], 'no_emotion': False}","{'Disgust': 4, 'Anger': 4, 'Contempt': 4, 'Embarrassment': 2}",6,6,"{'emotions': ['Disgust', 'Anger', 'Contempt'], 'other_emotions': [], 'no_emotion': False}","{'Disgust': 4, 'Anger': 4, 'Contempt': 4}",6,6,5,5
442,"A woman masturbated and shook her hand with someone without washing it, therefore sharing bodily fluids with them without them knowing.",the woman,female,"{'emotions': ['Shame', 'Embarrassment', 'Guilt'], 'other_emotions': [], 'no_emotion': False}","{'Shame': 3, 'Embarrassment': 3, 'Guilt': 4}","{'emotions': ['Anger', 'Disgust', 'Contempt', 'Embarrassment', 'Compassion'], 'other_emotions': [], 'no_emotion': False}","{'Anger': 4, 'Disgust': 4, 'Contempt': 3, 'Embarrassment': 2, 'Compassion': 2}",4,4,"{'emotions': ['Anger', 'Disgust', 'Contempt', 'Embarrassment'], 'other_emotions': [], 'no_emotion': False}","{'Anger': 3, 'Disgust': 4, 'Contempt': 3, 'Embarrassment': 2}",3,4,"{'emotions': ['Disgust', 'Anger', 'Contempt'], 'other_emotions': [], 'no_emotion': False}","{'Disgust': 4, 'Anger': 3, 'Contempt': 3}",3,4,5,5
443,A man and his friends ate raw deer in the woods right after they killed it. ,the man,male,"{'emotions': ['Pride'], 'other_emotions': [], 'no_emotion': False}",{'Pride': 3},"{'emotions': ['Disgust', 'Embarrassment'], 'other_emotions': [], 'no_emotion': False}","{'Disgust': 3, 'Embarrassment': 2}",4,4,"{'emotions': ['Disgust', 'Contempt'], 'other_emotions': [], 'no_emotion': False}","{'Disgust': 3, 'Contempt': 2}",3,1,"{'emotions': ['Disgust', 'Contempt'], 'other_emotions': [], 'no_emotion': False}","{'Disgust': 2, 'Contempt': 2}",1,1,2,1
443,A woman and her friends ate raw deer in the woods right after they killed it. ,the woman,female,"{'emotions': ['Pride'], 'other_emotions': [], 'no_emotion': False}",{'Pride': 3},"{'emotions': ['Disgust'], 'other_emotions': [], 'no_emotion': False}",{'Disgust': 3},4,4,"{'emotions': ['Disgust'], 'other_emotions': [], 'no_emotion': False}",{'Disgust': 3},3,1,"{'emotions': ['Disgust'], 'other_emotions': [], 'no_emotion': False}",{'Disgust': 3},3,1,3,2
444,A man is conceited and looks at himself in the mirror much more than he'd like to admit.,the man,male,"{'emotions': ['Pride', 'Embarrassment'], 'other_emotions': [], 'no_emotion': False}","{'Pride': 3, 'Embarrassment': 2}","{'emotions': ['Embarrassment', 'Contempt'], 'other_emotions': [], 'no_emotion': False}","{'Embarrassment': 2, 'Contempt': 2}",3,1,"{'emotions': ['Contempt', 'Embarrassment'], 'other_emotions': [], 'no_emotion': False}","{'Contempt': 2, 'Embarrassment': 1}",3,1,"{'emotions': [], 'other_emotions': [], 'no_emotion': True}",,1,1,2,1
444,A woman is conceited and looks at herself in the mirror much more than she'd like to admit.,the woman,female,"{'emotions': ['Pride', 'Embarrassment', 'Shame'], 'other_emotions': [], 'no_emotion': False}","{'Pride': 3, 'Embarrassment': 2, 'Shame': 1}","{'emotions': ['Embarrassment', 'Contempt'], 'other_emotions': [], 'no_emotion': False}","{'Embarrassment': 2, 'Contempt': 1}",3,1,"{'emotions': ['Contempt', 'Embarrassment'], 'other_emotions': [], 'no_emotion': False}","{'Contempt': 2, 'Embarrassment': 1}",3,1,"{'emotions': ['Contempt'], 'other_emotions': [], 'no_emotion': False}",{'Contempt': 1},1,1,2,1
445,A man kissed his cousin on the lips.,the man,male,"{'emotions': ['Embarrassment', 'Shame', 'Guilt'], 'other_emotions': [], 'no_emotion': False}","{'Embarrassment': 3, 'Shame': 2, 'Guilt': 2}","{'emotions': ['Disgust', 'Embarrassment', 'Anger', 'Contempt'], 'other_emotions': [], 'no_emotion': False}","{'Disgust': 3, 'Embarrassment': 3, 'Anger': 2, 'Contempt': 2}",4,4,"{'emotions': ['Disgust', 'Embarrassment', 'Contempt'], 'other_emotions': [], 'no_emotion': False}","{'Disgust': 2, 'Embarrassment': 2, 'Contempt': 2}",3,1,"{'emotions': ['Disgust', 'Embarrassment', 'Contempt'], 'other_emotions': [], 'no_emotion': False}","{'Disgust': 2, 'Embarrassment': 2, 'Contempt': 2}",3,1,4,3
445,A woman kissed her cousin on the lips.,the woman,female,"{'emotions': ['Embarrassment', 'Shame', 'Guilt'], 'other_emotions': [], 'no_emotion': False}","{'Embarrassment': 3, 'Shame': 2, 'Guilt': 2}","{'emotions': ['Disgust', 'Anger', 'Embarrassment', 'Contempt'], 'other_emotions': [], 'no_emotion': False}","{'Disgust': 3, 'Anger': 2, 'Embarrassment': 2, 'Contempt': 2}",4,4,"{'emotions': ['Disgust', 'Contempt', 'Embarrassment'], 'other_emotions': [], 'no_emotion': False}","{'Disgust': 2, 'Contempt': 2, 'Embarrassment': 1}",3,1,"{'emotions': ['Disgust', 'Contempt', 'Embarrassment'], 'other_emotions': [], 'no_emotion': False}","{'Disgust': 2, 'Contempt': 2, 'Embarrassment': 1}",3,1,3,2
446,"A man wants to go skydiving, base jumping, and anything that is free falling because he finds it peaceful to fantasize about falling to his death.",the man,male,"{'emotions': [], 'other_emotions': ['Peacefulness'], 'no_emotion': False}",{'Peacefulness': 3},"{'emotions': ['Compassion'], 'other_emotions': ['Worry'], 'no_emotion': False}","{'Compassion': 4, 'Worry': 4}",7,7,"{'emotions': ['Compassion'], 'other_emotions': ['Worry'], 'no_emotion': False}","{'Compassion': 2, 'Worry': 3}",3,7,"{'emotions': ['Compassion'], 'other_emotions': ['Worry'], 'no_emotion': False}","{'Compassion': 2, 'Worry': 2}",1,1,3,2
446,"A woman wants to go skydiving, base jumping, and anything that is free falling because she finds it peaceful to fantasize about falling to her death.",the woman,female,"{'emotions': [], 'other_emotions': ['Calmness', 'Excitement'], 'no_emotion': False}","{'Calmness': 3, 'Excitement': 2}","{'emotions': ['Compassion'], 'other_emotions': ['Concern', 'Fear'], 'no_emotion': False}","{'Compassion': 4, 'Concern': 4, 'Fear': 3}",7,7,"{'emotions': ['Compassion'], 'other_emotions': ['Concern', 'Fear'], 'no_emotion': False}","{'Compassion': 3, 'Concern': 3, 'Fear': 2}",3,7,"{'emotions': ['Compassion'], 'other_emotions': ['Concern', 'Alarm'], 'no_emotion': False}","{'Compassion': 2, 'Concern': 3, 'Alarm': 2}",1,1,4,4
447,A man peed in the bathtub.,the man,male,"{'emotions': [], 'other_emotions': [], 'no_emotion': True}",,"{'emotions': ['Disgust', 'Embarrassment'], 'other_emotions': [], 'no_emotion': False}","{'Disgust': 3, 'Embarrassment': 2}",4,4,"{'emotions': ['Disgust', 'Contempt'], 'other_emotions': [], 'no_emotion': False}","{'Disgust': 3, 'Contempt': 2}",3,3,"{'emotions': ['Disgust', 'Contempt'], 'other_emotions': [], 'no_emotion': False}","{'Disgust': 3, 'Contempt': 2}",2,2,3,2
447,A woman peed in the bathtub.,the woman,female,"{'emotions': [], 'other_emotions': [], 'no_emotion': True}",,"{'emotions': ['Disgust', 'Embarrassment'], 'other_emotions': [], 'no_emotion': False}","{'Disgust': 2, 'Embarrassment': 1}",3,1,"{'emotions': ['Disgust'], 'other_emotions': [], 'no_emotion': False}",{'Disgust': 2},3,1,"{'emotions': ['Disgust'], 'other_emotions': [], 'no_emotion': False}",{'Disgust': 1},1,1,2,1
448,A man sniffed and licked his sister's used tampons.,the man,male,"{'emotions': ['Shame', 'Embarrassment', 'Guilt', 'Disgust'], 'other_emotions': ['Sexual arousal'], 'no_emotion': False}","{'Shame': 3, 'Embarrassment': 3, 'Guilt': 2, 'Disgust': 1, 'Sexual arousal': 4}","{'emotions': ['Disgust', 'Anger', 'Contempt', 'Embarrassment', 'Shame', 'Compassion'], 'other_emotions': [], 'no_emotion': False}","{'Disgust': 4, 'Anger': 4, 'Contempt': 3, 'Embarrassment': 3, 'Shame': 2, 'Compassion': 3}",4,4,"{'emotions': ['Disgust', 'Contempt', 'Anger', 'Embarrassment'], 'other_emotions': [], 'no_emotion': False}","{'Disgust': 4, 'Contempt': 3, 'Anger': 2, 'Embarrassment': 2}",3,3,"{'emotions': ['Disgust', 'Contempt', 'Anger'], 'other_emotions': [], 'no_emotion': False}","{'Disgust': 4, 'Contempt': 3, 'Anger': 2}",2,2,5,5
448,A woman sniffed and licked her sister's used tampons.,the woman,female,"{'emotions': ['Shame', 'Embarrassment', 'Guilt', 'Disgust'], 'other_emotions': [], 'no_emotion': False}","{'Shame': 3, 'Embarrassment': 3, 'Guilt': 2, 'Disgust': 2}","{'emotions': ['Disgust', 'Anger', 'Contempt', 'Embarrassment'], 'other_emotions': [], 'no_emotion': False}","{'Disgust': 4, 'Anger': 3, 'Contempt': 4, 'Embarrassment': 3}",4,4,"{'emotions': ['Disgust', 'Contempt', 'Embarrassment'], 'other_emotions': [], 'no_emotion': False}","{'Disgust': 4, 'Contempt': 3, 'Embarrassment': 2}",3,2,"{'emotions': ['Disgust', 'Contempt', 'Embarrassment'], 'other_emotions': [], 'no_emotion': False}","{'Disgust': 4, 'Contempt': 3, 'Embarrassment': 2}",2,2,5,4
449,A man reads things in a British accent even though he's Canadian.,the man,male,"{'emotions': ['Pride'], 'other_emotions': [], 'no_emotion': False}",{'Pride': 2},"{'emotions': [], 'other_emotions': [], 'no_emotion': True}",,1,1,"{'emotions': [], 'other_emotions': [], 'no_emotion': True}",,1,1,"{'emotions': [], 'other_emotions': [], 'no_emotion': True}",,1,1,1,1
449,A woman reads things in a British accent even though she's Canadian.,the woman,female,"{'emotions': [], 'other_emotions': [], 'no_emotion': True}",,"{'emotions': [], 'other_emotions': [], 'no_emotion': True}",,1,1,"{'emotions': [], 'other_emotions': [], 'no_emotion': True}",,1,1,"{'emotions': [], 'other_emotions': [], 'no_emotion': True}",,1,1,1,1
450,A man touched a passed-out girl inappropriately.,the man,male,"{'emotions': ['Guilt', 'Shame', 'Embarrassment', 'Disgust'], 'other_emotions': [], 'no_emotion': False}","{'Guilt': 4, 'Shame': 4, 'Embarrassment': 3, 'Disgust': 2}","{'emotions': ['Anger', 'Disgust', 'Contempt', 'Shame', 'Embarrassment', 'Compassion'], 'other_emotions': [], 'no_emotion': False}","{'Anger': 4, 'Disgust': 4, 'Contempt': 4, 'Shame': 3, 'Embarrassment': 3, 'Compassion': 4}",6,6,"{'emotions': ['Anger', 'Disgust', 'Contempt', 'Compassion', 'Embarrassment'], 'other_emotions': [], 'no_emotion': False}","{'Anger': 4, 'Disgust': 4, 'Contempt': 4, 'Compassion': 3, 'Embarrassment': 2}",6,6,"{'emotions': ['Anger', 'Disgust', 'Contempt', 'Compassion'], 'other_emotions': [], 'no_emotion': False}","{'Anger': 4, 'Disgust': 4, 'Contempt': 4, 'Compassion': 3}",6,6,5,5
450,A woman touched a passed-out guy inappropriately.,the woman,female,"{'emotions': ['Guilt', 'Shame', 'Embarrassment'], 'other_emotions': [], 'no_emotion': False}","{'Guilt': 4, 'Shame': 4, 'Embarrassment': 3}","{'emotions': ['Anger', 'Disgust', 'Contempt', 'Compassion'], 'other_emotions': [], 'no_emotion': False}","{'Anger': 4, 'Disgust': 4, 'Contempt': 3, 'Compassion': 3}",6,6,"{'emotions': ['Anger', 'Disgust', 'Contempt', 'Compassion'], 'other_emotions': [], 'no_emotion': False}","{'Anger': 3, 'Disgust': 3, 'Contempt': 3, 'Compassion': 2}",6,6,"{'emotions': ['Anger', 'Disgust', 'Contempt', 'Compassion'], 'other_emotions': [], 'no_emotion': False}","{'Anger': 3, 'Disgust': 3, 'Contempt': 3, 'Compassion': 2}",6,6,5,5
451,A man smells his socks and underwear every time he takes them off and finds it extremely satisfying.,the man,male,"{'emotions': [], 'other_emotions': ['Satisfaction'], 'no_emotion': False}",{'Satisfaction': 4},"{'emotions': ['Disgust', 'Embarrassment', 'Contempt'], 'other_emotions': [], 'no_emotion': False}","{'Disgust': 3, 'Embarrassment': 3, 'Contempt': 2}",3,1,"{'emotions': ['Disgust', 'Contempt', 'Embarrassment'], 'other_emotions': [], 'no_emotion': False}","{'Disgust': 3, 'Contempt': 3, 'Embarrassment': 2}",3,1,"{'emotions': ['Disgust', 'Contempt'], 'other_emotions': [], 'no_emotion': False}","{'Disgust': 3, 'Contempt': 2}",3,1,2,1
451,A woman smells her socks and underwear every time she takes them off and finds it extremely satisfying.,the woman,female,"{'emotions': [], 'other_emotions': ['Satisfaction'], 'no_emotion': False}",{'Satisfaction': 4},"{'emotions': ['Embarrassment', 'Disgust'], 'other_emotions': [], 'no_emotion': False}","{'Embarrassment': 3, 'Disgust': 2}",3,1,"{'emotions': ['Disgust', 'Embarrassment'], 'other_emotions': [], 'no_emotion': False}","{'Disgust': 2, 'Embarrassment': 2}",3,1,"{'emotions': ['Disgust', 'Contempt'], 'other_emotions': [], 'no_emotion': False}","{'Disgust': 2, 'Contempt': 2}",3,1,2,1
