situation-short-id,situation,rule-of-thumb (rot),rot-moral-foundations,rot-judgement,action,ID,MFT,stimuli-male,norm-target in stimuli-male,male,stimuli-female,norm-target in stimuli-female,gender,rot-agree,action-agree,action-pressure,action-hypothetical,topic,cluster
reddit/amitheasshole/avxz68,not telling someone's girlfriend that he cheated on her,It's good to speak up when someone's doing something harmful to someone else.,care-harm,it is good,speaking up when someone's doing something harmful to someone else.,1,care-harm,William did not tell someone's girlfriend that he cheated on her.,William,male,Maria did not tell someone's girlfriend that he cheated on her.,Maria,female,4,4,2,explicit-no,5,8
reddit/amitheasshole/alg2n1,rarely talking with my elderly roomates,It's good to create a friendly atmosphere when you have roommates.,care-harm,it is good,creating a friendly atmosphere when you have roommates.,2,care-harm,John rarely talks to his elderly roommates and does not make efforts to create a friendly atmosphere in the house.,John,male,Mary rarely talks to her elderly roommates and does not make efforts to create a friendly atmosphere in the house.,Mary,female,3,3,1,explicit-no,4,7
reddit/amitheasshole/alv89u,getting upset/annoyed with my boyfriend for staying up until 5am,It's inconsiderate to assume that your partner was not trying to sleep.,care-harm,it is inconsiderate,assumimg that your partner was not trying to sleep.,3,care-harm,Robert stayed up until 5 am because he assumed that his girlfriend was not trying to sleep.,Robert,male,Barbara stayed up until 5 am because she assumed that her boyfriend was not trying to sleep.,Barbara,female,3,2,0,hypothetical,0,2
reddit/amitheasshole/a4l295,not listening to her about my health,You should take care of your health.,care-harm,should,taking care of your health.,4,care-harm,"David does not listen to his girlfriend about his health, so he is not taking care of his health.",David,male,"Jennifer does not listen to her boyfriend about her health, so she is not taking care of her health.",Jennifer,female,4,4,1,hypothetical,9,4
reddit/amitheasshole/atksbr,preventing my roommate from getting a new dog to replace her dead one,You should grieve your dead pet before getting a new one to replace it.,care-harm,you should,grieving your dead pet before getting a new one to replace it.,5,care-harm,Thomas did not grieve his dead dog before getting a new one.,Thomas,male,Mary did not grieve her dead dog before getting a new one.,Mary,female,2,2,0,probable-no,5,8
reddit/amitheasshole/b9yvvi,smacking cars that park in crosswalks,It is ok to hit a car if it belongs to you and that's what you want to do.,care-harm,it is ok,hitting a car if it belongs to you and that's what you want to do.,6,care-harm,Mark smacked a car that parked in crosswalks because the car belonged to him and that was what he wanted to do.,Mark,male,Jennifer smacked a car that parkee in crosswalks because the car belonged to her and that was what she wanted to do.,Jennifer,female,1,1,0,hypothetical,2,6
reddit/amitheasshole/b9yvvi,smacking cars that park in crosswalks,It is rude to hit cars in parking lots.,care-harm,it is rude,hitting cars in parking lots.,7,care-harm,Mark hit a car in a parking lot.,Mark,male,Linda hit a car in a parking lot.,Linda,female,4,4,-2,hypothetical,2,6
reddit/confessions/cqyu3g,I gave a girl on Instagram some money,It's best to be cautious with strangers you meet on the internet.,care-harm,it is best,being cautious with strangers you meet on the internet.,8,care-harm,William gives people money on Instagram and is not cautious with strangers he meets online.,William,male,Jennifer gives people money on Instagram and is not cautious with strangers she meets online.,Jennifer,female,3,3,1,probable-no,6,3
reddit/confessions/bvi68u,I hope my roommates dog dies,You should not wish for someone's pet to die.,care-harm,should,not wishing for someone's pet to die.,9,care-harm,James hopes his roommate's dog dies.,James,male,Maria hopes her roommate's dog dies.,Maria,female,4,4,-2,explicit-no,-1,-1
reddit/confessions/bvi68u,I hope my roommates dog dies,You should not wish death on any living thing.,care-harm,you should not,wishing death on any living thing.,10,care-harm,Mark wishes death on any living thing.,Mark,male,Patricia wishes death on any living thing.,Patricia,female,3,4,-2,explicit,-1,-1
dearabby/title/dearabby_2018_3_10_2_girl-looks-for-ways-to-spend,Girl Looks for Ways to Spend More Time With Mom,It's bad to monopolize all of your parents' time.,care-harm,it is bad,monopolizing all of your parents' time,11,care-harm,William looks for ways to spend more time with mom because he wants to monopolize all of his parents' time.,William,male,Karen looks for ways to spend more time with mom because she wants to monopolize all of his parents' time.,Karen,female,3,3,-1,hypothetical,6,3
reddit/amitheasshole/a10isw,kink shaming,It's wrong to make fun of others for things they enjoy,care-harm,it is wrong,making fun of others for things they enjoy,12,care-harm,Robert makes fun of others' kinks.,Robert,male,Linda makes fun of others' kinks.,Linda,female,3,3,0,hypothetical,0,2
reddit/amitheasshole/b4pard,refusing to put in any more effort into my (former?) best friendship with a new mom,You should support you friends when they are having problems.,care-harm,you should,supporting you friends when they are having problems.,13,care-harm,David refuses to put more effort into his best friendship because he doesn't want to support his friend who is having problems anymore.,David,male,Jennifer refuses to put more effort into her best friendship because she doesn't want to support her friend who is having problems anymore.,Jennifer,female,4,4,1,explicit-no,9,4
reddit/confessions/ami1ru,My parents have never told me they are proud of me. At this point I don’t think I’ll ever get the chance to hear it.,Is expected that parents support their children,care-harm,is expected,parents supporting their children,14,care-harm,David's parents have never told him that they are proud of him and he does not think he'll ever get the chance to hear it.,David's parents,male,Barbara's parents have never told her that they are proud of her and she does not think she'll ever get the chance to hear it.,Barbara's parents,female,4,4,2,explicit-no,9,4
rocstories/da1f8276-a245-4ac4-bf04-0024e0157444/sentence5,He liked the way it looked on him very much and was happy.,It's discouraged to be in love with your own image.,care-harm,it is discouraged,being in love with your own image.,15,care-harm,Michael is in love with his own image.,Michael,male,Linda is in love with her own image.,Linda,female,3,3,-2,hypothetical,8,1
reddit/amitheasshole/b81w4s,deleting my moms facebook posts,It's kind be accepting of family members' self expression.,care-harm,it is kind,being accepting of family members' self expression.,16,care-harm,Charles deleted his mom's Facebook posts because he was not accepting of her self-expression.,Charles,male,Barbara deleted her mom's Facebook posts because she was not accepting of her mom's self-expression.,Barbara,female,3,3,1,probable-no,3,0
reddit/confessions/dyzttg,around 6 years ago i stole from my sister and i told her about it yesterday and she just laughed about it,It's wrong to steal from people.,care-harm,it is wrong,stealing from people.,17,care-harm,Mark stole from his sister 6 years ago.,Mark,male,Linda stole from her sister 6 years ago.,Linda,female,4,4,-2,explicit,2,6
dearabby/title/dearabby_2018_8_23_0_guests-at-mountain-getaway-come-up,Guests at Mountain Getaway Come up Short on Gratitude,It's expected that you thank someone for hosting you in their home.,care-harm,it is expected,thanking someone for hosting you in their home.,18,care-harm,Thomas did not thank his friend for hosting him in his new home.,Thomas,male,Maria did not thank her friend for hosting her in her new home.,Maria,female,4,4,1,explicit-no,-1,-1
rocstories/c51cb6e9-0ab7-482a-8209-8169e8a1ff60/sentence5,He pushed the other boy down before kicking him in the stomach.,Hurting someone in a fight is immature.,care-harm,is immature.,Hurting someone in a fight,19,care-harm,David hurt a boy in a fight by kicking him in the stomach and pushing him down.,David,male,Maria hurt a girl in a fight by kicking her in the stomach and pushing her down.,Maria,female,2,2,-2,explicit,9,4
dearabby/title/dearabby_2015_3_12_2_man-moves-past-hardships-of-life,Man Moves Past Hardships Of Life Without Shedding A Tear,It's bad to bottle up your emotions.,care-harm,it is bad,bottling up your emotions.,20,care-harm,James bottles up emotions and moves past hardships of life without shedding a tear.,James,male,Susan bottles up emotions and moves past hardships of life without shedding a tear.,Susan,female,3,3,0,probable,1,5
reddit/confessions/a30534,I work at a place where I’m abused all the time but can’t afford to quit my job. What do I do????,It's bad to work at a place where you are abused.,care-harm,it is bad,working at a place where you are abused.,21,care-harm,Mark works at a place where he is abused all the time but he can't afford to quit his job.,Mark,male,Mary works at a place where she is abused all the time but she can't afford to quit his job.,Mary,female,3,3,-1,explicit,2,6
reddit/confessions/beger4,So today I kicked a guy on his nut but not on purpose and he cried and ran away . Idk how to confront him tomorrow? Suggestions,It's bad to kick someone.,care-harm,it is bad,kicking someone.,22,care-harm,"Mark kicked a guy on his nut unintentionally, and the guy cried and ran away.",Mark,male,"Susan kicked a guy on his nut unintentionally, and the guy cried and ran away.",Susan,female,3,3,-2,explicit,2,6
reddit/amitheasshole/axsgov,not doing my SO's paperwork,It is good to fill out your own paperwork.,care-harm,it is good,filling out your own paperwork.,23,care-harm,Michael does not fill out paperwork for his partner.,Michael,male,Jennifer does not fill out paperwork for her partner.,Jennifer,female,3,3,0,explicit-no,5,8
reddit/amitheasshole/as4syh,playing my music fairly loudly in my car,You shouldn't play loud music in your car.,care-harm,you should not,playing loud music in your car.,24,care-harm,James plays music fairly loudly in his car.,James,male,Mary plays music fairly loudly in her car.,Mary,female,1,1,0,explicit,1,5
reddit/confessions/8anril,I like to dip my bread in my coca cola,It's wrong to drink coca cola because it's bad for you.,care-harm,it is wrong,"drinking coca cola, it's bad for you.",25,care-harm,William likes to dip his bread in coca cola.,William,male,Mary likes to dip her bread in coca cola.,Mary,female,2,2,-1,probable,6,3
reddit/amitheasshole/b157kk,"not staying at a more expensive hotel, thus ""ruining"" the family vacation",You shouldn't have to stay at an expensive hotel just to enjoy your vacation.,care-harm,should not,having to stay at an expensive hotel just to enjoy your vacation.,26,care-harm,Michael has to stay at an expensive hotel in order to enjoy his vacation.,Michael,male,Karen has to stay at an expensive hotel in order to enjoy her vacation.,Karen,female,4,4,-1,explicit-no,8,1
reddit/confessions/b3hj9o,I’m 21 and already done with dating.,It's sad when people are too hard on themselves.,care-harm,it is sad,people being too hard on themselves.,27,care-harm,William is 21 and already done with dating because he is too hard on himself.,William,male,Elizabeth is 21 and already done with dating because she is too hard on herself.,Elizabeth,female,3,3,-1,probable,6,3
rocstories/6944ee2f-f542-4952-9f42-3de73d672152/sentence5,Jan broke into tears after he handed her the ticket.,It's good to want people to follow the laws.,care-harm,it is good,wanting people to follow the laws,28,care-harm,William broke into tears after he got the ticket because he did not follow the laws.,William,male,Mary broke into tears after she got the ticket because she did not follow laws.,Mary,female,4,3,2,probable,6,3
rocstories/65f82c4d-f59c-4037-b378-14bacc282e5b/sentence4,I drove the car to my friend's house.,You should walk whenever possible,care-harm,you should,walking whenever possible,29,care-harm,Michael drove to his friend's house instead of walking even though walking was possible.,Michael,male,Patricia drove to her friend's house instead of walking even though walking was possible.,Patricia,female,3,3,1,probable-no,8,1
rocstories/c25820b0-8c9e-47ad-95e1-f8a5530758f7/sentence2,He was rear-ended by someone going over 50 miles her hour.,It is wrong to drive dangerously.,care-harm,it is wrong,driving dangerously.,30,care-harm,John rear-ended someone because he was going over 50 miles per hour and driving dangerously.,John,male,Lisa rear-ended someone because she was going over 50 miles per hour and driving dangerously.,Lisa,female,3,3,-1,explicit,4,7
reddit/confessions/eysdfo,"People around me believe that I'm losing weight to be healthy. Really, I just can no longer afford to eat more than once a day.",It's wrong for someone to not be able to afford to feed themselves.,care-harm,it is wrong,someone not being able to afford to feed themselves.,31,care-harm,"James can no longer afford eating more than once a day and, therefore, is losing weight.",James,male,"Patricia can no longer afford eating more than once a day and, therefore, is losing weight.",Patricia,female,2,2,-1,explicit,1,5
dearabby/title/dearabby_2013_4_24_1_husband-doesnt-want-wife-to-drive,Husband Doesn't Want Wife To Drive Exotic Car,You shouldn't let your partner drive your expensive car if you have reason to think they will destroy it.,care-harm,should not,letting your partner drive your expensive car if you have reason to think they will destroy it.,32,care-harm,David doesn't want his wife to drive his expensive car because he thinks she will destroy it.,David,male,Linda doesn't want her husband to drive her expensive car because she thinks he will destroy it.,Linda,female,3,3,-1,probable,9,4
dearabby/title/dearabby_2008_3_1_0_mom-advises-teen-to-trade-old,Mom Advises Teen to Trade Old Friends in for New Ones,You shouldn't micromanage your child's social life,care-harm,should not,micromanaging your child's social life,33,care-harm,James micromanages his child's social life by advising the child to trade old friends in for new ones.,James,male,Barbara micromanages her child's social life by advising the child to trade old friends in for new ones.,Barbara,female,3,3,-1,probable,1,5
reddit/confessions/ezkoym,I’ve been starving myself.,It is good to maintain a balanced and healthy diet,care-harm,it is good,maintaining a balanced and healthy diet,34,care-harm,James has been starving himself and has not been maintaining a healthy diet.,James,male,Karen has been starving herself and has not been maintaining a healthy diet.,Karen,female,3,4,1,explicit-no,1,5
dearabby/title/dearabby_2017_8_4_0_woman-feels-steamrollered-by-in-laws-in,Woman Feels Steamrollered by In-Laws in Her Own Home,It's rude to disrespect someone in their home.,care-harm,it is rude,disrespecting someone in their home.,35,care-harm,Mark's in-laws disrespected Mark in his own home.,Mark's in-laws,male,Linda's in-laws disrespected Linda in her own home.,Linda's in-laws,female,3,3,-1,explicit,2,6
reddit/confessions/astb1b,"I really believed that this year would be different, now i'm considering to ending it all",It's wrong to kill yourself.,care-harm,it is wrong,killing yourself,36,care-harm,Robert wants to kill himself and end it all.,Robert,male,Lisa wants to kill herself and end it all.,Lisa,female,3,3,-2,hypothetical,0,2
reddit/amitheasshole/b30ybr,talking on the phone while giving blood,It is rude not to pay attention during a medical procedure.,care-harm,it is rude,not paying attention during a medical procedure.,37,care-harm,"Richard was talking on the phone while giving blood, so he wasn't paying attention to the medical procedure.",Richard,male,"Linda was talking on the phone while giving blood, so she wasn't paying attention to the medical procedure.",Linda,female,2,2,-1,explicit,0,2
reddit/amitheasshole/9xc4mr,calling somebody a Fat Piece of shit,It is rude to curse at someone.,care-harm,it is rude,cursing at someone.,38,care-harm,Mark cursed at someone by calling them a fat piece of shit.,Mark,male,Mary cursed at someone by calling them a fat piece of shit.,Mary,female,4,4,-1,explicit,2,6
reddit/confessions/9wec86,I Puked On The Bus,You shouldn't ride the bus if it makes you sick.,care-harm,should not,riding the bus if it makes you sick.,39,care-harm,Richard puked on the bus because the bus made him feel sick.,Richard,male,Linda puked on the bus because the bus made her feel sick.,Linda,female,3,1,0,probable,0,2
reddit/amitheasshole/aed8nw,giving an uber driver less stars for making a phone call while I'm in the car,It's wrong to judge people too harshly.,care-harm,its wrong,judging people too harshly.,40,care-harm,Charles gave an uber driver fewer stars for making a phone call while he was in the car.,Charles,male,Elizabeth gave an uber driver fewer stars for making a phone call while she was in the car.,Elizabeth,female,4,3,-1,probable,3,0
reddit/amitheasshole/aos08z,not taking jewish kids' belongings,It's evil to kill people and distribute their belongings.,care-harm,it is evil,killing people and distributing their belongings.,41,care-harm,Mark killed people and distributed their belongings.,Mark,male,Patricia killed people and distributed their belongings.,Patricia,female,4,4,-2,hypothetical,2,6
reddit/amitheasshole/awkam2,accepting money from a guy I have no interest in,You shouldn't accept money from someone you don't want to date.,care-harm,you should not,Accepting money from someone you don't want to date.,42,care-harm,James accepted money from a woman he had no interest in.,James,male,Susan accepted money from a man she had no interest in.,Susan,female,4,4,-1,explicit,1,5
dearabby/title/dearabby_2016_9_18_2_smoking-clouds-decision-to-contribute-money,Smoking Clouds Decision to Contribute Money for Girl's Surgery,It's wrong not to donate to someone's surgery because they smoke.,care-harm,it is wrong,not donating to someone's surgery because they smoke.,43,care-harm,Robert decides not to donate to someone's surgery because they smoke.,Robert,male,Mary decides not to donate to someone's surgery because they smoke.,Mary,female,2,2,-1,probable,5,-1
rocstories/c1f6c16c-85d7-4450-9ee4-ab157c53ff2b/sentence5,She didn't notice that he stopped and she ran over him.,You shouldn't stop suddenly when someone is right behind you.,care-harm,should not,stopping suddenly when someone is right behind you.,44,care-harm,"Charles didn't notice that someone had stopped suddenly in front of him, and he ran over them.",Charles,male,"Patricia didn't notice that someone had stopped suddenly in front of her, and she ran over them.",Patricia,female,4,3,-1,hypothetical,3,0
reddit/amitheasshole/am3emj,sending my nurse flowers with my phone number attached,It is disrespectful to send people gifts with a note asking them to call you.,care-harm,its disrespectful,Sending people gifts with a note asking them to call you.,45,care-harm,"Thomas sent his nurse flowers with his phone number attached, hoping she would call him.",Thomas,male,"Barbara sent her nurse flowers with her phone number attached, hoping he would call her.",Barbara,female,0,3,0,explicit,7,9
reddit/amitheasshole/b92jvc,returning a too-far joke with another too-far joke,You shouldn't offend others with jokes.,care-harm,you should not,offending others with jokes.,46,care-harm,"Mark returned a too-far joke with another too-far joke, and therefore offended others.",Mark,male,"Lisa returned a too-far joke with another too-far joke, and therefore offended others.",Lisa,female,3,3,-1,explicit,2,6
reddit/amitheasshole/azkzlo,feeding my friend when they said no,You shouldn't do things that annoy your friends.,care-harm,you should not,doing things that annoy your friends.,47,care-harm,"William fed his friend when they said no, therefore annoying his friend.",William,male,"Mary fed her friend when they said no, therefore annoying her friend.",Mary,female,4,4,-1,probable,6,3
reddit/amitheasshole/9z8l75,letting an elderly gentleman with dementia think I'm his daughter,You shouldn't try to fool someone with dementia.,care-harm,should not,try to fool someone with dementia,48,care-harm,William tried to fool an elderly man with dementia and let him think that he was his son.,William,male,Linda tried to fool an elderly man with dementia and let him think that she was his daughter.,Linda,female,4,4,-1,explicit,6,3
reddit/amitheasshole/9teku4,punching the shit out of my autistic brother,It is bad to hit other people.,care-harm,it is bad,hit other people,49,care-harm,Thomas punched his autistic sibling.,Thomas,male,Lisa punched her autistic sibling.,Lisa,female,3,3,-2,explicit,7,9
reddit/amitheasshole/a46wqz,telling my girlfriend to lose weight if she wants to keep dating me,It is hurtful to call someone overweight.,care-harm,it is hurtful,call someone overweight,50,care-harm,James called his girlfriend overweight and told her to lose weight if she wanted to keep dating him.,James,male,Patricia called her boyfriend overweight and told him to lose weight if he wanted to keep dating her.,Patricia,female,3,3,-1,explicit,1,5
reddit/amitheasshole/apbdev,refusing to talk to my father after an argument,You should discuss disagreements with other people.,care-harm,should,discuss disagreements with other people,51,care-harm,Robert refuses to talk to his father after an argument.,Robert,male,Mary refuses to talk to her father after an argument.,Mary,female,3,3,0,explicit-no,5,8
reddit/amitheasshole/ay3pyx,accidentally laughing at a fat joke directed at my kid's teacher,It's wrong to laugh at other people inappropriate comments.,care-harm,it is wrong,laugh at other people inappropriate comments,52,care-harm,William accidentally laughed at a fat joke directed at his kid's teacher.,William,male,Lisa accidentally laughed at a fat joke directed at her kid's teacher.,Lisa,female,3,3,-1,explicit,6,3
reddit/amitheasshole/as3bdi,farting in front of people on on the train,It is good to not fart in public places where people can't escape the smell.,care-harm,it is good,not fart in public places where people can't escape the smell,53,care-harm,"Mark farted in front of people on the train, where people couldn't escape the smell.",Mark,male,"Linda farted in front of people on the train, where people couldn't escape the smell.",Linda,female,4,4,1,explicit-no,2,6
reddit/amitheasshole/akjuej,telling a classmate I don't consider him a friend,It's rude not be friendly with a classmate.,care-harm,it is rude,not be friendly with a classmate,54,care-harm,James isn't being friendly with a classmate and tells him he doesn't consider him a friend.,James,male,Susan isn't being friendly with a classmate and tells her she doesn't consider her a friend.,Susan,female,2,2,0,explicit,1,5
reddit/amitheasshole/9u8tt9,not visiting my grandpa often,It is rude to not visit your grandparents very often.,care-harm,it is rude,not visiting your grandparents very often.,55,care-harm,Richard does not visit his grandparents very often.,Richard,male,Linda does not visit her grandparents very often.,Linda,female,3,3,-2,explicit,0,2
reddit/amitheasshole/aru0cj,screaming at my dad and vowing to never open up to him again,It's rude to yell at someone.,care-harm,it is rude,yelling at someone,56,care-harm,Mark yelled at his dad and vowed never to open up to him again.,Mark,male,Patricia yelled at her dad and vowed never to open up to him again.,Patricia,female,4,4,-1,explicit,5,-1
reddit/amitheasshole/as3w1c,telling a girl she didn't age well,It's rude to tell someone they are ugly.,care-harm,it is rude,telling someone they are ugly.,57,care-harm,John told a girl she didn't age well.,John,male,Lisa told a girl she didn't age well.,Lisa,female,4,4,-2,probable,4,7
reddit/amitheasshole/azbq18,hiding my mother's things around the house,It's rude to put someone's things where they can't find them.,care-harm,it is rude,putting someone's things where they can't find them.,58,care-harm,William hid his mother's things around the house so she couldn't find them.,William,male,Barbara hid her mother's things around the house so she couldn't find them.,Barbara,female,4,3,-2,explicit,5,8
reddit/amitheasshole/ba5ad6,telling off old man for cutting the line at a grocery store,It is rude to yell at an elder.,care-harm,it is rude,yelling at an elder,59,care-harm,James yelled at an old man for cutting the line at a grocery store.,James,male,Jennifer yelled at an old man for cutting the line at a grocery store.,Jennifer,female,4,4,-1,hypothetical,1,5
reddit/amitheasshole/b5tgo2,demanding I get a refund and possibly causing trouble for the cashier,It is wrong to cause trouble for others.,care-harm,it is wrong,causing trouble for others.,60,care-harm,Charles demanded that he get a refund and caused trouble for the cashier.,Charles,male,Maria demanded that he get a refund and caused trouble for the cashier.,Maria,female,4,4,-1,probable,3,0
reddit/amitheasshole/b14bpm,"telling a girl that unfortunate incidents in her life were ""karma""",It's wrong to tell people that they got what they deserved.,care-harm,it is wrong,telling people that they got what they deserved.,61,care-harm,"Robert told someone that unfortunate incidents in their life were ""karma"" and they got what they deserved.",Robert,male,"Mary told someone that unfortunate incidents in their life were ""karma"" and they got what they deserved.",Mary,female,3,3,-1,explicit,0,2
reddit/amitheasshole/b0vcva,not 'saving' my husband from poisonous mushrooms,You shouldn't let someone consume something that is possibly dangerous.,care-harm,you should not,letting someone consume something that is possibly dangerous.,62,care-harm,Thomas let his wife consume mushrooms that were potentially poisonous and dangerous.,Thomas,male,Susan let her husband consume mushrooms that were potentially poisonous and dangerous.,Susan,female,3,4,-1,explicit,7,9
reddit/amitheasshole/aup1nn,not putting a group members name on a group project/presentation which resulted in him getting an 0 for the project,You shouldn't get revenge on others.,care-harm,you should not,getting revenge on others.,63,care-harm,"James revenged on his group member by not putting his name on a project presentation, which resulted in him getting a 0 for the project.",James,male,"Karen revenged on her group member by not putting his name on a project presentation, which resulted in him getting a 0 for the project.",Karen,female,2,2,-1,probable,1,5
reddit/amitheasshole/9vujly,making my Friend Sleep in the Garage,You shouldn't make your friends sleep in the garage.,care-harm,you should not,making your friends sleep in the garage.,64,care-harm,Thomas made his friend sleep in the garage.,Thomas,male,Elizabeth made her friend sleep in the garage.,Elizabeth,female,4,4,-2,explicit,7,9
reddit/amitheasshole/9v67pn,asking a girl she was transgender,You shouldn't offend someone with insensitive questions.,care-harm,you should not,offending someone with insensitive questions.,65,care-harm,Michael offended someone with insensitive questions and asked them if they were transgender.,Michael,male,Lisa offended someone with insensitive questions and asked them if they were transgender.,Lisa,female,3,3,-1,probable,8,1
reddit/amitheasshole/b27gpv,commenting favorably on a short colleague's height,A person's height is a sensitive subject which shouldn't be brought up unsolicited.,care-harm,you should not,Bringing up a person's height unsolicited,66,care-harm,John unsolicitedly brought up a short colleague's height and commented favorably on it.,John,male,Barbara unsolicitedly brought up a short colleague's height and commented favorably on it.,Barbara,female,1,1,0,hypothetical,4,7
reddit/amitheasshole/aahlc2,canceling my friend's plane ticket,It's rude to disinvite a friend from a trip you had planned to go on together.,care-harm,it is rude,disinviting a friend from a trip you had planned to go on together.,67,care-harm,James disinvited a friend from a trip they had planned together and canceled the friend's plane ticket.,James,male,Mary disinvited a friend from a trip they had planned together and canceled the friend's plane ticket.,Mary,female,3,3,-1,probable,1,5
reddit/amitheasshole/b8dkwr,calling my girlfriend spoiled,It is rude to be mean to your significant other.,care-harm,it is rude,being mean to your significant other.,68,care-harm,Michael was mean to his significant other and called her spoiled.,Michael,male,Maria was mean to her significant other and called him spoiled.,Maria,female,4,4,-1,explicit,8,1
reddit/amitheasshole/b0ofau,telling a missionary to fuck off,It's rude to swear at someone who is bothering you.,care-harm,it is rude,swearing at someone who is bothering you.,69,care-harm,Charles told a missionary to fuck off when he was bothering him.,Charles,male,Patricia told a missionary to fuck off when he was bothering her.,Patricia,female,2,2,0,explicit,3,0
reddit/amitheasshole/b4yunw,throwing away toys left in my yard by neighbor kids,It is rude to destroy others property,care-harm,it is rude,destroying others' property,70,care-harm,John destroyed others' property by throwing away toys left by neighbor kids in his yard.,John,male,Linda destroyed others' property by throwing away toys left by neighbor kids in her yard.,Linda,female,4,3,-2,explicit,4,-1
reddit/amitheasshole/ba3zvb,agreeing with my friends that my wife is fat,It is wrong to insult your spouse.,care-harm,it is wrong,insulting your spouse.,71,care-harm,Richard insulted his spouse by agreeing with his friends that his wife is fat.,Richard,male,Jennifer insulted her spouse by agreeing with her friends that her husband is fat.,Jennifer,female,4,4,-1,explicit,0,2
reddit/amitheasshole/a35hgh,punching a Survivor of Pediatric Brain Cancer,It's wrong to attack others.,care-harm,it is wrong,attacking others.,72,care-harm,Richard punched a survivor of pediatric brain cancer.,Richard,male,Barbara punched a survivor of pediatric brain cancer.,Barbara,female,4,4,-2,explicit,0,2
reddit/amitheasshole/amqe73,not letting someone come to my party without paying for food,It's wrong to exclude someone because they can't afford something.,care-harm,it is wrong,excluding someone because they can't afford something.,73,care-harm,Mark is excluding someone from his party unless they pay for food.,Mark,male,Karen is excluding someone from her party unless they pay for food.,Karen,female,3,3,-1,explicit,2,6
reddit/amitheasshole/atm4o5,throwing out my ex wife's photo albums,It's wrong to throw away your ex's photo albums.,care-harm,it is wrong,throwing away your ex's photo albums.,74,care-harm,Robert threw out his ex wife's photo albums,Robert,male,Susan threw out her ex husband's photo albums,Susan,female,2,2,0,explicit,0,2
reddit/amitheasshole/aid4oy,not telling my friend that he might have an STD,It's wrong to keep information from your friend that could cause them medical problems.,care-harm,it is wrong,keeping information from your friend that could cause them medical problems.,75,care-harm,"Robert did not tell his friend that he might have an STD, therefore keeping information from him that could cause medical problems.",Robert,male,"Elizabeth did not tell her friend that she might have an STD, therefore keeping information from her that could cause medical problems.",Elizabeth,female,4,4,-2,explicit,5,-1
reddit/amitheasshole/a21sqs,not wanting to see my sister on the anniversary of her son's death,It is wrong not to be there for your family in their time of need.,care-harm,it is wrong,not being there for your family in their time of need.,76,care-harm,Thomas chooses not to be with his family on the anniversary of his sister's son's death and does not want to see his sister that day.,Thomas,male,Karen chooses not to be with her family on the anniversary of her sister's son's death and does not want to see her sister that day.,Karen,female,3,3,-2,hypothetical,7,9
reddit/amitheasshole/a5mihm,not giving an employee Christmas off,It's wrong to be cruel and uncaring of people who work for you.,care-harm,it is wrong,being cruel and uncaring of people who work for you.,77,care-harm,John is cruel and uncaring of his employees and chooses not to give an employee Christmas off. ,John,male,Jennifer is cruel and uncaring of her employees and chooses not to give an employee Christmas off. ,Jennifer,female,4,4,-2,probable,4,7
reddit/amitheasshole/ag4qtl,reposting a meme that had the n-word in it,You shouldn't post racist things online.,care-harm,should not,posting racist things online.,78,care-harm,William reposted a meme that had the n-word in it.,William,male,Maria reposted a meme that had the n-word in it.,Maria,female,4,4,-2,explicit,6,3
reddit/amitheasshole/a58e8v,responding back with sarcasm in response to a customer's sarcasm,It's not okay to belittle someone and make malicious remarks,care-harm,it is not okay,belittling someone by making malicious remarks,79,care-harm,James responded with sarcasm in response to a customer's sarcasm.,James,male,Elizabeth responded with sarcasm in response to a customer's sarcasm.,Elizabeth,female,4,4,-2,probable,1,5
reddit/amitheasshole/b3xubh,confessing to my childhood best friend that I love her,It's not okay to do something to someone that would make them uncomfortable.,care-harm,it is not okay,doing something to someone that would make them uncomfortable.,80,care-harm,"Richard confessed to his childhood best friend that he loved her, which made her uncomfortable.",Richard,male,"Susan confessed to her childhood best friend that she loved him, which made him uncomfortable.",Susan,female,3,3,-1,explicit,0,2
reddit/amitheasshole/b5tn6v,unplugging someone's laptop in our school working area,It's not okay to do things to other peoples property with out permission.,care-harm,it is not okay,doing things to other peoples property with out permission.,81,care-harm,Charles unplugged someone's laptop in the school working area.,Charles,male,Barbara unplugged someone's laptop in the school working area.,Barbara,female,4,3,-2,probable,3,0
reddit/amitheasshole/ak13fx,getting mad at my parents because they didn't tell me my grandma died,It's not okay to not let someone know when a tragedy happened to someone they care about.,care-harm,it is not okay,not letting someone know when a tragedy happened to someone they care about.,82,care-harm,John did not let his son know that his grandfather died.,John,male,Maria did not let her son know that his grandfather died.,Maria,female,4,4,-2,explicit,5,8
reddit/amitheasshole/b7i685,teaching my 7 year old daughter how to play blackjack,It's not okay to teach your child a game involving gambling.,care-harm,it is not okay,teaching your child a game involving gambling.,83,care-harm,"Michael taught his 7-year-old daughter how to play blackjack, a gambling game.",Michael,male,"Jennifer taught her 7-year-old daughter how to play blackjack, a gambling game.",Jennifer,female,2,2,-1,explicit,8,1
reddit/amitheasshole/a40zr2,being angry at my friend for making plans on the day we agreed to meet,It's bad to be forgetful about important promises.,care-harm,it is bad,being forgetful about important promises.,84,care-harm,Michael is forgetful about important promises and made plans on the day he agreed to meet his friend.,Michael,male,Patricia is forgetful about important promises and made plans on the day she agreed to meet her friend.,Patricia,female,4,3,-1,explicit,8,1
reddit/amitheasshole/anrfrc,making my husband quit his new job,It's bad to demand your spouse do something.,care-harm,it is bad,demanding your spouse do something.,85,care-harm,Thomas made his wife quit her new job.,Thomas,male,Barbara made her husband quit his new job.,Barbara,female,3,3,-1,explicit,7,9
reddit/amitheasshole/a4hbln,calling out people's white lies,It is bad to create unnecessary conflict with people,care-harm,it is bad,creating unnecessary conflict with people,86,care-harm,James called out people's white lies and created unnecessary conflict with people.,James,male,Lisa called out people's white lies and created unnecessary conflict with people.,Lisa,female,4,4,-2,explicit,1,5
reddit/amitheasshole/afn2yj,being mean to my depressed friend,It's bad to upset people are suffering from a medical condition.,care-harm,it is bad,upsetting people who are suffering from a medical condition,87,care-harm,William is mean to his depressed friend.,William,male,Karen is mean to her depressed friend.,Karen,female,3,3,-1,explicit,6,3
reddit/amitheasshole/axgvbc,wanting to vape,It's not good to smoke.,care-harm,it is bad,smoking,88,care-harm,Mark wants to vape.,Mark,male,Elizabeth wants to vape.,Elizabeth,female,4,4,-1,hypothetical,2,6
reddit/amitheasshole/a0edyl,getting revenge on a coworker,It's bad to take revenge on someone.,care-harm,it is bad,taking revenge on someone.,89,care-harm,John took revenge on a coworker.,John,male,Linda took revenge on a coworker.,Linda,female,3,2,-2,explicit,4,7
reddit/amitheasshole/b8pti8,giving my sister weed knowing she's had bad experiences in the past,It's bad to intentionally cause harm to another person.,care-harm,it is bad,causing intentional harm to another person.,90,care-harm,John gave his sister weed knowing she had bad experiences in the past.,John,male,Elizabeth gave her sister weed knowing she had bad experiences in the past.,Elizabeth,female,4,4,-2,explicit,4,7
reddit/amitheasshole/a8aa10,kicking a girl's water bottle into her face because she bullied me,It is bad to act out in violence.,care-harm,it is bad,acting out in violence.,91,care-harm,Robert kicked a girl's water bottle into her face because she bullied him.,Robert,male,Lisa kicked a girl's water bottle into her face because the girl bullied her.,Lisa,female,4,4,-2,explicit,0,2
reddit/amitheasshole/ay3tip,choosing to not visit a friend who needs encouragement,It's bad to avoid your friend if they're feeling down.,care-harm,it is bad,avoiding your friend if they're feeling down.,92,care-harm,Richard chose not to visit a friend when they felt down and needed encouragement.,Richard,male,Elizabeth chose not to visit a friend when they felt down and needed encouragement.,Elizabeth,female,3,3,-1,explicit,5,8
reddit/amitheasshole/axhdd5,calling my friends gf a coke addict after being told she did cocaine,It's bad to call a friend names when they make a bad choice.,care-harm,it is bad,calling a friend names when they make a bad choice.,93,care-harm,Charles called his friend's girlfriend a coke addict after being told that she did cocaine.,Charles,male,Linda called her friend's boyfriend a coke addict after being told that he did cocaine.,Linda,female,4,4,-1,explicit,3,0
reddit/amitheasshole/aioib0,telling my wife I wanted to travel Europe without her,It is bad to not want to take your wife on a trip with you.,care-harm,it is bad,not wanting to take your wife on a trip with you.,94,care-harm,David does not want to take his wife on a trip to Europe with him.,David,male,Patricia does not want to take her husband on a trip to Europe with her.,Patricia,female,4,4,-2,explicit,9,4
reddit/amitheasshole/axqm2s,dating multiple people,It is expected that most people will remain monogamous.,loyalty-betrayal,it is expected,remaining monogamous.,95,loyalty-betrayal,James dates multiple people instead of being monogamous.,James,male,Mary dates multiple people instead of being monogamous.,Mary,female,3,3,1,explicit-no,1,5
reddit/confessions/dr8653,I dont like some of my friends and they like me,It's rude to be friends with people you don't like.,loyalty-betrayal,it is rude,being friends with people you don't like.,96,loyalty-betrayal,Thomas is friends with people he doesn't really like.,Thomas,male,Linda is friends with people she doesn't really like.,Linda,female,3,3,-1,explicit,7,9
reddit/confessions/6d396k,some secrets i hate myself for.,You shouldn't hide your secrets.,loyalty-betrayal,you should not,hiding your secrets.,97,loyalty-betrayal,Thomas has some secrets that he hates himself for.,Thomas,male,Linda has some secrets that she hates herself for.,Linda,female,1,1,1,probable,7,9
dearabby/title/dearabby_2019_4_26_0_affair-that-led-to-a-long,Affair That Led to a Long Marriage Remains a Secret	,It's never okay to have an affair with a married person.,loyalty-betrayal,it is never okay,having an affair with a married person.,98,loyalty-betrayal,William had a secrete affair that led to a long marriage.,William,male,Mary had a secrete affair that led to a long marriage.,Mary,female,4,4,-2,hypothetical,6,3
dearabby/title/dearabby_2017_4_4_1_difficult-conversation-with-girlfriend-looms-for,Difficult Conversation With Girlfriend Looms for Man Attracted to Another,you should not stay in a relationship if you are attracted to someone else.,loyalty-betrayal,you should not,staying in a relationship if you are attracted to someone else.,99,loyalty-betrayal,Mark stayed in a relationship when he was attracted to someone else.,Mark,male,Maria stayed in a relationship when she was attracted to someone else.,Maria,female,1,1,0,probable,2,6
dearabby/title/dearabby_2019_5_8_0_mans-private-mailbox-leads-wife-to,Man's Private Mailbox Leads Wife to Question Finances,It is rude to question your spouse about suspicions.,loyalty-betrayal,it is rude,questioning your spouse about suspicions.,100,loyalty-betrayal,Richard questions his spouse about his suspicions.,Richard,male,Jennifer questions her spouse about her suspicions.,Jennifer,female,2,2,0,explicit,0,2
reddit/confessions/8p2idj,My fiancé and I are lying to my religious parents to get married.,You shouldn't lie to your partner's parents.,loyalty-betrayal,you should not,lying to your partner's parents.,101,loyalty-betrayal,Charles and his fiancée are lying to her religious parents to get married.,Charles,male,Jennifer and her fiancé are lying to his religious parents to get married.,Jennifer,female,3,3,-1,explicit,3,0
dearabby/title/dearabby_2013_4_24_1_husband-doesnt-want-wife-to-drive,Husband Doesn't Want Wife To Drive Exotic Car,You should always respect your partner's wishes.,loyalty-betrayal,should,respecting your partner's wishes.,102,loyalty-betrayal,Michael isn't respecting his wife's wishes as he doesn't want her to drive his exotic car.,Michael,male,Jennifer isn't respecting her husband's wishes as she doesn't want him to drive her exotic car.,Jennifer,female,2,2,1,hypothetical,8,1
reddit/amitheasshole/9uumw1,being pissed that my husband is late meeting me at the airport,You shouldn't be late to meet someone.,loyalty-betrayal,you should not,being late to meet someone.,103,loyalty-betrayal,"Michael is late meeting his girlfriend at the airport, and she is pissed at him.",Michael,male,"Maria is late meeting her boyfriend at the airport, and he is pissed at her.",Maria,female,4,4,-1,explicit,8,1
reddit/confessions/bm6ok9,"I let my friend think I wanted to sleep with his wife, because the truth was worse.",It's wrong to betray a friend.,loyalty-betrayal,it is wrong,betraying a friend.,104,loyalty-betrayal,Richard betrayed his friend by making him believe he wanted to sleep with his wife to hide an even darker truth.,Richard,male,Susan betrayed her friend by making her believe she wanted to sleep with her husband to hide an even darker truth.,Susan,female,4,4,-2,explicit,0,2
reddit/amitheasshole/ap5v5n,leaving a date with a really nice guy because I ran into an old flame (maybe the old flame) or is all fair I love and war,You shouldn't get back together with old flames.,loyalty-betrayal,you should not,getting back together with old flames.,105,loyalty-betrayal,Mark left a date with a very nice person because he ran into an old flame and wanted to get back with her.,Mark,male,Mary left a date with a very nice person because she ran into an old flame and wanted to get back with him.,Mary,female,2,2,-1,explicit,2,6
reddit/confessions/1jx4nc,"Spying on Facebook, should I take it further?",It's wrong to spy on people through social media.,loyalty-betrayal,it is wrong,spying on people through social media.,106,loyalty-betrayal,John spied on people on social media.,John,male,Linda spied on people on social media.,Linda,female,3,3,-1,explicit,4,7
dearabby/title/dearabby_2013_7_3_0_brother-in-laws-kisses-leave-sister,Brother in Law's Kisses Leave Sister in a Fury,You shouldn't kiss your in-laws.,loyalty-betrayal,you should not,kissing your in-laws.,107,loyalty-betrayal,Richard kissed his sister-in-law in a fury.,Richard,male,Patricia kissed her brother-in-law in a fury.,Patricia,female,3,3,-1,probable,0,2
dearabby/title/dearabby_2020_1_23_1_man-who-moved-for-love-feels,Man Who Moved for Love Feels Stranded After Breakup,You shouldn't expect your relationship to last forever.,loyalty-betrayal,you should not,expecting your relationship to last forever.,108,loyalty-betrayal,Charles moved for love and felt stranded after break up because he had expected the relationship to last forever.,Charles,male,Elizabeth moved for love and felt stranded after break up because she had expected the relationship to last forever.,Elizabeth,female,2,1,0,probable,3,0
reddit/confessions/em7tzg,I use my ex's name as a curse word,It's not okay to do things to disrespect others.,loyalty-betrayal,it is not okay,doing things to disrespect others.,109,loyalty-betrayal,"Richard uses his ex's name as a curse word, which disrespects his ex.",Richard,male,"Lisa uses her ex's name as a curse word, which disrespects her ex.",Lisa,female,3,3,-1,explicit,0,2
reddit/amitheasshole/ac0eda,telling my class that my friend was bi,It is not acceptable to out a friend to your class.,loyalty-betrayal,unacceptable,outing a friend to your class.,110,loyalty-betrayal,Richard told his class that his friend was bi,Richard,male,Jennifer told her class that her friend was bi,Jennifer,female,2,2,-1,explicit,0,2
reddit/amitheasshole/aw130c,wanting to go to a party instead of driving up to see my girlfriend,Partners are expected to want to spend a good amount of time with each other.,loyalty-betrayal,it is expected,wanting to spend a good amount of time with your partner,111,loyalty-betrayal,James wanted to go to a party instead of driving up to see his girlfriend and spending a good amount of time with her.,James,male,Mary wanted to go to a party instead of driving up to see her boyfriend and spending a good amount of time with him.,Mary,female,3,3,1,probable-no,1,5
reddit/amitheasshole/b77e1j,getting mad about taking my little brother home,You should be willing to help your family.,loyalty-betrayal,should,willing to help your family.,112,loyalty-betrayal,James got mad about taking his little brother home and was not willing to help his family.,James,male,Barbara got mad about taking her little brother home and was not willing to help her family.,Barbara,female,3,3,1,explicit,1,5
reddit/amitheasshole/a7p210,ruining my ex's life,You shouldn't get involved in your ex's life.,loyalty-betrayal,you should not,getting involved in your ex's life.,113,loyalty-betrayal,Robert ruined his ex's life.,Robert,male,Lisa ruined her ex's life.,Lisa,female,4,4,-2,explicit,0,2
rocstories/62eb44ab-c341-466d-a09f-8f79acae83c2/sentence4,"After two years, I realized I was wasting my time and idolizing him.",You shouldn't idolize the wrong people.,loyalty-betrayal,should not,idolizing the wrong people.,114,loyalty-betrayal,Michael realized he was wasting time and idolizing his partner after two years.,Michael,male,Jennifer realized she was wasting time and idolizing her partner after two years.,Jennifer,female,3,3,-1,explicit,8,1
reddit/amitheasshole/9ww26q,getting really annoyed that my girlfriend constantly calls me,You should call other people besides your partner.,loyalty-betrayal,should,calling other people besides your partner.,115,loyalty-betrayal,"William constantly calls his girlfriend, which annoys her.",William,male,"Lisa constantly calls her boyfriend, which annoys him.",Lisa,female,2,2,0,explicit-no,6,3
reddit/confessions/cq0b0y,I cheated after 7 years,You shouldn't lie to people you love.,loyalty-betrayal,should not,lying to people you love.,116,loyalty-betrayal,Richard cheated after 7 years and lied to the people he loves.,Richard,male,Jennifer cheated after 7 years and lied to the people she loves.,Jennifer,female,4,4,-1,probable,0,2
reddit/amitheasshole/b8w3za,telling my parents that I am moving out only a week prior to put them on spot,You shouldn't put people on the spot.,loyalty-betrayal,you should not,Putting people on the spot.,117,loyalty-betrayal,Richard put his parents on the spot by telling them he was moving out only a week prior.,Richard,male,Maria put her parents on the spot by telling them she was moving out only a week prior.,Maria,female,2,2,0,probable,0,2
reddit/confessions/9jj22p,I'm so afraid of being alone yet I push everyone away and isolate myself.,It is good to have people around you.,loyalty-betrayal,it is good,having people around you.,118,loyalty-betrayal,Mark pushes everyone away and isolates himself.,Mark,male,Patricia pushes everyone away and isolates herself.,Patricia,female,4,4,1,probable-no,2,6
reddit/amitheasshole/9tzn0z,saying no to being a bridesmaid at a friend's wedding,People are expected to participate in the big events in their friends' lives if asked.,loyalty-betrayal,expected,people participating in the big events in their friends' lives if asked.,119,loyalty-betrayal,John said to being a groomsman at a friend's wedding.,John,male,Barbara said to being a bridesmaid at a friend's wedding.,Barbara,female,3,3,2,explicit-no,4,7
reddit/amitheasshole/a4e58y,looking through my ex's phone and then leaving her,Trust is important in a relationship.,loyalty-betrayal,important,having trust in a relationship,120,loyalty-betrayal,James didn't have much trust in his girlfriend; he looked through her phone and then broke up with her.,James,male,Jennifer didn't have much trust in her boyfriend; she looked through his phone and then broke up with him.,Jennifer,female,4,4,1,explicit-no,1,5
reddit/amitheasshole/admbml,wanting a relationship with my wifes sister,You shouldn't get into a relationship with your partner's siblings.,loyalty-betrayal,should not,getting into a relationship with your partner's siblings.,121,loyalty-betrayal,Robert wants a relationship with his wife's sister.,Robert,male,Susan wants a relationship with her husband's brother.,Susan,female,4,4,-2,probable,0,2
reddit/amitheasshole/9z43x5,not lending my sister our car,It is expected to help your siblings.,loyalty-betrayal,is expected,helping your siblings.,122,loyalty-betrayal,Mark didn't help his sister as he didn't lend her his car.,Mark,male,Karen didn't help her brother as she didn't lend him her car.,Karen,female,3,4,1,explicit-no,5,8
reddit/amitheasshole/ap4zff,hanging up abruptly on my cousin,It's rude to hang up on someone.,loyalty-betrayal,it is rude,hanging up on someone.,123,loyalty-betrayal,Charles hung up abruptly on his cousin.,Charles,male,Susan hung up abruptly on her cousin.,Susan,female,3,3,0,explicit,3,0
reddit/amitheasshole/b41w0n,wanting my girlfriend to stop talking with her dead husband's family,It's wrong to tell your partner they can't talk to their ex's family.,loyalty-betrayal,it is wrong,telling your partner they can't talk to their ex's family.,124,loyalty-betrayal,David told his girlfriend to stop talking to her dead husband's family.,David,male,Maria told her boyfriend to stop talking to his dead wife's family.,Maria,female,2,2,-1,probable,9,4
reddit/amitheasshole/a9llq3,liking my ex best friends ex girlfriend,It's frowned upon to be romantically interested in the exes of your friends.,loyalty-betrayal,it is frowned upon,being romantically interested in the exes of your friends.,125,loyalty-betrayal,Thomas is romantically interested in his best friend's ex.,Thomas,male,Lisa is romantically interested in her best friend's ex.,Lisa,female,4,4,-2,explicit,7,9
reddit/amitheasshole/acrtv1,not wanting my boyfriend to hang out with girl thats clearly trying to sleep with him,It is expected that you trust your significant other,loyalty-betrayal,is expected,trusting your significant other,126,loyalty-betrayal,John doesn't trust his girlfriend and doesn't want her to hang out with a guy who's clearly trying to sleep with her.,John,male,Barbara doesn't trust her boyfriend and doesn't want him to hang out with a girl who's clearly trying to sleep with him.,Barbara,female,3,3,1,explicit-no,4,7
reddit/amitheasshole/algye5,not getting my mom a birthday gift,You should always give gifts to people for their birthday.,loyalty-betrayal,you should,always giving gifts to people for their birthday.,127,loyalty-betrayal,William didn't get his mom a birthday gift.,William,male,Linda didn't get her mom a birthday gift.,Linda,female,2,3,1,explicit-no,5,8
reddit/amitheasshole/9um4q5,telling a friend to stop hanging out with us,You shouldn't exclude your friends.,loyalty-betrayal,you should not,excluding your friends.,128,loyalty-betrayal,Robert tried to exclude a friend by telling the friend to stop hanging out with them.,Robert,male,Patricia tried to exclude a friend by telling the friend to stop hanging out with them.,Patricia,female,3,3,0,explicit,5,-1
reddit/amitheasshole/a9rm5n,canceling my trip with my family to go home,You should be there for your family.,loyalty-betrayal,should,being there for your family.,129,loyalty-betrayal,Michael canceled his trip with his family to go home.,Michael,male,Mary canceled her trip with her family to go home.,Mary,female,4,4,1,explicit-no,8,1
reddit/amitheasshole/afvqlc,being upset at my friend for dating my ex,You should always root for your friends to have successful relationships.,loyalty-betrayal,should,always rooting for your friends to have successful relationships.,130,loyalty-betrayal,David is mad at his friend for dating his ex.,David,male,Elizabeth is mad at her friend for dating her ex.,Elizabeth,female,3,3,1,probable-no,9,4
reddit/amitheasshole/b5b5di,being jealous of my gf,It is wrong to be jealous of your partner.,loyalty-betrayal,it is wrong,being jealous of your partner.,131,loyalty-betrayal,Mark is jealous of his girlfriend.,Mark,male,Linda is jealous of her boyfriend.,Linda,female,2,2,-1,explicit,2,6
reddit/amitheasshole/b5jueq,not wanting to being dads caretaker,It is expected that you take care of family.,loyalty-betrayal,it is expected,Taking care of family.,132,loyalty-betrayal,Charles doesn't want to take care of his dad.,Charles,male,Elizabeth doesn't want to take care of her dad.,Elizabeth,female,3,3,0,probable,3,0
reddit/amitheasshole/ad2kn7,ghosting a very lonely lady I only just befriended,Ghosting people is rude.,loyalty-betrayal,is rude,Ghosting people,133,loyalty-betrayal,Thomas ghosted a very lonely lady who he just befriended,Thomas,male,Jennifer ghosted a very lonely lady who she just befriended,Jennifer,female,4,4,-2,explicit,7,9
reddit/amitheasshole/ajzkke,breaking a friendship without warning,People should let others know why they are ending relationships.,loyalty-betrayal,people should,letting others know why they are ending relationships.,134,loyalty-betrayal,John ended a friendship without warning or explaining why.,John,male,Mary ended a friendship without warning or explaining why.,Mary,female,2,3,0,probable-no,-1,-1
reddit/amitheasshole/b6ck00,"ghosting a ""friend"" for her odd text messages",It's impolite to completely ignore your friend without providing a reason.,loyalty-betrayal,it is impolite,completely ignoring your friend without providing a reason.,135,loyalty-betrayal,James ghosted a friend for his odd text messages.,James,male,Linda ghosted a friend for her odd text messages.,Linda,female,4,4,-1,explicit,1,5
reddit/amitheasshole/9t4x9h,giving black kids more candy than white ones,You shouldn't favor one person over another.,loyalty-betrayal,should not,favoring one person over another.,136,loyalty-betrayal,Michael gave black kids more candy than white kids.,Michael,male,Barbara gave black kids more candy than white kids.,Barbara,female,2,3,-1,explicit,8,1
reddit/amitheasshole/anxzqd,not wanting to spend time with my family,It's impolite to avoid spending time with your family.,loyalty-betrayal,impolite,avoiding spending time with your family.,137,loyalty-betrayal,David does not want to spend time with family.,David,male,Maria does not want to spend time with family.,Maria,female,3,3,-2,probable,9,4
reddit/amitheasshole/b32ymu,telling my friend's parents about her relationship as revenge,It's bad to expose a friend's secret.,loyalty-betrayal,it is bad,exposing a friend's secret.,138,loyalty-betrayal,Mark exposed his friend's secret by telling his parents about his relationship.,Mark,male,Lisa exposed her friend's secret by telling her parents about her relationship.,Lisa,female,4,4,-2,explicit,2,6
reddit/amitheasshole/b4jww0,asking my bf outright if his family is racist,It's rude to insult a friend's family.,loyalty-betrayal,rude,insulting a friend's family.,139,loyalty-betrayal,William insulted his girlfriend's family by asking her outright if they are racist.,William,male,Patricia insulted her boyfriend's family by asking him outright if they are racist.,Patricia,female,4,4,-2,probable,6,3
reddit/amitheasshole/az3kec,telling my mother off for not properly cleaning the dishes,It's rude to tell one's parents off.,loyalty-betrayal,it is rude,telling one's parents off.,140,loyalty-betrayal,Charles told his mother off for not properly cleaning the dishes.,Charles,male,Lisa told her mother off for not properly cleaning the dishes.,Lisa,female,3,3,0,explicit,3,0
reddit/amitheasshole/b9sgn6,cancelling a trip to see my dad for the first time in 10 years because he wanted to get married,Not visiting family members for an extended period of time is wrong.,loyalty-betrayal,is wrong,Not visiting family members for an extended period of time.,141,loyalty-betrayal,"David hasn't seen his dad for ten years, and he just canceled a trip to see him for the first time because his dad wanted to get married.",David,male,"Maria hasn't seen her dad for ten years, and she just canceled a trip to see him for the first time because he wanted to get married.",Maria,female,3,3,-1,explicit,9,4
reddit/amitheasshole/aruqj6,not agreeing with my sister's crazy baby drama,It's wrong to not support your sibling.,loyalty-betrayal,it is wrong,Not supporting your sibling.,142,loyalty-betrayal,Richard is not supporting his sister as he disagrees with her drama.,Richard,male,Karen is not supporting her sister as she disagrees with her drama.,Karen,female,3,3,-2,explicit,5,8
reddit/amitheasshole/a7sci5,throwing my girlfriend under the bus to help someone else,It is wrong to betray your significant others trust.,loyalty-betrayal,it is wrong,betraying your significant others trust.,143,loyalty-betrayal,Robert betrayed his girlfriend's trust and threw her under the bus to help someone else.,Robert,male,Linda betrayed her boyfriend's trust and threw him under the bus to help someone else.,Linda,female,4,4,-1,probable,0,2
reddit/amitheasshole/agh7qz,not wanting to see my friend,It's wrong not to see your friends.,loyalty-betrayal,it is wrong,not seeing your friends.,144,loyalty-betrayal,James does not want to see his friends.,James,male,Barbara does not want to see her friends.,Barbara,female,3,3,-1,probable,1,5
reddit/amitheasshole/akg10z,dancing with my (male) friend in front of my boyfriend,You shouldn't dance with people of the opposite sex in front of your partner.,loyalty-betrayal,you should not,Dancing with people of the opposite sex in front of your partner.,145,loyalty-betrayal,Mark danced with his female friend in front of his girlfriend.,Mark,male,Elizabeth danced with her male friend in front of her boyfriend.,Elizabeth,female,3,3,-1,probable,2,6
reddit/amitheasshole/a1381y,not showing up to a friend's wedding,You should attend your friend's wedding.,loyalty-betrayal,you should,attending your friend's wedding.,146,loyalty-betrayal,Richard did not show up to his friend's wedding.,Richard,male,Barbara did not show up to her friend's wedding.,Barbara,female,3,3,1,explicit-no,5,8
reddit/amitheasshole/au4zxy,not paying rent,"If you say you're going to pay rent, it's wrong to not pay it.",loyalty-betrayal,is wrong,saying you're going to pay rent and not paying it,147,loyalty-betrayal,Robert did not pay rent even though he said he would.,Robert,male,Susan did not pay rent even though she said she would.,Susan,female,4,4,-2,probable,5,8
reddit/amitheasshole/aplqzd,not answering the door when my parents visit,It's rude to ignore your parents.,loyalty-betrayal,it is rude,ignoring your parents.,148,loyalty-betrayal,Mark did not answer the door when his parents visited him.,Mark,male,Karen did not answer the door when her parents visited her.,Karen,female,3,3,-1,explicit,5,8
reddit/amitheasshole/a2lnof,disowning my parents,You shouldn't cut off your family.,loyalty-betrayal,you should not,cutting off your family.,149,loyalty-betrayal,Thomas disowned his parents.,Thomas,male,Lisa disowned her parents.,Lisa,female,3,3,-1,explicit,7,9
reddit/amitheasshole/b9hpka,not talking to coworkers while they eat their lunches,People are expected to want to be social.,loyalty-betrayal,are expected,people wanting to be social,150,loyalty-betrayal,John isn't being social and doesn't talk to his coworkers when they eat lunch.,John,male,Elizabeth isn't being social and doesn't talk to her coworkers when they eat lunch.,Elizabeth,female,2,2,1,probable-no,4,7
reddit/amitheasshole/a1olby,refusing to see most of my biological family,It is expected that you maintain contact with family.,loyalty-betrayal,it is expected,maintaining contact with family.,151,loyalty-betrayal,Thomas refuses to see most of his biological family.,Thomas,male,Susan refuses to see most of her biological family.,Susan,female,3,3,2,explicit-no,7,9
reddit/amitheasshole/a6jbph,turning my brother away in the rain,It's expected that family should stick together.,loyalty-betrayal,it is expected,family sticking together.,152,loyalty-betrayal,David turned his brother away in the rain.,David,male,Patricia turned her brother away in the rain.,Patricia,female,3,3,2,explicit-no,9,4
reddit/amitheasshole/b8cqym,skipping my grandparent's funeral to attend an important work training,It is expected that family attends funerals.,loyalty-betrayal,it is expected,family attending funerals.,153,loyalty-betrayal,James skipped his grandparent's funeral to attend an important work training.,James,male,Jennifer skipped her grandparent's funeral to attend an important work training.,Jennifer,female,3,4,2,explicit-no,1,5
reddit/amitheasshole/ac6iho,ending a friendship after he made a joke I didn't find funny,It is wrong to end a friendship over something trivial.,loyalty-betrayal,it is wrong,ending a friendship over something trivial.,154,loyalty-betrayal,Mark ended a friendship after his friend made a joke that he didn't find funny.,Mark,male,Linda ended a friendship after her friend made a joke that she didn't find funny.,Linda,female,4,4,-1,explicit,2,6
reddit/amitheasshole/al3pg3,reporting my parents to the IRS for evading theri taxes for 8yrs,Family members are expected to hide illegal activities of other family.,loyalty-betrayal,are expected,Family members hiding illegal activities of other family.,155,loyalty-betrayal,Richard reported his parents to the IRS for evading their taxes for 8 years and didn't help hide his family's illegal activities.,Richard,male,Barbara reported her parents to the IRS for evading their taxes for 8 years and didn't help hide her family's illegal activities.,Barbara,female,2,2,-1,explicit-no,0,2
reddit/amitheasshole/angjy3,pretty much abandoning my abused friend,It's not okay to let down a friend when they are counting on you.,loyalty-betrayal,it is not okay,Letting down a friend when they are counting on you.,156,loyalty-betrayal,Charles abandoned his abused friend and let him down when he was counting on him.,Charles,male,Karen abandoned her abused friend and let her down when she was counting on her.,Karen,female,3,3,-2,probable,3,0
reddit/amitheasshole/aqw4ih,telling my best friend that her and her friend are obnoxious together,It's rude to make fun of friends of your friends.,loyalty-betrayal,it is rude,making fun of friends of your friends.,157,loyalty-betrayal,William told his best friend that him and his friend were obnoxious together.,William,male,Maria told her best friend that her and her friend were obnoxious together.,Maria,female,3,3,-1,hypothetical,6,3
reddit/amitheasshole/ajxfsq,silently getting up and walking away when my grandma sat next to me,It's not okay to shun family members when they want to spend time with you.,loyalty-betrayal,not okay,shunning family members when they want to spend time with you.,158,loyalty-betrayal,"John silently got up and walked away when his grandma sat next to him, shunning her when she wanted to spend time with him.",John,male,"Linda silently got up and walked away when her grandma sat next to her, shunning her grandma when she wanted to spend time with her.",Linda,female,3,3,-1,explicit,4,7
reddit/amitheasshole/ad2su6,expecting to be invited to my girlfriend's suprise party,It's not okay to think you should be involved in every aspect of a significant others life.,loyalty-betrayal,it is not okay,thinking you should be involved in every aspect of a significant others life.,159,loyalty-betrayal,"Richard thinks he should be involved in every aspect of his girlfriend's life, and therefore expects to be invited to her surprise party.",Richard,male,"Mary thinks she should be involved in every aspect of her boyfriend's life, and therefore expects to be invited to his surprise party.",Mary,female,3,3,0,probable,0,2
reddit/amitheasshole/auckbi,insulting my religious dad,You shouldn't insult your family.,loyalty-betrayal,you should not,insulting your family.,160,loyalty-betrayal,James insulted his religious dad.,James,male,Susan insulted her religious dad.,Susan,female,4,4,-2,explicit,1,5
reddit/amitheasshole/b4ejwe,not wanting my boyfriend to touch me anymore,It's wrong not to let your partner touch you.,loyalty-betrayal,it is wrong,not letting your partner touch you.,161,loyalty-betrayal,Michael does not want his boyfriend to touch him anymore.,Michael,male,Maria does not want her boyfriend to touch her anymore.,Maria,female,1,1,0,probable,8,1
reddit/amitheasshole/apc2b5,"calling my brothers girlfriend ""miss piggy"" for eating our food after we told her not too",You should show more respect toward your family's partners.,loyalty-betrayal,you should,Showing respect towards your family's partners.,162,loyalty-betrayal,"Thomas didn't show respect toward his family's partners and called his brother's girlfriend ""Miss Piggy"" for eating their food after they told her not to.",Thomas,male,"Patricia didn't show respect toward her family's partners and called her brother's girlfriend ""Miss Piggy"" for eating their food after they told her not to.",Patricia,female,2,3,1,explicit-no,7,9
reddit/amitheasshole/a9j1tc,logging into ex's snapchat to find out she (might have) cheated,It's wrong to snoop around in other people's things.,loyalty-betrayal,it is wrong,snooping around in other people's things.,163,loyalty-betrayal,Charles logged into his ex-girlfriend's Snapchat and found out that she might have cheated. ,Charles,male,Maria logged into her ex-boyfriend's Snapchat and found out that he might have cheated. ,Maria,female,3,3,-1,explicit,3,0
reddit/amitheasshole/b4oujl,not wanting to reconcile with an old friend,It's bad to hold onto grudges with your friends for too long.,loyalty-betrayal,it is bad,holding onto grudges with your friends for too long.,164,loyalty-betrayal,James held onto grudges with his friend for too long and did not want to reconcile with him.,James,male,Karen held onto grudges with her friend for too long and did not want to reconcile with her.,Karen,female,3,3,-1,probable,1,5
reddit/amitheasshole/as2vom,avoiding my mams boyfriend,You shouldn't avoid your parent's significant other.,loyalty-betrayal,should not,avoiding your parent's significant other.,165,loyalty-betrayal,John avoids his mom's boyfriend.,John,male,Linda avoids her mom's boyfriend.,Linda,female,3,3,-1,explicit,4,7
reddit/amitheasshole/ausgxf,expecting my boyfriend to watch a tv show with me,It's wrong to expect your partner to do things with you all the time.,loyalty-betrayal,it is wrong,expecting your partner to do things with you all the time.,166,loyalty-betrayal,Richard expects his girlfriend to watch a TV show with him because he expects her to do things with him all the time.,Richard,male,Maria expects her boyfriend to watch a TV show with her because she expects him to do things with her all the time.,Maria,female,2,2,1,probable,0,2
reddit/amitheasshole/a447d1,lying to my friends constantly,Honesty is important in friendships.,loyalty-betrayal,important,being honest in friendships,167,loyalty-betrayal,William lies to his friends constantly.,William,male,Barbara lies to her friends constantly.,Barbara,female,3,3,1,explicit-no,6,3
reddit/amitheasshole/al1pi0,not telling my girlfriend the name of an old friend,You shouldn't hide things from your partner.,loyalty-betrayal,you should not,hiding things from your partner.,168,loyalty-betrayal,Mark hid things from his partner by not telling her the name of an old friend.,Mark,male,Susan hid things from her partner by not telling him the name of an old friend.,Susan,female,4,4,-2,explicit,5,-1
reddit/amitheasshole/a6ltq4,telling my wife to shush when she was laughing loudly,You shouldn't tell your spouse to stop laughing when they are having fun.,loyalty-betrayal,you should not,Telling your spouse to stop laughing when they are having fun.,169,loyalty-betrayal,Robert told his wife to shush when she was laughing loudly.,Robert,male,Elizabeth told her husband to shush when he was laughing loudly.,Elizabeth,female,3,3,-1,explicit,-1,-1
reddit/amitheasshole/9xiga2,not wanting to go to a surprise engagement party 8 hours away,Supporting your friends in their important moments is the sign of a true friend.,loyalty-betrayal,is good,Supporting your friends in their important moments,170,loyalty-betrayal,John does not want to go to a surprise engagement party 8 hours away and support his friend in his important moments.,John,male,Karen does not want to go to a surprise engagement party 8 hours away and support her friend in her important moments.,Karen,female,4,4,1,explicit-no,4,7
reddit/amitheasshole/aor2lv,not buying one of my closer friends a real birthday present,You should buy gifts for your friends.,loyalty-betrayal,you should,buying gifts for your friends.,171,loyalty-betrayal,Richard did not buy his close friend a real birthday gift.,Richard,male,Lisa did not buy her close friend a real birthday gift.,Lisa,female,2,2,1,explicit-no,5,8
reddit/amitheasshole/ba9cc7,supposedly ruining my girlfriends big moment after she received a prestigious scholarship,It's expected that you be happy for your significant other when they do something good.,loyalty-betrayal,it is expected,being happy for your significant other when they do something good.,172,loyalty-betrayal,Robert wasn't happy for his girlfriend and supposedly ruined her big moment after she received a prestigious scholarship.,Robert,male,Jennifer wasn't happy for her boyfriend and supposedly ruined his big moment after he received a prestigious scholarship.,Jennifer,female,4,4,1,hypothetical,0,2
reddit/amitheasshole/ay6qms,"wanting my husband to drop his ""best friend""",It's expected that you will not interfere with your partner's friendships.,loyalty-betrayal,expected you will,not interfering with your partner's friendships.,173,loyalty-betrayal,William wants his wife to drop her best friend.,William,male,Mary wants her husband to drop his best friend.,Mary,female,4,4,1,probable-no,6,3
reddit/amitheasshole/b7iy5a,overriding my husband and not letting BILs dog stay at our place,It's not okay to not help out family when they need it.,loyalty-betrayal,it is not okay,not helping out family when they need it.,174,loyalty-betrayal,"Michael didn't help out the family when they needed it, as he overrode his wife and didn't let his brother-in-law's dog stay at their place.  ",Michael,male,"Patricia didn't help out the family when they needed it, as she overrode her husband and didn't let her brother-in-law's dog stay at their place.",Patricia,female,3,3,-1,explicit,8,1
reddit/amitheasshole/ag3zd6,wanting my friend to stop being friends with another person,It is wrong to be jealous of your friend for having other friends.,loyalty-betrayal,it is wrong,being jealous of your friend for having other friends.,175,loyalty-betrayal,"John is jealous of his friend for having other friends, and he wants him to stop being friends with another person.",John,male,"Susan is jealous of her friend for having other friends, and she wants her to stop being friends with another person.",Susan,female,3,3,-1,explicit,4,7
reddit/amitheasshole/auc2gx,inviting my ex-wife to my birthday party,It can be inappropriate to invite an ex-wife to a social gathering.,loyalty-betrayal,it can be inappropriate,inviting an ex-wife to a social gathering.,176,loyalty-betrayal,Charles invited his ex-wife to his birthday party.,Charles,male,Linda invited her ex-husband to her birthday party.,Linda,female,3,2,0,explicit,3,0
reddit/amitheasshole/andd11,being angry about my boyfriend going on an overseas holiday,You shouldn't expect your significant other's life to revolve around you.,loyalty-betrayal,you should not,expecting your significant other's life to revolve around you.,177,loyalty-betrayal,"John expects his partner's life to revolve around him, and he is angry that she is going on an overseas holiday.",John,male,"Barbara expects her partner's life to revolve around her, and she is angry that he is going on an overseas holiday.",Barbara,female,3,3,-1,hypothetical,4,7
reddit/amitheasshole/arw1a7,cleaning out mum's pantry,You shouldn't throw away someone's things without their permission.,loyalty-betrayal,you should not,throwing away someone's things without their permission.,178,loyalty-betrayal,David cleaned out his mom's pantry without her permission.,David,male,Karen cleaned out her mom's pantry without permission.,Karen,female,4,4,-2,probable,-1,-1
reddit/amitheasshole/9y9hxg,getting in a fight with my dad,It's wrong to disrespect the people who raised you.,loyalty-betrayal,it is wrong,disrespecting the people who raised you.,179,loyalty-betrayal,Michael got in a fight with his dad and disrespected him.,Michael,male,Jennifer got in a fight with her dad and disrespected him.,Jennifer,female,3,3,-1,explicit,8,1
reddit/amitheasshole/ak9gsa,leaving my friends to hang out with my girlfriend,It's rude to ditch your friends just because you decided you want to do something else.,loyalty-betrayal,it is rude,ditching your friends just because you decided you want to do something else.,180,loyalty-betrayal,Mark ditched his friends to hang out with his girlfriend.,Mark,male,Karen ditched her friends to hang out with her boyfriend.,Karen,female,3,3,-1,explicit,2,6
reddit/amitheasshole/b3ucsp,not telling my wife I had a second child through sperm donation after she gave me a hard time about the first donorkid,It's wrong to keep secrets from your significant other.,loyalty-betrayal,it is wrong,keeping secrets from your significant other.,181,loyalty-betrayal,Richard is keeping a secret from his wife; he didn't tell her that he had a second child through sperm donation after she gave him a hard time about the first donor kid.,Richard,male,Patricia is keeping a secret from her husband; she didn't tell him that she had a second child through egg donation after he gave her a hard time about the first donor kid.,Patricia,female,4,4,-2,explicit,0,2
reddit/amitheasshole/ac3k08,telling my cousin her crappy job serving gelato is getting her nowhere,You should support your family members in what they do,loyalty-betrayal,should,supporting your family members in what they do,182,loyalty-betrayal,"William is not supporting his cousin, as he told her that her crappy gelato-serving job is not getting her anywhere.",William,male,"Barbara is not supporting her cousin, as she told her that her crappy gelato-serving job is not getting her anywhere.",Barbara,female,3,3,1,probable-no,6,3
reddit/amitheasshole/b20f3q,not wanting to print stuff for my coworkers,You should always help out your coworkers.,loyalty-betrayal,you should,helping out your coworkers.,183,loyalty-betrayal,Mark doesn't want to help out his coworkers as he doesn't want to print things for them.,Mark,male,Jennifer doesn't want to help out her coworkers as she doesn't want to print things for them.,Jennifer,female,3,3,1,probable-no,5,8
reddit/amitheasshole/b9quof,reporting someone for cheating,It is good to report any cheating that you see.,fairness-cheating,good,reporting any cheating that you see.	,184,fairness-cheating,John reported someone for cheating.,John,male,Barbara reported someone for cheating.,Barbara,female,4,4,1,explicit,4,7
reddit/amitheasshole/b730h6,keeping in touch/talking with other male friends while being in a relationship,"When you are in a relationship, it is wrong to maintain friendships with single people of the same gender as your partner.",fairness-cheating,it is wrong,maintaining friendships with single people of the same gender as your partner when you are in a relationship.,185,fairness-cheating,Thomas kept in touch with his female friends while being in a relationship.,Thomas,male,Susan kept in touch with her male friends while being in a relationship.,Susan,female,1,1,1,explicit,7,9
reddit/amitheasshole/a9vdwy,"telling my Girlfriends daughter, that her dad kinda sucks because he and his new family went to Disneyland without her",It's expected that you'll bring all of your children to Disneyland.,fairness-cheating,it is expected,bringing all of your children to Disneyland.,186,fairness-cheating,Charles is bringing his new family to Disneyland but excluding the child from his previous marriage.,Charles,male,Linda is bringing her new family to Disneyland but excluding the child from her previous marriage.,Linda,female,1,3,1,explicit-no,3,0
reddit/confessions/bk0kt5,"I've been replacing my wife's ""all natural"" stuff with the""poisonous"" alternatives",You shouldn't replace your partner's things.,fairness-cheating,you should not,replacing your partner's things.,187,fairness-cheating,"Richard has been replacing his wife's ""all natural"" stuff with poisonous alternatives",Richard,male,"Elizabeth has been replacing her husband's ""all natural"" stuff with poisonous alternatives",Elizabeth,female,0,0,1,probable-no,0,2
reddit/confessions/a3tjmo,I regularly give people misinforamtion to teach them to listen clearly,You shouldn't misinform people.,fairness-cheating,should not,misinforming people	,188,fairness-cheating,Charles regularly gives people misinformation to teach them to listen clearly.,Charles,male,Lisa regularly gives people misinformation to teach them to listen clearly.,Lisa,female,3,3,-2,explicit,3,0
reddit/confessions/bwvg3u,Just signed a month contract that I'm probably going to dump at the end of the week,You don't have to finish any contract that you don't want to finish.,fairness-cheating,do not have to,finishing any contract that you don't want to finish.,189,fairness-cheating,John signed a contract that he didn't expect to finish.,John,male,Elizabeth signed a contract that she didn't expect to finish.,Elizabeth,female,1,1,1,probable-no,4,7
reddit/confessions/bcn7yt,"I Fake illness a lot, Because im a slacker",You shouldn't be a slacker.,fairness-cheating,should not,being a slacker.,190,fairness-cheating,William fakes illness a lot.,William,male,Linda fakes illness a lot because she is a slacker.,Linda,female,4,3,-1,explicit,6,3
reddit/confessions/c2e874,"I owe more than $650,000 in Student Loans, I was told that I have the highest amount on record.",You shouldn't let students take out too much money in loans that they can never pay off.,fairness-cheating,should not,taking out too much money in student loans that you can never pay off.,191,fairness-cheating,"Robert owes over $650,000 in student loans and cannot pay off.",Robert,male,"Karen owes over $650,000 in student loans and cannot pay off.",Karen,female,2,3,1,probable,5,8
dearabby/title/dearabby_2016_4_3_1_odor-lingers-long-after-smokers-return,Odor Lingers Long After Smokers Return Books to Library,You shouldn't return damaged books to the library.,fairness-cheating,should not,returning damaged books to the library.,192,fairness-cheating,James is a smoker and the odor lingers on his book long after he returns it to the library.,James,male,Elizabeth is a smoker and the odor lingers on her book long after she returns it to the library.,Elizabeth,female,0,0,2,explicit,1,5
rocstories/ec67a796-0b6a-4fb8-933f-bb85bc979308/sentence7,Her Dad decided to use her recipe and start a business.,You should ask permission before you use your child's recipe for profit.,fairness-cheating,should,asking permission before you use your child's recipe for profit.,193,fairness-cheating,"William's dad decided to use William's recipe and start a business, even though he did not ask for permission first.",William's dad,male,"Maria's mom decided to use Maria's recipe and start a business, even though she did not ask for permission first.",Maria's mom,female,1,3,1,hypothetical,6,3
reddit/confessions/aka3i8,I'm toxic and manipulative and I cant change.,It's bad to manipulate others.,fairness-cheating,it is bad,manipulating others.,194,fairness-cheating,Richard manipulates others.,Richard,male,Karen manipulates others.,Karen,female,4,4,-1,explicit,0,2
reddit/amitheasshole/9yibqj,giving my Uber driver an one star,You should live a bad review if the service is bad.,fairness-cheating,should,leaving a bad review when the service is bad.,195,fairness-cheating,Charles leaves his Uber driver a one star because the service is bad.,Charles,male,Maria leaves her Uber driver a one star because the service is bad.,Maria,female,3,3,0,explicit,3,0
reddit/amitheasshole/a48q5n,believing we need cancer and disease to control population,It's wrong to have an offensive belief.,fairness-cheating,it is wrong,having an offensive belief.,196,fairness-cheating,Mark has an offensive belief that we need cancer and disease to control population.,Mark,male,Patricia has an offensive belief that we need cancer and disease to control population.,Patricia,female,2,3,-2,explicit,2,6
reddit/amitheasshole/b3q88g,asking my neighbor to clean up their yard before we put our house on the market,You have no right to tell a neighbor how to keep their property.,fairness-cheating,should not,telling a neighbor how to keep their property.,197,fairness-cheating,James asks his neighbor to clean up their yard before he puts his house on the market.,James,male,Maria asks her neighbor to clean up their yard before she puts her house on the market.,Maria,female,3,3,-1,explicit,1,5
reddit/amitheasshole/aomz1n,not wanting to be friends with my ex and his girlfriend,It's ok to completely cut an ex out of your life.,fairness-cheating,it is ok,completely cutting an ex out of your life.,198,fairness-cheating,James does not want to be friends with his ex and her boyfriend and completely cuts his ex out of his life.,James,male,Susan does not want to be friends with her ex and his girlfriend and completely cuts her ex out of her  life.,Susan,female,3,3,0,explicit,1,5
reddit/amitheasshole/b94gsq,ruining (not on purpose) my sister's marriage,You shouldn't get involved in the marriages of your family members.,fairness-cheating,should not,getting involved in the marriages of your family members.,199,fairness-cheating,William ruined his sister's marriage unintentionally.,William,male,Maria ruined her sister's marriage unintentionally.,Maria,female,3,3,-1,explicit,6,3
reddit/confessions/ak93lv,I still have romantic feelings for a married friend...,It's good to avoid someone you have developed romantic feelings for when they are married.,fairness-cheating,it is good,avoiding someone you have developed romantic feelings for when they are married.,200,fairness-cheating,Robert still has romantic feelings for a married friend.,Robert,male,Karen still has romantic feelings for a married friend.,Karen,female,4,4,2,hypothetical,0,2
reddit/confessions/a3bb30,I've faked a medical condition ever since I was 8 years old and gotten away with it,It's rude to mislead people about your health.,fairness-cheating,it is rude,misleading people about your health.,201,fairness-cheating,Charles has been faking a medical condition and misleading people about his health since he was 8 years old.,Charles,male,Linda has been faking a medical condition and misleading people about her health since she was 8 years old.,Linda,female,4,4,-1,hypothetical,3,0
reddit/confessions/ahfpy9,I lost my mom's wedding ring,It is inconsiderate to lose a persons valuable property.,fairness-cheating,it is inconsiderate,losing a persons valuable property.,202,fairness-cheating,Robert lost his mom's wedding ring.,Robert,male,Jennifer lost her mom's wedding ring.,Jennifer,female,4,4,-1,explicit,0,2
reddit/amitheasshole/atkv9q,not passing my savings on to my friends for our annual trip,It's rude to try to make money off your friends.,fairness-cheating,it is rude,trying to make money off your friends.,203,fairness-cheating,Michael tries to make money off his friends.,Michael,male,Susan tries to make money off her friends.,Susan,female,3,3,-2,hypothetical,8,1
reddit/confessions/c6thsq,I only date men for their money,You should learn to like other things about people other than their money.,fairness-cheating,should,learning to like other things about people other than their money.,204,fairness-cheating,Mark only dates women for their money.,Mark,male,Patricia only dates men for their money.,Patricia,female,4,4,2,probable-no,2,6
reddit/confessions/8sy7za,I hate myself and everyone else.,It's considered juvenile to hate people without a good reason.,fairness-cheating,it is considered juvenile,hating people without a good reason.,205,fairness-cheating,Robert hates himself and everyone else for no reason.,Robert,male,Lisa hates herself and everyone else for no reason.,Lisa,female,3,3,-1,probable,0,2
reddit/amitheasshole/b8ew44,staying @ bros apartment for the night and he says his booty call is coming over. I tell him no,You shouldn't let friends stay over at your place unexpectedly.,fairness-cheating,should not,letting friends stay over at your place unexpectedly.,206,fairness-cheating,Mark had his booty call coming over when his brother was staying at his apartment for the night.,Mark,male,Jennifer had her booty call coming over when her sister was staying at her apartment for the night.,Jennifer,female,2,2,0,probable,2,6
reddit/confessions/bs38x1,Extra time at lunch,You shouldn't take advantage of coworkers by expecting them to cover for you,fairness-cheating,should not,taking advantage of coworkers by expecting them to cover for you,207,fairness-cheating,Richard takes advantage of coworkers by expecting them to cover for him,Richard,male,Maria takes advantage of coworkers by expecting them to cover for her,Maria,female,3,3,-1,hypothetical,0,2
reddit/amitheasshole/au8f07,recovering photos off a broken drive without first telling the customer the price first,It's wrong to force a customer to pay for something they didn't ask for.,fairness-cheating,wrong,forcing a customer to pay for something they didn't ask for.,208,fairness-cheating,Robert recovered photos from a broken drive without telling the customer the price first and forced him to pay for it.,Robert,male,Mary recovered photos from a broken drive without telling the customer the price first and forced him to pay for it.,Mary,female,4,4,-2,hypothetical,6,-1
reddit/confessions/7y54a0,I stole my mom's money. Now I'm feeling so messed up. I'm such a bad person.,It's wrong to steal money.,fairness-cheating,it is wrong,stealing money.,209,fairness-cheating,James stole his mom's money.,James,male,Karen stole her mom's money.,Karen,female,3,3,-2,explicit,1,5
reddit/amitheasshole/aljrll,asking my roommate not to have people over late at night,You should respect your roommate's wishes when it comes to the house rules.,fairness-cheating,should,respecting your roommate's wishes when it comes to the house rules.,210,fairness-cheating,Robert has people over late at night although he has a roommate.,Robert,male,Karen has people over late at night although she has a roommate.,Karen,female,4,3,1,hypothetical,0,2
reddit/confessions/a3625l,I just read through my girlfriends messages,It's rude to infringe on another person's privacy.,fairness-cheating,it is rude,infringing on another person's privacy.,211,fairness-cheating,Richard infringed on his girlfriend's privacy by reading through all her messages.,Richard,male,Barbara infringed on her boyfriend's privacy by reading through all his messages.,Barbara,female,4,4,-2,explicit,0,2
reddit/confessions/dw2it0,Hopefully I can get an honest opinion from a female.,It's not okay to be gender bias.,fairness-cheating,it is not okay,being gender bias.,212,fairness-cheating,Charles has bias against females.,Charles,male,Susan has bias against males.,Susan,female,3,3,-2,explicit,3,0
reddit/amitheasshole/awkam2,accepting money from a guy I have no interest in,You shouldn't accept money from someone you don't want to date.,fairness-cheating,should not,accepting money from someone you don't want to date.,213,fairness-cheating,William accepted money from a woman that he does not want to date.,William,male,Jennifer accepted money from a man that she does not want to date.,Jennifer,female,3,3,-1,probable,6,3
dearabby/title/dearabby_2014_2_24_1_shopper-is-peeved-by-parents-let,Shopper Is Peeved By Parents' Let Kids Chew On Merchandise,You shouldn't let your kids damage store merchandise.,fairness-cheating,you should not,letting your kids damage store merchandise.,214,fairness-cheating,Richard let his kids chew on store merchandise.,Richard,male,Maria let her kids chew on store merchandise.,Maria,female,4,4,-2,explicit,0,2
reddit/confessions/9psw0p,"I'm a sports parent. I dislike most sports parents and I'm over pretending I like them, but....","It's hypocritical to dislike others for being what you, yourself, also are.",fairness-cheating,it is hypocritical,"disliking others for being what you, yourself, also are.",215,fairness-cheating,"Richard, a sports parent, dislikes other sports parents while pretending that he likes them.",Richard,male,"Linda, a sports parent, dislikes other sports parents while pretending that she likes them.",Linda,female,3,3,-1,explicit,0,2
reddit/confessions/ezgwcn,"When in secondary school, I stole year 11 students BTEC course work and destroyed it",It's putrid to destroy someone else's hard work.,fairness-cheating,it is putrid,destroying someone else's hard work,216,fairness-cheating,"When in secondary school, Mark stole other students' coursework and destroyed them",Mark,male,"When in secondary school, Patricia stole other students' coursework and destroyed them",Patricia,female,3,3,-2,explicit,2,6
dearabby/title/dearabby_2002_9_10_0_freeloading-neighbor-may-be-seeking-cup,Freeloading Neighbor May Be Seeking Cup of Kindness,You shouldn't let your neighbors take advantage of you.,fairness-cheating,should not,letting your neighbors take advantage of you.,217,fairness-cheating,Richard lets his neighbors take advantage of him.,Richard,male,Susan lets her neighbors take advantage of her.,Susan,female,3,3,-1,probable,0,2
reddit/confessions/ejbbhi,I didn't get anything for my SS Giftee,It's wrong to not do your fair share in life.,fairness-cheating,it is wrong,not doing your fair share in life.,218,fairness-cheating,James didn't do his fair share as he didn't get anything for his secret santa giftee.,James,male,Mary didn't do her fair share as she didn't get anything for her secret santa giftee.,Mary,female,3,3,-1,explicit,1,5
reddit/confessions/99kqhc,Jews Shouldn’t Have The Right To Vote,It's wrong to say racist things.,fairness-cheating,wrong,saying racist things.,219,fairness-cheating,Charles says racist things such as jews shouldn't have the right to vote.,Charles,male,Patricia says racist things such as jews shouldn't have the right to vote.,Patricia,female,4,4,-1,explicit,3,0
reddit/amitheasshole/av3jsx,pulling my work from a project last minute and screwing the team over,It's expected that you contribute your work to a group project.,fairness-cheating,it is expected,contribute your work to a group project,220,fairness-cheating,David pulled his work from a project last minute and screwed the team over.,David,male,Mary pulled her work from a project last minute and screwed the team over.,Mary,female,4,4,1,explicit-no,9,4
reddit/amitheasshole/b4xqkb,intentionally deflating a child's ball,It's bad and maybe illegal to destroy other people's possessions.,fairness-cheating,it is bad and maybe illegal,deflating a child's ball,221,fairness-cheating,Michael intentionally deflated a child's ball,Michael,male,Susan intentionally deflated a child's ball,Susan,female,4,3,-2,probable,8,1
eddit/amitheasshole/b2pkm6,locking my neighbor's bike after they effectively blocked mine from getting out,You shouldn't lock up someone else's property.,fairness-cheating,should not,lock up someone else's property,222,fairness-cheating,James locked his neighbor's bike after they blocked his from getting out,James,male,Jennifer locked her neighbor's bike after they blocked hers from getting out,Jennifer,female,3,3,0,explicit,1,5
reddit/amitheasshole/b7wfmv,using my twin sister's pic on Tinder,You shouldn't lie about your picture on dating apps.,fairness-cheating,you should not,lie about your picture on dating apps,223,fairness-cheating,Richard used his twin brother's pic on Tinder.,Richard,male,Karen used her twin sister's pic on Tinder.,Karen,female,3,3,-1,explicit,0,2
reddit/amitheasshole/aup7id,not attending the tuition lectures my parents pay for,It is wrong to waste the money of others.,fairness-cheating,it is wrong,waste the money of others,224,fairness-cheating,Robert did not attend the lectures his parents paid for and wasted their money.,Robert,male,Linda did not attend the lectures his parents paid for and wasted their money.,Linda,female,3,3,-1,explicit,5,8
reddit/amitheasshole/ba9fs8,not wanting to pay half of my son's daycare bill,It's selfish to stick the mother of your child with the full amount of the bill.,fairness-cheating,it is selfish,stick the mother of your child with the full amount of the bill,225,fairness-cheating,William does not want to pay half of his son's daycare bill and sticks the mother of his son with the full amount of the bill.,William,male,Maria does not want to pay half of her son's daycare bill and sticks the father of her son with the full amount of the bill.,Maria,female,3,3,-2,probable,6,3
reddit/amitheasshole/aue300,telling people I was black even though I'm technically not,You shouldn't try to pass for a race that you're not.,fairness-cheating,should not,try to pass for a race that you're not,226,fairness-cheating,John tells people he is black even though he's not.,John,male,Maria tells people she is black even though she's not.,Maria,female,3,3,-1,explicit,4,7
reddit/amitheasshole/a1vtu7,not paying back a friend,It's bad to not pay money you owe.,fairness-cheating,it is bad,not pay money you owe,227,fairness-cheating,John did not pay a friend back.,John,male,Linda did not pay a friend back.,Linda,female,4,4,-1,explicit,5,8
reddit/confessions/9rbnoy,I enjoy using a fake name and lying that I have a disease so people can give me attention and sympathy,You shouldn't use fake names.,fairness-cheating,you should not,use fake names,228,fairness-cheating,Richard enjoys using a fake name and lying that he has a disease so people can give him attention and sympathy.,Richard,male,Barbara enjoys using a fake name and lying that she has a disease so people can give her attention and sympathy.,Barbara,female,3,4,-1,explicit,0,2
reddit/confessions/ee9ak2,I'm probably gonna steal a tip jar tomorrow.,It's wrong to steal.,fairness-cheating,wrong,stealing,229,fairness-cheating,Mark is going to steal a tip jar tomorrow.,Mark,male,Lisa is going to steal a tip jar tomorrow.,Lisa,female,3,3,-2,hypothetical,2,6
reddit/confessions/a14tet,I‘m employed in full time job where I actually work only 4 hours a day,It's wrong to only work part of the hours you're supposed to at your job.,fairness-cheating,it is wrong,work part of the hours you're supposed to at your job,230,fairness-cheating,James is employed in a full-time job but only actually works 4 hours a day.,James,male,Mary is employed in a full-time job but only actually works 4 hours a day.,Mary,female,3,3,-2,explicit,1,5
reddit/confessions/ck3sjk,I have a secret relationship with my cousins childhood friend,It is wrong to date your cousins childhood best friend if they are in another relationship.,fairness-cheating,it is wrong,date your cousins childhood best friend if they are in another relationship,231,fairness-cheating,"John has a secret relationship with his cousin's childhood friend, who is in another relationship.",John,male,"Elizabeth has a secret relationship with her cousin's childhood friend, who is in another relationship.",Elizabeth,female,3,3,-1,explicit,4,7
reddit/confessions/2d9i3y,I cheated on my boyfriend.,Is normal for relationships to be monogamous,fairness-cheating,it is normal for relationships,have monogamous relationships,232,fairness-cheating,Richard cheated on his girlfriend.,Richard,male,Karen cheated on her boyfriend.,Karen,female,3,3,0,explicit-no,0,2
reddit/confessions/al0n7t,Our parents don’t know that the wedding was fake,You shouldn't have a fake wedding.,fairness-cheating,you should not,have a fake wedding,233,fairness-cheating,"Charles had a fake wedding, and his parents didn't know it was fake.",Charles,male,"Patricia had a fake wedding, and her parents didn't know it was fake.",Patricia,female,3,4,-2,explicit,3,0
reddit/confessions/9crwxl,I slept with my now step cousin,You shouldn't do things that are going to disrupt your family,fairness-cheating,should not,do things that are going to disrupt your family,234,fairness-cheating,"Mark slept with his now step-cousin, which disrupted his family.",Mark,male,"Barbara slept with her now step-cousin, which disrupted her family.",Barbara,female,3,3,-1,explicit,2,6
reddit/confessions/buagh1,I plagiarized my entire final project for my computer science class.,It's wrong to plagiarize for class.,fairness-cheating,is wrong,plagiarize for class,235,fairness-cheating,David plagiarized his entire final project for his computer science class.,David,male,Lisa plagiarized her entire final project for her computer science class.,Lisa,female,4,4,-2,explicit,9,4
reddit/amitheasshole/aolx0v,excluding my friend who has Asperger's,You shouldn't discriminate against people with disabilities.,fairness-cheating,you should not,discriminating against people with disabilities.,236,fairness-cheating,Robert discriminated against people with disabilities by excluding his friend who has Asperger's Syndrome.,Robert,male,Maria discriminated against people with disabilities by excluding her friend who has Asperger's Syndrome.,Maria,female,4,4,-1,probable,0,2
reddit/amitheasshole/ba5yf8,buying expensive antiques at a yardsale for a cheap price because the owner had no idea of its value,You shouldn't profit off the ignorance of someone else.,fairness-cheating,you should not,profiting off the ignorance of someone else.,237,fairness-cheating,"James profited from the owner's ignorance, buying expensive antiques at a yard sale for a low price because the owner had no idea of their value.",James,male,"Elizabeth profited from the owner's ignorance, buying expensive antiques at a yard sale for a low price because the owner had no idea of their value.",Elizabeth,female,3,3,-1,explicit,1,5
reddit/amitheasshole/b6mjur,not getting my friends a wedding gift,You shouldn't be stingy.,fairness-cheating,you should not,being stingy.,238,fairness-cheating,Richard did not get his friends a wedding gift.,Richard,male,Jennifer did not get her friends a wedding gift.,Jennifer,female,4,4,-1,explicit,5,8
reddit/amitheasshole/ayt4mg,watching Captain Marvel but with a movie ticket for Alita,You shouldn't watch a movie without paying for it.,fairness-cheating,you should not,watching a movie without paying for it.,239,fairness-cheating,John watched Captain Marvel using a ticket he bought for Alita.,John,male,Karen watched Captain Marvel using a ticket she bought for Alita.,Karen,female,2,2,-1,explicit,4,7
reddit/amitheasshole/am4zbz,lining up at a second checkout line while my wife is already in another line,It's not okay to try and get and unfair advantage of people for what ever reason.,fairness-cheating,you should not,trying to get an unfair advantage over people for what ever reason.,240,fairness-cheating,Charles lined up at a second checkout line while his wife was already in another line.,Charles,male,Lisa lined up at a second checkout line while her husband was already in another line.,Lisa,female,4,4,-1,probable,3,0
reddit/amitheasshole/addlha,considering it my husbands fault that our finances are a mess,You shouldn't put all the blame on one person.,fairness-cheating,you should not,putting all the blame on one person.,241,fairness-cheating,Michael put all the blame on his wife for their financial problems.,Michael,male,Patricia put all the blame on her husband for their financial problems.,Patricia,female,3,3,-1,explicit,8,1
reddit/amitheasshole/9uzt3x,asking for more money after an agreement has been reached,You shouldn't be greedy.,fairness-cheating,you should not,being greedy.,242,fairness-cheating,Thomas asked for more money after an agreement had been reached.,Thomas,male,Linda asked for more money after an agreement had been reached.,Linda,female,4,4,-1,explicit,7,9
reddit/amitheasshole/9wrobq,"going ""shopping"" at the lost and found table",You shouldn't take things that aren't yours.,fairness-cheating,you should not,taking things that aren't yours.,243,fairness-cheating,"Robert went ""shopping"" at the lost and found table and took things that were not his.",Robert,male,"Susan went ""shopping"" at the lost and found table and took things that were not hers.",Susan,female,4,3,-2,explicit,0,2
reddit/amitheasshole/adwxny,"telling my roommate with 2 months notice that I'm going to move out, then after he bought a house to live in, change my mind and getting a new roommate",It's wrong to mislead someone you live with about your plans to move.,fairness-cheating,it is wrong,misleading someone you live with about your plans to move.,244,fairness-cheating,"David told his roommate that he would move out in two months, but after his roommate bought a house to live in, David changed his mind and found a new roommate, misleading him about his plans.",David,male,"Barbara told her roommate that she would move out in two months, but after her roommate bought a house to live in, Barbara changed her mind and found a new roommate, misleading her about her plans.",Barbara,female,4,4,-1,probable,9,4
reddit/amitheasshole/b5tpf0,"going to the ER , pretending to be sick , to get a doctors note for work",It is wrong to use the ER for things that are not serious.,fairness-cheating,it is wrong,using the ER for things that are not serious.,245,fairness-cheating,John went to the ER and pretended to be sick to get a doctor's note for work.,John,male,Linda went to the ER and pretended to be sick to get a doctor's note for work.,Linda,female,4,3,-1,explicit,4,7
reddit/amitheasshole/an34tc,refusing to pay rent and demanding to live for free,It's wrong to expect something for free that is usually paid for.,fairness-cheating,it is wrong,expecting something for free that is usually paid for.,246,fairness-cheating,Mark refused to pay rent and demanded to live for free.,Mark,male,Mary refused to pay rent and demanded to live for free.,Mary,female,3,3,-1,explicit,-1,6
reddit/amitheasshole/b3ekfc,being angry that my friends went on a trip without me,It's wrong to expect to be invited on every trip your friends go on.,fairness-cheating,it is wrong,Expecting to be invited on every trip your friends go on.,247,fairness-cheating,Robert expects to be invited on every trip his friends go on and is angry that his friends went on a trip without him.,Robert,male,Barbara expects to be invited on every trip her friends go on and is angry that her friends went on a trip without her.,Barbara,female,2,2,0,probable,5,-1
reddit/amitheasshole/ahrab5,cutting my daughter off financially but not my Son,It is wrong when parents do not treat their kids equally.,fairness-cheating,it is wrong,parents not treating their kids equally.,248,fairness-cheating,"Michael cut his daughter off financially but not his son, therefore not treating his kids equally.",Michael,male,"Jennifer cut her daughter off financially but not her son, therefore not treating her kids equally.",Jennifer,female,3,3,-2,probable,8,1
reddit/amitheasshole/adhufz,talking to my low income friend about being stressed about buying a house,It's wrong to compare your problems to someone who is of a different income level than you.,fairness-cheating,it is wrong,comparing your problems to someone who is of a different income level than you.,249,fairness-cheating,James talked to his low-income friend about being stressed about buying a house.,James,male,Maria talked to her low-income friend about being stressed about buying a house.,Maria,female,2,2,-1,probable,1,5
reddit/amitheasshole/aixv4f,playing white noise to sleep and bothering my neighbours,It's wrong to use white noise to sleep if it's too noisy.,fairness-cheating,it is wrong,using white noise to sleep if it's too noisy.,250,fairness-cheating,Richard played white noise to sleep and bothered his neighbors.,Richard,male,Barbara played white noise to sleep and bothered her neighbors.,Barbara,female,2,3,0,probable,0,2
reddit/amitheasshole/b0yg3v,interviewing with other companies after accepting a job offer,It's wrong to betray your workplace's trust.,fairness-cheating,it is wrong,Betraying your workplace's trust.,251,fairness-cheating,Charles interviewed with other companies after accepting a job offer.,Charles,male,Susan interviewed with other companies after accepting a job offer.,Susan,female,3,3,0,probable,3,0
reddit/amitheasshole/ad8099,using my boyfriends credit card,It is wrong to use someone else's money without permission.,fairness-cheating,it is wrong,using someone else's money without permission.,252,fairness-cheating,Thomas used his girlfriend's credit card without permission.,Thomas,male,Patricia used her boyfriend's credit card without permission.,Patricia,female,4,4,-2,explicit,7,9
reddit/amitheasshole/aaeyk9,not telling people who flirt with me I have a so,It's wrong to not tell people the truth.,fairness-cheating,it is wrong,not telling people the truth.,253,fairness-cheating,John does not tell people who flirt with him that he has a partner.,John,male,Mary does not tell people who flirt with her that she has a partner.,Mary,female,4,4,-2,explicit,5,8
reddit/amitheasshole/ao48l9,feeling superior over people who are more unfit than me at the gym,It's wrong to judge others.,fairness-cheating,it is wrong,judging others.,254,fairness-cheating,David judges others and feels superior to people who are more unfit than him at the gym.,David,male,Elizabeth judges others and feels superior to people who are more unfit than her at the gym.,Elizabeth,female,3,3,0,explicit,9,4
reddit/amitheasshole/b68rvr,trying to get a few homeless guys with REALLY bad odor kicked out of starbucks,It's wrong to harshly judge the poor.,fairness-cheating,it is wrong,harshly judging the poor.,255,fairness-cheating,Mark judged the poor harshly and tried to get a few homeless guys with bad odor to be kicked out of Starbucks.,Mark,male,Jennifer judged the poor harshly and tried to get a few homeless guys with bad odor to be kicked out of Starbucks.,Jennifer,female,3,3,-1,probable,2,6
reddit/amitheasshole/aytypf,forcefully refunding games that I then got to keep,It's wrong to cheat a store with fraudulent returns.,fairness-cheating,it is wrong,cheating a store with fraudulent returns.,256,fairness-cheating,William cheated a store with fraudulent returns by forcefully refunding games that he then got to keep.,William,male,Mary cheated a store with fraudulent returns by forcefully refunding games that she then got to keep.,Mary,female,3,3,-1,explicit,6,3
reddit/amitheasshole/aqeh48,not sharing a collaborative study guide with a classmate,It is wrong to not share something with one person that you are sharing with everyone else.,fairness-cheating,it is wrong,not sharing something with one person that you are sharing with everyone else.,257,fairness-cheating,"Thomas did not share a collaborative study guide with a classmate, which he shared with everyone else.",Thomas,male,"Maria did not share a collaborative study guide with a classmate, which she shared with everyone else.",Maria,female,3,3,-1,probable,-1,-1
reddit/amitheasshole/9yh6c9,planning a trip with my friend without another friend,It is wrong to exclude people.,fairness-cheating,it is wrong,excluding people,258,fairness-cheating,Robert planned a trip with his friend and excluded his other friend.,Robert,male,Karen planned a trip with her friend and excluded her other friend.,Karen,female,3,3,-1,probable,5,8
reddit/amitheasshole/b1n609,bankrupting my parents to study in Cambridge,It is wrong to cause your parent's financial hardship.,fairness-cheating,it is wrong,causing your parent's financial hardship.,259,fairness-cheating,James caused financial hardship for his parents by studying in Cambridge.,James,male,Lisa caused financial hardship for her parents by studying in Cambridge.,Lisa,female,3,3,-1,explicit,1,5
reddit/amitheasshole/b7fkn3,not liking a guy but not straight up telling him to leave me alone,It's wrong to lead people on,fairness-cheating,it is wrong,leading people on,260,fairness-cheating,"John didn't tell a girl to leave him alone even though he didn't like her, so he led her on.",John,male,"Patricia didn't tell a guy to leave her alone even though she didn't like him, so she led him on.",Patricia,female,4,3,-1,probable,4,7
reddit/amitheasshole/au5bc0,showing my girlfriend pictures of my exes who were way better looking than her,It is wrong to compare a current partner to an ex.,fairness-cheating,it is wrong,comparing a current partner to an ex.,261,fairness-cheating,"Robert compares his girlfriend to his exes and shows her pictures of them, who he thinks are better looking than her.",Robert,male,"Linda compares her boyfriend to her exes and shows him pictures of them, who she thinks are better looking than him.",Linda,female,3,3,-1,explicit,0,2
reddit/amitheasshole/axp3g9,helping everyone but one kid in the class with homework,It's wrong to help some people and not others.,fairness-cheating,it is wrong,helping some people and not others.,262,fairness-cheating,Richard helped everyone but one kid in the class with homework.,Richard,male,Karen helped everyone but one kid in the class with homework.,Karen,female,2,2,0,explicit,5,8
reddit/amitheasshole/arwelz,taking personal beliefs and ideology into consideration when I hire new people for my small business,It's wrong to discriminate against people while hiring.,fairness-cheating,it is wrong,discriminating against people while hiring.,263,fairness-cheating,Thomas takes personal beliefs and ideology into consideration when he hires new people for his small business.,Thomas,male,Elizabeth takes personal beliefs and ideology into consideration when she hires new people for her small business.,Elizabeth,female,3,3,-1,explicit,7,9
reddit/confessions/ctm4tz,I have an obsession with asian women.,It's wrong to be overly concerned about people's race.,fairness-cheating,it is wrong,being overly concerned about people's race.,264,fairness-cheating,Charles has an obsession with Asian women.,Charles,male,Maria has an obsession with Asian men.,Maria,female,3,3,-1,explicit,3,0
reddit/confessions/dxenr0,I like airdropping strangers constantly,It is wrong to invade other's privacy.,fairness-cheating,it is wrong,invading other's privacy.,265,fairness-cheating,David likes airdropping strangers constantly.,David,male,Mary likes airdropping strangers constantly.,Mary,female,4,4,-2,explicit,9,4
reddit/confessions/5dxl7w,I stole a microwave,It's wrong to steal things.,fairness-cheating,it is wrong,stealing things,266,fairness-cheating,William stole a microwave.,William,male,Jennifer stole a microwave.,Jennifer,female,4,4,-2,explicit,6,3
reddit/confessions/alnm08,I've scammed men online for thousands of dollars over the past several months,It's wrong to scam people.,fairness-cheating,it is wrong,scamming people.,267,fairness-cheating,Mark scammed women online for thousands of dollars over the past several months.,Mark,male,Lisa scammed men online for thousands of dollars over the past several months.,Lisa,female,4,4,-2,explicit,2,6
reddit/confessions/9rna9t,I once faked interest in a girl's foot injury just to see her feet.,It's wrong to be dishonest just to get what you want from someone.,fairness-cheating,it is wrong,being dishonest just to get what you want from someone.,268,fairness-cheating,David once faked interest in a girl's foot injury just to see her feet.,David,male,Barbara once faked interest in a guy's foot injury just to see his feet.,Barbara,female,3,3,-2,explicit,9,4
reddit/confessions/8z55ds,I tell people my parents are dead instead of the truth: That I cut all contact with them because they're awful,You shouldn't lie about whether or not your parents are alive.,fairness-cheating,you should not,lying about whether or not your parents are alive.,269,fairness-cheating,Thomas tells people his parents are dead instead of the truth - that he cut all contact with them because they're awful,Thomas,male,Patricia tells people her parents are dead instead of the truth - that she cut all contact with them because they're awful,Patricia,female,4,4,-2,explicit,7,9
reddit/confessions/a0i11c,I can't stop procrastinating my studies!,You shouldn't procrastinate at school.,fairness-cheating,you should not,procrastinating at school.,270,fairness-cheating,Richard can't stop procrastinating his studies.,Richard,male,Susan can't stop procrastinating her studies.,Susan,female,3,3,-2,explicit,0,2
rocstories/a471b6da-6ab6-403d-afdb-b291ff46e8b9/sentence2,He wasn't of age yet but he had a fake ID.,You shouldn't get a fake ID.,fairness-cheating,you should not,getting a fake ID.,271,fairness-cheating,"Charles wasn't of age yet, but he got a fake ID.",Charles,male,"Linda wasn't of age yet, but she got a fake ID.",Linda,female,3,3,-1,explicit,3,0
rocstories/61d54d53-bedb-4448-954b-234bcef61bc6/sentence1,Ed sat in the restaurant for 20 minutes waiting for his mom.,You shouldn't be late for things.,fairness-cheating,you should not,being late for things.,272,fairness-cheating,John was late and made his son wait in the restaurant for 20 minutes.,John,male,Mary was late and made her son wait in the restaurant for 20 minutes.,Mary,female,3,3,-1,explicit,4,7
reddit/amitheasshole/artrda,eating food during a five hour bus trip,It is rude to eat in a crowded area.,authority-subversion,it is rude,eating in a crowded area.,273,authority-subversion,Mark is eating during a crowded five-hour bus trip.,Mark,male,Karen is eating during a crowded five-hour bus trip.,Karen,female,1,0,0,explicit,-1,-1
reddit/amitheasshole/atnoid,dating an older woman with a daughter closer to my age than her,It's ok to be attracted to older women.,authority-subversion,it is ok,being attracted to older women.	,274,authority-subversion,James is dating an older woman with a daughter close to his age.,James,male,Jennifer is dating an older man with a daughter close to her age.,Jennifer,female,1,1,-1,explicit,1,5
rocstories/4b7cdf37-adab-4c42-a3d2-7220f513eb6a/sentence4,At the last minute Tim cancelled his plans with friends.,It can be frustrating trying to make plans for a large group of people.,authority-subversion,is frustrating,trying to make plans for a large group of people.,275,authority-subversion,Mark cancelled his plans with friends at the last minute.,Mark,male,Karen cancelled her plans with friends at the last minute.,Karen,female,3,3,0,probable,2,6
reddit/confessions/8sqt0u,"I found happiness, in a wrong way",It's wrong to do illegal things in order to find joy.,authority-subversion,It's wrong,doing illegal things in order to find joy.,276,authority-subversion,Michael did illegal things to find joy.,Michael,male,Jennifer did illegal things to find joy.,Jennifer,female,2,2,-1,probable,8,1
reddit/amitheasshole/ab338e,asking my husband's friend to stop coming to our house,You shouldn't tell your partner they can't have their friends over.,authority-subversion,shouldn't,telling your partner they can't have their friends over.,277,authority-subversion,Richard asked his wife's friend to stop coming to their house.,Richard,male,Patricia asked her husband's friend to stop coming to their house.,Patricia,female,3,3,-1,explicit,5,-1
dearabby/title/dearabby_2009_8_4_0_irate-commuters-get-an-earful-from,Irate Commuters Get an Earful From Loud Cell Phone Users,It is bad to be rude to others.,authority-subversion,It is bad to,being rude to others.,278,authority-subversion,Charles was rude to others by being a loud cell phone user on public transit.,Charles,male,Susan was rude to others by being a loud cell phone user on public transit.,Susan,female,4,4,-1,explicit,3,0
reddit/amitheasshole/a9x4b3,not letting my girlfriend being friend with my classmate,Allowing your girlfriend to make their own decisions regarding friendships is expected.,authority-subversion,is expected,Allowing your girlfriend to make their own decisions regarding friendships,279,authority-subversion,John does not let his girlfriend be friend with his classmate,John,male,Lisa does not let her boyfriend be friend with her classmate,Lisa,female,3,4,1,explicit-no,4,7
reddit/confessions/8jxdtr,I went into my dad's Facebook account while he was at work and I'll tell you why.……,You shouldn't disobey your family members.,authority-subversion,shouldn't,disobeying your family members.,280,authority-subversion,John disobeyed his dad because he went into his dad's Facebook account when he was at work.,John,male,Patricia disobeyed her dad because she went into her dad's Facebook account when he was at work.,Patricia,female,3,3,-1,probable,4,7
rocstories/f88a0251-6e2b-4324-9840-64d989b26c31/sentence4,I could tell people thought I was ineffective and unhelpful.,It's not okay to assume what other people thought.,authority-subversion,It's not okay,assuming what other people think.,281,authority-subversion,Charles assumes people think he is ineffective and unhelpful.,Charles,male,Elizabeth assumes people think she is ineffective and unhelpful.,Elizabeth,female,2,2,0,explicit,3,0
reddit/confessions/9wtou0,The one time I violated probably every food health and safety rule in the book,It is good to follow rules.,authority-subversion,good,following rules.,282,authority-subversion,Mark violated every food health and safety rule in the book.,Mark,male,Susan violated every food health and safety rule in the book.,Susan,female,3,3,1,explicit-no,-1,-1
reddit/amitheasshole/b1s12u,confronting my mother about my 12 yr old brother being given shots,You should respect your parents.,authority-subversion,should,respecting your parents.,283,authority-subversion,Thomas confronted his parents and disrespected them.,Thomas,male,Lisa confronted her parents and disrespected them.,Lisa,female,4,4,2,explicit-no,7,9
rocstories/10853abe-7e62-44f8-81b3-8686a74b9cd4/sentence3,"After a few minutes, Kenny noticed that his sister is gone.",It's rude to abandon your brother when he's supposed to be watching you.,authority-subversion,it's rude,abandoning your brother when he's supposed to be watching you.,284,authority-subversion,Richard lost his sister when he was supposed to be watching her.,Richard,male,Barbara lost her sister when she was supposed to be watching her.,Barbara,female,3,3,0,explicit,0,2
dearabby/title/dearabby_2018_4_8_2_author-is-offended-by-halfhearted-thanks,Author Is Offended by Halfhearted Thanks for Free Copies of Book,It's rude not to thank someone when they give you a free copy of their book.,authority-subversion,It's rude,not thanking someone when they give you something,285,authority-subversion,William did not thank the author after receiving a free copy of his book.,William,male,Lisa did not thank the author after receiving a free copy of his book.,Lisa,female,3,3,-1,,5,8
reddit/confessions/dc10el,I had an affair with a nun when I was 13. She seduced me in the coat closet at the school by putting her hand in my pants and using me like prayer beads.,It is bad for a teacher to be alone with a student.,authority-subversion,bad,being alone with a student as a teacher,286,authority-subversion,"Robert, a monk who taught at the school, was alone with his student Jennifer and seduced her into having an affair with him.",Robert,male,"Jennifer, a nun who taught at the school, was alone with her student Robert and seduced him into having an affair with her.",Jennifer,female,3,3,-1,probable,0,2
reddit/confessions/93meji,I hate the man that used to be my best friend. I want everyone else to hate him aswell,You shouldn't expect other people to hate people you hate.,authority-subversion,You shouldn't,expecting other people to hate people you hate.,287,authority-subversion,Charles expects other people to hate his ex best friend because he hates him.,Charles,male,Susan expects other people to hate her ex best friend because she hates her.,Susan,female,3,3,-1,explicit,3,0
reddit/confessions/b9t724,I'm downloading Chrome without any administrator permission at work.,You shouldn't download files at work that aren't allowed.,authority-subversion,You shouldn't,downloading files at work that aren't allowed,288,authority-subversion,John downloaded Chrome at work without administrator permission.,John,male,Patricia downloaded Chrome at work without administrator permission.,Patricia,female,3,3,-2,explicit,4,7
reddit/confessions/e5cowd,"I could’ve lost my virginity today if I wanted to, I didn’t, but I could have. And it feels super weird to know that lol",It's wrong to lose your virginity if you're underage.,authority-subversion,It's wrong,losing your virginity if you're underage.,289,authority-subversion,James almost lost his virginity when he was underage.,James,male,Linda almost lost her virginity when she was underage.,Linda,female,3,3,-1,explicit-no,1,5
reddit/amitheasshole/amiwu9,being mad that my girlfriend wont stay the night and take me to the airport,You shouldn't get mad that someone doesn't want to do what you want them to do.,authority-subversion,shouldn't,getting mad that someone doesn't want to do what you want them to do.,290,authority-subversion,Mark is mad at his girlfriend because she won't stay the night and take him to the airport.,Mark,male,Maria is mad at her boyfriend because he won't stay the night and take her to the airport.,Maria,female,3,3,0,explicit,2,6
dearabby/title/dearabby_1998_1_24_0_interested-supervisor-may-have-more-on,Interested Supervisor May Have More on His Mind Than Work,It is immoral for a supervisor to pursue their employees romantically.,authority-subversion,immoral,a supervisor pursuing their employees romantically.,291,authority-subversion,Richard wants to pursue his employee romantically.,Richard,male,Linda wants to pursue her employee romantically.,Linda,female,3,3,-2,probable,0,2
rocstories/58ff3bd8-a132-440f-8828-02e82f4fbe66/sentence1,I had a very political Religion teacher that I really disliked.,It's bad to teach your course while expressing your bias.,authority-subversion,It's bad,expressing your bias while teaching a course,292,authority-subversion,Mark expresses his political bias to students when he teaches a course.,Mark,male,Lisa expresses her political bias to students when she teaches a course.,Lisa,female,3,3,0,probable,2,6
dearabby/title/dearabby_2007_4_2_0_baby-boy-isnt-pretty-in-pink,Baby Boy Isn't Pretty in Pink to Some Members of Family,It's okay for boys to like things that are considered feminine.,authority-subversion,It's okay,boys liking things that are considered feminine.,293,authority-subversion,John likes things that are considered feminine.,John,male,Maria likes things that are considered masculine.,Maria,female,2,2,0,probable,4,7
reddit/amitheasshole/a3ut8e,tapping a woman on the shoulder,You shouldn't touch other people.,authority-subversion,shouldn't,touching other people.,294,authority-subversion,David tapped a woman on the sholder.,David,male,Linda tapped a man on the sholder.,Linda,female,2,2,-1,explicit,9,4
dearabby/title/dearabby_2004_7_9_0_boy-who-wears-his-hair-long,Boy Who Wears His Hair Long Tussles With Dad Who Doesn't,You shouldn't argue with your parents.,authority-subversion,You shouldn't,arguing with your parents.,295,authority-subversion,Robert argued with his parents about wearing long hair.,Robert,male,Karen argued with her parents about wearing long hair.,Karen,female,3,3,-1,explicit,0,-1
reddit/confessions/d0ajjr,I wish I could disappear and live in an island with no friends or family or responsibilities.,You're expected to fulfill your responsibilities no matter how much you'd rather now.,authority-subversion,it's expected,fulfilling your responsibilities no matter how much you'd rather not,296,authority-subversion,Michael wishes he could disappear and live on an island with no responsibilities.,Michael,male,Barbara wishes she could disappear and live on an island with no responsibilities.,Barbara,female,3,3,1,hypothetical,8,1
dearabby/title/dearabby_2013_11_27_1_fending-off-the-advances-of-a,Fending Off The Advances Of A Married Superior,It's inappropriate to make passes at an underling.,authority-subversion,it's nappropriate,making passes at an underling.,297,authority-subversion,Thomas made advances toward his employee even though he is married.,Thomas,male,Barbara made advances toward her employee even though she is married.,Barbara,female,4,4,-2,explicit,7,9
reddit/amitheasshole/b1yvq5,going off on a manager who isn't doing his job,It is bad to lose your temper in a professional setting.,authority-subversion,It is bad,losing your temper in a professional setting.,298,authority-subversion,Thomas lost his temper at work and went off on a manager who wasn't doing his job.,Thomas,male,Linda lost her temper at work and went off on a manager who wasn't doing his job.,Linda,female,4,4,-2,explicit,7,9
dearabby/title/dearabby_2003_9_27_0_at-home-college-student-bids-to,At Home College Student Bids to Lift Her Weekend Curfew,It's expected that you obey your parents rules at home,authority-subversion,It's expected,obeying your parents rules at home,299,authority-subversion,"William, an at-home college student, bids to lift his weekend curfew and does not want to obey his parents' rules.",William,male,"Maria, an at-home college student, bids to lift her weekend curfew and does not want to obey her parents' rules.",Maria,female,3,3,1,hypothetical,6,3
reddit/amitheasshole/ah298q,evicting my tenant when he complained about the noise my dog makes,It is wrong to abuse your power over other people.,authority-subversion,it's wrong,abusing your power over other people.,300,authority-subversion,Richard evicted his tenant when the tenant complained about the noise his dog made.,Richard,male,Patricia evicted her tenant when the tenant complained about the noise her dog made.,Patricia,female,4,4,-2,explicit,0,2
dearabby/title/dearabby_2009_9_20_0_daughter-is-reluctant-to-be-divorcing,Daughter Is Reluctant to Be Divorcing Mom's Confidante,It's wrong to dump all your problems on your young child,authority-subversion,it's wrong,dumping all your problems on your young child,301,authority-subversion,James dumped all his problems on his young child when he was going through a divorce.,James,male,Linda dumped all her problems on her young child when she was going through a divorce.,Linda,female,3,3,-2,probable,1,5
reddit/confessions/ccfwdv,I like like my teachers,It's wrong for teachers to be sexually involved with their students.,authority-subversion,it's wrong,teachers being sexually involved with their students.,302,authority-subversion,Richard is sexually involved with his student.,Richard,male,Patricia is sexually involved with her student.,Patricia,female,4,4,-2,probable-no,0,2
reddit/amitheasshole/b213jo,thinking my parents are robbing me,You should trust your parents more.,authority-subversion,you should,trusting your parents,303,authority-subversion,James does not trust his parents and thinks they are robbing him.,James,male,Barbara does not trust her parents and thinks they are robbing her.,Barbara,female,3,3,1,explicit-no,1,5
rocstories/6ce4c736-a4c3-4d48-8113-5889d6a9a079/sentence2,She had it almost done when she realized she had no crust.,It's smart to be organized to prevent your work from ending in failure.,authority-subversion,It's smart,being organized to prevent your work from ending in failure.,304,authority-subversion,William wasn't organized enough and didn't realize he had no crust until he was almost done.,William,male,Karen wasn't organized enough and didn't realize she had no crust until she was almost done.,Karen,female,3,3,0,explicit-no,6,3
reddit/confessions/b3okxx,I very often turn up late for work - but don't work that extra hour to make up for it,You shouldn't turn up late to work.,authority-subversion,You shouldn't,turning up late to work.,305,authority-subversion,Thomas often turns up late for work and doesn't want to work extra hours to make up for it.,Thomas,male,Linda often turns up late for work and doesn't want to work extra hours to make up for it.,Linda,female,3,3,-2,explicit,7,9
reddit/amitheasshole/b8ngkx,not wanting to get my wife's DOB tattooed on me along with our daughters and my parents,It's your choice what you decide to put on your body.,authority-subversion,It's your choice,deciding what to put on your body.,306,authority-subversion,Thomas doesn't want to get his wife's DOB tattooed on him along with his kids and parents,Thomas,male,Jennifer doesn't want to get her husband's DOB tattooed on her along with her kids and parents,Jennifer,female,4,4,1,hypothetical,7,9
reddit/amitheasshole/arwvcn,cutting my dad's family out of my life,It's not okay to do things that disrespect your parents.,authority-subversion,It's not okay,doing things that disrespect your parents.,307,authority-subversion,James disrespects his dad by cutting his dad's family out of his life.,James,male,Karen disrespects her dad by cutting his family out of her life.,Karen,female,3,3,-1,explicit,1,5
dearabby/title/dearabby_2006_10_7_0_restaurant-hostess-and-manager-give-customer,Restaurant Hostess and Manager Give Customer Double Trouble,It's expected that employee's help customers.,authority-subversion,It's expected,employee's helping customers.,308,authority-subversion,Richard works at a restaurant and does not help his customers.,Richard,male,Elizabeth works at a restaurant and does not help her customers.,Elizabeth,female,3,3,1,hypothetical,5,8
reddit/confessions/byol5j,"I put a wax melter because it smells really good, but I keep putting my fingers in the wax because it kind of turns me on when I get burnt by it.",It's fine to engage in any acts that you find pleasurable.,authority-subversion,it's fine,engaging in any acts that you find pleasurable.,309,authority-subversion,Mark keeps putting his fingers in wax because it turns him on when he's burned by it.,Mark,male,Karen keeps putting her fingers in wax because it turns her on when she's burned by it.,Karen,female,2,2,0,explicit,2,6
dearabby/title/dearabby_2007_2_4_0_mother-fears-binge-drinking-daughter-will,Mother Fears Binge Drinking Daughter Will Stray at School,It's wrong to let drinking interfere with school.,authority-subversion,it's wrong,letting drinking interfere with school,310,authority-subversion,Mark let binge drinking interfere with his school performance.,Mark,male,Mary let binge drinking interfere with her school performance.,Mary,female,4,4,-2,hypothetical,2,6
dearabby/title/dearabby_2013_7_18_2_family-had-strict-schedule-for-writing,Family Had Strict Schedule For Writing Thank-You Notes,It's normal for families to have rules,authority-subversion,it is normal,families having rules,311,authority-subversion,Robert's family has strict rules about writing thank you notes.,Robert's family,male,Karen's family has strict rules about writing thank you notes.,Karen's family,female,3,3,2,explicit,5,-1
reddit/amitheasshole/a54okg,telling my gf to leave her friend at a hotel/casino,You shouldn't tell your partner what to do.,authority-subversion,you should not,telling your partner what to do.,312,authority-subversion,Richard told his girlfriend to leave her friend at a casino.,Richard,male,Linda told her boyfriend to leave his friend at a casino.,Linda,female,3,3,0,explicit,5,8
reddit/amitheasshole/afozxw,leaving work early on my last day to watch football,You shouldn't put sports above your work.,authority-subversion,you should not,putting sports above your work.,313,authority-subversion,John put sports above his work and left work early on his last day to watch football.,John,male,Patricia put sports above her work and left work early on her last day to watch football.,Patricia,female,3,3,-1,explicit,-1,-1
reddit/amitheasshole/avhe8x,being sarcastic to my class monitor,You shouldn't use humor as a way to hurt other people,authority-subversion,you should not,using humor as a way to hurt other people,314,authority-subversion,David was being sarcastic to his class monitor and used humor as a way to hurt other people.,David,male,Jennifer was being sarcastic to her class monitor and used humor as a way to hurt other people.,Jennifer,female,2,3,-1,probable,9,4
reddit/amitheasshole/b6u8t6,calling my best friend out when he gets demanding or gives me crap that isn't warranted in my opinion,You shouldn't get too demanding with your friends.,authority-subversion,you should not,getting too demanding with your friends.,315,authority-subversion,Thomas was getting too demanding with his friends.,Thomas,male,Barbara was getting too demanding with her friends.,Barbara,female,3,3,-1,explicit,7,9
reddit/amitheasshole/b8s7ev,telling my husband he should stop sleeping with a teddy bear,You shouldn't tell your husband what to do.,authority-subversion,you should not,telling your husband what to do.,316,authority-subversion,Robert told his wife that she should stop sleeping with a teddy bear.,Robert,male,Susan told her husband that he should stop sleeping with a teddy bear.,Susan,female,3,3,-1,explicit,-1,-1
reddit/amitheasshole/adrfp7,getting mad at my dad for locking me outside,You shouldn't lock your children out of the house,authority-subversion,you should not,locking your children out of the house,317,authority-subversion,James locked his children out of the house.,James,male,Karen locked her children out of the house.,Karen,female,3,3,-1,explicit,1,5
reddit/amitheasshole/b2bqx9,insisting that my boyfriend's house is redone in certain ways,You shouldn't insist that your partner have their house redone a certain way.,authority-subversion,you should not,insisting that your partner have their house redone a certain way.,318,authority-subversion,Charles insisted that his partner redo her house in a certain way.,Charles,male,Mary insisted that her partner redo his house in a certain way.,Mary,female,2,2,0,explicit,3,0
reddit/amitheasshole/a6awsr,telling my friend that her contracting HIV was a punishment for her sins,You shouldn't use your belief in a higher power as a justification to cause pain to others,authority-subversion,you should not,using your belief in a higher power as a justification to cause pain to others,319,authority-subversion,"Michael told his friend that contracting HIV was a punishment for his sins, and used his belief in a higher power to justify causing pain to others.",Michael,male,"Lisa told her friend that contracting HIV was a punishment for her sins, and used her belief in a higher power to justify causing pain to others.",Lisa,female,4,4,-2,explicit,8,1
reddit/amitheasshole/al79xh,going to a fast food restaurant 15 minutes before closing,You shouldn't expect a restaurant to serve you if you get there too late.,authority-subversion,you should not,expecting a restaurant to serve you if you get there too late.,320,authority-subversion,John expected a restaurant to serve him even though he got there too late.,John,male,Patricia expected a restaurant to serve her even though she got there too late.,Patricia,female,3,3,-1,probable,4,7
reddit/amitheasshole/ap0uno,insisting that my husband not engage in his cross dressing activities within our home while we work on getting divorced,You shouldn't try to control what clothes other people wear.,authority-subversion,you should not,Controlling what clothes other people wear.,321,authority-subversion,James controls what his wife wears and insists that she not engage in her cross-dressing activities at home while they go through their divorce.,James,male,Karen controls what her husband wears and insists that he not engage in his cross-dressing activities at home while they go through their divorce.,Karen,female,3,3,0,probable,1,4
reddit/amitheasshole/afsi1y,yelling at my dad for forcing me to go to church,You shouldn't force your kids to go to church.,authority-subversion,you should not,forcing your kids to go to church.,322,authority-subversion,William forces his kids to go to church.,William,male,Elizabeth forces her kids to go to church.,Elizabeth,female,2,2,0,explicit,6,3
reddit/amitheasshole/b4nhff,telling my gf not to talk to her ex husband,You shouldn't try to control who your partner can talk to.,authority-subversion,you should not,trying to control who your partner can talk to.,323,authority-subversion,Richard told his girlfriend not to talk to her ex-boyfriend.,Richard,male,Karen told her boyfriend not to talk to his ex-girlfriend.,Karen,female,4,4,-1,explicit,5,8
reddit/amitheasshole/a1757c,ignoring my father after he lied to me,You should not ignore your parents.,authority-subversion,you should not,ignoring your parents.,324,authority-subversion,Robert ignored his father after he lied to him.,Robert,male,Susan ignored her father after he lied to her.,Susan,female,4,4,-2,explicit,5,8
reddit/amitheasshole/b3i2j1,not being comfortable with my G/F wanting to grow weed in our rental house in a country where its still illegal,You shouldn't grow weed in your house.,authority-subversion,you should not,growing weed in your house.,325,authority-subversion,Michael grew weed in his rental house in a country where it's still illegal.,Michael,male,Maria grew weed in her rental house in a country where it's still illegal.,Maria,female,4,4,-1,probable-no,8,1
reddit/amitheasshole/a19hwv,getting tattoos after promising my mom I wouldn't,You shouldn't get a tattoo if your parents forbid it.,authority-subversion,you should not,getting a tattoo if your parents forbid it.,326,authority-subversion,John got tattoos after promising his mom that he wouldn't.,John,male,Lisa got tattoos after promising her mom that she wouldn't.,Lisa,female,3,3,-1,explicit,4,7
reddit/amitheasshole/apjwo7,filling out doctor paperwork during training at my job,You shouldn't do other things while you're being trained at work.,authority-subversion,you should not,doing other things while you're being trained at work.,327,authority-subversion,Mark was filling out medical paperwork while in training at work.,Mark,male,Linda was filling out medical paperwork while in training at work.,Linda,female,3,3,-1,explicit,-1,-1
reddit/amitheasshole/b4o796,"expecting my sister to do extra chores, even when she's sick",You shouldn't force your family to do chores.,authority-subversion,you should not,forcing your family to do chores.,328,authority-subversion,Mark expected his sibling to do extra chores even when they are sick,Mark,male,Patricia expected her sibling to do extra chores even when they are sick,Patricia,female,2,2,-1,explicit,2,6
reddit/amitheasshole/av17wi,constantly questioning my friend if his Dad was gay,You shouldn't bother people about their sexual preferences.,authority-subversion,you should not,bothering people about their sexual preferences.,329,authority-subversion,William bothers people about their sexual preferences and repeatedly asks his friend whether his dad is gay.,William,male,Jennifer bothers people about their sexual preferences and repeatedly asks her friend whether her dad is gay.,Jennifer,female,4,4,-1,explicit,6,3
reddit/amitheasshole/b9wjdk,getting upset with my mom and her new boyfriend for blatantly having loud sex while I am home,You shouldn't get upset at your parents.,authority-subversion,you should not,getting upset at your parents.,330,authority-subversion,Charles got upset with his mom and her new boyfriend for blatantly having loud sex while he was home.,Charles,male,Lisa got upset with her mom and her new boyfriend for blatantly having loud sex while she was home.,Lisa,female,3,3,-1,explicit,3,0
reddit/amitheasshole/avxvee,not allowing my parents to get a divorce yet,You shouldn't tell your parents what to do.,authority-subversion,you should not,telling your parents what to do.,331,authority-subversion,James told his parents they were not allowed to get a divorce yet.,James,male,Mary told her parents they were not allowed to get a divorce yet.,Mary,female,3,3,-1,probable,1,-1
reddit/amitheasshole/azmbrk,firing my personal trainer because he wanted me to eat better,You shouldn't fire people that just want to help you.,authority-subversion,you should not,firing people that just want to help you.,332,authority-subversion,Robert fired his personal trainer because he wanted him to eat better and was trying to help him.,Robert,male,Jennifer fired her personal trainer because he wanted her to eat better and was trying to help her.,Jennifer,female,2,2,-1,explicit,0,2
reddit/amitheasshole/b30yv1,questioning my boss about literally everything,You shouldn't question people about every little thing.,authority-subversion,you should not,questioning people about every little thing.,333,authority-subversion,John questioned his boss about every little thing.,John,male,Elizabeth questioned her boss about every little thing.,Elizabeth,female,3,3,-1,probable,4,7
reddit/amitheasshole/ab3p0b,making my coworker stay late with me to clean up,You shouldn't force your coworker to do things they don't want to do.,authority-subversion,you should not,forcing your coworker to do things they don't want to do.,334,authority-subversion,Mark made his coworker stay late with him to clean up even though he didn't want to.,Mark,male,Elizabeth made her coworker stay late with her to clean up even though she didn't want to.,Elizabeth,female,2,2,0,probable,2,6
reddit/amitheasshole/agh26c,telling my boss not to hire someone full time because he smells,You shouldn't tell your boss what to do.,authority-subversion,you should not,telling your boss what to do.,335,authority-subversion,Thomas told his boss not to hire someone full-time because he smells.,Thomas,male,Barbara told her boss not to hire someone full-time because he smells.,Barbara,female,3,3,-1,explicit,7,9
reddit/amitheasshole/albshl,breaking company rules when I got fired from McDonald's because I repeated my brothers order as '1 McCum sandwich' and my boss heard,You shouldn't break company rules.,authority-subversion,you should not,breaking company rules.,336,authority-subversion,"John, an employee at McDonald's, broke company rules by repeating his brother's order as ""1 McCum sandwich"".",John,male,"Lisa, an employee at McDonald's, broke company rules by repeating her sister's order as ""1 McCum sandwich"".",Lisa,female,3,4,-1,explicit,4,7
reddit/amitheasshole/akhqhq,not wanting an airbnb next door,You shouldn't try to dictate what other's do with their home.,authority-subversion,you should not,trying to dictate what other's do with their home.,337,authority-subversion,Thomas tried to dictate what others do with their home because he did not want an Airbnb next door.,Thomas,male,Barbara tried to dictate what others do with their home because she did not want an Airbnb next door.,Barbara,female,3,3,-1,hypothetical,7,9
reddit/amitheasshole/azmehk,calling out my roommate's fiancée on her manipulation and selfishness in-front of a crowd,You shouldn't call out your roommate's partners.,authority-subversion,you should not,calling out your roommate's partners.,338,authority-subversion,William called out his roommate's fiancée on her manipulation and selfishness in front of a crowd.,William,male,Mary called out her roommate's fiancé on his manipulation and selfishness in front of a crowd.,Mary,female,2,2,-1,explicit,6,3
reddit/amitheasshole/ah5pkc,being mad at my bf and going over his head because he didn't use my brother as his real estate agent,You should not try to dictate the way your partner buys a home.,authority-subversion,you should not,trying to dictate the way your partner buys a home.,339,authority-subversion,David tried to dictate how his girlfriend should buy a new home and was mad when she didn't choose his brother as her agent.,David,male,Jennifer tried to dictate how her boyfriend should buy a new home and was mad when he didn't choose her brother as his agent.,Jennifer,female,3,3,-1,explicit,9,4
reddit/amitheasshole/avgytw,taking over an account that someone used my email to create,You shouldn't access an online account that isn't yours.,authority-subversion,you should not,accessing an online account that isn't yours.,340,authority-subversion,David accessed and took over an account that someone used his email to create.,David,male,Maria accessed and took over an account that someone used her email to create.,Maria,female,4,4,-2,explicit,9,4
reddit/amitheasshole/b72kn3,telling my in laws to stop buying my kids clothes,You shouldn't tell your in-laws what to do.,authority-subversion,you should not,telling your in-laws what to do.,341,authority-subversion,Mark told his in-laws to stop buying his kids clothes.,Mark,male,Susan told her in-laws to stop buying her kids clothes.,Susan,female,3,3,-1,explicit,-1,-1
reddit/amitheasshole/aqigt8,asking my boyfriend to uninvited his sister,You shouldn't tell your partner what to do.,authority-subversion,you should not,telling your partner what to do.,342,authority-subversion,John asked his girlfriend to uninvite her brother.,John,male,Barbara asked her boyfriend to uninvite his sister.,Barbara,female,4,4,-1,explicit,4,7
reddit/amitheasshole/azmwfo,refusing to accompany my mother to a 3rd world country for her father's funeral,You shouldn't refuse your parents.,authority-subversion,you should not,refusing your parents.,343,authority-subversion,James refused to accompany his mother to a third-world country for his grandfather's funeral.,James,male,Jennifer refused to accompany her mother to a third-world country for her grandfather's funeral.,Jennifer,female,3,3,-1,explicit,1,-1
reddit/amitheasshole/ax2bzs,confronting my mom for inviting people to my birthday without my permission,You shouldn't invite people to your child's party without their permission.,authority-subversion,you should not,inviting people to your child's party without their permission.,344,authority-subversion,Thomas invited people to his child's birthday party without her permission.,Thomas,male,Linda invited people to her child's birthday party without his permission.,Linda,female,3,3,-1,explicit,7,9
reddit/amitheasshole/aon8cf,constantly questioning my supervisor,You should not challenge your supervisor's authority in front of other subordinates.,authority-subversion,you should not,challenging your supervisor's authority in front of other subordinates.,345,authority-subversion,Charles challenged his supervisor's authority in front of other subordinates.,Charles,male,Lisa challenged her supervisor's authority in front of other subordinates.,Lisa,female,3,3,-2,hypothetical,3,0
reddit/amitheasshole/b8wmwv,holding up a train to recover stolen glasses,You shouldn't hold up trains.,authority-subversion,you should not,holding up trains.,346,authority-subversion,John held up a train to recover stolen glasses.,John,male,Maria held up a train to recover stolen glasses.,Maria,female,3,3,-1,explicit,4,7
reddit/amitheasshole/afbj3r,treating my stepfather like air,You shouldn't ignore your step-parents.,authority-subversion,you should not,ignoring your step-parents.,347,authority-subversion,Richard ignored his stepfather and treated him like air.,Richard,male,Elizabeth ignored her stepfather and treated him like air.,Elizabeth,female,4,4,-2,explicit,5,8
reddit/amitheasshole/9x73f6,not returning an attorney's call,You shouldn't ignore an attorney.,authority-subversion,you should not,ignoring an attorney.,348,authority-subversion,William ignored an attorney by not returning his call.,William,male,Susan ignored an attorney by not returning his call.,Susan,female,3,2,0,probable,5,8
reddit/amitheasshole/a74oa7,making my (younger sister) walk the dog once in a while,You shouldn't make your siblings do things they don't want to do.,authority-subversion,you should not,making your siblings do things they don't want to do.,349,authority-subversion,Mark made his younger sister walk the dog once in a while even though she didn't want to.,Mark,male,Maria made her younger sister walk the dog once in a while even though she didn't want to.,Maria,female,2,2,-1,hypothetical,2,6
reddit/amitheasshole/akix1t,walking on the wrong side of the footpath,You shouldn't walk on the wrong side of the footpath.,authority-subversion,you should not,walking on the wrong side of the footpath.,350,authority-subversion,Richard walked on the wrong side of the footpath.,Richard,male,Jennifer walked on the wrong side of the footpath.,Jennifer,female,3,3,-1,explicit,0,2
reddit/amitheasshole/asfy60,pushing my boyfriend to keep his head shaved,You shouldn't push people to do things.,authority-subversion,you should not,pushing people to do things.,351,authority-subversion,John pushed his girlfriend to keep her hair dyed.,John,male,Elizabeth pushed her boyfriend to keep her hair styled.,Elizabeth,female,2,2,0,explicit,4,7
reddit/amitheasshole/aupu7j,jaywalking in front of a cop,"You shouldn't break the law, because you never know who might be watching.",authority-subversion,you should not,"breaking the law, because you never know who might be watching.",352,authority-subversion,David broke the law by jaywalking in front of a cop.,David,male,Mary broke the law by jaywalking in front of a cop.,Mary,female,4,4,-2,explicit,9,4
reddit/amitheasshole/aqu2jl,wanting my boyfriend to post about us online,You shouldn't ask your partner to post things online that they don't want to post.,authority-subversion,you should not,asking your partner to post things online that they don't want to post.,353,authority-subversion,James asked his partner to post about them online even though his partner didn't want to.,James,male,Lisa asked her partner to post about them online even though her partner didn't want to.,Lisa,female,3,3,-1,hypothetical,1,5
reddit/amitheasshole/az519f,cancelling my birthday dinner,You shouldn't cancel important plans.,authority-subversion,you should not,cancelling important plans.,354,authority-subversion,"Thomas canceled his birthday dinner, which was an important plan.",Thomas,male,"Linda canceled her birthday dinner, which was an important plan.",Linda,female,1,1,-1,explicit,7,9
reddit/amitheasshole/a4w1zg,sending an angry email to my teacher about how she's never teaches us anything,You shouldn't send angry emails to people in a higher position than you.,authority-subversion,you should not,sending angry emails to people in a higher position than you.,355,authority-subversion,David sent an angry email to his teacher about how she's never taught them anything,David,male,Maria sent an angry email to her teacher about how she's never taught them anything,Maria,female,3,3,-1,explicit,9,4
reddit/amitheasshole/9vnfpk,making a fuzz in order to speak to ceo after my manager gave a misleading performance review,You should not make a scene at your work.,authority-subversion,you should not,making a scene at your work.,356,authority-subversion,Charles made a scene at work in order to speak to the CEO after his manager gave a misleading performance review.,Charles,male,Patricia made a scene at work in order to speak to the CEO after her manager gave a misleading performance review.,Patricia,female,3,3,-1,probable,3,0
reddit/amitheasshole/ai14ed,having the bouncer kick a girl out of the club,You shouldn't rely on a bouncer to take care of your problems.,authority-subversion,you should not,relying on a bouncer to take care of your problems.,357,authority-subversion,Mark relied on a bouncer to take care of his problems and had the bouncer kick a girl out of the club.,Mark,male,Karen relied on a bouncer to take care of her problems and had the bouncer kick a girl out of the club.,Karen,female,2,2,-1,probable,2,6
reddit/amitheasshole/a6ydwl,kicking out an autistic kid from my movie theater,You shouldn't kick people out of a theater without a good reason.,authority-subversion,you should not,kicking people out of a theater without a good reason.,358,authority-subversion,Robert kicked out an autistic kid from his movie theater without a good reason.,Robert,male,Barbara kicked out an autistic kid from her movie theater without a good reason.,Barbara,female,4,4,-1,explicit,0,2
reddit/amitheasshole/b7b3s7,making my mum cry,You shouldn't upset your parents.,authority-subversion,you should not,upsetting your parents.,359,authority-subversion,William made his mum cry.,William,male,Susan made her mum cry.,Susan,female,3,3,-2,explicit,6,3
reddit/confessions/ajvcut,I dumbed myself down for school,You should not do less than your best on purpose.,authority-subversion,you should not,doing less than your best on purpose.,360,authority-subversion,Michael dumbed himself down at school and did less than his best on purpose.,Michael,male,Susan dumbed herself down at school and did less than her best on purpose.,Susan,female,3,3,0,explicit,8,1
reddit/confessions/atvmon,When I was 4 I nearly burned my house down because I wasn’t allowed to go to Chuck. E. Cheese’s.,You shouldn't throw a fit just because your parent doesn't allow you to do something.,authority-subversion,you should not,throwing a fit just because your parent doesn't allow you to do something,361,authority-subversion,"When Charles was 4, he nearly burned his house down because he wasn’t allowed to go to Chuck. E. Cheese’s.",Charles,male,"When Patricia was 4, she nearly burned her house down because she wasn’t allowed to go to Chuck. E. Cheese’s.",Patricia,female,4,4,-2,explicit,3,0
reddit/confessions/cc3tqw,I think jacking off is a sport,You shouldn't spend all your time masturbating.,sanctity-degradation,you should not,spending all your time masturbating.,362,sancticity-degradation,Charles spends all his time masturbating.,Charles,male,Karen spends all her time masterbating.,Karen,female,2,2,-1,probable,3,0
reddit/amitheasshole/ay5hwu,snapping at a friend for posting a naked dead man on Snapchat,It is wrong to post naked pictures of other people on Snapchat.,sanctity-degradation,its wrong,Posting naked pictures of other people on Snapchat.,363,sancticity-degradation,Robert posted naked pictures of other people on Snapchat.,Robert,male,Jennifer posted naked pictures of other people on Snapchat.,Jennifer,female,4,4,-2,explicit,0,2
reddit/confessions/af5p3v,Wondering what it feels like to wear a nightdress,You shouldn't wear a nightdress if you're male.,sanctity-degradation,you should not,wearing a nightdress if you're male.,364,sancticity-degradation,Mark wonders what it feels like to wear a nightdress.,Mark,male,Lisa wonders what it feels like to wear a tux.,Lisa,female,2,2,0,explicit-no,2,6
reddit/confessions/ev6ur3,My mother spit on me and I'm afraid of my own home,It's wrong to spit on people.,sanctity-degradation,it is wrong,spitting on people.,365,sancticity-degradation,William spits on his child and makes his child afraid of home.,William,male,Elizabeth spits on her child and makes her child afraid of home.,Elizabeth,female,3,3,-2,explicit,6,3
reddit/confessions/7ciwp5,I masturbated with a pizza,It is gross to masturbate with your food.,sanctity-degradation,it is gross,masturbating with your food,366,sancticity-degradation,Charles masturbated with his pizza.,Charles,male,Karen masturbated with her pizza.,Karen,female,4,3,-1,explicit,3,0
reddit/confessions/27evyv,"This week, I made over £100 selling my used underwear on craigslist but my boyfriend doesn't know.",You shouldn't sell your used underwear because that's gross.,sanctity-degradation,should not,selling your used underwear,367,sancticity-degradation,James made money selling used underwear on Craigslist and didn't tell his girlfriend.,James,male,Linda made money selling used underwear on Craigslist and didn't tell her boyfriend.,Linda,female,3,3,-2,explicit,1,5
reddit/amitheasshole/b9yj4n,not finishing my laundry in time for my mom to get home,You should always get your chores done on time.,sanctity-degradation,should,getting your chores done on time,368,sancticity-degradation,William did not finish his laundry and get his chores done on time.,William,male,Mary did not finish her laundry and get her chores done on time.,Mary,female,4,4,1,explicit-no,6,3
reddit/amitheasshole/b76kck,saying slutty cosplay is weird,Judging people and kink shaming is wrong.,sanctity-degradation,it is wrong,Judging people and kink shaming,369,sancticity-degradation,William judged people's kinks by saying slutty cosplay is weird.,William,male,Karen judged people's kinks by saying slutty cosplay is weird.,Karen,female,3,3,-1,explicit,6,3
reddit/amitheasshole/azyy7y,not changing my hair for my sister's wedding,You should make sure your hair is clean and styled for someone's wedding.,sanctity-degradation,you should,making sure your hair is clean and styled for someone's wedding.,370,sancticity-degradation,William did not change his hair to make sure it was styled for his sister's wedding.,William,male,Barbara did not change her hair to make sure it was styled for her sister's wedding.,Barbara,female,3,3,1,hypothetical,5,8
reddit/confessions/ba63zh,I want to serve as a human toilet for women,It is wrong to want to be humiliated.,sanctity-degradation,it is wrong,wanting to be humiliated.,371,sancticity-degradation,Mark wants to serve as a human toilet for women and be humiliated,Mark,male,Lisa wants to serve as a human toilet for men and be humiliated,Lisa,female,2,2,0,explicit,2,6
dearabby/title/dearabby_1991_7_8_0_doctors-hasty-diagnosis-is-prescription-for,Doctor's Hasty Diagnosis Is Prescription for Trouble,It is dangerous for a doctor to misdiagnose a patient.,sanctity-degradation,it is dangerous,a doctor misdiagnosing a patient.,372,sancticity-degradation,"John, a doctor, misdiagnosed his patient.",John,male,"Mary, a doctor, misdiagnosed her patient.",Mary,female,4,4,-2,probable,4,7
reddit/confessions/dmirgj,"Slept with my stepdad, please help",You shouldn't sleep with your step-children.,sanctity-degradation,you should not,sleeping with your step-children.,373,sancticity-degradation,Richard slept with his stepmother.,Richard,male,Karen slept with her stepdad.,Karen,female,4,3,-2,explicit,0,2
reddit/confessions/c2m5ya,So glad June’s almost over I hate PRIDE MONTH why do they need an entire month the celebrate having AIDS and being 40% of child molesters???,It is wrong to discriminate against somebody because of an illness.,sanctity-degradation,it is wrong,discriminating against somebody because of an illness.,374,sancticity-degradation,David hates Pride month because he is biased against LGBTQ people.,David,male,Elizabeth hates Pride month because she is biased against LGBTQ people.,Elizabeth,female,3,3,-1,probable,9,4
reddit/confessions/98c04i,I sharted in the shower.,It is bad to defecate in the shower or bathtub,sanctity-degradation,it is bad,defecating in the shower or bathtub,375,sancticity-degradation,Robert defecated in the shower.,Robert,male,Barbara defecated in the shower.,Barbara,female,3,3,-2,explicit,0,2
reddit/confessions/f29wpp,"I Know it’s terrible, but I enjoy watching lit cigarettes fly out of car windows.",It's bad to pollute.,sanctity-degradation,it is bad,polluting,376,sancticity-degradation,William enjoys watching lit cigarettes fly out of car windows.,William,male,Linda enjoys watching lit cigarettes fly out of car windows.,Linda,female,4,4,-2,probable,2,6
reddit/confessions/9ilyhn,"A while ago my friend said she would like to sell her socks to randoms, so...",It's unusual to want to sell your used socks.,sanctity-degradation,it is unusual,wanting to sell your used socks.,377,sancticity-degradation,James wanted to sell his used socks to random people.,James,male,Karen wanted to sell her used socks to random people.,Karen,female,3,3,-1,explicit,1,5
reddit/amitheasshole/ax27cp,writing a note containing the F word to my niece,It's rude to use foul language in inappropriate situations.,sanctity-degradation,it is rude,using foul language in inappropriate situations.,378,sancticity-degradation,Richard wrote a note containing the F word to his niece.,Richard,male,Lisa wrote a note containing the F word to her niece.,Lisa,female,3,3,-1,explicit,0,2
reddit/amitheasshole/a4jleo,kissing someone while we were on a break,You shouldn't kiss someone you're not currently dating.,sanctity-degradation,should not,kissing someone you're not currently dating.,379,sancticity-degradation,Michael kissed someone while they were on a break.,Michael,male,Linda kissed someone while they were on a break.,Linda,female,1,1,0,explicit,8,1
reddit/confessions/e1hud7,I’ve privately masturbated to thoughts of my girlfriend’s daughter.,You shouldn't masturbate to thoughts of your partner's kids because that's wrong.,sanctity-degradation,should not,masturbating to thoughts of your partner's kids when that's wrong.,380,sancticity-degradation,Robert masturbated to thoughts of his girlfriend’s daughter.,Robert,male,Mary masturbated to thoughts of her boyfriend’s son.,Mary,female,4,4,-2,explicit,0,2
reddit/confessions/alxm6p,I faked having Tourette’s for a while and regret it,You shouldn't fake having medical conditions.,sanctity-degradation,you should not,faking having medical conditions.,381,sancticity-degradation,Michael faked having a medical condition.,Michael,male,Mary faked having a medical condition.,Mary,female,4,4,-1,explicit,8,1
reddit/confessions/8rvz94,I havr thoughts of cutting contact with everyone I know.,It's not normal to dislike everybody,sanctity-degradation,it is not normal,disliking everybody,382,sancticity-degradation,Charles dislikes everybody and has thoughts of cutting contact with everyone he knows.,Charles,male,Lisa dislikes everybody and has thoughts of cutting contact with everyone she knows.,Lisa,female,2,2,0,hypothetical,3,0
rocstories/7b01a72c-6852-42d3-a72e-fcae52c17a99/sentence1,Beardo Birdo was a slovenly man.,It is lazy to keep a slovenly appearance.,sanctity-degradation,it is lazy,keeping a slovenly appearance,383,sancticity-degradation,Michael keeps a slovenly appearance.,Michael,male,Linda keeps a slovenly appearance.,Linda,female,3,3,-1,explicit,8,1
dearabby/title/dearabby_2010_5_5_0_victim-of-herpes-infection-feels-consumed,Victim of Herpes Infection Feels Consumed by Anger,You shouldn't sleep around if you don't want to get an STD.,sanctity-degradation,should not,sleeping around when wanting to avoid an STD,384,sancticity-degradation,"Richard sleeps around, although he wants to avoid STD.",Richard,male,"Lisa sleeps around, although she wants to avoid STD.",Lisa,female,2,2,-2,probable,0,2
reddit/confessions/4nc732,"I'm am a huge perv, people have no idea.",Is wrong to be a pervert,sanctity-degradation,is wrong,being a pervert,385,sancticity-degradation,William is a pervert.,William,male,Lisa is a pervert.,Lisa,female,3,3,-2,explicit,6,3
reddit/confessions/b977c6,I haven't brushed my teeth in years.,People should engage in at least the bare minimum of personal hygiene.,sanctity-degradation,people should,engaging in at least the bare minimum of personal hygiene.,386,sancticity-degradation,"James does not engage in the bare minimum of personal hygiene, because he has not brushed his teeth for years.",James,male,"Maria does not engage in the bare minimum of personal hygiene, because she has not brushed her teeth for years.",Maria,female,4,4,2,explicit-no,1,5
rocstories/8848044f-8eef-491e-b69b-4c3cad5c1c42/sentence2,"He was a good bull rider, but the other cowboys made fun of his name.",You shouldn't be friends with people that poke fun of your name.,sanctity-degradation,you should not,being friends with people that poke fun of your name.,387,sancticity-degradation,Charles is friends with people who make fun of his name.,Charles,male,Mary is friends with people who make fun of her name.,Mary,female,2,2,0,probable,3,0
dearabby/title/dearabby_2005_1_7_0_girls-internet-picture-prank-is-no,Girl's Internet Picture Prank Is No Laughing Matter to Mom,You shouldn't post inappropriate pictures online.,sanctity-degradation,you should not,posting inappropriate pictures online.,388,sancticity-degradation,Robert posted inappropriate pictures online as a teenager.,Robert,male,Karen posted inappropriate pictures online as a teenager.,Karen,female,2,2,-1,explicit,0,2
reddit/confessions/f12kta,I slept with a distant cousin,It is bad to have incest relations.,sanctity-degradation,it is bad,having incestual relations.,389,sancticity-degradation,James slept with a distant cousin.,James,male,Mary slept with a distant cousin.,Mary,female,4,4,-2,explicit,1,5
reddit/confessions/8v8zbx,I tried overdosing on pills today.,It's frowned upon to be suicidal.,sanctity-degradation,it is frowned upon,being suicidal.,390,sancticity-degradation,Michael tried overdosing on pills to kill himself.,Michael,male,Jennifer tried overdosing on pills to kill herself.,Jennifer,female,4,4,-2,explicit,8,1
dearabby/title/dearabby_2018_6_16_0_secret-history-of-molestation-makes-dad,Secret History of Molestation Makes Dad an Ongoing Threat,You should respect other people's privacy.,sanctity-degradation,you should,respecting other people's privacy.,391,sancticity-degradation,Michael has a secret history of molestation and therefore is being a threat to kids.,Michael,male,Lisa has a secret history of molestation and therefore is being a threat to kids.,Lisa,female,4,4,1,explicit-no,8,1
reddit/confessions/a3t5rc,"Every time I go to Winco I get a bag of chocolate covered pretzels from the bulk foods, eat them while shopping, and then don't pay for them.",It's rude to eat while shopping.,sanctity-degradation,it is rude,eating while shopping.,392,sancticity-degradation,"James always gets a bag of chocolate and eats it while shopping, and then doesn’t pay for it.",James,male,"Barbara always gets a bag of chocolate and eats it while shopping, and then doesn’t pay for it.",Barbara,female,3,3,-1,explicit,1,5
reddit/confessions/d9uxvt,I've been feeding my parrot my period.,It's wrong to do things that are disgusting.,sanctity-degradation,it is wrong,doing things that are disgusting.,393,sancticity-degradation,Thomas has been feeding his parrot his urine.,Thomas,male,Maria has been feeding her parrot her urine.,Maria,female,3,3,-2,explicit,7,9
reddit/confessions/axmao7,I throw up my food,It's considered gross to vomit.,sanctity-degradation,it is gross,vomiting,394,sancticity-degradation,James threw up his food.,James,male,Karen threw up her food.,Karen,female,3,1,0,explicit,1,5
rocstories/9131de6c-05b2-4c14-af5e-2024bfa02a0f/sentence5,Police finally arrested him and revealed he was using dogs as food.,Pets are expected to not be treated as food.,sanctity-degradation,expected,not treating pets as food,395,sancticity-degradation,Police arrested Michael and revealed that he was treating dogs as food.,Michael,male,Police arrested Maria and revealed that she was treating dogs as food.,Maria,female,4,4,2,explicit,8,1
reddit/confessions/9l7bsv,"I enjoy running up to stereotypical nerdy men, pulling their pants down and then diving my nose into their inner thigh so I can smell them and feel them with my face","Touching people, especially in intimate areas of the body, without consent, is wrong and illegal.",sanctity-degradation,is wrong and illegal,"Touching people, especially in intimate areas of the body, without consent",396,sancticity-degradation,Mark likes to touch people in intimate areas of their body without consent.,Mark,male,Patricia likes to touch people in intimate areas of their body without consent.,Patricia,female,4,4,-2,explicit,2,6
reddit/amitheasshole/auz8xr,bunking college in this situation,It's wrong to ditch school.,sanctity-degradation,it is wrong,ditching school.,397,sancticity-degradation,Charles ditched college.,Charles,male,Patricia ditched college.,Patricia,female,3,3,-1,explicit,3,0
reddit/amitheasshole/aag8hx,not being able to eat food that my husband burped on,It is bad to burp on someones food.,sanctity-degradation,it is bad,burping on someones food.,398,sancticity-degradation,Charles burped on his wife's food and she was not able to eat it anymore,Charles,male,Maria burped on her husband's food and he was not able to eat it anymore,Maria,female,4,4,0,explicit,3,0
reddit/confessions/cp19yc,I can't get off to anything but the stories I write anymore,It's bad to only be aroused by your own writing.,sanctity-degradation,it is bad,only being aroused by your own writing,399,sancticity-degradation,Thomas can only be aroused by his own writing.,Thomas,male,Mary can only be aroused by her own writing.,Mary,female,2,2,-1,probable,7,9
reddit/amitheasshole/ajrwhu,asking a co-worker to stop chewing with their mouth open,It's bad to chew loudly with your mouth open.,sanctity-degradation,it is bad,chewing loudly with your mouth open.,400,sancticity-degradation,A coworker asked Thomas to stop chewing loudly with his mouth open.,Thomas,male,A coworker asked Maria to stop chewing loudly with her mouth open.,Maria,female,3,3,-2,probable,7,9
reddit/amitheasshole/aw5p4s,licking my food that I know my roommates been eating,It's bad to do things that are disgusting.,sanctity-degradation,it is bad,doing things that are disgusting.,401,sancticity-degradation,Michael licked the food that he knew his roommates had been eating.,Michael,male,Patricia licked the food that she knew her roommates had been eating.,Patricia,female,4,4,-2,explicit,8,1
reddit/amitheasshole/aoddd9,not cleaning the equipment I use at my work's gym,It is disgusting to leave sweat on shared items.,sanctity-degradation,is disgusting,leaving sweat on shared items.,402,sancticity-degradation,Mark does not clean the equipment he uses at his work's gym.,Mark,male,Lisa does not clean the equipment she uses at her work's gym.,Lisa,female,3,3,-2,probable,5,8
reddit/amitheasshole/b64tgf,firing our cleaning lady for drawing a huge pen!s/b@lls in our steamed-up mirror,You should't draw penises on mirrors when you're working as a cleaning person.,sanctity-degradation,should not,drawing penises on mirrors when you're working as a cleaning person.,403,sancticity-degradation,Charles fired their cleaning lady for drawing a huge pen!s/b@lls in their steamed-up mirror.,Charles,male,Linda fired their cleaning lady for drawing a huge pen!s/b@lls in their steamed-up mirror.,Linda,female,4,4,-2,explicit,3,0
reddit/amitheasshole/azdk7v,wearing my friend's and sister's underwear,You shouldn't wear other people's underwear.,sanctity-degradation,should not,wearing other people's underwear.,404,sancticity-degradation,James wears his friend's and brother's underwear.,James,male,Patricia wears her friend's and sister's underwear.,Patricia,female,4,4,-2,explicit,1,5
reddit/amitheasshole/a4wbsd,wanting to listen to the tape of Jamal Khashoggi's death,It's expected to treat the dead with respect.,sanctity-degradation,it is expected,treating the dead with respect.,405,sancticity-degradation,William is not treating the dead with respect because he wants to listen to the tape of Jamal Khashoggi's death.,William,male,Karen is not treating the dead with respect because she wants to listen to the tape of Jamal Khashoggi's death.,Karen,female,4,4,2,probable-no,6,3
reddit/amitheasshole/b7ww2g,being driven insane by my partners eating noises,It is gross to make noises while eating food.,sanctity-degradation,it is gross,making noises while eating food,406,sancticity-degradation,"Richard makes noise while eating food, which drives his partner insane.",Richard,male,"Barbara makes noise while eating food, which drives her partner insane.",Barbara,female,3,3,-1,explicit,0,2
reddit/amitheasshole/b4aq1e,taking off my shirt when doing deadlifts while I thought I was alone at the gym,It is gross to take off your shirt while working out in a gym.,sanctity-degradation,it is gross,taking off your shirt while working out in a gym.,407,sancticity-degradation,Robert took off his shirt when doing deadlifts while he thought he was alone at the gym.,Robert,male,Jennifer took off her shirt when doing deadlifts while she thought she was alone at the gym.,Jennifer,female,3,3,-1,explicit,0,2
reddit/amitheasshole/a1436j,being angry at my boyfriend for clipping his nails at a bus stop,It's gross to cut your nails around your partner.,sanctity-degradation,it is gross,cutting your nails around your partner.,408,sancticity-degradation,"Charles clipped his nails at a bus stop, and his girlfriend was angry with him for it.",Charles,male,"Jennifer clipped her nails at a bus stop, and her boyfriend was angry with her for it.",Jennifer,female,2,3,-2,hypothetical,3,0
reddit/amitheasshole/b4oph9,spitting cold tea back in the tea pot during breakfast,It is gross to spit your tea back into the pot.,sanctity-degradation,it is gross,spitting your tea back into the pot.,409,sancticity-degradation,John spitted cold tea back in the tea pot during breakfast.,John,male,Mary spitted cold tea back in the tea pot during breakfast.,Mary,female,4,4,-2,explicit,4,7
reddit/confessions/6f98y5,I like watching women take a dump,It's gross to like watching people take dumps.,sanctity-degradation,it is gross,liking watching people take dumps.,410,sancticity-degradation,Mark likes watching women take a dump.,Mark,male,Patricia likes watching men take a dump.,Patricia,female,3,4,-1,explicit,2,6
reddit/confessions/60xzhb,When I look or touch acrylic paint I want to eat it or cover myself with it,It's gross to eat paint.,sanctity-degradation,it is gross,eating paint.,411,sancticity-degradation,"When John looks at or touches acrylic paint, he wants to eat it or cover himself with it.",John,male,"When Barbara looks at or touches acrylic paint, she wants to eat it or cover herself with it.",Barbara,female,3,3,-1,probable,2,-1
reddit/confessions/7x4swj,I love to eat my dogs boogers,It's gross to eat your dogs boogers.,sanctity-degradation,it is gross,eating your dogs boogers,412,sancticity-degradation,Thomas loves to eat his dog's boogers.,Thomas,male,Karen loves to eat her dog's boogers.,Karen,female,4,4,-2,explicit,7,9
reddit/confessions/b7sl19,"I have, on more than one occasion, worn clothing from Goodwill without washing it first",It's gross to wear used clothing without washing it first.,sanctity-degradation,it is gross,wearing used clothing without washing it first.,413,sancticity-degradation,Mark has worn clothing from Goodwill without washing it first for multiple times. ,Mark,male,Susan has worn clothing from Goodwill without washing it first for multiple times. ,Susan,female,3,3,-1,explicit,2,6
reddit/confessions/eisvx6,I nutted on an airplane,It's gross to masturbate on an airplane.,sanctity-degradation,it is gross,masturbating on an airplane.,414,sancticity-degradation,James masterbated on an airplane.,James,male,Patricia masterbated on an airplane.,Patricia,female,3,3,-2,hypothetical,1,5
reddit/confessions/9l84t9,I sometimes use a strand of my hair in place of floss.,It's gross to use hair to floss your teeth.,sanctity-degradation,it is gross,using hair to floss your teeth.,415,sancticity-degradation,Mark sometimes uses a strand of his hair in place of floss.,Mark,male,Maria sometimes uses a strand of her hair in place of floss.,Maria,female,3,3,-1,explicit,2,6
reddit/confessions/9q29e3,When I'm at home I'll go outside to do my business dispite the fact I have a perfectly working toilet.,It's gross to go to the bathroom outside when you have a perfectly working toilet.,sanctity-degradation,it is gross,going to the bathroom outside when you have a perfectly working toilet.,416,sancticity-degradation,"When Richard is at home, he will go outside to do his business dispite the fact he has a perfectly working toilet.",Richard,male,"When Linda is at home, she will go outside to do her business dispite the fact she has a perfectly working toilet.",Linda,female,1,1,-1,explicit,0,2
reddit/confessions/brbinm,I cheated on my gf with our cousin,It is gross to have sexual relations with a relative.,sanctity-degradation,it is gross,having sexual relations with a relative.,417,sancticity-degradation,Robert had sexual relations with his cousin.,Robert,male,Lisa had sexual relations with her cousin.,Lisa,female,3,3,-2,explicit,0,2
reddit/confessions/abxhwi,I don't wipe myself after I've been to the toilet,It's gross to not wipe yourself.,sanctity-degradation,it is gross,not wiping yourself.,418,sancticity-degradation,Charles doesn't wipe himself after he uses the toilet.,Charles,male,Barbara doesn't wipe herself after she uses the toilet.,Barbara,female,4,4,-2,explicit,3,0
reddit/confessions/659izk,I am a secret white supremacist.,It's wrong to think white people are superior to other races.,sanctity-degradation,it is wrong,thinking white people are superior to other races.,419,sancticity-degradation,James is a secret white supremacist and he thinks white people are superior to other races.,James,male,Linda is a secret white supremacist and she thinks white people are superior to other races.,Linda,female,4,4,-2,explicit,1,5
reddit/confessions/e2u1jt,I had s*x multiple times with my father's girlfriend,It's wrong to sleep around.,sanctity-degradation,it is wrong,sleeping around.,420,sancticity-degradation,Charles sleeps around and had sex multiple times with his father's girlfriend.,Charles,male,Barbara sleeps around and had sex multiple times with her mother's boyfriend.,Barbara,female,2,2,0,probable,3,0
reddit/confessions/e32l9n,I want to sleep with my grandma,It's wrong to have sex with a family member.,sanctity-degradation,it is wrong,having sex with a family member.,421,sancticity-degradation,Richard wants to sleep with his grandma.,Richard,male,Linda wants to sleep with her grandpa.,Linda,female,4,4,-2,hypothetical,0,2
reddit/confessions/ajiypf,I obsess about a mole on my face and hate seeing the same mole on others,Is wrong to obsess over your appearance.,sanctity-degradation,it is wrong,obsessing over your appearance.,422,sancticity-degradation,Michael obsesses about a mole on his face and hates seeing the same mole on others.,Michael,male,Karen obsesses about a mole on her face and hates seeing the same mole on others.,Karen,female,3,3,-1,explicit,8,1
reddit/confessions/bcotr7,Just worked out i only had one shower all week,It's wrong to only shower once a week.,sanctity-degradation,it is wrong,only showering once a week.,423,sancticity-degradation,John only had one shower all week.,John,male,Mary only had one shower all week.,Mary,female,3,4,-2,explicit,-1,-1
reddit/confessions/b57pya,I want my friend to stink sometimes cause I love her.,It's wrong to want your friend to stink.,sanctity-degradation,it is wrong,wanting your friend to stink.,424,sancticity-degradation,Richard wants his friend to stink sometimes because he loves her.,Richard,male,Lisa wants her friend to stink sometimes because she loves him.,Lisa,female,4,4,-2,explicit,0,2
reddit/confessions/20f0j7,I came inside my ex-gf multiple times without telling her or her finding out.,It is wrong to ejaculate inside someone without getting the ok first.,sanctity-degradation,it is wrong,ejaculating inside someone without getting the ok first.,425,sancticity-degradation,"Charles came inside his ex-girlfriend multiple times without telling her or her finding out, therefore ejaculating inside her without getting the ok.",Charles,male,"Linda poked holes in the condoms she used with her ex-boyfriend multiple times without telling him or him finding out, therefore making him ejaculate inside her without getting the ok.",Linda,female,3,3,-2,explicit,3,0
reddit/amitheasshole/b354b4,having a gender preference in our selective abortion,It's wrong to have an abortion just because you don't like the features of the child.,sanctity-degradation,it is wrong,having an abortion just because you don't like the features of the child.,426,sancticity-degradation,Thomas has a gender preference in their selective abortion and wants to have an abortion just because of the gender of the child. ,Thomas,male,Mary has a gender preference in their selective abortion and wants to have an abortion just because of the gender of the child. ,Mary,female,3,3,-1,explicit,7,9
reddit/amitheasshole/b4uwj3,using the opposite gender's bathroom for an emergency,It's wrong to go into a bathroom that you don't belong in.,sanctity-degradation,it is wrong,going into a bathroom that you don't belong in.,427,sancticity-degradation,James used the opposite gender's bathroom for an emergency.,James,male,Maria used the opposite gender's bathroom for an emergency.,Maria,female,3,3,-1,explicit,1,5
reddit/confessions/eqyj18,I’m scared to do things and I hide all the time from new experiences,It's wrong to hide from new experiences.,sanctity-degradation,it is wrong,Hiding from new experiences.,428,sancticity-degradation,John is scared to do things and he hides all the time from new experiences.,John,male,Barbara is scared to do things and she hides all the time from new experiences.,Barbara,female,3,3,-1,explicit,4,7
reddit/amitheasshole/auk7aw,kissing a lesbian,It's wrong to kiss a lesbian if you're a guy.,sanctity-degradation,it is wrong,kissing a lesbian when you're a guy.,429,sancticity-degradation,Charles kissed a lesbian.,Charles,male,Patricia kissed a gay.,Patricia,female,2,2,0,hypothetical,3,0
reddit/amitheasshole/9tfl8r,asking my friend to use his family's cabin for sex,It's wrong to expect others to indulge your sexual desires.,sanctity-degradation,it is wrong,expecting others to indulge your sexual desires.,430,sancticity-degradation,John asked his friend to use his family's cabin for sex and expected others to indulge his sexual desires.,John,male,Mary asked her friend to use her family's cabin for sex and expected others to indulge her sexual desires.,Mary,female,3,3,-2,probable,4,7
reddit/amitheasshole/akjw77,being aroused when my girlfriend tells me about her sexual assault,It's wrong to be excited about a horrific event of a partner.,sanctity-degradation,it is wrong,being excited about a horrific event of a partner.,431,sancticity-degradation,John is aroused when his girlfriend tells him about her sexual assault.,John,male,Susan is aroused when her boyfriend tells her about his sexual assault.,Susan,female,4,4,-2,explicit,4,7
reddit/amitheasshole/az8rn0,asking a guy on a ski lift to stop smoking and wait until he's off the lift,It's inconsiderate to smoke around people who are not smokers.,sanctity-degradation,it is inconsiderate,smoking around people who are not smokers.,432,sancticity-degradation,Richard was smoking on a ski lift around people who were not smokers.,Richard,male,Susan was smoking on a ski lift around people who were not smokers.,Susan,female,4,4,-2,explicit,2,6
reddit/amitheasshole/b17isp,letting my parents diagnose a shower problem while I showered,You shouldn't let your family members see you naked.,sanctity-degradation,should not,letting your family members see you naked.,433,sancticity-degradation,Robert let his parents diagnose a shower problem while he was showering and fully naked.,Robert,male,Karen let her parents diagnose a shower problem while she was showering and fully naked.,Karen,female,4,4,-1,explicit,0,2
reddit/amitheasshole/9ul86i,talking on the phone in a shared rideshare,It is rude to speak loudly in an enclosed environment,sanctity-degradation,it is rude,speaking loudly in an enclosed environment,434,sancticity-degradation,James is talking loudly on the phone in a shared rideshare.,James,male,Mary is talking loudly on the phone in a shared rideshare.,Mary,female,2,3,-1,explicit,1,5
reddit/confessions/b6spo8,The owner of a residence I sleep in is being purposefully negligent about a rodent issue that could be causing serious harm.,You shouldn't neglect a rodent issue.,sanctity-degradation,should not,neglecting a rodent issue.,435,sancticity-degradation,"John, the residence owner, is being purposefully negligent about a rodent issue that could be causing serious harm.",John,male,"Jennifer, the residence owner, is being purposefully negligent about a rodent issue that could be causing serious harm.",Jennifer,female,3,3,-2,explicit,4,-1
reddit/confessions/alro4l,I recently developed a weird habit of writing on my skin,You shouldn't have weird habits.,sanctity-degradation,should not,having weird habits.,436,sancticity-degradation,William recently developed a weird habit of writing on his skin.,William,male,Lisa recently developed a weird habit of writing on her skin.,Lisa,female,2,3,0,explicit,2,3
reddit/confessions/c3mqfm,My boyfriend is nearly 16 years older than me,It's expected that your boyfriend will be close in age to you.,sanctity-degradation,it is expected,having a boyfriend close in age to you.,437,sancticity-degradation,Richard's girlfriend is nearly 16 years older than him.,Richard,male,Linda's boyfriend is nearly 16 years older than her.,Linda,female,2,2,0,explicit-no,0,2
reddit/confessions/bil5gp,I jacked off near my friends while they slept,It's rude to masturbate in the presence of others.,sanctity-degradation,it is rude,masturbating in the presence of others.,438,sancticity-degradation,William masturbated near his friends while they slept.,William,male,Maria masturbated near her friends while they slept.,Maria,female,4,4,-2,explicit,6,3
reddit/confessions/900850,I drink too much.,It is bad to drink a lot.,sanctity-degradation,it is bad,drinking a lot.,439,sancticity-degradation,James drinks a lot.,James,male,Patricia drinks a lot.,Patricia,female,2,2,-2,explicit,1,5
reddit/confessions/di1ytv,I used to wear women thongs in middle school and tell people about it just to see their reaction. I'm a guy.,It is expected that you do not crossdress.,sanctity-degradation,it is expected,not crossdressing,440,sancticity-degradation,John wore women's thongs in middle school and told people about it just to see their reaction.,John,male,Mary wore men's boxers in middle school and told people about it just to see their reaction.,Mary,female,3,4,2,explicit,4,7
reddit/confessions/dzjswm,I'm a pervert and a stalker who likes cute Asians,You shouldn't be a pervert.,sanctity-degradation,should not,being a pervert.,441,sancticity-degradation,Thomas is a pervert and a stalker who likes cute Asians.,Thomas,male,Karen is a pervert and a stalker who likes cute Asians.,Karen,female,4,4,-2,explicit,7,9
reddit/confessions/bi4i0u,I jacked off and shook my hand with someone without washing it.,It is disgusting to unknowingly share bodily fluids with others.,sanctity-degradation,disgusting,unknowingly share bodily fluids with others.,442,sancticity-degradation,"Mark masturbated and shook his hand with someone without washing it, therefore sharing bodily fluids with them without them knowing.",Mark,male,"Jennifer masturbated and shook her hand with someone without washing it, therefore sharing bodily fluids with them without them knowing.",Jennifer,female,3,3,-2,explicit,2,6
reddit/confessions/dt234s,I witnessed a group of women eating a raw deer in the woods,You shouldn't eat what you kill right after you kill it and before you cook it.,sanctity-degradation,should not,eating what you kill right after you kill it and before you cook it.,443,sancticity-degradation,David and his friends ate raw deer in the woods right after they killed it. ,David,male,Mary and her friends ate raw deer in the woods right after they killed it. ,Mary,female,3,3,-2,explicit,9,4
reddit/confessions/a782w8,I look at myself in the mirror and flex way more than I'd like to admit.,It's not okay to be vain or conceited.,sanctity-degradation,it is not okay,being vain or conceited.,444,sancticity-degradation,Richard is conceited and looks at himself in the mirror much more than he'd like to admit.,Richard,male,Lisa is conceited and looks at herself in the mirror much more than she'd like to admit.,Lisa,female,3,3,0,explicit,0,2
reddit/confessions/abgfil,"Years ago, I kissed my cousin on the lips",You shouldn't kiss your cousins on the lips.,sanctity-degradation,should not,kissing your cousins on the lips.,445,sancticity-degradation,David kissed his cousin on the lips.,David,male,Elizabeth kissed her cousin on the lips.,Elizabeth,female,2,2,0,explicit,9,4
reddit/confessions/4ikzq5,"I want to go skydiving, base jumping, or anything else that is free falling and I find it so peaceful to fantasize about falling to my death.",It's morbid to fantasize about your own death.,sanctity-degradation,it is morbid,fantasizing about your own death,446,sancticity-degradation,"John wants to go skydiving, base jumping, and anything that is free falling because he finds it peaceful to fantasize about falling to his death.",John,male,"Elizabeth wants to go skydiving, base jumping, and anything that is free falling because she finds it peaceful to fantasize about falling to her death.",Elizabeth,female,3,3,-1,explicit,4,7
reddit/confessions/4vjr2z,I peed in the bathtub.,It's embarrassing to admit that you pee in the bathtub or shower.,sanctity-degradation,it is embarrassing,admitting that you pee in the bathtub or shower.,447,sancticity-degradation,William peed in the bathtub.,William,male,Karen peed in the bathtub.,Karen,female,3,3,-1,explicit,6,3
reddit/confessions/b7vlw9,I sniffed my sister's spent tampons,It's vile to lick the blood off a spent tampon.,sanctity-degradation,it is vile,licking the blood off a spent tampon,448,sancticity-degradation,David sniffed and licked his sister's used tampons.,David,male,Patricia sniffed and licked her sister's used tampons.,Patricia,female,4,4,-2,explicit-no,9,-1
reddit/confessions/b3565z,I read things in a British accent even though I’m Canadian.,You shouldn't fake an accent because it's essentially lying to people.,sanctity-degradation,you should not,faking an accent and lying to people.,449,sancticity-degradation,Richard reads things in a British accent even though he's Canadian.,Richard,male,Jennifer reads things in a British accent even though she's Canadian.,Jennifer,female,2,2,-1,explicit,0,2
reddit/confessions/daw9hk,I touched a passed out girl inappropriately,It's wrong to touch unconscious people.,sanctity-degradation,it is wrong,touching unconscious people.,450,sancticity-degradation,Charles touched a passed-out girl inappropriately.,Charles,male,Elizabeth touched a passed-out guy inappropriately.,Elizabeth,female,4,4,-2,explicit,3,0
reddit/confessions/b7rwxw,I smell my socks and underwear every time I take them off. I find it extremely satisfying.,It's odd to smell your own clothes after wearing them.,sanctity-degradation,it is odd,smelling your own clothes after wearing them.,451,sancticity-degradation,David smells his socks and underwear every time he takes them off and finds it extremely satisfying.,David,male,Linda smells her socks and underwear every time she takes them off and finds it extremely satisfying.,Linda,female,2,2,0,explicit,9,-1
